1.194367644540470256e-03 7.144723655455473277e-03 6.090479922914893152e-03 4.961066755313759541e-03 5.646016759305540547e-03 1.008119635663724117e-02 7.241338986280196344e-03 7.215872559395873284e-03 5.337275046729073567e-03 7.138610243948819573e-03 7.253928862991838346e-03 7.252435815654166389e-03 5.214078024644863869e-03 7.253925602145322796e-03 7.253928862991838346e-03 7.253928862991836611e-03 6.230074562371392885e-03 6.931064564395051329e-03 6.963385272475807429e-03 8.206114060090103496e-03 6.755060330297493580e-03 7.653528205257088823e-03 6.232812092833865496e-03 6.870003999258538288e-03 7.253928810570429118e-03 7.241888446835738694e-03 4.485253920241137442e-03 7.253928862991838346e-03 7.580548796914980507e-03 4.937503051615876708e-03 7.253922750946350563e-03 7.070848080423497092e-03 7.253928862991838346e-03 1.414283431172160812e-03 7.253709150674973911e-03 5.841800568040748411e-03 7.444676139086402883e-03 7.253928862991838346e-03 3.345085594328158114e-03 2.413679947390594098e-03 7.213317260269042769e-03 6.544881291769252644e-03 8.019074245313102464e-03 5.849015778412737857e-03 6.840276252736134273e-03 5.045061365649308564e-03 6.672541039335139895e-03 4.025892720017373513e-03 9.415054254089246996e-03 7.253928862991838346e-03 5.463453926854651248e-03 7.253928862940262415e-03 1.346295231328062392e-02 7.096565052513694773e-03 3.884765099286495351e-03 6.900952164457954327e-03 1.748594049857777211e-03 7.241572212565979515e-03 7.252431868740532792e-03 4.971677093431645968e-03 7.206037707751298746e-03 5.103172685401786111e-03 3.041667160141266636e-03 7.425329543368656103e-03 7.253928824129942873e-03 6.939421032604293701e-03 5.951641408462490963e-03 4.852685595922058039e-03 7.253924222059184544e-03 7.253927863291654600e-03 1.039135425683984648e-01 8.069438496052424789e-03 6.893758307599512532e-03 1.683973597897991600e-02 4.421599708026502894e-03 7.475059950777099456e-03 7.202148037992108821e-03 6.429738405664805513e-03 7.508412732203280544e-03 7.246295308192748919e-03 6.182894848906249526e-03 7.068009886772197436e-03 5.836764619747862766e-03 7.253928862991838346e-03 6.432494960051177851e-03 7.253928862991838346e-03 1.039354283593704568e-02 7.253928859638996036e-03 4.489317050439103896e-03 6.167799518172121381e-03 6.632585998521661058e-03 1.920660576176721600e-03 3.059307622245923883e-03 7.253928862991838346e-03 6.347860562172837236e-03 7.368213141300216512e-03 7.253844425663382757e-03 7.253928548475777581e-03 6.958735398607722097e-03 8.137398539688728283e-03 3.423111719049493941e-03 4.494069777470557393e-03 6.835162947266981530e-03 7.253928862991838346e-03 6.481810401314300543e-03 1.804534828905166293e-03 6.193636110372903285e-03 7.518310374392135620e-03 6.562700553064722796e-03 8.264682623477820345e-03 7.253928862991838346e-03 6.967531949147569466e-03 6.008934167031103855e-03 7.253928851032608732e-03 6.648361230728408802e-03 3.369746467936479781e-03 7.253533104846575374e-03 7.253928862991838346e-03 7.253928862068921221e-03 6.959401964493736222e-03 6.534696542018124388e-03 8.365496414244281281e-03 6.134058040505283547e-03 6.395077477986816673e-03 6.508029272599329638e-03 6.060064387592448143e-03 4.438527140503963769e-03 7.253928171063852084e-03 4.337116388450541066e-03 7.374199726155825259e-03 9.026764257846413980e-03 7.252064346677140026e-03 8.931730640329852214e-03 7.253927679089586938e-03 8.643521992145132907e-03 7.882496709635970766e-03 6.922520732417723408e-03
1.155337723869079031e-03 6.951401404243407259e-03 9.278177922506189793e-03 1.011291708985550576e-02 4.710545784317341118e-03 1.247270509209717423e-02 6.957518977231424463e-03 6.932898936375997412e-03 7.916013826984400620e-03 6.861324219371716347e-03 6.970390784889381706e-03 6.968956125814950581e-03 6.903148595170342273e-03 6.970387651259855703e-03 6.970390784889381706e-03 6.970390784889379972e-03 3.399012313383044642e-03 7.191288818422909845e-03 6.367951369766783332e-03 4.100633118151621528e-03 6.880578395555154644e-03 7.645196662820556190e-03 6.980350993510629418e-03 6.139716930319952942e-03 6.970390734585497385e-03 6.958820064585206217e-03 3.140008654975234327e-03 6.970390784889381706e-03 1.153240119290317375e-02 6.912272942346824392e-03 6.970384911748585093e-03 6.794466170807021178e-03 6.970390784889381706e-03 9.583606985085462576e-03 6.970179732221908932e-03 6.831849031865123469e-03 6.906772233820536976e-03 6.970390784889381706e-03 3.509768601900341116e-03 4.017621665920245895e-03 7.107925459059564847e-03 5.989168980268327891e-03 6.371145158696648637e-03 7.088924360833587755e-03 8.484254388851270728e-03 7.922611333226225669e-03 7.358949587280195007e-03 2.970311190911113786e-02 7.568320079424052313e-03 6.970390784889381706e-03 1.191216744745876924e-02 6.970390784839826728e-03 3.887541281114526622e-03 6.819177935252830093e-03 2.914123239085416196e-03 2.866844230524038129e-03 1.616675673088406985e-03 6.958516811962934916e-03 6.969039297997722641e-03 6.244025029847981995e-03 6.938364767521854048e-03 4.280988244688697583e-03 3.460705715441295301e-03 6.274895086489202904e-03 6.970390747548826579e-03 6.677020681414853887e-03 9.936536113915008656e-03 5.492671401418534015e-03 6.970386322523788349e-03 6.970389824333129980e-03 5.476380924983714066e-03 6.529372991423216394e-03 7.537459187349738847e-03 4.580687540300375574e-03 1.127717297977571913e-02 6.479306079286196313e-03 6.920734815624367091e-03 9.624584135505051888e-03 6.601490306086903008e-03 6.963055576152277909e-03 6.295032444459646923e-03 6.197265380145834494e-03 7.489277414486931669e-03 6.970390784889381706e-03 8.732093413482107727e-03 6.970390784889381706e-03 1.104456632378598285e-02 6.970390781667464182e-03 4.625843469429374855e-03 8.154382535103737312e-03 6.385726824807989692e-03 3.647880166523954828e-03 2.169446078853093547e-03 6.970390784889381706e-03 6.438250928638355845e-03 7.216847919785968068e-03 6.970309647391342844e-03 6.970390532829499192e-03 1.025822019799411434e-02 5.963823679264531816e-03 2.476249887470606797e-03 4.067855174462265376e-03 6.606808545945643332e-03 6.970390784889381706e-03 6.350806418477230805e-03 4.163043388689548902e-02 3.352443012433480550e-03 6.849302184381922745e-03 9.227187585596503122e-03 7.036487427647343008e-03 6.970390784889381706e-03 6.846785999627195453e-03 7.126157930729120661e-03 6.970390773397608895e-03 8.396948790672684876e-03 1.652927718505025224e-03 6.970011563369022355e-03 6.970390784889381706e-03 6.970390784002513870e-03 6.694657627647492698e-03 8.673785307442852255e-03 9.147810261872694679e-03 7.211397224166420268e-03 1.025672747243556310e-02 6.375043875627855322e-03 6.316100655715509507e-03 1.230370342294621888e-02 6.970390120035661018e-03 3.180331728542862106e-03 6.773431764862712992e-03 1.544114252326513580e-02 6.971752800537830801e-03 1.551951986952102534e-02 6.970389647262944209e-03 1.272045004412510755e-02 2.456809880247158486e-03 6.630428844419936595e-03
2.975887997317558376e-03 7.548223955441153883e-03 7.000935877371396686e-03 5.395754217892719494e-03 3.193295010676317543e-03 5.913547546003912123e-03 7.794740148014296655e-03 7.776531623846933035e-03 7.845406826469572548e-03 8.499980470688651979e-03 7.809210501527707841e-03 7.807603223548550964e-03 4.721274990920107384e-03 7.809206990795609579e-03 7.809210501527707841e-03 7.809210501527706107e-03 1.263174333613800368e-02 7.465049800686843727e-03 7.959936605671711490e-03 5.544806621517918942e-03 7.299754258163614930e-03 9.223304574462092356e-03 8.297822536225180415e-03 6.926909294318476032e-03 7.809210445118740067e-03 7.815472701162973559e-03 3.487851228094508271e-03 7.809210501527707841e-03 8.458465686612442330e-03 5.004229543740442224e-03 7.809203921610748458e-03 7.612115057780304873e-03 7.809210501527707841e-03 9.650735660998490881e-03 7.808973970433386730e-03 6.757681103362848420e-03 7.899082527183267505e-03 7.809210501527707841e-03 3.182395345310169536e-03 2.535835387626742942e-03 7.992590530268963225e-03 7.412729175799995067e-03 7.999172734378501293e-03 9.120210892382445839e-03 7.513891081682994542e-03 7.101116878374491397e-03 7.781559162932321673e-03 1.299444320204047598e-02 5.706421977318306728e-03 7.809210501527707841e-03 7.218868406446648719e-03 7.809210501472184547e-03 4.765661037685866609e-03 7.639800634880403001e-03 2.212222900385221042e-03 2.540542164552580563e-03 3.587012297718661456e-03 7.795907602953552028e-03 7.807524274072373885e-03 1.331603050247283371e-02 7.768169631588430109e-03 8.482081458188317838e-03 6.269286997566208240e-03 7.452145954250912092e-03 7.809210459869352257e-03 7.471030333278092656e-03 9.779470015128593000e-03 4.511113308674966418e-03 7.809205499009187756e-03 7.809209425301399249e-03 2.758834854167809773e-03 7.388061546417056154e-03 7.908189714457808384e-03 5.100564645939172082e-03 1.305184509035947800e-02 9.682765427402501707e-03 7.753465877403578795e-03 6.014487187106351898e-03 7.774310469157266409e-03 7.800992575380335907e-03 7.345363344062503033e-03 7.441898223615289222e-03 8.497790711293536081e-03 7.809210501527707841e-03 4.179749418822131454e-03 7.809210501527707841e-03 1.449650415604058877e-02 7.809210497918061405e-03 3.398989846126767005e-03 1.105850933604670717e-02 7.141523713927997764e-03 1.819324627236470430e-03 3.834293874892764041e-03 7.809210501527707841e-03 8.970507918011641491e-03 7.960487864276501527e-03 7.809119600440860010e-03 7.809210163177896132e-03 5.927651220004108608e-03 8.653051287804688213e-03 1.453134722420131985e-03 5.351325630958761459e-03 7.398170287689851028e-03 7.809210501527707841e-03 7.007277671247391128e-03 1.943207357076045735e-02 3.164682747620971466e-03 7.150192714651327358e-03 7.711361176824760473e-03 7.508297275871394887e-03 7.809210501527707841e-03 1.196728831232800674e-02 5.520704025136305773e-03 7.809210488653010873e-03 7.027499464556941945e-03 5.429767455472611290e-03 7.808965192200863908e-03 7.809210501527707841e-03 7.809210500534550896e-03 7.488948004900675831e-03 3.928995480347995985e-03 4.287499568159083320e-03 8.750390347882294403e-03 8.691578851740544565e-03 7.158880347970113071e-03 6.806538962873472792e-03 5.876383905790997543e-03 7.809209756762689088e-03 3.635280632798582913e-03 7.301593539187909918e-03 8.541672526668259505e-03 7.808622710755928377e-03 1.531045939323340092e-02 7.809209226998819163e-03 4.503825046351576586e-03 6.888336133683009219e-03 8.008167089737072003e-03
1.585080868004220406e-02 5.776217718105118061e-03 7.166706637800593707e-03 6.614873311680312049e-03 2.443173873124868719e-03 6.776428965425953729e-03 6.847193332049102306e-03 6.823818054960394466e-03 8.127772489784957505e-03 6.756061357773836436e-03 6.859895438910198519e-03 6.858591363761617002e-03 7.063222037707433607e-03 6.859892363257884089e-03 6.859895438910198519e-03 6.859895438910196784e-03 3.187764909585256989e-03 6.572804313127594833e-03 6.854617382614152515e-03 2.802913735445905496e-02 6.386901652601486255e-03 6.246067473177491225e-03 7.011988567920859027e-03 1.385604351485077330e-02 6.859895389344653274e-03 6.866937178401222655e-03 3.024199221876379667e-03 6.859895438910198519e-03 7.460404618671574381e-03 5.122978233567817251e-03 6.859889658873328383e-03 6.686759599910122899e-03 6.859895438910198519e-03 6.275858887370004344e-03 6.859687661366772708e-03 6.610040533406855330e-03 6.842957598037294371e-03 6.859895438910198519e-03 3.119991184749012873e-03 3.465273818459822536e-03 6.682708103658878233e-03 6.445043486780740842e-03 6.469609482310026416e-03 6.523599696687918878e-03 6.127978939924122112e-03 9.084158986503726094e-03 7.425890371984342729e-03 8.558942939703072239e-03 9.234101112530942665e-03 6.859895438910198519e-03 1.071274945075697052e-02 6.859895438861425034e-03 2.023739924754424865e-02 6.711079630795837442e-03 4.938532696198516189e-03 3.359425777874817942e-02 1.680022000406858340e-03 6.864317851798921316e-03 6.858467228309985536e-03 1.522733540344123511e-02 6.814847368416279000e-03 1.023240627031235181e-02 3.713354449563643564e-03 7.660016746766197017e-03 6.859895402159309728e-03 6.641360108872174962e-03 6.915258394041632305e-03 4.821572141084884758e-03 6.859891306353994161e-03 6.859894493513729943e-03 5.656977662538571414e-03 6.784203550037719299e-03 5.893918055166448393e-03 4.474007329386429921e-03 7.949194043928778722e-03 7.551573415277885656e-03 6.811182972013222342e-03 6.395863871544968902e-03 6.829999673628415861e-03 6.852692425086066678e-03 7.021618612602974728e-03 7.273929809486731277e-03 6.598607733420471314e-03 6.859895438910198519e-03 7.806002606005949668e-03 6.859895438910198519e-03 1.338348972896654179e-02 6.859895435739352121e-03 2.227928149053797630e-02 5.838261697676555388e-03 6.285756771155905608e-03 1.062746228219424958e-02 3.720934540972839401e-03 6.859895438910198519e-03 7.504264289616187876e-03 6.962881011229693148e-03 6.859815587681133801e-03 6.859895141520469357e-03 9.637616299229080641e-03 5.915798453637479901e-03 6.148693090281338175e-03 2.444915109150892513e-03 6.463885134043429945e-03 6.859895438910198519e-03 7.194287992841475431e-03 2.937767657601710047e-03 2.552835110618592671e-03 6.485488906191050340e-03 5.997921110045155955e-03 7.316354088069619045e-03 6.859895438910198519e-03 6.281036882574636028e-03 4.955114954942334456e-03 6.859895427600595091e-03 6.558580766121300566e-03 5.563585490580800173e-03 6.859606731264421275e-03 6.859895438910198519e-03 6.859895438040870472e-03 6.568550396971885308e-03 7.565194539448930749e-03 6.676683200806853881e-03 8.021045370374509792e-03 5.621352247777180317e-03 6.731272382598528330e-03 7.565535024927184417e-03 8.733232338289114230e-03 6.859894784568235961e-03 3.128218303296472456e-03 8.964869673352198962e-03 8.011562468268468989e-03 6.858145882072739889e-03 2.709881779204485145e-03 6.859894319317536016e-03 3.987185890307260068e-03 5.204974611117899573e-03 6.859332235341657723e-03
8.824242985871054434e-03 8.348898642915787011e-03 7.294518654589959329e-03 6.737542578453054563e-03 4.434548338500547866e-03 4.797705341717019463e-03 7.790496053383172935e-03 7.763018239710458950e-03 5.491206698416463763e-03 7.681892935075079927e-03 7.804979490627254185e-03 7.803373086149680872e-03 1.357926624823558442e-02 7.804975981797226438e-03 7.804979490627254185e-03 7.804979490627252450e-03 1.586981958587094926e-02 7.469358377989883044e-03 7.396556923617353049e-03 4.810334907373644414e-03 7.277363660321465276e-03 6.389607403637595842e-03 8.274017190742914349e-03 5.601002676585315442e-03 7.804979434223028277e-03 7.792094091905818302e-03 3.735961306474451602e-03 7.804979490627254185e-03 9.068180793393491868e-03 4.194958937013272895e-03 7.804972914275241751e-03 7.607990838974353770e-03 7.804979490627254185e-03 3.155737548998841652e-03 7.804743087814342006e-03 5.452433051958457087e-03 6.715595257091218524e-03 7.804979490627254185e-03 3.686224586326967544e-03 3.576938619432119305e-03 7.882633194630186968e-03 9.331226409707070110e-03 8.989455651215429166e-03 9.974820465492867036e-03 5.498749981853894887e-03 5.453875339325536808e-03 7.724931437312494362e-03 6.141145441804376050e-04 7.628388625856164472e-03 7.804979490627254185e-03 4.847334889042475073e-03 7.804979490571760381e-03 3.854748466879767341e-03 7.635661409826127212e-03 2.768968088429337327e-03 2.813578486562838370e-03 2.376990449726223541e-03 7.791683829778235475e-03 7.803280394774926403e-03 4.669077124433202233e-03 7.755738911956992429e-03 4.759588064571552458e-03 2.941611844644431879e-03 7.615283754218537052e-03 7.804979462730909229e-03 7.574782676853560569e-03 7.686865623422081510e-03 5.428528351762617471e-03 7.804984320016541098e-03 7.804978414984031256e-03 1.793420612045727031e-03 7.202571093539282716e-03 8.517857088125279849e-03 6.750609873397780611e-03 6.283426821957127303e-03 6.999527385359544801e-03 7.749265431862808508e-03 7.693933032478656939e-03 7.296898811811925421e-03 7.796767316298678675e-03 1.051303219986177671e-02 8.020834731602964965e-03 7.211115714660571753e-03 7.804979490627254185e-03 7.529341054471684266e-03 7.804979490627254185e-03 5.996957109398875184e-03 7.804979487020302642e-03 4.219655487513882669e-03 9.379605029465823071e-03 7.183576784053910015e-03 3.486561815663374950e-03 4.990739700089659968e-03 7.804979490627254185e-03 8.229118850547646746e-03 7.897737988809242979e-03 7.804888638259645933e-03 7.804979152209982549e-03 6.832616360464489544e-03 7.599188577151879884e-03 4.151190446029439859e-03 5.918397323952225009e-03 7.355065990337468322e-03 7.804979490627254185e-03 8.128413485036048783e-03 3.881350589271526531e-03 4.567506578654205972e-03 8.012614173191200465e-03 9.064639331610167480e-03 8.249871311176354416e-03 7.804979490627254185e-03 6.908292397040616435e-03 1.451045267903554314e-02 7.804979477759532540e-03 8.482465771517408784e-03 2.438979470215712261e-03 7.804590919037046257e-03 7.804979490627254185e-03 7.804979489863118035e-03 7.511634400923298573e-03 7.267587796968758181e-03 5.422350569630775968e-03 6.346406988559864792e-03 1.001877644414073121e-02 6.923571690528432070e-03 9.305345150030045268e-03 5.493822519279259985e-03 7.804978746136290516e-03 3.552524395200434490e-03 6.121491329380054219e-03 8.398944387685298996e-03 7.802875062092338131e-03 9.017318508032907270e-03 7.804978216788902544e-03 3.791636314389940088e-02 1.521846195658672733e-02 8.452443050536039351e-03
1.826752678933527734e-03 8.606058893209500918e-03 5.895239244829528213e-03 5.078362131187437976e-03 1.804515450149893341e-02 6.094039383732235103e-03 7.728794362935539897e-03 7.702023717204825592e-03 4.988684662131480027e-03 7.644113523553095965e-03 7.743160929867340045e-03 7.741568876240615543e-03 6.674368943275887055e-03 7.743157448828905977e-03 7.743160929867340045e-03 7.743160929867337443e-03 8.502048548989143972e-03 7.418266527555567556e-03 7.987224248914959190e-03 4.349778527103057707e-03 7.200305870691967904e-03 7.142374264081541302e-03 7.094647348755810622e-03 2.725855285552434074e-02 7.743160873920531227e-03 7.730307820908707828e-03 3.776100499436760728e-03 7.743160929867340045e-03 3.757981285268122140e-03 6.837109130929815669e-03 7.743154405602667260e-03 7.547790143553779509e-03 7.743160929867340045e-03 2.104458967485507963e-03 7.742926399331019442e-03 6.502545118624307625e-03 8.436988526783234521e-03 7.743160929867340045e-03 3.397235148422995000e-03 2.034791071961822989e-02 7.846098338683774737e-03 7.747735960215546350e-03 7.901856948515797660e-03 6.598379222242025700e-03 8.172662316313208941e-03 9.162372751074794597e-03 7.148061848522886327e-03 3.668883638440852222e-03 1.281858678870956801e-02 7.743160929867340045e-03 3.757640218117957748e-03 7.743160929812285993e-03 3.415086183527969634e-03 7.575183916024989458e-03 4.749289929461995505e-03 7.907695781949445474e-03 1.830544602828932743e-03 7.729970672390264197e-03 7.741441042138830567e-03 7.402143362047198562e-03 7.709581629748068002e-03 4.016576500025978956e-03 5.540167277520982245e-03 7.913955294013624506e-03 7.743160892756511746e-03 7.406910598397291844e-03 6.274828774681326556e-03 6.363289247323946317e-03 7.743156268402811432e-03 7.743159862743639876e-03 3.423977363200437531e-03 8.027575067519294311e-03 9.203678438370015494e-03 5.039302038637300668e-03 5.559493098953509002e-03 7.798519574955736083e-03 7.692513930762966481e-03 5.887634407135298661e-03 8.241654709263794565e-03 7.735020629300138478e-03 6.325488768232574548e-03 8.195102020134591159e-03 6.445439072091193981e-03 7.743160929867340045e-03 7.034245351253205943e-03 7.743160929867340045e-03 2.606629378396463532e-03 7.743160926288222140e-03 4.402179863090762042e-03 9.672884110116729620e-03 7.079823919720423797e-03 2.759730446196881001e-02 2.207159923535645732e-03 7.743160929867340045e-03 7.544584507705695206e-03 7.457339515289956866e-03 7.743070797086530795e-03 7.743160613871509848e-03 7.010360221088300647e-03 7.786260498046157844e-03 2.131544090680965748e-03 1.105069299031518140e-02 7.310930023094013887e-03 7.743160929867340045e-03 6.929979213874695038e-03 1.012038876596125809e-03 2.959944179759418665e-03 7.353955700007344318e-03 6.016910668245095857e-03 7.558688965786470801e-03 7.743160929867340045e-03 8.655523557878474356e-03 6.970868860244613247e-03 7.743160917101535139e-03 8.699637666066309394e-03 4.093829527400179302e-03 7.742860732139759256e-03 7.743160929867340045e-03 7.743160929052102411e-03 7.415398634366632269e-03 7.121465404149829488e-03 9.974922791400305314e-03 7.444238167242545057e-03 5.374753389371556174e-03 8.008014700962667182e-03 7.061707824102867945e-03 7.339380183731682161e-03 7.743160191273042343e-03 3.577103853041473710e-03 5.728678135201926980e-03 5.606824000082969925e-03 7.744009305015654709e-03 3.257364702963301724e-03 7.743159666118297133e-03 1.263156056376434945e-02 5.575497797149203856e-03 7.053612101832462504e-03
3.053573832964932237e-03 6.205816238628597201e-03 6.257713234640034650e-03 4.291134472279993159e-03 4.074029142632233126e-03 7.163406699576501530e-03 5.800798455777607734e-03 5.782811803397715222e-03 6.984076258238334015e-03 5.721802937305578429e-03 5.811575884600445226e-03 5.810379756252639569e-03 4.591772071072374589e-03 5.811573271935557838e-03 5.811575884600445226e-03 5.811575884600443491e-03 5.429120069251008526e-03 5.605793732285162603e-03 5.599371485340941604e-03 3.525056605227474844e-03 5.404715981472869163e-03 4.889571172721801813e-03 6.057401126046073336e-03 1.165019438835006305e-03 5.811575842625498270e-03 5.802137409987649479e-03 2.453662117293684865e-03 5.811575884600445226e-03 6.642343250879117166e-03 2.577971018709972455e-03 5.811570987858716113e-03 5.664906130433063590e-03 5.811575884600445226e-03 4.804834446029878844e-03 5.811399859506715879e-03 5.969554999710209760e-03 5.594802988358862916e-03 5.811575884600445226e-03 3.111779018698708228e-03 1.869624934347237670e-03 5.752026974151340684e-03 5.683533917135786748e-03 5.506095574710972301e-03 5.882306442490892358e-03 4.224759505091741675e-03 4.765199105414216763e-03 4.671312678549336891e-03 2.117197333307764551e-01 6.446009297806257025e-03 5.811575884600445226e-03 3.917777975649306896e-03 5.811575884559124980e-03 6.582621585111164686e-02 5.685501898577369553e-03 1.398037500218684377e-03 2.042901488251144988e-03 1.346835095784649963e-03 5.801676181944683680e-03 5.810277054142855974e-03 2.171330599930645922e-03 5.796612432169773524e-03 3.864024778536578279e-03 8.977271027705388973e-04 5.506487332380505945e-03 5.811575853466037674e-03 5.559774666006571907e-03 7.661009711378547089e-03 5.246765345645517872e-03 5.811572191495746435e-03 5.811575083678134981e-03 1.579615822742654095e-03 5.807541243108243871e-03 5.631705002336860610e-03 3.777474525780542651e-03 1.809536820337271854e-02 5.114206587469589081e-03 5.770159012807447342e-03 6.495034232740762650e-03 5.767100344393565579e-03 5.805460601145005436e-03 5.716181395354237929e-03 5.436692725486137225e-03 6.400794943380390747e-03 5.811575884600445226e-03 7.401217743067589096e-03 5.811575884600445226e-03 5.451797757589738752e-03 5.811575881914162606e-03 6.336724365954033746e-03 5.694869175295554954e-03 6.491318032600359306e-03 3.045063224247884347e-03 1.596353722590249579e-03 5.811575884600445226e-03 5.592045770057127788e-03 5.840781225055362985e-03 5.811508236065169100e-03 5.811576761365556260e-03 9.956398283289280907e-03 5.118246022018891825e-03 1.908852585175807278e-03 7.087318666096019057e-03 5.476071907069261606e-03 5.811575884600445226e-03 5.254248641770549455e-03 2.109746958419419800e-03 4.753582261845889709e-03 6.039669563864618305e-03 6.265404296854993303e-03 5.585174782858139467e-03 5.811575884600445226e-03 5.914909274919189289e-03 4.051895408853531562e-03 5.811575875019158940e-03 5.570951894193850243e-03 1.866641465169108791e-03 5.811259147042808527e-03 5.811575884600445226e-03 5.811575883860843270e-03 5.651612265269879282e-03 4.363818253944393502e-03 4.326571807951331249e-03 6.821996905891010085e-03 6.799334647470941205e-03 7.051332801546716586e-03 6.071019374276073223e-03 4.450298104962202225e-03 5.811575330473339913e-03 2.691134093578256663e-03 5.980641114894936529e-03 6.598795096066180366e-03 5.810053541328099452e-03 1.070485185399214223e-02 5.811574936403878823e-03 2.980924317237131776e-03 8.087351646703402203e-03 6.179606309815191545e-03
2.766821795853731045e-03 8.748420541236891917e-03 6.602742376485714985e-03 6.505877374213668921e-03 5.557297600409746331e-03 7.072651906325994400e-03 7.100282853958751229e-03 7.024505889235048775e-03 6.066364279657744316e-03 7.003748075801232223e-03 7.062486185012330740e-03 7.061032538635219832e-03 6.206727894707346829e-03 7.062483009979826469e-03 7.062486185012330740e-03 7.062486185012329006e-03 1.203897004896362609e-02 6.755624305729649066e-03 8.641834974208843084e-03 1.169047727530936635e-03 7.769308974472262375e-03 4.098200244695028756e-03 6.394155540995801433e-03 4.339643681366507286e-03 7.062486134031075932e-03 7.051429359411088248e-03 2.794338418046099851e-03 7.062486185012330740e-03 4.492065216141919413e-03 3.891455114572110741e-03 7.062480234273410019e-03 6.884250591218344859e-03 7.062486185012330740e-03 2.092062414135376081e-02 7.062272271251735997e-03 7.022969053399909060e-03 6.615766712427069082e-03 7.062486185012330740e-03 3.617841026932388290e-03 3.465689670920586111e-03 6.171822997258003159e-03 8.329418224468948528e-03 7.830083305556252010e-03 6.157247796788081068e-03 7.434540545558370080e-03 4.948133037439330674e-03 8.617809001293349688e-03 2.241924358471041219e-03 6.760111049642679795e-03 7.062486185012330740e-03 1.792284108174304821e-02 7.062486184962116567e-03 3.946484695913902996e-03 6.909275454866522365e-03 3.662458908277008672e-03 4.308360271744711596e-03 1.637089711671426426e-03 7.050455705801613945e-03 7.060923815755002809e-03 1.225469820952602117e-02 7.019157865979263819e-03 8.148973534254679019e-03 2.687763208149974818e-03 6.628161237523295772e-03 7.062486215340516016e-03 6.755790780193319904e-03 6.235277865020261157e-03 4.560406897332873292e-03 7.062481665221352622e-03 7.062485211695819151e-03 1.603846815006247303e-03 7.164807146375082661e-03 7.875020455234152394e-03 4.585016011839455549e-03 9.076802136964982892e-03 6.659856777100108677e-03 7.012073509292593952e-03 6.819212355129730153e-03 7.370278119257540547e-03 7.055054060041526277e-03 8.398586087915450513e-03 6.687864665187879566e-03 8.303122050860523712e-03 7.062486185012330740e-03 5.069378265847661845e-03 7.062486185012330740e-03 9.717341959797667558e-03 7.062486181747841367e-03 6.642553483554873919e-03 8.983239725586783866e-03 6.469277613506867544e-03 1.651631095079867176e-02 2.672691206011416735e-03 7.062486185012330740e-03 6.601163181069320297e-03 7.050078001721541733e-03 7.062403976337097190e-03 7.062485878790570118e-03 1.008072908037454911e-02 7.097993580472025839e-03 2.234203698521221998e-02 1.245006774268385061e-02 6.655126273480316441e-03 7.062486185012330740e-03 6.383267667639619565e-03 4.494727418189065071e-02 1.209922520177140505e-03 7.548000294332412631e-03 5.344813670716026463e-03 7.501806805725741087e-03 7.062486185012330740e-03 7.339807915881340662e-03 5.283182865968158275e-03 7.062486173368724522e-03 8.951587375034616642e-03 6.425745499504078358e-04 7.062189962662240687e-03 7.062486185012330740e-03 7.062486184114260060e-03 6.774745103936028606e-03 9.429727070549591070e-03 6.140246320423609766e-03 6.109860241970264082e-03 5.699215739047055855e-03 8.312528521428115547e-03 9.035283134113688761e-03 7.060458963737703715e-03 7.062485511345336156e-03 5.575877391238932661e-03 8.207300055501883310e-03 7.932156945572315862e-03 7.060852420203874574e-03 4.389211104084651122e-03 7.062485032355162243e-03 1.477994702993165425e-02 9.218677509174856566e-03 6.391758639673315173e-03
1.412831897457923541e-03 6.347284224870701833e-03 6.829225840237602985e-03 7.734199131262114654e-03 3.036779992507712602e-03 1.095032680594762442e-02 7.264712674526094260e-03 7.239085943114734883e-03 8.274949797977175850e-03 7.200399895086811650e-03 7.278209224628954220e-03 7.276729140840779153e-03 6.592918567463023315e-03 7.278205952616612594e-03 7.278209224628954220e-03 7.278209224628952485e-03 8.632494964399365159e-03 6.957464307542713527e-03 8.454957790571183962e-03 2.175237610833211446e-02 6.800422651145880681e-03 5.992879321454275959e-03 7.210588618026581714e-03 6.196880309093269305e-03 7.278209184171212896e-03 7.266128603790457038e-03 4.546761509513027981e-03 7.278209224628954220e-03 4.171644430858767461e-03 3.356257762752761636e-03 7.278203092125219362e-03 7.094515628594874959e-03 7.278209224628954220e-03 2.537862623559103328e-03 7.277988776890703670e-03 9.845449958322215894e-03 7.289661126010082808e-03 7.278209224628954220e-03 3.436635687126713985e-03 2.503425115494090948e-03 6.738964327928476106e-03 8.173171868455352679e-03 6.116175953458700618e-03 6.919490980310197097e-03 4.981895560285299132e-03 3.384292208129494658e-03 8.607827641668123336e-03 5.288543657166694476e-04 1.464074717741488570e-02 7.278209224628954220e-03 5.709358187751214196e-03 7.278209224577209153e-03 2.878322490591904079e-02 7.458451455349201543e-03 1.227523063390746540e-03 2.655886405785403640e-03 1.686747450841337512e-03 7.265811335222520373e-03 7.276672902498722111e-03 3.916973419902944689e-03 7.233368689636635561e-03 3.522332150819099377e-03 4.980415663121224787e-03 8.136413680858168782e-03 7.278209185638332725e-03 6.962146888407703092e-03 5.687573101378892715e-03 5.980072230402902825e-03 7.278204569522170667e-03 7.278208223507501122e-03 2.732715110448142443e-02 7.196799248499656000e-03 6.184109158105277268e-03 4.822975074453776656e-03 6.501943138357887259e-03 6.938741432793130333e-03 7.226255313496209899e-03 7.483291456714676049e-03 7.119439027108593124e-03 7.272912914548981117e-03 8.378729217485577849e-03 8.901070819160214129e-03 8.685588128787391504e-03 7.278209224628954220e-03 3.298373858353548238e-03 7.278209224628954220e-03 4.112503945569732748e-03 7.278209221264752074e-03 3.890559791137956826e-03 6.089476386223034374e-03 6.656218470289490714e-03 1.157301017465912300e-03 4.673950826313139073e-02 7.278209224628954220e-03 7.820839166679673105e-03 6.636609097351171306e-03 7.278124515224908275e-03 7.278208909052069284e-03 5.459508032822022947e-03 6.994050618342469161e-03 6.573865943695577328e-03 1.071505511022624070e-02 6.858795417142832425e-03 7.278209224628954220e-03 6.532343002056700647e-03 4.242575293274651257e-03 1.542594289937158046e-03 9.299375402794841233e-03 5.565036290747965401e-03 7.340548772068633543e-03 7.278209224628954220e-03 8.938763679539368096e-03 5.736756757637764131e-03 7.278209212629694995e-03 7.011081857722929744e-03 3.867938650610142602e-03 7.277898159841672543e-03 7.278209224628954220e-03 7.278209223703147913e-03 7.024128345842877048e-03 5.437099949922703790e-03 6.233403399474043462e-03 8.034469068514286938e-03 4.762340492326525357e-03 7.838997419149153212e-03 6.410010514217410679e-03 1.090433265621474149e-02 7.278208530637706938e-03 3.967574201921442861e-03 9.518283654194426707e-03 1.091106897287078166e-02 7.276231472968643609e-03 4.544773179871999455e-03 7.278208036763943872e-03 1.093648859626212416e-02 7.765157245451998966e-03 7.469279701106886632e-03
2.553173319374746862e-03 7.443626524457215565e-03 9.169078813276007947e-03 8.111864934869161131e-03 3.213506869071323675e-03 6.186013335043759852e-03 6.797084018367525494e-03 6.772805478792542737e-03 7.479881928223016535e-03 6.700951218117853769e-03 6.809405014699882949e-03 6.808003460267099578e-03 9.601458518534713646e-03 6.809401953447231405e-03 6.809405014699882949e-03 6.809405014699881215e-03 3.157968624566305071e-03 1.125993146912665673e-02 5.935121123383201892e-03 1.991374073489613275e-02 6.343953764594296128e-03 8.875686232332841152e-03 6.929848293845143267e-03 6.591395564205322979e-03 6.809404965498901986e-03 6.798122421934346161e-03 1.237401071770384380e-02 6.809405014699882949e-03 1.307232378228886070e-02 3.762797513142323788e-03 6.809399277203143953e-03 6.637543498070633437e-03 6.809405014699882949e-03 3.848192293972799074e-03 6.809198766462665718e-03 5.878632732537413495e-03 6.171564857373525517e-03 6.809405014699882949e-03 3.227046849081179839e-03 1.485829994698891453e-02 7.021922423952008802e-03 7.404437063654524184e-03 6.270524721773775706e-03 7.113165057552274864e-03 6.365138248727379190e-03 1.151190124265777858e-03 5.922389733051181514e-03 1.377936454824639501e-03 5.012990688651035656e-03 6.809405014699882949e-03 5.067670950355316825e-03 6.809405014651467684e-03 5.858285005502467807e-03 6.661684525508033972e-03 6.239832061328931360e-03 5.805052144644992813e-03 1.578036044977265294e-03 6.797816624912799387e-03 6.807882999315010425e-03 6.740836171597993677e-03 6.771202776322676753e-03 3.978971644201072244e-03 4.090797833828929697e-02 6.754699924289338069e-03 6.809404978285935571e-03 6.513821778718089511e-03 6.231152863127227028e-03 6.287406109225861586e-03 6.809400789417789993e-03 6.809404076276923817e-03 6.931530037533649782e-03 6.584890721517300261e-03 7.034255682621757405e-03 4.450408693646342936e-03 4.087870130870861415e-03 5.550200573974135507e-03 6.760797326509952569e-03 5.571054310127171103e-03 6.683010678654132536e-03 6.802239216676658241e-03 6.755643918490961651e-03 6.680676321233198871e-03 6.495765833901012178e-03 6.809405014699882949e-03 3.237323688798901446e-03 6.809405014699882949e-03 4.476389899671241908e-03 6.809405011552374654e-03 1.157482686703611117e-02 4.870990835467103874e-03 6.226978787518564450e-03 4.605601682152882757e-03 3.540304674313928673e-03 6.809405014699882949e-03 6.241277138851069467e-03 6.954756836326874379e-03 6.809325751130307879e-03 6.809404719616197164e-03 1.220893894533412252e-02 5.933749301435062989e-03 8.450161128256717183e-03 1.134793595892127395e-02 6.416298325206319306e-03 6.809405014699882949e-03 1.240334251094260716e-02 3.458751010404289422e-02 7.954331019281543624e-03 5.998699448974172642e-03 8.761484900958188202e-03 6.397711575294150362e-03 6.809405014699882949e-03 7.452433102808184336e-03 2.938186390582141205e-02 6.809405003473520228e-03 7.725873103135145678e-03 3.706500601791786267e-03 6.809036379166990421e-03 6.809405014699882949e-03 6.809405013842253877e-03 6.527866671864656148e-03 5.388997380995817765e-03 8.773422780292576550e-03 4.702890032307564111e-03 9.683230069942688062e-03 7.288698073625842107e-03 6.762936907020596425e-03 4.799427065364838749e-03 6.809404365173447708e-03 3.148569017849539055e-03 6.023341727032891120e-03 5.882940716791484372e-03 6.807637663955091491e-03 6.741397733775388208e-03 6.809403903347673905e-03 3.789493793904310896e-03 4.930890274249679663e-03 7.316903826076714447e-03
4.486140213607407376e-03 8.396052679910778055e-03 8.855390423758690774e-03 6.300970401754204045e-03 3.036656584005768648e-03 1.210266643737318085e-02 7.652526192035948548e-03 7.622752115834524264e-03 7.222918936844921999e-03 7.541964219555568130e-03 7.663967042819361600e-03 7.662389601582295616e-03 9.101577596431511402e-03 7.663963597383362594e-03 7.663967042819361600e-03 7.663967042819359865e-03 1.296946207560666260e-02 7.780394848514465660e-03 6.732189456845115091e-03 9.373216371417943680e-04 7.143603762082145758e-03 5.431445955699718171e-03 7.163126382883397425e-03 1.868647009930197479e-03 7.663966987434332571e-03 7.651288513892670617e-03 3.826676188207475855e-03 7.663967042819361600e-03 1.396532991283734940e-02 5.153983240530930245e-03 7.663960585282202954e-03 7.581982127934870294e-03 7.663967042819361600e-03 6.276249526488551778e-03 7.663734910965411783e-03 7.916522017960074889e-03 7.174367253657241983e-03 7.663967042819361600e-03 1.141086701137931751e-02 9.345308797574265400e-03 7.659333865942600551e-03 8.676386972890888852e-03 7.063197122672147839e-03 6.887414045366106394e-03 8.418446883662514257e-03 3.661599527088103823e-03 7.840946077582327395e-03 6.026444760340497753e-03 5.494033846761755061e-03 7.663967042819361600e-03 9.059952013543738636e-03 7.663967042764870466e-03 3.393580928262465365e-03 7.497708029253345903e-03 2.348129512121761679e-03 3.210470813971721179e-03 2.124980947664046032e-03 7.650911591725225933e-03 7.662261659933915746e-03 2.865412156988183644e-03 7.641341092506245998e-03 1.150552173010277110e-02 7.225672640434162991e-03 7.961477620795992527e-03 7.663967001763103380e-03 7.331224278720431184e-03 8.200234745759612739e-03 3.499999668466653290e-03 7.663962161421680568e-03 7.663965988560800073e-03 1.060810465292049603e-03 7.173942414116159759e-03 8.398656496141366709e-03 4.989289471386428206e-03 7.432320008487940458e-03 8.340773950137707338e-03 7.609259608044169863e-03 1.102779316010567799e-02 7.684107442039343414e-03 7.655901957624893124e-03 8.082368147750164031e-03 7.427631523570938851e-03 7.678511962446378514e-03 7.663967042819361600e-03 5.953991698041855712e-03 7.663967042819361600e-03 1.050999475659392980e-02 7.663967039438573763e-03 3.994754006896135239e-03 9.056886735403368513e-03 7.011013091294983693e-03 4.048581724823699206e-03 4.351035622925642117e-03 7.663967042819361600e-03 7.614881609128808584e-03 7.555076468204652111e-03 7.663878898056981047e-03 7.663966710850822137e-03 8.011297766683888807e-03 6.239417850340544212e-03 8.852224287005239570e-03 1.517285516911338721e-02 7.221569010542805075e-03 7.663967042819361600e-03 7.116531771896695592e-03 3.192911222596813044e-03 7.923725125961384938e-03 8.340293274837706772e-03 9.780810842141902245e-03 6.581419978349385691e-03 7.663967042819361600e-03 5.347392493730237541e-03 5.969121043281795658e-03 7.663967166822278909e-03 8.419190333400111345e-03 8.055242289873339526e-03 7.663765807859801958e-03 7.663967042819361600e-03 7.663967041859600683e-03 7.735595672386027556e-03 4.574855486671825303e-03 4.868639817613393782e-03 7.902184969858507338e-03 8.366042267242409375e-03 8.952785880421023842e-03 9.982550066561889437e-03 1.124523119892872035e-02 7.663966311779104625e-03 4.100731081097157456e-03 6.215697020359693160e-03 7.646099952529566458e-03 7.662156469637726106e-03 1.448339429614507387e-02 7.663965791995427587e-03 3.913120114578398819e-03 1.057086346456204487e-02 7.426509205886623263e-03
8.720978030464926478e-03 7.533908375776947504e-03 7.588548196428441736e-03 1.069485765675757052e-02 1.248311909158138396e-02 7.897073915411622486e-03 7.332023716574256542e-03 7.306395403379540091e-03 8.287779607867213488e-03 7.229353632357595101e-03 7.345653262163150295e-03 7.344141371403242573e-03 1.163371031587040819e-02 7.345649959829272588e-03 7.345653262163150295e-03 7.345653262163148560e-03 2.482151312893755759e-03 7.023296538629895079e-03 6.921684539738478734e-03 2.141849467599412239e-03 6.838189058419989926e-03 1.595189918337427612e-02 7.350747668577474123e-03 7.536196237941174790e-03 7.345653209080370803e-03 7.333925837321749082e-03 3.861681846339409200e-03 7.345653262163150295e-03 9.261141610985200445e-03 8.959220137974838530e-03 7.345647072832138177e-03 7.160258141900285866e-03 7.345653262163150295e-03 1.016185504509629564e-02 7.345430771647356270e-03 6.787633325846450030e-03 6.783292370611608904e-03 7.345653262163150295e-03 3.685401728812507348e-03 1.597096684877726686e-03 7.293131291543735774e-03 8.093937418228310324e-03 7.084543986537899553e-03 7.796373573796062419e-03 4.238870404355814941e-03 3.787431567298041400e-03 6.678033480821967197e-03 1.443941235993474129e-03 5.336697492691310114e-03 7.345653262163150295e-03 5.514459280410188326e-03 7.345653262110922975e-03 3.177494444376346809e-03 7.186299619520664095e-03 7.395399500927813535e-03 8.439322292928378572e-03 4.570023166037965809e-03 7.333140078473947103e-03 7.344024287424147195e-03 3.985599553650228354e-03 7.313645833828989924e-03 1.650742006273734144e-02 7.121281585798505329e-03 7.476693764182565718e-03 7.345653222812281377e-03 7.029144072677695650e-03 8.598746697253354873e-03 6.038697555793469396e-03 7.345651474803524539e-03 7.345652249821988874e-03 1.229002857471333914e-02 7.113451878120693149e-03 7.110422729699690352e-03 5.884603319359634627e-03 7.022648118977261461e-03 6.987760211327277704e-03 7.293276693513348757e-03 8.365187290423285738e-03 7.243612637028061345e-03 7.337923150295188289e-03 6.631475201738442314e-03 7.508316325900517632e-03 6.369181572985312643e-03 7.345653262163150295e-03 7.749627212582581998e-03 7.345653262163150295e-03 6.633208457958551969e-03 7.345653258767775168e-03 5.271864404931806206e-03 6.477323239525054413e-03 6.735037944926988360e-03 2.960585739588189689e-03 6.738905532988365144e-03 7.345653262163150295e-03 6.863437335745139166e-03 7.556311194021876274e-03 7.345567756497090560e-03 7.345652944111548746e-03 8.183588131487612785e-03 6.862513113133683618e-03 1.244889335881953218e-02 2.055584084560154595e-02 6.940720935237162069e-03 7.345653262163150295e-03 7.559233798135425210e-03 2.880313610639479750e-03 2.157281784149214354e-03 6.916781757119511501e-03 8.204666990616425043e-03 7.183827088059278887e-03 7.345653262163150295e-03 6.748043441088869866e-03 5.456143507012905722e-03 7.345653250052698764e-03 7.143743644422165945e-03 8.203424980827100921e-03 7.346908986196861238e-03 7.345653262163150295e-03 7.345653261229204666e-03 7.036647378415086633e-03 8.510649687538836966e-03 1.213164294290790951e-02 6.991956287077305196e-03 9.955746765613674581e-03 5.857373992288143066e-03 7.326544755543622396e-03 6.531291540615409043e-03 7.345652561485783473e-03 3.413098050555107670e-03 6.556699545753287214e-03 5.969121780060468452e-03 7.343675795769635112e-03 7.014727449843357991e-03 7.345652063290705400e-03 1.817006434483080593e-02 1.811755350315932041e-03 8.091158569378496812e-03
5.780140238202198001e-03 7.523551839589338874e-03 4.989304943471258545e-03 5.937626230648117460e-03 5.079348508235516195e-03 3.592541330790538067e-03 7.350065963187668756e-03 7.324993719648261251e-03 7.537496864750251740e-03 7.246956945993469033e-03 7.363716331139611576e-03 7.362200691206814175e-03 4.697482658115541450e-03 7.363713020685279907e-03 7.363716331139611576e-03 7.363716331139609841e-03 3.319130847662173523e-03 7.102214787881377250e-03 7.247957519937742350e-03 1.189472829221395814e-02 7.401816197892298332e-03 4.978442191138619279e-03 7.347105684936567141e-03 3.680128697401161952e-03 7.363716278417552219e-03 7.351492923171679995e-03 5.821845506157785795e-03 7.363716331139611576e-03 5.420658290189802817e-03 1.769343729387926403e-02 7.363710126588964879e-03 7.177927202244624438e-03 7.363716331139611576e-03 7.256380617460270188e-03 7.363493293499558459e-03 8.927545932876328541e-03 7.606825087358931939e-03 7.363716331139611576e-03 1.861242424259620942e-02 5.612437168085594556e-03 6.969236399107437384e-03 8.495464289604735472e-03 8.404173375189373518e-03 7.315538429173639237e-03 1.065004707519852725e-02 1.010905918473211686e-02 8.721042260407849828e-03 3.085816209640851893e-03 7.229785848134150442e-03 7.363716331139611576e-03 6.808114446742978207e-03 7.363716331087255020e-03 1.135152321752166439e-02 7.203970835555531527e-03 1.890408185891610370e-03 2.965872885441896926e-03 1.711981410606856248e-03 7.351234457476471529e-03 7.362077993407535777e-03 1.020914084316858206e-02 7.316095774465973013e-03 1.027818494004994337e-02 3.843474080740212195e-03 7.965304454873048390e-03 7.363716291689535558e-03 7.043949652713280864e-03 6.766234847164011995e-03 3.993059693415054734e-03 7.363711615141161314e-03 7.363715316309154060e-03 5.896791139318302739e-03 7.493504549058843320e-03 7.421813600020402482e-03 4.777822504545962447e-03 6.257159683888301877e-03 7.557533339242228886e-03 7.311151816266851962e-03 5.341090845110510812e-03 7.377210847217551687e-03 7.355967210319002379e-03 7.498682556911428002e-03 7.607877387772091216e-03 8.868410638988001582e-03 7.363716331139611576e-03 7.365731907870412890e-03 7.363716331139611576e-03 5.040887366576726411e-03 7.363716327735883756e-03 5.413296693852620925e-03 7.905531706177524806e-03 6.733268628913185137e-03 2.524215824596828459e-02 5.006815308427991010e-03 7.363716331139611576e-03 7.378916964808950735e-03 6.966238669599582843e-03 7.363630810719497960e-03 7.363716012331588193e-03 7.210244555142399266e-03 8.024876771204288162e-03 6.523721791058854393e-03 9.483062520147347504e-03 6.938611346391730314e-03 7.363716331139611576e-03 6.750606693900635009e-03 1.159656528682977616e-03 5.970717232673393958e-03 7.064348811820110076e-03 5.874791215292812091e-03 7.700682324972023610e-03 7.363716331139611576e-03 8.307807096303682429e-03 5.471558189338700598e-03 7.363716318999380048e-03 8.270491252476190602e-03 2.960280155787297588e-03 7.363320476783893204e-03 7.363716331139611576e-03 7.363716330202737734e-03 7.154684678296767408e-03 6.859143765304494961e-03 6.207529965895838830e-03 6.413852948284524090e-03 5.265419966904334725e-03 8.462838324988466998e-03 7.142441758269896766e-03 1.054979153303982516e-02 7.363715628739268826e-03 6.697194632767310835e-03 7.113166999622660448e-03 5.290097098149079691e-03 7.368020233222759979e-03 1.358153539992531036e-02 7.363751293037606310e-03 6.833647296016913224e-03 1.503103398445431761e-02 7.038196334680322554e-03
8.980573874689121638e-04 6.369542364178803172e-03 5.518963521882886726e-03 2.197163182076038515e-03 1.048694338417838212e-03 3.681398487536632382e-03 5.249145496100683303e-03 5.231016522794876625e-03 5.706970215811297230e-03 5.175330504661667178e-03 5.258900056559697410e-03 5.257859016287252073e-03 6.799384856299303496e-03 5.258897692353198434e-03 5.258900056559697410e-03 5.258900056559696543e-03 3.449020244392194540e-03 5.024286360191566013e-03 4.897401172319197117e-03 3.249451798321897726e-03 4.892559897918434368e-03 3.590080608985783944e-03 5.256793111734629417e-03 2.949265748790839622e-03 5.258900018555207230e-03 5.250170386671504895e-03 3.632424300887854545e-03 5.258900056559697410e-03 2.804145966431122270e-03 7.504357744108497603e-03 5.258895625493861976e-03 5.126175179523179484e-03 5.258900056559697410e-03 3.422273261280627758e-03 5.258740771138377575e-03 4.682123324878256949e-03 5.647659461786237040e-03 5.258900056559697410e-03 2.175214046479045839e-03 1.814172522581391535e-03 5.096772360619414820e-03 5.911536237276505089e-03 5.692421838597823587e-03 6.158895965857306629e-03 3.274108235048010969e-03 3.368114965263710285e-03 4.532845598848280616e-03 1.139856255077917845e-02 2.385735393147634612e-03 5.258900056559697410e-03 3.174926190781425604e-03 5.258900056522307180e-03 2.382104331451676341e-03 5.144815597302474473e-03 4.782232768186543866e-03 7.538499998783569460e-03 1.219451602414996444e-03 5.249941598298815161e-03 5.257740018456960249e-03 2.010570083105739023e-03 5.227049466546563640e-03 2.069300791314465388e-03 3.043620703292402307e-01 5.064478496562845392e-03 5.258900028442708638e-03 5.030605188069820627e-03 5.329963706824394215e-03 2.777392625986022188e-03 5.258896696744656644e-03 5.258899331804402569e-03 6.256613291494933504e-02 5.505725556738986018e-03 5.959280655387239230e-03 3.492648630200299604e-03 1.495345509986439544e-02 4.884845825614765429e-03 5.221485851576508630e-03 4.450986678447008300e-03 5.423554530928060766e-03 5.253365923803523553e-03 5.073212212592935130e-03 5.314668277147766365e-03 5.140202822211034465e-03 5.258900056559697410e-03 5.050699391260769083e-03 5.258900056559697410e-03 1.834012913398533774e-03 5.258900054128951701e-03 6.689563893443863096e-03 4.534496388939586974e-03 4.809648208203903472e-03 1.820889023748167510e-03 1.778573687945604219e-03 5.258900056559697410e-03 5.252156012515250133e-03 5.054760444756967522e-03 5.258838841341473974e-03 5.258899828773677329e-03 5.739899571086356719e-03 5.198051361373779398e-03 1.998132388927303677e-03 4.816285492300137298e-03 4.955319303792032025e-03 5.258900056559697410e-03 4.812753184641526370e-03 8.114251389216632941e-04 9.276362481058330993e-04 4.130174276342177785e-03 4.779544711947732692e-03 4.500181578595168104e-03 5.258900056559697410e-03 6.267984837866087157e-03 4.029875003978343299e-03 5.258900047889583304e-03 6.375265974133218286e-03 1.063992595509594694e-03 5.258612331798448274e-03 5.258900056559697410e-03 5.258900055893329407e-03 5.031315774253062451e-03 4.957281158635524869e-03 4.714462193976603002e-03 4.427164110377906393e-03 4.898046060885158544e-03 3.621842571109097630e-03 5.723066982325881839e-03 2.609198048363412306e-03 5.258899554930759369e-03 2.490174885874024257e-03 3.061461932886409745e-03 4.213468320091037604e-03 5.257524989386430821e-03 3.010693053175613268e-03 5.258899198262940826e-03 1.025995829606718250e-02 4.606911777869014853e-03 5.197725394615515873e-03
6.344373544747080283e-03 1.032881657962966652e-02 6.393998918766074201e-03 7.236653040330976415e-03 1.433733940913081576e-03 2.986263672968512365e-03 7.561172430029356427e-03 7.534566893383636520e-03 6.410022104495365948e-03 7.454788099531803325e-03 7.575227296787665973e-03 7.573717111710972713e-03 1.137559911011445414e-02 7.575223891246587668e-03 7.575227296787665973e-03 7.575227296787664238e-03 9.121843083810336414e-03 7.240028128194915535e-03 7.637936064359654442e-03 4.745518693886038690e-03 7.052769584050163666e-03 8.446417659487342675e-03 7.085150861346433543e-03 3.151005043530484898e-03 7.575227330337574484e-03 7.562652539531998508e-03 3.765806319526414890e-03 7.575227296787665973e-03 8.335789612317387465e-03 7.997595263245492817e-03 7.575220914021210845e-03 7.384037309815836593e-03 7.575227296787665973e-03 4.341657277243692048e-03 7.574997852748531491e-03 7.325251013535430226e-03 7.115063046207712599e-03 7.575227296787665973e-03 5.871873615938195089e-03 2.608233261676747711e-03 7.017187633634515767e-03 9.376032995049028707e-03 6.208438305162199480e-03 7.267434507423726001e-03 6.851650243040118340e-03 3.871301125632239590e-03 7.615317241813227347e-03 9.863660797815702614e-04 7.913774908734320587e-03 7.575227296787665973e-03 8.549581094465902656e-03 7.575227296733806279e-03 3.636976583023631207e-03 7.410893367522939160e-03 1.630493140475577571e-03 5.640151638938105914e-03 2.339898559942729748e-03 7.562323687800145099e-03 7.575296065534363986e-03 1.173999933601185645e-02 7.528714906107146498e-03 6.066511318932994723e-03 4.401582718081487738e-03 8.536124823229912159e-03 7.575227256204483325e-03 1.740906990755469036e-02 5.705741243280229580e-03 3.689385013499289680e-03 7.575222746175429983e-03 7.575226252807739161e-03 5.703849155100194392e-03 7.237248751364755948e-03 1.070605259548672132e-02 4.935919063131617539e-03 7.314225803339637587e-03 7.902354844406569295e-03 7.521157249185841769e-03 7.053427751173018886e-03 7.697917166844678999e-03 7.567255607034582485e-03 9.289324038836222278e-03 7.487526701276780994e-03 6.969264781446583845e-03 7.575227296787665973e-03 8.867623688991752365e-03 7.575227296787665973e-03 4.742705556965398118e-03 7.575227293286207302e-03 1.641935733909649989e-02 1.572517581152176394e-02 7.077558974669969152e-03 1.406236838998788270e-02 5.455616847162609098e-03 7.575227296787665973e-03 6.544024739237745518e-03 7.122059030006116544e-03 7.575157968373235663e-03 7.575226968723626497e-03 9.687713549809929062e-03 7.512550805261033852e-03 5.631129158153983308e-03 3.037182985250276145e-03 7.137997068039374574e-03 7.575227296787665973e-03 6.865561480064460466e-03 1.679386469829686600e-03 1.191361708952115919e-03 7.509795160753831786e-03 6.455426864918061003e-03 7.282451458420131397e-03 7.575227296787665973e-03 6.514589746515435723e-03 6.289133811713262280e-03 7.575229311672003474e-03 1.105160439352793726e-02 2.733004038161584992e-02 7.574812908911607648e-03 7.575227296787665973e-03 7.575227295823810242e-03 7.257686606366503188e-03 1.569777460439804317e-02 6.930537428319347507e-03 5.043538439824290891e-03 6.689631054372467169e-03 6.394642568161280037e-03 8.329548573851514037e-03 9.301229797419275844e-03 7.575226574211997403e-03 3.431908800038862423e-03 6.163033390706639837e-03 5.874762219720650047e-03 7.573271113020125719e-03 9.007594581994586916e-03 7.575226060446805555e-03 3.930680894803788121e-03 6.860613551809734839e-03 7.302164397139011658e-03
5.141907745338404091e-03 7.204769893926307733e-03 7.142474031430407974e-03 6.474214764394439076e-03 2.976684156047495729e-04 4.303928495975257659e-03 7.591488775248110901e-03 7.564194623056312919e-03 4.480339155380295285e-03 7.483835163523626377e-03 7.605013466360002576e-03 7.603461026250026185e-03 4.592211167388049291e-03 7.605010047428147069e-03 7.605013466360002576e-03 7.605013466360000841e-03 3.397156632019028392e-03 7.310451180920459098e-03 6.059773016430524545e-03 3.848702276882985576e-03 7.086112745007892497e-03 6.595212462984481085e-03 6.529759254665485312e-03 1.855448985475730006e-02 7.605013412353127215e-03 7.592389332143205903e-03 4.304595957268632887e-03 7.605013466360002576e-03 8.859629980775603902e-03 6.212366238216168561e-03 7.605007058496193566e-03 7.413071829357097131e-03 7.605013466360002576e-03 9.186525724032470336e-03 7.604783120217564578e-03 5.843779886011470255e-03 8.094288088082986915e-03 7.605013466360002576e-03 6.339141471896942055e-03 7.286487484865183072e-03 8.458418579988110156e-03 6.712851934910903616e-03 7.672495875510060813e-03 6.787557530832010778e-03 6.735745865841888218e-03 7.029096086311929260e-03 7.111810738167132981e-03 1.155090572308449699e-02 5.522082787512859817e-03 7.605013466360002576e-03 1.477148226846570003e-02 7.605013466305931245e-03 5.755853610744155781e-03 7.440033367932015126e-03 2.624265074044144705e-03 9.619080371075387770e-03 3.734405692802684681e-03 7.592064903441368522e-03 7.603560160916628639e-03 2.498585846062481141e-03 7.650662957336459152e-03 6.004904713258452445e-03 3.513398046806493619e-03 7.274348989993244426e-03 7.605013425631808321e-03 7.289509777537806282e-03 6.200754871779609601e-03 5.431884959783240402e-03 7.605008594443117033e-03 7.605012418275095519e-03 2.961364133262170146e-03 8.281872995567516466e-03 7.365277952412049335e-03 4.933722610624014654e-03 6.980233623807953827e-03 5.408597927441342705e-03 7.550782489209024659e-03 7.887401468188266415e-03 8.039296451725044118e-03 7.597010460006835969e-03 8.355572451458291236e-03 6.968379164449913128e-03 7.239180438826129521e-03 7.605013466360002576e-03 6.299225816211241266e-03 7.605013466360002576e-03 1.345178072400804274e-02 7.605013462844758057e-03 6.501926594967623665e-03 6.002633713713875600e-03 6.954721148473706933e-03 1.136879497059212207e-02 4.344264326833417560e-03 7.605013466360002576e-03 6.369716559489512972e-03 8.302421444196159822e-03 7.604924941659758734e-03 7.605013139995886289e-03 8.385353377171285427e-03 6.651089098846850629e-03 7.665780872650576443e-03 3.044786039587269594e-02 7.165973534320586001e-03 7.605013466360002576e-03 6.984787462660024988e-03 6.078058864957283647e-03 2.005351374110867554e-03 6.996346685275182595e-03 6.843461081505673206e-03 8.151869360217719324e-03 7.605013466360002576e-03 1.231051023547964640e-02 5.563010491541858608e-03 7.605013453821955587e-03 7.118088944555488358e-03 5.945559716013364485e-03 7.604614220041406095e-03 7.605013466360002576e-03 7.605013465396906654e-03 7.284454812821854197e-03 5.188605293052943671e-03 5.478947021830569974e-03 6.573996432264608142e-03 6.546254949707379193e-03 5.679172198377555394e-03 7.119735627473061657e-03 6.410218776271937868e-03 7.605012740943143182e-03 7.700096610341268001e-03 8.955397099001076791e-03 7.350037842807475956e-03 7.604095482705889100e-03 1.966780233126740052e-02 7.605012225157789518e-03 1.671357214332772718e-03 8.091233749218657359e-03 7.676473934216299436e-03
2.702873423470691840e-03 5.385825619674067602e-03 6.628266213701304761e-03 7.796234229645287138e-03 2.088625377437877163e-03 6.467954189736618495e-03 6.933148999522543814e-03 6.921704118371128749e-03 8.795763482610291853e-03 6.835363040172810940e-03 6.945972129853595668e-03 6.944551942811025627e-03 5.885374101507341235e-03 6.945969007353838647e-03 6.945972129853595668e-03 6.945972129853593934e-03 6.726241411141331041e-03 6.833048805382650748e-03 7.008291264766181895e-03 1.010182504231320853e-02 6.530443862590011930e-03 7.756450702749217996e-03 7.829605776791077540e-03 1.588608266849158082e-02 6.945972079881031387e-03 6.934443064110605917e-03 4.079564149199567565e-03 6.945972129853595668e-03 8.126053732909624752e-03 4.219961841374555468e-03 6.945966277287570108e-03 6.770664853985847338e-03 6.945972129853595668e-03 3.638133356373525300e-03 6.945761745156337624e-03 7.682386844932402939e-03 6.101830134168925897e-03 6.945972129853595668e-03 3.104252951468588866e-03 8.672719833477868928e-03 6.580662746604154512e-03 6.189544318609481628e-03 9.043162233409608036e-03 9.364503720527626862e-03 1.721471678229218386e-02 1.104803528914372578e-02 1.072720750003347892e-02 6.828880256289697644e-03 5.501983804993778454e-03 6.945972129853595668e-03 1.016747986955226536e-02 6.945972129804209826e-03 6.250035800143239131e-03 6.795289008682230646e-03 1.493966110610737801e-03 1.183506487003106733e-02 1.656851269790583954e-03 6.934140201205815993e-03 6.945815918686641666e-03 4.134189166746053516e-03 6.900310967381822862e-03 6.684489804363322532e-03 3.248689505667845187e-03 6.410745578195268385e-03 6.945972092643965326e-03 6.644340739606658351e-03 7.578968148960774434e-03 4.592158487883002925e-03 6.945967937434744353e-03 6.945971172594469535e-03 1.615453991814445444e-03 6.597541480460870911e-03 5.316330799607357945e-03 4.507286239403759075e-03 1.208883769237852936e-02 7.751614822159519705e-03 6.896666114034050513e-03 7.344731053400541110e-03 6.471013708822416846e-03 6.938662678790442212e-03 7.341863719817307878e-03 6.762196042888804319e-03 7.893935995829805263e-03 6.945972129853595668e-03 1.830807765722315336e-02 6.945972129853595668e-03 5.877517394255894929e-03 6.945972126643528040e-03 4.825443965850383619e-03 6.224600232370695874e-03 6.350869328490848544e-03 2.946579882142526079e-03 2.537066460115108054e-03 6.945972129853595668e-03 7.413476955499698033e-03 6.901863665608441896e-03 6.945891276616190067e-03 6.945971828682453823e-03 3.711827949630378681e-03 8.202888704050720695e-03 3.916324005555188795e-03 4.588385426580478786e-03 6.545126832838176964e-03 6.945972129853595668e-03 9.838097293666919416e-03 6.113844691625937300e-03 1.377420383319540465e-03 9.314882019475995492e-03 7.232068919803920012e-03 8.423878377612039822e-03 6.945972129853595668e-03 5.883446528683217505e-03 3.830169653090381710e-02 6.945972118402080585e-03 5.677148600544175937e-03 1.656031234775253921e-02 6.946644136257318879e-03 6.945972129853595668e-03 6.945972128970028144e-03 6.686779278070261595e-03 5.744073891203130972e-03 7.243695866139965821e-03 6.007118315849855478e-03 9.834864395756875641e-03 8.499377056210370360e-03 5.354335402424794006e-03 1.071757327843968384e-02 6.945971467302310999e-03 5.114067868315577345e-03 6.115879808107541234e-03 8.111614803478918445e-03 6.945432660681591548e-03 1.601739881977605473e-02 6.945970996218058663e-03 6.118399724310341799e-03 1.540128656897302856e-02 7.896650425610851967e-03
3.713468804524631094e-03 7.161160219320173749e-03 8.245224345859544779e-03 7.428391212190631719e-03 4.084969641579306969e-03 6.515431635791758130e-03 7.577233727237085714e-03 7.561570371580714212e-03 6.636558930594655022e-03 7.470765258532405424e-03 7.591313214448819520e-03 7.589752004030545819e-03 7.378639203778286984e-03 7.591309801683199937e-03 7.591313214448819520e-03 7.591313214448817785e-03 9.642952366973133946e-03 7.277175352374187431e-03 7.121296980672883227e-03 2.756321283785712322e-03 7.313841432357356259e-03 6.238312210501275462e-03 6.508407048028411884e-03 5.412638573207594235e-03 7.591313159588912972e-03 7.578714190194118551e-03 3.458134204783048886e-03 7.591313214448819520e-03 8.132971847635898227e-03 3.983051232179147041e-03 7.591306818129142479e-03 7.400208124971899282e-03 7.591313214448819520e-03 1.576296123080092940e-02 7.591083283309900051e-03 6.811665692093873264e-03 7.632957236502471363e-03 7.591313214448819520e-03 3.786117016656089570e-03 2.602973285313848681e-03 7.567152142721515762e-03 7.670358670790603135e-03 8.991650348339957910e-03 6.148097244590285462e-03 9.516384155129613276e-03 7.390984959114842850e-03 8.135074176229903017e-03 2.226851140998522063e-03 7.228394997057488620e-03 7.591313214448819520e-03 3.983509024936548147e-03 7.591313214394845334e-03 9.584206579647185781e-03 7.426630323766578688e-03 1.623234927831372632e-02 3.382833003279319978e-03 1.761736274378278202e-03 7.578381501120550791e-03 7.590212983562005973e-03 3.158776201701160840e-03 7.544457334701384736e-03 4.649378588239386906e-03 1.400286773226789953e-02 7.712747937425304748e-03 7.591313173788320247e-03 9.178256992186025268e-03 5.691543260213605300e-03 1.358197394103407250e-02 7.591308359650516570e-03 7.591312168252012382e-03 2.315102870359344797e-03 7.510111840523371260e-03 6.787330703651602536e-03 5.732376883641841087e-03 7.045760715248193008e-03 6.801824941713417033e-03 7.537123985654425873e-03 1.026888225166487818e-02 7.912113743499730664e-03 7.583384645503577111e-03 6.909948945091756549e-03 7.611706523627440220e-03 7.406893395949059461e-03 7.591313214448819520e-03 5.002340023406518996e-03 7.591313214448819520e-03 4.316436077527237118e-03 7.591313210940074142e-03 5.236808815351013183e-03 6.022066419901157645e-03 6.943415441481331184e-03 2.921978165945714190e-02 2.458517512545835542e-03 7.591313214448819520e-03 6.794033844543250975e-03 7.803111695650535168e-03 7.591224849222565248e-03 7.591312885298623706e-03 8.270354439160645943e-03 6.608044607574454707e-03 3.158363094075301771e-03 8.232504231977121403e-03 7.153552261997258611e-03 7.591313214448819520e-03 7.011652231070114594e-03 1.155720969623035867e-02 3.636808112288010108e-03 8.798022119976491376e-03 8.179781216494151283e-03 7.927257894966628637e-03 7.591313214448819520e-03 5.899352041976353017e-03 5.704897116315481992e-03 7.591313201933359497e-03 6.580797511647594293e-03 1.697434481760401155e-03 7.590899538116840928e-03 7.591313214448819520e-03 7.591313213482780639e-03 7.287743165990502765e-03 8.205431217570367114e-03 1.039302141999226547e-02 5.507492094729476984e-03 7.831858452467340206e-03 6.935378187646065208e-03 5.975373397173164118e-03 7.281921758900873794e-03 7.591312490338769821e-03 9.229013688010602803e-03 8.974859403116125511e-03 6.683061704609414774e-03 7.589283707675754422e-03 1.189833016130238674e-02 7.591311975553348065e-03 5.896050166739074706e-03 8.110241019172475044e-03 7.699829874085773428e-03
1.981166479706985856e-03 9.129600764789750494e-03 8.710655272981947250e-03 4.544203299578304135e-03 1.306981971978558865e-03 7.961827590520442754e-03 7.890231776597943225e-03 7.863319858124735023e-03 6.757543224353453754e-03 7.782478945820008910e-03 7.904833829471293732e-03 7.903207864525455331e-03 8.783254764280446977e-03 7.904830275750476115e-03 7.904833829471293732e-03 7.904833829471291998e-03 1.773373406510037747e-02 7.558672027012502265e-03 6.979569210783148452e-03 7.687543362420622833e-03 7.355608776317396243e-03 7.193914015883292983e-03 7.111299018455599641e-03 2.488539697310223134e-03 7.904833772345461890e-03 7.891712109638461883e-03 4.136647095647315829e-03 7.904833829471293732e-03 6.557106021013717721e-03 5.974006109589251323e-03 7.904827168983597635e-03 7.705324952024110094e-03 7.904833829471293732e-03 6.844425157900170704e-03 7.904594402067638761e-03 5.681384805890542060e-03 7.984182723820985178e-03 7.904833829471293732e-03 3.475639790821544520e-03 1.627683443916740427e-02 8.101238960486829149e-03 8.331289624434632876e-03 6.621217815371568428e-03 6.769050365454165608e-03 5.817304679865932353e-03 1.112569205659403801e-02 7.228600092947868976e-03 1.138273313802390559e-02 4.641851565312964632e-03 7.904833829471293732e-03 6.399798752638562530e-03 7.904833829415090427e-03 3.420363509912856346e-03 7.733350144996349075e-03 4.050750403274415261e-03 3.554970647047294829e-03 1.077093787503428934e-02 7.910798069898233170e-03 7.903121619279017754e-03 9.739392750629278714e-03 7.861377395880690330e-03 7.316168835362526178e-03 4.541263407182559615e-03 7.943350808622953382e-03 7.904834085482134731e-03 9.222208755133706401e-03 1.028318637804590506e-02 3.015241489800205271e-03 7.904828802226116294e-03 7.904832740066643909e-03 2.250714344797309207e-03 8.239223249829856835e-03 8.848686648661317072e-03 5.144137981004497269e-03 1.051292158910118596e-02 6.318440917083640619e-03 7.850148871328380476e-03 7.036150987217970262e-03 8.008357344162121347e-03 7.896515275508978263e-03 7.858645024608609461e-03 8.158554052774324994e-03 6.507351745143621913e-03 7.904833829471293732e-03 4.335139645588287696e-03 7.904833829471293732e-03 5.636219021131603016e-03 7.904833825817445675e-03 5.042961840407359474e-03 9.702022900539924999e-03 7.967676794189124112e-03 1.358128125101838377e-02 4.216402002641474016e-03 7.904833829471293732e-03 7.220314796838548516e-03 8.077684535133175525e-03 7.904741814976615558e-03 7.904833486725049152e-03 7.444882906822153715e-03 5.746200199509383759e-03 5.921278331846598249e-03 1.422131896527336313e-02 7.448560505593226043e-03 7.904833829471293732e-03 7.079478957879795607e-03 9.912254892684832855e-03 1.172313921477492749e-03 6.997280129509719608e-03 8.498694518917694618e-03 7.237962008383810701e-03 7.904833829471293732e-03 8.524959768134960508e-03 7.914050338251184605e-03 7.904833816438945962e-03 9.105613640258091585e-03 3.113380843053676142e-03 7.904402141300894205e-03 7.904833829471293732e-03 7.904833828465620757e-03 7.562984937357093880e-03 5.982472347045669075e-03 6.558771589311849885e-03 7.542025636692759223e-03 7.273419100082428174e-03 5.291138089345750334e-03 7.789584798968448263e-03 7.971265110502234047e-03 7.904833075455842961e-03 3.595503029052254853e-03 6.188334673940741951e-03 5.645951105264261465e-03 7.903724303502486156e-03 1.824994163074611245e-03 7.904832539335873362e-03 2.271919689611208697e-03 9.530440757600075821e-03 8.144416201076698503e-03
9.680195315166421552e-03 6.635917732775173730e-03 9.433743077671159077e-03 4.376459032071626683e-03 3.107375688383156795e-02 1.793268892697443689e-02 7.521121815941205629e-03 6.985522657398188055e-03 6.804903276827094401e-03 6.926995954431644856e-03 7.022772637997316478e-03 7.021327190234099257e-03 7.936563496785977584e-03 7.022779095024070904e-03 7.022772637997316478e-03 7.022772637997314743e-03 1.594402718852650554e-03 7.062680382248353629e-03 7.214333611261297512e-03 1.434831636520218258e-02 6.573888218357506509e-03 6.472531730500578548e-03 7.308062222856365024e-03 6.335418085368834176e-03 7.022772587250093214e-03 7.011114913800143775e-03 3.187681402198024819e-03 7.022772637997316478e-03 1.378720076124296742e-02 4.959946569990816498e-03 7.022766720720400625e-03 1.121806453557905141e-02 7.022772637997316478e-03 1.498228655182545603e-02 7.022559940272641264e-03 6.698608087800637413e-03 6.837378859195536625e-03 7.022772637997316478e-03 2.846635020029483851e-03 2.378208275605122636e-03 7.382014935225308765e-03 6.096151454193557070e-03 6.774921252927032338e-03 6.878563085894044346e-03 6.914018829030731290e-03 1.029341358621661123e-02 6.086790067348527705e-03 1.781206278500335879e-03 5.443692827773615253e-03 7.022772637997316478e-03 2.585417631309063196e-03 7.022772637947405881e-03 3.207090840304891756e-03 6.870423437541688279e-03 8.380398807277888995e-02 3.269765074394578169e-03 1.667073387772486249e-03 7.010809434651495142e-03 7.021250386010250387e-03 4.296891973311608125e-03 7.029530282042843053e-03 2.807532984170449733e-03 7.888364648914295051e-04 6.386127032623965284e-03 7.022772600430955865e-03 6.717801831152551972e-03 7.982890900530455192e-03 4.143582245724093671e-03 7.022768163364222736e-03 7.022771670153927712e-03 1.326952626507956574e-03 6.885101019436110949e-03 6.500250153925505106e-03 4.561119681129460757e-03 4.229644875623089946e-03 7.614983758509964555e-03 6.972649379702214149e-03 6.927818398346650454e-03 6.914402249508574440e-03 7.015382317018061670e-03 6.004556974446582755e-03 6.517032054457390713e-03 6.414669335017569689e-03 7.022772637997316478e-03 4.849220287618877939e-03 7.022772637997316478e-03 6.466462835579884876e-03 7.022772634751186550e-03 7.117061655579953218e-03 2.657168071703754596e-03 6.422240435493156360e-03 3.932010921087035309e-03 1.749579042093296751e-03 7.022772637997316478e-03 7.344943873336659546e-03 7.257203462536859773e-03 7.022690890758384423e-03 7.022772335032299688e-03 6.390774142729794237e-03 5.923321175966519622e-03 3.475275616307772070e-03 4.236788648166253321e-03 6.617378639495443728e-03 7.022772637997316478e-03 6.368410376177152492e-03 9.040142966449345174e-03 6.699538150687142125e-03 5.844342449306034852e-03 9.409241350761017933e-03 7.170517902920016048e-03 7.022772637997316478e-03 6.691195728656299836e-03 7.671097224135314460e-03 7.022772626419183928e-03 6.258878579641607987e-03 7.112550502658954426e-04 7.022396230111345970e-03 7.022772637997316478e-03 7.022772637104937425e-03 6.714564416691482657e-03 4.096103959662750552e-03 5.398088241994273249e-03 8.201432727934009764e-03 1.122066148562633585e-02 5.875335803815774117e-03 5.794386857812064764e-03 4.936268171446094033e-03 7.022786304346674210e-03 3.469560697930148142e-03 9.505156032433889624e-03 7.460014992139946642e-03 7.020923629038361424e-03 1.026896856778306520e-02 7.022771491821707193e-03 4.990056436126042057e-03 1.003257564096260955e-02 6.781810100460416990e-03
1.137051766406747778e-03 5.970732801663732221e-03 7.598575310023209135e-03 1.607217827063692553e-02 1.175887007455455767e-03 4.668842795435193711e-03 6.612272569651876652e-03 6.586454215971392079e-03 6.414934485188213131e-03 6.523562576905148763e-03 6.622064905624330290e-03 6.621185259065879777e-03 6.318948066214904666e-03 6.622061928588935178e-03 6.622064905624330290e-03 6.622064905624328555e-03 4.031628782756650070e-03 6.381248949672438733e-03 6.274309417930832786e-03 2.739685838854769451e-03 6.164301855604166144e-03 7.408369388905090142e-03 6.806724326551672963e-03 1.816540237473368222e-02 6.622064857796741179e-03 6.614954964875722002e-03 9.676723045043415100e-03 6.622064905624330290e-03 1.488282408173586396e-02 6.495785968306033893e-03 6.622059325988178743e-03 6.454931634545498301e-03 6.622064905624330290e-03 2.260278316653712913e-03 6.621864333910546657e-03 6.491714335226535758e-03 5.609454898976272592e-03 6.622064905624330290e-03 2.911288601850175323e-03 2.424999248876080066e-03 5.903944350149303161e-03 6.994985171961305877e-03 6.522974793440604845e-03 6.265743774750557812e-03 6.864470945215186623e-03 1.907144900230801562e-02 8.647360978789760816e-03 9.053261124067792445e-03 7.925789910797261320e-03 6.622064905624330290e-03 3.763312447539647696e-03 6.622064905577247293e-03 3.227406934689160210e-03 6.478408543714052684e-03 2.229896436843000016e-03 5.996744571542611535e-02 2.259618365320010050e-03 6.610784354472516201e-03 6.621558122818578702e-03 4.711031898842443257e-03 6.583495467313571492e-03 3.525268718746048160e-03 1.502884601170562887e-03 6.945289344088488061e-03 6.622064870151753158e-03 6.337077688011420393e-03 5.887666218275022789e-03 7.327842178065857408e-03 6.622060813811318607e-03 6.622063993004537186e-03 7.836524482644512124e-03 6.721154138579734511e-03 5.742827161593994957e-03 4.299398807508686936e-03 6.576566169003604349e-03 9.427416560643071125e-03 6.574878484698886208e-03 8.282295518481506275e-03 6.371720381101795942e-03 6.615096256795223104e-03 7.628224249938621304e-03 8.081879375456986828e-03 9.229671314250497208e-03 6.622064905624330290e-03 1.963286419461874113e-02 6.622064905624330290e-03 6.975357736081341450e-03 6.622064902563416788e-03 7.123410210090128612e-03 1.245836203796513164e-02 6.056727843176693861e-03 1.234184115286598472e-02 5.053007097598075439e-03 6.622064905624330290e-03 6.445358004165744129e-03 6.404819817547030905e-03 6.621987823479800160e-03 6.622064618496771582e-03 4.879120485343954941e-03 6.790042672099957759e-03 9.857149330358428926e-03 1.704245863690043161e-02 6.460137604542353154e-03 6.622064905624330290e-03 5.976559232690327288e-03 1.597685561254787818e-03 5.489183623103010938e-03 6.872947337578174526e-03 7.581797387356929881e-03 6.578788654093255597e-03 6.622064905624330290e-03 7.139718238393650933e-03 4.668637751451007976e-03 6.622064894706827277e-03 5.977255285984918801e-03 1.308021832174955865e-02 6.622525079776042309e-03 6.622064905624330290e-03 6.622064904781796782e-03 6.405480195974869867e-03 7.724535543692036092e-03 9.661594220887845252e-03 4.212881538817709118e-03 1.051180706895958432e-02 7.589638766454043575e-03 7.439159174605512216e-03 7.006868824728863625e-03 6.622064273967964189e-03 3.097547944927777925e-03 6.899918353348253111e-03 1.212836495889331456e-02 6.620470062350874291e-03 5.337349010338783561e-03 6.622063824847679823e-03 3.894204473822710302e-03 9.159881720935753729e-03 5.674929656455862323e-03
1.816322517938136812e-03 1.077631230598064503e-02 7.953629702160135845e-03 2.657278020023733870e-03 1.409591722009765659e-02 5.525025261918699651e-03 8.377275259265147545e-03 8.347795023578293699e-03 6.218362267525408792e-03 8.266553048643678764e-03 8.392849462881383366e-03 8.391123400428688803e-03 6.999202170541137143e-03 8.392845689766918402e-03 8.392849462881383366e-03 8.392849462881379896e-03 7.999615565693500574e-03 8.037791559787418535e-03 8.094040243390190209e-03 2.173805351323579178e-03 8.274673906983377042e-03 5.655805449463348344e-03 8.349172800600821939e-03 2.218015098207496566e-02 8.392849402230532704e-03 8.378918156987038776e-03 2.152425934823858425e-02 8.392849462881383366e-03 5.368192590870277982e-03 5.466514377968481608e-03 8.392842391199448887e-03 8.181023634474465095e-03 8.392849462881383366e-03 2.605106674610716943e-03 8.392595256842026036e-03 9.383545778775379334e-03 9.504910958036509594e-03 8.392849462881383366e-03 3.867975339039199552e-03 4.109058072726311586e-03 8.544074286402889712e-03 8.309086868833756925e-03 7.698375186099241409e-03 6.235746547191247519e-03 7.189623164383071412e-03 3.755545719777369108e-03 6.714837946971501624e-03 3.478267945301968811e-03 5.357527284244081346e-03 8.392849462881383366e-03 5.681954857384439832e-03 8.392849462821708878e-03 3.682158900318671657e-03 8.210778367735351024e-03 2.828603301273483004e-03 8.491502170088757045e-03 1.946555063189272161e-03 8.378559075667715850e-03 8.390977910269605336e-03 7.379425411278847137e-03 8.339168643933697264e-03 8.568880921160081446e-03 1.480225130226621314e-03 8.119793966361298423e-03 8.392849417920327654e-03 8.028381727507324581e-03 7.583995665563557885e-03 3.065511134787762045e-03 8.392844124112890103e-03 8.392848306220860796e-03 1.089734467295237416e-03 8.523113414962937839e-03 1.109761661365604203e-02 5.466883916485226758e-03 5.202212079958603436e-03 6.194123940127456082e-03 8.332961220034658736e-03 7.305777010495945537e-03 8.911479430052339154e-03 8.384017349266950983e-03 7.633077153508801421e-03 7.717555403327582345e-03 8.791675355853184257e-03 8.392849462881383366e-03 4.921057027527153682e-03 8.392849462881383366e-03 4.861762421679137296e-03 8.392849459001958806e-03 4.259802261413846332e-03 4.223979742574770005e-03 7.673849279480597467e-03 7.201921776196417053e-03 3.465131702225795508e-03 8.392849462881383366e-03 8.578711356971090857e-03 8.482748962638035281e-03 8.392751767526240858e-03 8.392849099142622032e-03 8.969606529950201537e-03 7.050004265411165608e-03 7.926852887100266365e-03 9.803036627658074167e-03 7.940133332058632587e-03 8.392849462881383366e-03 7.567715727515079462e-03 2.832221418008249326e-03 3.480869973077683685e-03 6.723792154253376702e-03 7.192075190524445209e-03 7.366277606883994515e-03 8.392849462881383366e-03 6.253917869962139983e-03 6.403476487121482000e-03 8.392849449044465643e-03 9.450086872132687152e-03 1.611078761983177022e-03 8.392412354450425743e-03 8.392849462881383366e-03 8.392849461813324530e-03 8.702384852361882972e-03 6.062071280802457281e-03 1.005310775534139049e-02 5.836592003873973013e-03 6.922482627897259128e-03 7.978538081587466246e-03 8.775723624040353277e-03 5.940965427878790867e-03 8.392848663954987840e-03 3.819474723987748444e-03 8.196376170155101823e-03 9.070000924756476193e-03 8.390637188113156397e-03 4.564675138697301716e-03 8.392848093097702786e-03 8.081252582676331370e-03 1.143889053706715437e-03 8.140751373049478351e-03
3.064445785359458732e-03 6.681571260487246221e-03 6.996910788583545100e-03 5.192783623070626638e-03 6.359059288803254988e-04 7.693609430211333262e-03 7.891427134927023884e-03 7.880717998642096725e-03 1.059554466552155814e-02 7.780778928269749609e-03 7.906094201540165428e-03 7.904468171642933805e-03 6.276339781130965169e-03 7.906090647252828757e-03 7.906094201540165428e-03 7.906094201540163693e-03 5.271032890608249623e-03 7.733220559081860519e-03 7.518375790320625668e-03 4.267917992953907877e-03 9.805666713106231391e-03 1.186120737805682231e-02 8.311569136588677423e-03 8.728857756267001736e-03 7.906094144434430357e-03 7.892971520458553353e-03 3.006054775023581527e-03 7.906094201540165428e-03 4.499302028501113090e-03 4.071533062789743466e-03 7.906087539990579172e-03 7.706553513860099104e-03 7.906094201540165428e-03 2.050671032494333010e-02 7.905854735962721674e-03 8.317985875016219166e-03 8.524698441750298492e-03 7.906094201540165428e-03 8.754164805729474502e-03 2.633223886963437666e-03 8.162794773963045689e-03 6.190881439001034818e-03 7.846004139451256271e-03 7.946895954657045083e-03 1.295321268194172919e-02 9.470777930081965973e-03 8.437136748135263403e-03 1.508255969844081619e-02 1.102061400096867802e-02 7.906094201540165428e-03 6.775710814466430823e-03 7.906094215281253557e-03 3.441635397546405264e-03 7.734582579656860968e-03 1.431613384973974556e-03 2.970748602771638210e-03 1.943553426629431860e-03 7.894270224209300538e-03 7.904337421480242196e-03 6.365693386590601938e-03 7.897797573242945970e-03 1.012565335836547453e-02 5.641978580270694092e-03 8.549677830019258504e-03 7.906094159198987989e-03 7.563152620898037914e-03 8.184701460439021067e-03 4.663732331767918120e-03 7.906089144360467849e-03 7.906093111961822947e-03 1.876166907227937164e-03 8.202221878333601154e-03 6.509338990180119251e-03 5.128189246281267093e-03 4.507723933294694070e-03 6.767835436762222566e-03 7.849660409651635154e-03 5.268612813163105202e-03 7.964228208057960029e-03 7.897774315440827739e-03 5.249540515675778576e-03 8.228639095979935203e-03 8.295084912881030628e-03 7.906094201540165428e-03 6.577942561187360287e-03 7.906094201540165428e-03 1.391276295968981065e-02 7.906094197885734504e-03 1.212542004851387828e-02 5.444931954768050288e-03 7.295148914208246863e-03 9.597285402508433372e-03 5.849609249865554868e-03 7.906094201540165428e-03 8.230505017406179735e-03 7.602603016592502858e-03 7.906002172166566241e-03 7.906093858750526740e-03 3.608032570134337477e-03 7.571943349603038609e-03 3.925273362816175497e-03 1.159956479788416123e-02 7.449673012037558856e-03 7.906094201540165428e-03 7.085640189456766068e-03 1.022278789825039735e-03 3.342726470436532902e-03 8.385193583742451065e-03 7.288156174695998614e-03 7.919426032720834965e-03 7.906094201540165428e-03 7.968913977740348098e-03 6.597846161224902445e-03 7.906094188505739459e-03 5.999197696792798323e-03 4.561651392466451599e-03 7.905668382014370901e-03 7.906094201540165428e-03 7.906094200699299857e-03 7.584584007329645688e-03 3.556142172535579991e-03 7.192645403045650788e-03 1.120982289578698401e-02 5.909074046114889955e-03 8.169313642519555885e-03 6.098873895736535607e-03 8.153348466795403912e-03 7.906093447404206886e-03 3.960964105723233097e-03 8.148211198963906804e-03 5.800319983217795336e-03 7.903938938651993915e-03 3.893756439429701781e-03 7.906092911199237572e-03 7.726513625567226450e-03 7.960898718569260624e-03 8.543627124958883337e-03
9.921531036032592635e-03 4.803351952217129774e-03 9.379396703579526151e-03 5.243436950762860559e-03 3.330879281001438569e-02 5.758998515869377145e-03 7.422806488364866451e-03 7.396305185865067848e-03 8.029907882743750683e-03 7.317811760731819139e-03 7.436189311715107018e-03 7.434671956460546516e-03 4.271884693056538472e-03 7.436185968679541632e-03 7.436189311715107018e-03 7.436189311715105284e-03 8.298155586070858278e-03 7.106339002871418960e-03 6.841090453183535161e-03 1.858838787691622849e-02 6.924865014697202323e-03 6.157825350408934958e-03 8.121100355625186437e-03 1.861128067084510344e-03 7.436189257976209138e-03 7.424031069947194944e-03 5.169815930509339200e-03 7.436189311715107018e-03 1.196369188048086382e-02 3.472194104049575007e-03 7.436183046099853824e-03 7.248508481593783810e-03 7.436189311715107018e-03 4.900092609851369047e-03 7.435964078975054563e-03 6.349055351155967301e-03 7.033804853687364994e-03 7.436189311715107018e-03 3.091356483591936859e-03 1.909514508721484602e-03 7.898575374499255952e-03 4.447095364980302792e-03 7.793604920478679372e-03 9.172480661204207922e-03 6.815606561828797122e-03 4.873026694762597200e-03 8.700514307588853163e-03 3.159749168053289925e-03 7.130755410684013612e-03 7.436189311715107018e-03 5.226324703541373670e-03 7.436189311662235249e-03 3.218715661756819078e-03 7.274871616488831801e-03 8.492270563802905084e-03 9.387939096805388017e-03 3.239392197330330254e-03 7.423670150159635862e-03 7.434566108897302725e-03 8.664118615255390204e-03 7.410626789682844308e-03 6.383612105778512999e-03 2.329902179673582884e-03 7.105327317633472299e-03 7.436189271877114738e-03 7.855083616284544781e-03 8.119381503577839318e-03 7.345705960732321071e-03 7.436184547843545899e-03 7.436188286896699799e-03 1.504538768507290153e-02 7.491692837534019885e-03 4.881933815798383466e-03 5.201185741998229015e-03 6.269512823735342612e-03 8.316962773864650105e-03 7.383136129016030710e-03 1.137428064071199785e-02 7.557720389570031158e-03 7.428363930190805785e-03 3.996816008269334260e-03 6.954016523509418471e-03 6.793126995594736886e-03 7.436189311715107018e-03 4.877629905606596303e-03 7.436189311715107018e-03 5.002238048625426599e-03 7.436189308277880820e-03 8.615827190300821489e-03 6.625591452958191040e-03 6.800236319348317189e-03 3.511142928334306645e-03 3.572531675716006036e-03 7.436189311715107018e-03 7.212983549797205227e-03 8.405026179933657721e-03 7.436102752341560568e-03 7.436188989289597116e-03 4.742846039848281139e-03 6.947040331079455330e-03 7.358287325417029075e-03 3.929280611177617469e-03 7.006899898589374377e-03 7.436189311715107018e-03 6.671863484889831511e-03 4.378757917348381073e-02 1.157828904471902174e-03 7.615662028160475293e-03 9.862976737571646849e-03 7.878643845742975063e-03 7.436189311715107018e-03 5.776078265639685190e-03 5.492513140204621433e-03 7.436189299455392941e-03 3.806540124489345232e-03 2.570715948558969979e-03 7.435815881647385439e-03 7.436189311715107018e-03 7.436189310777347600e-03 7.110567923039204895e-03 2.798663044801019077e-03 7.907655783089646492e-03 6.590712153841927351e-03 1.077491696454260968e-02 7.496892759314512968e-03 4.163323000769702034e-03 4.815277004144248932e-03 7.436188602401807950e-03 3.421150904941771664e-03 7.951074776706108099e-03 7.033059539392451202e-03 7.434173712141093140e-03 8.575134236450796324e-03 7.436188098066416792e-03 4.836790063513184829e-03 8.351589716072039746e-03 7.515362380237881369e-03
1.067267230374781099e-02 6.571546334131916738e-03 6.818335791744347188e-03 6.740814823989297287e-03 1.491071627875179516e-02 8.285524371527701673e-03 7.270937455352082315e-03 7.245273517181690694e-03 5.531101193968118550e-03 7.168408145905896117e-03 7.284449138013013476e-03 7.282949812302252739e-03 6.202603887627985979e-03 7.284445869767604796e-03 7.284449138013013476e-03 7.284449138013010874e-03 8.719608787493188934e-03 6.963386044114912472e-03 7.734755760186471339e-03 6.273474299105752557e-03 6.790854874068101565e-03 6.764289674820621844e-03 7.588192625109269583e-03 6.350259304092392351e-03 7.284449085424086340e-03 7.319841734172665912e-03 2.797721278101854888e-03 7.284449138013013476e-03 5.913624514462935064e-03 5.931043783904237955e-03 7.284443000251625798e-03 7.100598053766403288e-03 7.284449138013013476e-03 1.015503189332472161e-02 7.284228518713428344e-03 5.423504865885791018e-03 7.562733798342033409e-03 7.284449138013013476e-03 3.518435119263936279e-03 7.582348538470713370e-03 7.377129058471894492e-03 6.820731554837768627e-03 7.073490213921478607e-03 7.413906123882644215e-03 6.057673386306879244e-03 3.735959740624308478e-03 6.752377907062973722e-03 4.198771562560136422e-02 4.859767897408236344e-03 7.284449138013013476e-03 9.564980504510956286e-03 7.284449137961220705e-03 3.192960781594676462e-03 7.126423233004519110e-03 7.313520317143494195e-03 2.895107739950668942e-03 3.945406405130426862e-03 7.272040185292473653e-03 7.282821618414577446e-03 8.471046841070804453e-03 7.240861332496799536e-03 4.342044071062229650e-03 9.741430086975073552e-04 7.387930813092234185e-03 7.284449098990070613e-03 6.968204315593493590e-03 7.455316503639904981e-03 5.397855242506910400e-03 7.284444493135183024e-03 7.284448134106677811e-03 5.475770474094385915e-02 7.523899684199783326e-03 6.221738003677848919e-03 4.754688477036633255e-03 3.663894237471124801e-03 6.558134705653847173e-03 7.238994189028369677e-03 7.143350713532450706e-03 7.683255359684562462e-03 7.276815450594053235e-03 5.604389662203822578e-03 7.195003617219221208e-03 7.887126902797849878e-03 7.284449138013013476e-03 7.258291807561978275e-03 7.284449138013013476e-03 5.966053086102562387e-03 7.284449134645925618e-03 3.196258278565935942e-03 5.338413314141288689e-03 6.871145159622120586e-03 4.279597989410131517e-03 2.478017529612608003e-03 7.284449138013013476e-03 7.295600142198052120e-03 7.502139597706275649e-03 7.284364344874003257e-03 7.284448822167726920e-03 5.082374727573875026e-03 7.436173329271125038e-03 1.948057876221559719e-03 3.770314749218794080e-03 6.863986184075607927e-03 7.284449138013013476e-03 6.623759825757418937e-03 8.977141927787347930e-04 6.840715351034215401e-03 6.818210832785252112e-03 6.885566872626534482e-03 7.358389464661474998e-03 7.284449138013013476e-03 8.120207710262094744e-03 7.337742914623284624e-03 7.284449126003466474e-03 6.276017584916535400e-03 8.574541769744802380e-03 7.284101378015653792e-03 7.284449138013013476e-03 7.284449137085972047e-03 6.976672949971328766e-03 9.128147413849093533e-03 6.396287759594977695e-03 7.810369474562374806e-03 7.239350751538609421e-03 6.150510296694635531e-03 5.624906184443054409e-03 5.406601514553644947e-03 7.284448443226282724e-03 3.297622500172315944e-03 5.238629640698145434e-03 8.419607146653922472e-03 7.282469464892129749e-03 1.488729117335232249e-02 7.284447949130501941e-03 2.697497236478866526e-03 6.297208980545279840e-03 7.270183723578902031e-03
1.982372669562223848e-03 7.390816478589067387e-03 5.837052177107619928e-03 7.367217902852722829e-03 5.664823354265715975e-03 6.966651134729857399e-03 7.290829184289276954e-03 7.266071831380413112e-03 6.209862680713455242e-03 7.189030175517002741e-03 7.304331712474796887e-03 7.302987195912517479e-03 1.025827838314274584e-02 7.304328428717488282e-03 7.304331712474796887e-03 7.304331712474795152e-03 6.542323720009998733e-03 6.999738550495819209e-03 7.216813741602795540e-03 4.652469931921416994e-03 6.875561040567435347e-03 6.605107432536234946e-03 7.352828035947912670e-03 1.422088958481667817e-02 7.304331659688877154e-03 7.292223923327250182e-03 7.458820358219948182e-03 7.304331712474796887e-03 4.932188728090723673e-03 8.244777351959066067e-03 7.304325557960674592e-03 7.119978817086331652e-03 7.304331712474796887e-03 4.809292542636462407e-03 7.304110477943038388e-03 6.209024219758266759e-03 6.668376841009812303e-03 7.304331712474796887e-03 5.018048421850932438e-03 5.796799892021058630e-03 6.949146053443155079e-03 7.632595571064990266e-03 6.525671382342520740e-03 6.822469857676843885e-03 8.930071351793378645e-03 6.176085670323416994e-03 6.688930382734403247e-03 1.105720111894006570e-03 3.947000486977878149e-03 7.304331712474796887e-03 4.830354442003888596e-03 7.304331712422862735e-03 3.306832349898757104e-03 7.145874482884693145e-03 1.090000782204675334e-02 4.279306966879791591e-03 3.340198538343682518e-03 7.292818689810421848e-03 7.302697826238028003e-03 1.332378111522922182e-02 8.824352971360440584e-03 8.136743354897817831e-03 2.763101906786142280e-03 8.305212823397847485e-03 7.304331673351834205e-03 6.987251211230727233e-03 4.714816158832364074e-03 6.673596098431014596e-03 7.304327650033575793e-03 7.304330705828355336e-03 4.961926349498780794e-03 7.174260905425337148e-03 7.105414317063217695e-03 6.127896678577508284e-03 5.975246604647619329e-03 7.539833625162428027e-03 7.252199739077706125e-03 7.877373688525771134e-03 7.648694159981643537e-03 7.296645084782196929e-03 7.336128809175532055e-03 8.091901751551902611e-03 6.967034628709350627e-03 7.304331712474796887e-03 6.264753727710643989e-03 7.304331712474796887e-03 7.182103581566410058e-03 7.304331709098518463e-03 9.177848369275010479e-03 5.722651311568504977e-03 6.758888295067979821e-03 1.656665824852174632e-02 3.000079109614963487e-03 7.304331712474796887e-03 7.210736872331398664e-03 7.536902983545486212e-03 7.304246687801401253e-03 7.304331395772827550e-03 8.724306850595893448e-03 6.789931264636819321e-03 7.064284320625262119e-03 6.761847258499925108e-03 6.883457102979243999e-03 7.304331712474796887e-03 7.504712222271524291e-03 4.912191229048337715e-02 3.793954198273429782e-03 7.780873707215969597e-03 7.399310921212445824e-03 7.213939589898309829e-03 7.304331712474796887e-03 7.130946931730690851e-03 5.275178730812352633e-03 7.304331700432470549e-03 6.329295599687888296e-03 1.312396072638137437e-03 7.303951072154190108e-03 7.304331712474796887e-03 7.304331711545245312e-03 6.987567193711121012e-03 8.835136595339928775e-03 9.758554344337699860e-03 6.051847728865304872e-03 6.610205472574308752e-03 8.570620979852118862e-03 7.592992828831101638e-03 7.919313810671299927e-03 7.304331015738955123e-03 3.340914782460617516e-03 1.092211643112532549e-02 8.766842022971274573e-03 7.303025960776611362e-03 6.863103553587142878e-03 7.304330520353543611e-03 1.007343248895682837e-02 4.706721004716696299e-03 6.365269028821101543e-03
3.582122875161965984e-03 7.611798224075445179e-03 7.400355173435911420e-03 3.878555149152577552e-03 2.731612456450911025e-02 8.598233275630850006e-03 7.259599684211179293e-03 7.274679748042789211e-03 4.208480819875032135e-03 7.155405847818249732e-03 7.271235816908782831e-03 7.269739325915310253e-03 7.751320684720167629e-03 7.271232548569361680e-03 7.271235816908782831e-03 7.271235816908781097e-03 3.101109026365231943e-03 7.031966912813360226e-03 6.645078309502533420e-03 3.698257621843998103e-03 6.765206426986068201e-03 7.108709970440517389e-03 8.023294694679853831e-03 8.661741826080513601e-03 7.271235764361838605e-03 7.259382039115002024e-03 4.417733883907777777e-03 7.271235816908782831e-03 7.991611137797064585e-03 3.223517959798557434e-03 7.271229690291413153e-03 7.087719502691385183e-03 7.271235816908782831e-03 2.684173390045778429e-03 7.271015599925339905e-03 6.894158480617460817e-03 7.217270193750389452e-03 7.271235816908782831e-03 3.473198117326921006e-03 1.639573721141215608e-03 7.295625340742460316e-03 7.819191642912344531e-03 7.143298029485827157e-03 8.655498354486651155e-03 6.537826885050149542e-03 5.779762646467015257e-03 5.838146608698689330e-03 2.834833079870425522e-03 5.260472514868735731e-03 7.271235816908782831e-03 6.457360963492674195e-03 7.271235816857084602e-03 3.234109698387187693e-03 7.113496556344267932e-03 5.456352478749917564e-03 5.080535592351612811e-03 2.834099780151781364e-03 7.258849351049355761e-03 7.269671081633220268e-03 5.202274200869660102e-03 7.261356213339737430e-03 4.608739786620602574e-03 6.288252540509175863e-03 6.351148798114181551e-03 7.271235777963307514e-03 7.058716490278458926e-03 7.012254669321432363e-03 5.347063376200187484e-02 7.271231362918169003e-03 7.271234814823444512e-03 3.834027472367371615e-03 7.507529458196905529e-03 7.593995687127008155e-03 4.719704931623153535e-03 8.678333852387771358e-03 5.052365369461376925e-03 7.219579118303137526e-03 7.049305051590064319e-03 7.123035792236216517e-03 7.263584174512892865e-03 8.597082998718461044e-03 7.359144402845243030e-03 5.481059626784284995e-03 7.271235816908782831e-03 9.292525406991151982e-03 7.271235816908782831e-03 5.857404620154613509e-03 7.271235813547804669e-03 8.360958368036812763e-03 8.841063247771868694e-03 6.649034124867963906e-03 4.555582105764111739e-03 3.075478141739240549e-03 7.271235816908782831e-03 8.253887963617090318e-03 7.631461216599194283e-03 7.271151177481806165e-03 7.271235501645013748e-03 9.235136225487616118e-03 6.867364985299172914e-03 8.886236749815220812e-03 2.293264368755062229e-03 6.851639331144103971e-03 7.271235816908782831e-03 6.604224939106924722e-03 1.867587628294360529e-03 2.230233476236064341e-02 6.957678735110136951e-03 7.345556934315105799e-03 7.220184012474261358e-03 7.271235816908782831e-03 7.908248286989581072e-03 5.268645037190918499e-03 7.271235804921020486e-03 8.558700925968646192e-03 1.268729426242212570e-02 7.270841566552928813e-03 7.271235816908782831e-03 7.271235815983617505e-03 6.953071432713136060e-03 4.514251818495023001e-03 1.033549083709911498e-02 5.519050294903643343e-03 7.726670959180210671e-03 5.633181241069967933e-03 8.219024674641929248e-03 1.101957909414380717e-02 7.271235123350462681e-03 3.274846675053630710e-03 8.927098782131995952e-03 9.224043447297169268e-03 7.269295538403849552e-03 8.557207583883260152e-03 7.271234630181906342e-03 4.577453185215949773e-03 7.913119743230809938e-03 7.268626293668470871e-03
1.747710357520533770e-03 6.132824423873534624e-03 7.454815053682646922e-03 5.185629836947391359e-03 9.805898410375879504e-03 6.093534844084562939e-03 7.423148756782132693e-03 7.398220486696488289e-03 5.508808922932993506e-03 7.317385028572190656e-03 7.435867198480617009e-03 7.434522462048897239e-03 5.538916772709782076e-03 7.435863855718594095e-03 7.435867198480617009e-03 7.435867198480615274e-03 1.296342372681494499e-02 7.217003922724919522e-03 7.474235193900722815e-03 3.063775994674015381e-03 6.950085602136816046e-03 8.309301271340536685e-03 7.928591163757801180e-03 3.968622310693313733e-03 7.435867147058000844e-03 7.424166088961149483e-03 5.545300091285732848e-03 7.435867198480617009e-03 4.851755167201410833e-03 3.697850196261804473e-03 7.435860933137077890e-03 7.248194534739522965e-03 7.435867198480617009e-03 9.325474878688259570e-03 7.435642449874800726e-03 6.498043220333764476e-03 7.562122984980000455e-03 7.435867198480617009e-03 3.787772655876111682e-03 1.234518782386093182e-03 7.424335099040246279e-03 6.585281769485272496e-03 7.582084561568014532e-03 8.398620924164988330e-03 5.936789607883503558e-03 3.645463364841103338e-03 6.902327554328111826e-03 1.003939040406152949e-02 6.906091123639454196e-03 7.435867198480617009e-03 5.744447588163985145e-03 7.435867198427747841e-03 3.211512079334220750e-03 7.274556491046880839e-03 1.611143809204064210e-03 3.949689219055268867e-03 1.964613817005213085e-03 7.423200957347960045e-03 7.434257967312228252e-03 1.633750610261221897e-02 7.387337695388813269e-03 4.287973036877543165e-03 1.890284348362764391e-02 7.567130356162440723e-03 7.435867158644253634e-03 7.113002459426985384e-03 7.651156204703421851e-03 7.393643932929218343e-02 7.435862456884917600e-03 7.435866173706846827e-03 1.265524355928227852e-02 7.643290378753703380e-03 5.900296940326254548e-03 5.150656724110194533e-03 7.183750655394725501e-03 7.000964915016259955e-03 7.426816515829507727e-03 7.815787947010223100e-03 7.583232395928278524e-03 7.428044565576919465e-03 6.141387317484777071e-03 7.117835173467496751e-03 7.609339504479042428e-03 7.435867198480617009e-03 5.162677116961231563e-03 7.435867198480617009e-03 1.068382943893352206e-02 7.435867195043544334e-03 5.878662990086435357e-03 9.124929400924223014e-03 6.814839235425649948e-03 3.597601696581794167e-03 4.263068718969868082e-03 7.435867198480617009e-03 7.874569485171971708e-03 7.621386988501072622e-03 7.435780642693600936e-03 7.435866876128325448e-03 7.381247345851888429e-03 8.640219520300678607e-03 4.285719241524771003e-03 2.032519752035292105e-03 7.006592659444498862e-03 7.435867198480617009e-03 8.542595470844703553e-03 9.105290462658056222e-04 1.426692271736265888e-03 8.092485858821977032e-03 6.352812518168798016e-03 8.093042018963856471e-03 7.435867198480617009e-03 5.382309559903633925e-03 5.844984938185937041e-03 7.435867186221433757e-03 6.480908603822898434e-03 2.443158370043115903e-03 7.435553808140202454e-03 7.435867198480617009e-03 7.435867197534551734e-03 7.131479445857135530e-03 8.406019840674261792e-03 7.173129378604556003e-03 6.378193268763680465e-03 6.156382731290140596e-03 8.442056058950184877e-03 5.672670969382472179e-03 5.950585558827828185e-03 7.435866489198043362e-03 4.076169515025496355e-03 9.940300091168353253e-03 6.532709222074367834e-03 7.433984035492914415e-03 2.031734846774117288e-03 7.435865984884497577e-03 4.134630299226936014e-03 9.000448159745554760e-03 7.997123255910813452e-03
2.468584272995502302e-03 7.389952815174422734e-03 8.119779211884042142e-03 4.391719986885547766e-03 4.540159116989015906e-03 6.115552626971964591e-03 7.375237977371252272e-03 7.338919665232170736e-03 5.751544512599492294e-03 7.269728147982935408e-03 7.371945061076615527e-03 7.370427720411751663e-03 8.620540299986526392e-03 7.371941747376023826e-03 7.371945061076615527e-03 7.371945061076613792e-03 4.238522463207390623e-03 2.438819803702584055e-02 6.344593240299675925e-03 6.132032767632335235e-03 6.855892057119627320e-03 7.568585143707872061e-03 8.290970756904797456e-03 1.697279465182909225e-03 7.371945007804224688e-03 7.359708112230328725e-03 6.249664191558563543e-03 7.371945061076615527e-03 9.700065563773417610e-03 2.321589301977411424e-02 7.371938849592550580e-03 7.185903024904844241e-03 7.371945061076615527e-03 5.532137213726424918e-03 7.371721774491525082e-03 5.755271311467969643e-03 7.917810169694769473e-03 7.371945061076615527e-03 3.192914568188627913e-03 7.797657784612424883e-03 7.735671751043133454e-03 6.547934973692250138e-03 7.381995339788046361e-03 7.641310257833704156e-03 7.874832995486941156e-03 8.453569101220057697e-03 5.972321815474329609e-03 1.287020570907458075e-03 1.132181695941702169e-02 7.371945061076615527e-03 6.430820995400122857e-03 7.371945061024200857e-03 3.220854812908525207e-03 7.212021054740539242e-03 3.325973725372813761e-03 2.977175684622710827e-03 1.995231601740092304e-03 7.359387455889345592e-03 7.370601476075024951e-03 8.204750276730262207e-03 7.326417335232845822e-03 7.077953245542284097e-03 1.333747178458018039e-03 7.301664882250271348e-03 7.371945021586233208e-03 7.213227849787293491e-03 6.630824068412003933e-03 3.348353330655408529e-03 7.371940395075279352e-03 7.371944272078934969e-03 1.168101458325553456e-03 7.250030152591744985e-03 7.462732149359882668e-03 4.805396452936554555e-03 3.674306625939063181e-03 6.986567402341612235e-03 7.319351053090588331e-03 5.430403769882408138e-03 7.879534539757211686e-03 7.364195947576057145e-03 5.858749969577310701e-03 7.011734424434781961e-03 6.515244734752275411e-03 7.371945061076615527e-03 1.244623811979574980e-02 7.371945061076615527e-03 6.392172035398460857e-03 7.371945057669085193e-03 1.656735061560922137e-02 7.843081587405612010e-03 6.742273742339310698e-03 4.424170837358740345e-03 8.385664811164997290e-03 7.371945061076615527e-03 7.807212988209440499e-03 7.344936212637357201e-03 7.371859249402229475e-03 7.371944752251732326e-03 6.997252294417036569e-03 7.511025015455161623e-03 1.912621951703828704e-02 7.471752355548276492e-03 6.946425320468081754e-03 7.371945061076615527e-03 6.586504741723824691e-03 3.211157083999559986e-02 1.293662263583181780e-02 6.243629129126160825e-03 8.112579536756555840e-03 6.494690394440388349e-03 7.371945061076615527e-03 6.437345926328033076e-03 5.515772510905583847e-03 7.371945048922818461e-03 6.591815300683934349e-03 2.926117862857595051e-03 7.371543617598505689e-03 7.371945061076615527e-03 7.371945060138504827e-03 7.052804297504587129e-03 4.834637502911407966e-03 6.581149382044391462e-03 6.062817204351406315e-03 8.233038635655023224e-03 6.263795413034230902e-03 7.154512501920832178e-03 9.280170697470623703e-03 7.371944357891909751e-03 3.511500346148463490e-03 8.025679998547176341e-03 5.695931379117144359e-03 7.370111493566877843e-03 1.079601861442685412e-02 7.371943857922417728e-03 3.958378373942663536e-03 6.481351163549445467e-03 7.502927074749277461e-03
8.671319016187417975e-03 5.822002774655042970e-03 8.110085194742709322e-03 7.923114632021594980e-03 3.947708169596511607e-03 1.347157599970509254e-02 7.514266790562198518e-03 7.488006551179661983e-03 6.420048510836026505e-03 7.427111661716835102e-03 7.528227645864148804e-03 7.527099303612626129e-03 4.987663692691456964e-03 7.528224387441568438e-03 7.528227645864148804e-03 7.528227645864146202e-03 1.198764175324894786e-02 7.219354076772304535e-03 7.865823242987029021e-03 1.639875602248505593e-02 7.020452556134539404e-03 9.837600213370122082e-03 7.844713833924540219e-03 2.786815820208096532e-03 7.528227591460831016e-03 7.515734530758125427e-03 3.043766732429670999e-03 7.528227645864148804e-03 5.893263915619691325e-03 8.458776347387640671e-03 7.528221302870005856e-03 7.338225458751252567e-03 7.528227645864148804e-03 1.350546460701189562e-02 7.527999625384867652e-03 7.060570001303780388e-03 8.020090662420487071e-03 7.528227645864148804e-03 5.392636820714055874e-03 1.230980270137687141e-02 7.392303349563322107e-03 6.332303178437642330e-03 6.338630783141457545e-03 7.446196836591281037e-03 1.262902203433898841e-02 4.543588230960945995e-03 6.895938992459745356e-03 6.026349213453502558e-03 5.286161424054576334e-03 7.528227645864148804e-03 9.679956670079965450e-03 7.528227645810793046e-03 5.924594346109218583e-03 7.364913308092500138e-03 4.146516189957760723e-03 2.991735854178419109e-03 3.583533926963664538e-03 7.515403751885304379e-03 7.526542794201707652e-03 7.731815811984922397e-03 7.479793670678210223e-03 1.290991003734563020e-02 6.551678854603435777e-03 8.221676183240433922e-03 7.528227606311481239e-03 7.241110998235519673e-03 7.062846678348591069e-03 5.754287265675668388e-03 7.528222833572006771e-03 7.528226608361479090e-03 6.069986595454254785e-03 7.708655759818505877e-03 5.684784592918955271e-03 1.160389454591006023e-02 7.349868257176592375e-03 7.011911119551823314e-03 7.478561889780284931e-03 6.424238672777766307e-03 7.813616547567261289e-03 7.520305623384168636e-03 6.100457913092272033e-03 7.992403879225363009e-03 6.356512301384486738e-03 7.528227645864148804e-03 7.999379921942592619e-03 7.528227645864148804e-03 6.883530321196327899e-03 7.528227642384379380e-03 1.006913813488642152e-02 1.809588351138659290e-02 6.884388977244981084e-03 3.754969388610151799e-03 4.785762645779854767e-03 7.528227645864148804e-03 7.620010066880747446e-03 7.495994437714833744e-03 7.528140014973298648e-03 7.528227320324267294e-03 9.353112236242170155e-03 8.438371402737862223e-03 4.283116625186357551e-03 8.284152144973471951e-03 7.093636275445811511e-03 7.528227645864148804e-03 7.195472575104644962e-03 9.468161797024294331e-04 6.451317594272002083e-03 9.003482274837673605e-03 7.565267846164399484e-03 7.216438071966334300e-03 7.528227645864148804e-03 8.460993616142400975e-03 6.263666475405590961e-03 7.528227633452694995e-03 5.975178339141872831e-03 4.014203315435949972e-03 7.527818924618213080e-03 7.528227645864148804e-03 7.528227644907496512e-03 7.217137321219283148e-03 4.914259576246031609e-03 5.882543482008012990e-03 6.150795845985549543e-03 7.495404077198861668e-03 6.863023149861221736e-03 5.500924623007708708e-03 4.845163129352897738e-03 7.528226927781272657e-03 3.484183183758330672e-03 7.208875632572051169e-03 6.308674687406974450e-03 7.526219172492692663e-03 5.239441431285478748e-03 7.528226417194270291e-03 8.907311450910658859e-03 4.128929712042211583e-03 7.373471946132206800e-03
1.036449774177392600e-03 8.957211069087752525e-03 5.510859470197015768e-03 7.919460305984438869e-03 2.131043823267220454e-03 8.141687093482704099e-03 7.309896174097699553e-03 7.284152287702847124e-03 5.389394798768284631e-03 7.209226786679600804e-03 7.323486096804038455e-03 7.322148242998253141e-03 8.875544597319545356e-03 7.323482804454243753e-03 7.323486096804038455e-03 7.323486096804036720e-03 5.744212060908350688e-03 7.005837182378172462e-03 6.397106609337910484e-03 1.527186059714219718e-03 7.065281662761080904e-03 5.348205919568832512e-03 6.788625781748581188e-03 4.271536321193017405e-02 7.323486043880548212e-03 7.311329271891731443e-03 9.124526737495265369e-03 7.323486096804038455e-03 5.132283935842483005e-03 3.166457878211282034e-03 7.323479926150728084e-03 7.138650068519727943e-03 7.323486096804038455e-03 2.086350520683594514e-02 7.323264277697576208e-03 6.494188818875538255e-03 8.559530319870944925e-03 7.323486096804038455e-03 7.652098512420530893e-03 2.794958822480267217e-03 7.589872663247091908e-03 7.460202867210165636e-03 6.638965481952837158e-03 7.045229366699073958e-03 1.002442074511794394e-02 1.761411637756924581e-02 6.455109536476848729e-03 6.766620119886975447e-03 5.653225568337695919e-03 7.323486096804038455e-03 4.414672094386523464e-03 7.323486096751968127e-03 3.159961335574388783e-03 7.164613339716717662e-03 8.347999749685078383e-04 2.768669313418260173e-03 3.396953288381636404e-02 7.311330748051502251e-03 7.321867849440793011e-03 2.501649342992393922e-03 7.276779064803068006e-03 9.994200166280791178e-03 3.622832301850937350e-03 7.409968074168255155e-03 7.323486057569897345e-03 7.022256854388824604e-03 6.188440017125338387e-03 4.805526069197653752e-03 7.323481412944817838e-03 7.323485087517824822e-03 1.782852658623858061e-03 7.608272805081052297e-03 8.837829103775011325e-03 4.758040328407058331e-03 7.188165434428870314e-03 7.162805591470815421e-03 7.272925445375995161e-03 5.914184776716641806e-03 7.651367352043660780e-03 7.315779313381282414e-03 6.752061604670548181e-03 6.832529781857740389e-03 6.303619210224882530e-03 7.323486096804038455e-03 1.154871248827647572e-02 7.323486096804038455e-03 4.645541806650360650e-03 7.323486093418908605e-03 5.783786716241226013e-03 8.465958558576318002e-03 6.696208856147372983e-03 1.720653948944680803e-03 4.422274492441925255e-03 7.323486096804038455e-03 7.761411506721410669e-03 7.231250603511167954e-03 7.323400849607457179e-03 7.323485779274389179e-03 5.273652637143829217e-03 7.183015555798313682e-03 1.949925776748692718e-02 5.984728339973923068e-03 6.900802432592743028e-03 7.323486096804038455e-03 1.110320281947723038e-02 8.209941943067561657e-03 2.296369295269312834e-03 5.678325780611822270e-03 5.658772760323385262e-03 7.037832038370352844e-03 7.323486096804038455e-03 6.717319891631726159e-03 5.968413064367151036e-03 7.323486084730133211e-03 7.960832946404807972e-03 9.279482283451203836e-03 7.323964721924657723e-03 7.323486096804038455e-03 7.323486095908252405e-03 7.047319879727118215e-03 6.226213291032095531e-03 4.976686549041168563e-03 6.153723930358172278e-03 5.616596142984061832e-03 6.059434846746106218e-03 6.714828251825843974e-03 6.550011749905128994e-03 7.323485398241123476e-03 6.771443818241726365e-03 7.572481764684899433e-03 7.192284872631928699e-03 7.321759964935288523e-03 3.936961627374018294e-03 7.323487594700463406e-03 5.338734903521703129e-03 5.302330410404265323e-03 7.498467832590495659e-03
1.191883873162673073e-02 5.918510286683861636e-03 8.721044493197610201e-03 6.344332709971475977e-03 5.790710546250505894e-03 4.257975962509207533e-03 6.682387367202760955e-03 6.658920776416315385e-03 7.396639468078135271e-03 6.589287496137494898e-03 6.694802789222565470e-03 6.693445812309791604e-03 5.953613995732476467e-03 6.694799779514986823e-03 6.694802789222565470e-03 6.694802789222563735e-03 7.213457656502421378e-03 6.424688170611250401e-03 6.406357777722130296e-03 2.868797458360885025e-02 6.243990615914889880e-03 7.686955857532653917e-03 7.407882338546428053e-03 6.946433317049402478e-03 6.694802740936308533e-03 6.683695008649322492e-03 5.339694766246532234e-03 6.694802789222565470e-03 8.929513700776764776e-03 4.310320030664894532e-03 6.694797148287845272e-03 6.525833702810841623e-03 6.694802789222565470e-03 8.322984873573980799e-03 6.694602938574561839e-03 6.547180035030547574e-03 6.685470412396011218e-03 6.694802789222565470e-03 8.402328536232161679e-03 4.757801440363763554e-03 7.039520247347711389e-03 6.877216897855307695e-03 7.187745665492900095e-03 7.034401518387629719e-03 5.715188725307507149e-03 7.545682445800681697e-03 8.569712185626189929e-03 7.897280233982725134e-03 8.192607387287016013e-03 6.694802789222565470e-03 9.878691835044722813e-03 6.694802789174964658e-03 2.914599262671440077e-03 6.549568434542239401e-03 5.372775662995466026e-04 8.769731611763914927e-03 4.976307327144531209e-03 6.683428585686598984e-03 6.693336704689146696e-03 7.495041903361676291e-03 6.827674921925302315e-03 5.870040644450355907e-03 3.841236167887619214e-03 6.357492528433021477e-03 6.694802753356549584e-03 6.408039821197523099e-03 9.079254093004087214e-03 7.318485284117596211e-03 6.694798502692804985e-03 6.694801866578339693e-03 3.312759633638025052e-03 5.989643457917983270e-03 6.327252513458189384e-03 1.038401376608792670e-02 9.591574027173399228e-03 7.726728356562640940e-03 6.647015416889353809e-03 8.588566829897626917e-03 6.069256065816070779e-03 6.687757604988146289e-03 7.483048081937178353e-03 6.463522695270200978e-03 7.877326030831017026e-03 6.694802789222565470e-03 1.032319513458136891e-02 6.694802789222565470e-03 4.414993772420813811e-03 6.694802786128035629e-03 7.596287475425796132e-03 7.246302420062736803e-03 6.121651147474922554e-03 1.448978847151375336e-02 1.240966614619583297e-02 6.694802789222565470e-03 6.778352554014010524e-03 6.657415331981291276e-03 6.694724859653826410e-03 6.694802499065859516e-03 7.239654040478401761e-03 7.480475522466388180e-03 4.904071869390969063e-02 5.464123738674422394e-03 6.308310039085068648e-03 6.694802789222565470e-03 6.381343965567012021e-03 8.057034945771903529e-04 2.542125924499948064e-03 6.711611779409668022e-03 8.340941657753104740e-03 6.596347132886860171e-03 6.694802789222565470e-03 5.810112657138329084e-03 5.395828309924819398e-03 6.694802778185141891e-03 6.570475974578099745e-03 6.213209510308342377e-03 6.694588509742040693e-03 6.694802789222565470e-03 6.694802788440630190e-03 6.515277761196890116e-03 1.142754149445223549e-02 6.192545787643284616e-03 8.210650099132249177e-03 9.602243249616958937e-03 5.932705509844546712e-03 6.466939648236704440e-03 5.261637833453803800e-03 6.694802151877413121e-03 3.525435915208913369e-03 6.173632058321331349e-03 5.271969840416096571e-03 6.693620534371439411e-03 4.265597145378918417e-03 6.694801696574395611e-03 9.915498444555748137e-03 1.050078341010340574e-02 7.100216574338690662e-03
1.675661574894879696e-03 8.203075943536955808e-03 1.005103483265602088e-02 1.285763341207908986e-02 1.952625648612542689e-02 3.099296351237732991e-03 7.634474321006858716e-03 7.512033357414924471e-03 7.774745932059340739e-03 7.432109370088337691e-03 7.549667013419792544e-03 7.548207353694770007e-03 8.668209090035261868e-03 7.549663619368872022e-03 7.549667013419792544e-03 7.549667013419790809e-03 1.018484266241706689e-02 7.213343391371394159e-03 6.482592718150139745e-03 1.752721541040300895e-02 7.061126606391773634e-03 9.868483123016554351e-03 7.330944723310382771e-03 5.348179905859112328e-03 7.549666958860660158e-03 7.537134902210972619e-03 3.671607235056234368e-03 7.549667013419792544e-03 1.101993881514786756e-02 4.193739928761229530e-03 7.549660652190027382e-03 7.359122136414731133e-03 7.549667013419792544e-03 4.831528421345270170e-03 7.549438343573247438e-03 6.207478994897415100e-03 7.781366799642572274e-03 7.549667013419792544e-03 8.536413139396610214e-03 3.376430770636975817e-03 7.784615851380463462e-03 8.034231072159571038e-03 6.953601564104117810e-03 6.535093800363045435e-03 6.644522120197116945e-03 8.978189609140733649e-03 7.072858309643824046e-03 2.332532308967601945e-03 7.531050933407354951e-03 7.549667013419792544e-03 9.394226638400988635e-03 7.549667013366114995e-03 3.269874483352312039e-03 7.385887578645330270e-03 1.175278032577826287e-02 3.822920230673977366e-03 1.756657309106800062e-03 7.536823708091291985e-03 7.548167467440211262e-03 3.053189086670547465e-03 7.520676893311431348e-03 1.043420646820784718e-02 6.198607414994086046e-03 7.232567628811076635e-03 7.549666973025250666e-03 7.360232548385602092e-03 9.499586125082172886e-03 5.337190570992985002e-03 7.549662197580422028e-03 7.549665972990849024e-03 1.042451221759814819e-02 7.524210649478840426e-03 8.059011086634322585e-03 9.548898841775710009e-03 6.001464290653713528e-03 7.343859469578601154e-03 7.495833539102704675e-03 9.800914753727888243e-03 7.391828515723362913e-03 7.541722209302500514e-03 7.403343686701645797e-03 6.989308779311150834e-03 7.510749504999814259e-03 7.549667013419792544e-03 5.032104990718508017e-03 7.549667013419792544e-03 6.448144943336986054e-03 7.549667009930113512e-03 9.864970535957641798e-03 2.962425328275127001e-03 7.535874968864441498e-03 3.954063250581055754e-03 8.145927021909912108e-03 7.549667013419792544e-03 7.336772337866856106e-03 7.668478273925402600e-03 7.549579133034346398e-03 7.549666686658023859e-03 8.092930242935269039e-03 8.075519573759078196e-03 2.477094061133608589e-03 2.406622320904308089e-03 7.114922145910622213e-03 7.549667013419792544e-03 7.611860380562077318e-03 9.108293921488108636e-04 1.935033815385831619e-03 7.285790315656260133e-03 1.002761660201921187e-02 6.508105565076000021e-03 7.549667013419792544e-03 6.116138865519976132e-03 6.760706492912359374e-03 7.549667000972992877e-03 8.320923241575519172e-03 5.175329781774484772e-03 7.549432924011180955e-03 7.549667013419792544e-03 7.549667012459046304e-03 7.219899598297449018e-03 7.033499734311918043e-03 9.505086827533877625e-03 7.716993037605087563e-03 9.865773713004833551e-03 7.450421376134522440e-03 8.231158331086682947e-03 5.422434702682162738e-03 7.549666293282247462e-03 3.804491009014966413e-03 5.332487323470133829e-03 7.786227186981323385e-03 7.547643520904588274e-03 1.506982792266858481e-02 7.549665781250586467e-03 5.524547207926469757e-03 7.855334426234006698e-03 6.406039585266611741e-03
1.241735914040627449e-02 8.428792277140498973e-03 7.055966352237460007e-03 3.704412908245065771e-03 2.511762271314589567e-03 6.853233199851743035e-03 7.803737049951816815e-03 7.778063966755136005e-03 9.168408869134709802e-03 7.693705078406640890e-03 7.818244386881232147e-03 7.816748241883808221e-03 5.223022643174013956e-03 7.818240872087798415e-03 7.818244386881232147e-03 7.818244386881230412e-03 4.035240549587911472e-03 7.472382858673902450e-03 8.357554303671327345e-03 2.937839047591809648e-03 7.298808385734576604e-03 9.575561965253049160e-03 7.261072448849275815e-03 3.225420522087037774e-03 7.818244347227758934e-03 7.805293306386797483e-03 3.989341008226550932e-03 7.818244386881232147e-03 5.753472880749667569e-03 4.395338801766980434e-03 7.818237799352442327e-03 7.620920969894027716e-03 7.818244386881232147e-03 1.205288146899174268e-02 7.818007582162085981e-03 8.431507230725401869e-03 8.149269209172849832e-03 7.818244386881232147e-03 3.164587118449262507e-03 3.455534384964045573e-03 7.463249610640829493e-03 7.773294448510359098e-03 7.957786851706640657e-03 6.649184256001043972e-03 5.126281071726847445e-03 5.560544109658911889e-03 6.724220745981897285e-03 1.537914590482777292e-03 8.963262304028284805e-03 7.818244386881232147e-03 8.016404748245090431e-03 7.818244386825648137e-03 3.495149193412960473e-03 7.648638542764405607e-03 1.013719288177485946e-02 5.044215129018725721e-03 2.899408668018502080e-03 7.805258068984331082e-03 7.816527885029693826e-03 8.155360518081388940e-03 7.885001201902101797e-03 3.679934889905170110e-03 2.049825298128929441e-02 7.637894907933971168e-03 7.818244344998325282e-03 7.479363198119492323e-03 1.266456723643577705e-02 1.717168143320309953e-02 7.818239410013420182e-03 7.818243309409911648e-03 3.950872011686066415e-03 8.506209246753295566e-03 8.155672451791410801e-03 5.078168843025089065e-03 8.686266937113046663e-03 6.528178728138019429e-03 7.762568888282717419e-03 5.411649329598377384e-03 7.815847248257193347e-03 7.810016954142619434e-03 7.749353821112022617e-03 7.230573095341761083e-03 7.785072184315365573e-03 7.818244386881232147e-03 9.314297104478026085e-03 7.818244386881232147e-03 5.610729497801956837e-03 7.818244383267444059e-03 6.707461239217490934e-03 1.308029605702605049e-02 7.152057038256807303e-03 3.190720797860422016e-03 3.799960123423492576e-03 7.818244386881232147e-03 7.991403101925059760e-03 7.878227792594630352e-03 7.818153380108772144e-03 7.818244047889631732e-03 7.024533190345544353e-03 7.986913783234359313e-03 1.138114622426557310e-03 5.000985260854214423e-03 7.805920815896340986e-03 7.818244386881232147e-03 7.003508775028356032e-03 1.413674965065812601e-03 1.965177955127990397e-03 7.542181180484451401e-03 6.712253448509417596e-03 7.927376502409884396e-03 7.818244386881232147e-03 7.270241326746647303e-03 6.292504988836230759e-03 7.818244373991639976e-03 8.470560433037468973e-03 8.593800348402935371e-03 7.817831439873454413e-03 7.818244386881232147e-03 7.818244385886428949e-03 7.506775777386301418e-03 5.411008891080092663e-03 3.448523082914731284e-03 1.129728098850803220e-02 5.903594328314172579e-03 7.645450034305379533e-03 7.631903964147018944e-03 6.676955379082461645e-03 7.818243641452555029e-03 2.532555302002682460e-02 8.034033404877625670e-03 6.581148786840847024e-03 7.816442304082071857e-03 6.695976358679990408e-03 7.818243110877937802e-03 3.717274185212900151e-03 5.563778345311575467e-03 7.444795283667144173e-03
1.390753155470213307e-03 7.500281384761828436e-03 7.160156778013175571e-03 1.156059813479502242e-02 1.304923888801210602e-02 5.109422501218677422e-03 7.532202065723555065e-03 7.505566727397891894e-03 6.851443511979140970e-03 7.425975952788833531e-03 7.546159512854844729e-03 7.544684904678787898e-03 8.412123719879196701e-03 7.546156120380701111e-03 7.546159512854844729e-03 7.546159512854842995e-03 6.391175972211758823e-03 7.209164636053887187e-03 7.315765050174566006e-03 5.251524174801140178e-03 7.021603994260914444e-03 8.509849252437860431e-03 7.224547467964329180e-03 5.832091559982533618e-03 7.546159458321016755e-03 7.533634366268616121e-03 6.066344717949394803e-03 7.546159512854844729e-03 4.974396208649397959e-03 4.465038091774954122e-03 7.546153209146817809e-03 7.355710972066505093e-03 7.546159512854844729e-03 6.551848950793929573e-03 7.545930949242191967e-03 6.668278282575960600e-03 7.653119675038933499e-03 7.546159512854844729e-03 5.848725991813458550e-03 1.585805275829841416e-03 7.827948278053501602e-03 6.297176595463123069e-03 7.472444105863085620e-03 6.912201160181949931e-03 6.349047828459878848e-03 5.239925356451572563e-03 6.210100721753894146e-03 2.247727335003448304e-03 8.764321345298893909e-03 7.546159512854844729e-03 4.683135279309352285e-03 7.546159512801191467e-03 3.393141301400971581e-03 7.382460435592526002e-03 1.143647100887962721e-03 6.745291167435137070e-02 1.749939303025470436e-03 7.533304782960784964e-03 7.544639446982602526e-03 3.351051705868434739e-03 7.501757352710394268e-03 1.362926906308920168e-02 9.731886809033909666e-03 7.002023286266441555e-03 7.546159472427768113e-03 7.218461409505929835e-03 7.260564141455949985e-03 3.624192007228955754e-03 7.546154804442909217e-03 7.546158472880894891e-03 2.752605148329260749e-03 7.962790115739632260e-03 7.851979113446483360e-03 4.939687886112791547e-03 5.074463268650564012e-03 6.510545284217048728e-03 7.492292612756149862e-03 5.933315769423605328e-03 7.922237524809113210e-03 7.538218399913879098e-03 5.804722592870681375e-03 6.599125962788552832e-03 6.796479092293969577e-03 7.546159512854844729e-03 4.788669626687275596e-03 7.546159512854844729e-03 4.630402732062076365e-03 7.546159509366788531e-03 9.292810267880168007e-03 9.807235334224189208e-03 6.909832239924167639e-03 7.335771534082317046e-03 3.350262442239014624e-03 7.546159512854844729e-03 7.097057010541990389e-03 7.904678260576112822e-03 7.546071674978517205e-03 7.546159212807741247e-03 7.411262166847690236e-03 7.367993878369077758e-03 2.057839434624829291e-03 3.662478601989295479e-03 7.110700452633110860e-03 7.546159512854844729e-03 6.870585778585488849e-03 9.961530193247716131e-03 1.789120856088891130e-03 7.088493740553454894e-03 7.166233803683979761e-03 7.872742443091301778e-03 7.546159512854844729e-03 9.140197540408640658e-03 5.711875450084900711e-03 7.546159500413827763e-03 7.954264578842521610e-03 1.212000833970805144e-02 7.545843987635625187e-03 7.546159512854844729e-03 7.546159511894509619e-03 8.675509890374353758e-03 4.777361115828072761e-03 7.754377439320489507e-03 7.324022647062022363e-03 6.667617608483561095e-03 6.625116124605088738e-03 6.980741227344924513e-03 9.658832735412304846e-03 7.546158793051855815e-03 3.520449127512496369e-03 9.491681903581305341e-03 7.705902271557518377e-03 7.544229238534745294e-03 2.944299627143316059e-03 7.546158281258092196e-03 6.013665039684117607e-03 7.586513531270747471e-03 8.286844664227580731e-03
2.664774670673013615e-03 8.262690554927660733e-03 4.731281711653699019e-03 1.049078427879825831e-02 5.367060966900218414e-04 5.402745603726691499e-03 6.555525206279416706e-03 6.536140430376529732e-03 7.996388572044255821e-03 6.475856412733006079e-03 6.567711469861203279e-03 6.566359965546011979e-03 8.319666848609864537e-03 6.567708517287554164e-03 6.567711469861203279e-03 6.567711469861201544e-03 5.595482079176056917e-03 6.329940425128641537e-03 7.856665986407936758e-03 6.593232027807956978e-04 6.536657991041501872e-03 7.144854375180767492e-03 5.989332183290272706e-03 1.770320091292407888e-02 6.567711546200659736e-03 6.556999773575937669e-03 3.542301913245857279e-03 6.567711469861203279e-03 5.799243686163911213e-03 1.132322734823870171e-02 6.567705936011615508e-03 6.401950071479408332e-03 6.567711469861203279e-03 6.158172929616866943e-03 6.567512542214089775e-03 1.129844572074608852e-02 5.491048935863647104e-03 6.567711469861203279e-03 2.657045870580124723e-03 1.570311340622150900e-02 5.167522936634517255e-03 1.141067580771508612e-02 8.184083075112648722e-03 7.835572820237982419e-03 9.935644371006512390e-03 5.200641269278723222e-03 1.143367732325480460e-02 1.978555625196836473e-03 7.503332809912241150e-03 6.567711469861203279e-03 1.296795272664867660e-02 6.567711469814507125e-03 2.841505025570947949e-03 6.425234183063837680e-03 1.882368608136038854e-03 2.437444367149324380e-03 1.523611169536686141e-03 6.556548280623436531e-03 6.572773402757055641e-03 4.321623891792338024e-03 6.535144199341570703e-03 1.407610056303307440e-02 7.147014925591879328e-03 7.100478313982681346e-03 6.567711438974055405e-03 6.285375459613911329e-03 5.985061356859630241e-03 4.818264066126508836e-03 6.567707314452057160e-03 6.567710564736878830e-03 2.139243483228748383e-02 5.370437963999046861e-03 7.716309939511773255e-03 4.295500394322067025e-03 1.716059790190584827e-02 1.188111242819941092e-02 6.520829631455282716e-03 5.990944836360661066e-03 5.866579625150413445e-03 8.259019377387004715e-03 1.236147558324539493e-02 7.784332155214149403e-03 1.069637218324730882e-02 6.567711469861203279e-03 1.310759244432344213e-02 6.567711469861203279e-03 5.482015411476801221e-03 6.567711466829224097e-03 1.256317403281682725e-02 2.503827959878579534e-03 6.878553026253874866e-03 6.038042672704367446e-03 9.316636036845019758e-03 6.567711469861203279e-03 6.245070161555127917e-03 5.357554362942820378e-03 6.567635019674940983e-03 6.567740394659973835e-03 5.778543559161756528e-03 7.585113082909798916e-03 5.184458424987062330e-03 1.324404958560367572e-02 6.194646919539379369e-03 6.567711469861203279e-03 6.442181209624787963e-03 8.900472379027429002e-04 4.997314403741476112e-03 7.589576830892576752e-03 4.458087339441205513e-03 6.592472969561598804e-03 6.567711469861203279e-03 8.883275610183689538e-03 5.761616615328921283e-03 6.567711459033310009e-03 9.044098310252192408e-03 4.904257912960590347e-03 6.567362203232766753e-03 6.567711469861203279e-03 6.567711469029200409e-03 6.330769435542922020e-03 1.960880035325435547e-02 1.112576708101232700e-02 1.059866094199232375e-02 5.947233686815179936e-03 9.965146648885616493e-03 1.404639595956671920e-02 1.060522746287218335e-02 6.567710843389179716e-03 3.420262474098851625e-03 7.937513674119789711e-03 9.388180626335337203e-03 6.566068941240977078e-03 9.579733396775664406e-03 6.567710397955529682e-03 1.108583108993840827e-02 2.798732575624559692e-03 6.782367245161809340e-03
2.703972902008211845e-03 6.251103342891496488e-03 9.508882687330088429e-03 6.368777943442390128e-03 5.535155895861479554e-03 4.515462229364487941e-03 7.303380905202196995e-03 7.277657334082060503e-03 9.023645420135782344e-03 7.200354158656344095e-03 7.316892878425801904e-03 7.315389021348071147e-03 6.153979907112380396e-03 7.316889589023006617e-03 7.316892878425801904e-03 7.316892878425800169e-03 4.763843120447329438e-03 6.989864825495094303e-03 6.804794968299390616e-03 6.592158795360052864e-03 6.948635769913742884e-03 5.767611075654471148e-03 8.009426858573139713e-03 4.096787077457030544e-03 7.316892825555220727e-03 7.304746958383045649e-03 8.501737064894968401e-03 7.316892878425801904e-03 1.098643741118094166e-02 3.601930160670115382e-03 7.316886713327833310e-03 7.132222952174384172e-03 7.316892878425801904e-03 3.586865901491968593e-03 7.316671259010436648e-03 8.285204552922429203e-03 7.198214583414986982e-03 7.316892878425801904e-03 9.348951702312919068e-03 1.856899986103665917e-03 7.295993018531097413e-03 5.787244532006899020e-03 7.518161409515793439e-03 6.737912031404945032e-03 5.659770458281948580e-03 3.854381331004075317e-03 6.786906674568020902e-03 5.995321313525329467e-03 7.385370266066298810e-03 7.316892878425801904e-03 6.880463013247440328e-03 7.316892878373778414e-03 3.411988939936262417e-03 7.158163151962292949e-03 5.138981798082159318e-03 2.634701515539889568e-03 2.128811736303920597e-03 7.304428651452802256e-03 7.315273341259082365e-03 8.268372927513716400e-03 7.269908131397571915e-03 7.842328815135930081e-03 4.129518586160165969e-03 7.034811176016854926e-03 7.316892839232708688e-03 7.009293985264876403e-03 9.459470153227135178e-03 9.485011385663199082e-03 7.316888236751291873e-03 7.316891870048232958e-03 1.726658780832226840e-03 7.388012711254721143e-03 5.895389463043943477e-03 8.795289375092418815e-02 3.565496221910226769e-03 9.312619297287664383e-03 7.264662585894454336e-03 7.932602032561469549e-03 7.540553908431322540e-03 7.309193031916141892e-03 5.641315607831735510e-03 6.531262951561425494e-03 8.062592557240629010e-03 7.316892878425801904e-03 8.364267993929952114e-03 7.316892878425801904e-03 6.990857495431974586e-03 7.316892875129653827e-03 3.271704062928476944e-03 6.593756883473296353e-03 6.894251465524258576e-03 9.470663163236853546e-03 6.945453464599410896e-03 7.316892878425801904e-03 7.484694297429029392e-03 7.601038623104204583e-03 7.316807733730439078e-03 7.316892561341239304e-03 5.686668536484441698e-03 7.288531628062215086e-03 3.551536582587081544e-03 7.905310337051496550e-03 6.894486237988361674e-03 7.316892878425801904e-03 6.564240309838303283e-03 1.694030392926800486e-03 2.336225877582207011e-02 6.850116298073763432e-03 9.364979831548717742e-03 7.357725744187084208e-03 7.316892878425801904e-03 5.841032563466378065e-03 5.433881862798969203e-03 7.316892866362766437e-03 6.297101100114698910e-03 1.926600794897707219e-03 7.316491643517871422e-03 7.316892878425801904e-03 7.316892877500869898e-03 7.220472893066110127e-03 4.220269145364671272e-03 4.650397641135495079e-03 7.389264082340541058e-03 1.089310557195072651e-02 7.614638171135505902e-03 5.888901624292135553e-03 4.813786872505179670e-03 7.316892180491811788e-03 3.316899564841906210e-03 6.187182591029607472e-03 6.000667581805362895e-03 7.314899109237280386e-03 4.429998968971634796e-03 7.316891684256384039e-03 3.313171689527016819e-03 5.641410955479146672e-03 6.730640282680669211e-03
2.249318282679489689e-02 7.520905224680332971e-03 7.748414133478109984e-03 6.079807104826869847e-03 5.488304868874692086e-03 5.073465821746073190e-03 8.209394385168239383e-03 8.180498119956960620e-03 6.670848935161944465e-03 8.094107447425859941e-03 8.224606338801466673e-03 8.222913881218849724e-03 6.511355853328277751e-03 8.224602641322735497e-03 8.224606338801466673e-03 8.224606338801464939e-03 3.199355919213242930e-03 7.866395915876882999e-03 6.491406560651055008e-03 1.267813569983732708e-02 7.716055222149752028e-03 7.099416579263569289e-03 9.299143693409782016e-03 8.399628268143392168e-03 8.224606279365016120e-03 8.210953588838845740e-03 7.892702023633874076e-03 8.224606338801466673e-03 7.377574675028754705e-03 3.992696032439363267e-03 8.224599408878523893e-03 8.017096803632129190e-03 8.224606338801466673e-03 6.233909507618915803e-03 8.224357225893428811e-03 6.503097910492627691e-03 8.554381438557407194e-03 8.224606338801466673e-03 4.731076844500215275e-03 1.371374612647528052e-03 9.020554722872019260e-03 6.887597712199668674e-03 9.289340470612824849e-03 8.901817759170184419e-03 5.328516263694758025e-03 1.884015915988207545e-03 6.477676235797995632e-03 8.042471691135042247e-03 6.044731297035516211e-03 8.224606338801466673e-03 6.590461899794359396e-03 8.224606338742989145e-03 3.558176159800406982e-03 8.046185042204280838e-03 1.994789599935182112e-03 3.935972089229237969e-03 8.801254386645760222e-03 8.210595827297861513e-03 8.222765757472317444e-03 5.129135624964356252e-03 8.176525214568488437e-03 1.287503933767659807e-02 1.862550266861845698e-03 8.024791872524455333e-03 8.224606294761993217e-03 7.867933556893195318e-03 7.487364544276384204e-03 3.803735745945159737e-03 8.224601070052064630e-03 8.224605205327369106e-03 3.017067676125134192e-03 8.491973030780855178e-03 8.555545209490676012e-03 5.337253582793127261e-03 9.739706331291697952e-03 5.984517083366989489e-03 8.165896908351370428e-03 6.907312072165351473e-03 8.503088556032869713e-03 8.215951270157860475e-03 5.924586704257548027e-03 7.748790802207534099e-03 6.798552087723378282e-03 8.224606338801466673e-03 4.866877876677158307e-03 8.224606338801466673e-03 7.732682493694550789e-03 8.224606334999811502e-03 5.096425926495992687e-03 1.015091444700511568e-02 7.522498437550258037e-03 1.196230015071865580e-03 4.865616826276612794e-03 8.224606338801466673e-03 9.170989272854162058e-03 8.622673450301305761e-03 8.224510601875369836e-03 8.224605982189034381e-03 6.361832541334776908e-03 8.129993294177078819e-03 1.363527176188102444e-02 9.013555445315273723e-03 7.877381782623460102e-03 8.224606338801466673e-03 7.405950954302334757e-03 1.357192554980929389e-03 1.695246381030310898e-03 6.937610050627087896e-03 7.943849988337530962e-03 7.705387168383280583e-03 8.224606338801466673e-03 8.431479944617539107e-03 5.722183232049570141e-03 8.224606325241924296e-03 7.703215382725836502e-03 1.071093222282179860e-02 8.224178509208547247e-03 8.224606338801466673e-03 8.224606337754895857e-03 7.908648362339638221e-03 2.983624754152541022e-03 5.939520758181176911e-03 7.882231267051930876e-03 7.486579670025076370e-03 7.207462191366033680e-03 6.626401710447901543e-03 7.964027362368977098e-03 8.224605580986086781e-03 5.385780434153216584e-03 7.073800040969392688e-03 7.643715431453253044e-03 8.222454044770968751e-03 4.053741706608250672e-03 8.224604996476481134e-03 5.962384663220617574e-03 4.260890193632871706e-03 9.248114212691591757e-03
1.019063300338552205e-02 7.973735290006687959e-03 7.700446097310599362e-03 7.896963463745999834e-03 2.038544647429882742e-02 4.006467595849938501e-03 7.964843594616318953e-03 7.710150840326267588e-03 6.951406839368803013e-03 7.627773787336891882e-03 7.751216253536585832e-03 7.749620897974168580e-03 9.846672963522344266e-03 7.751212768876969417e-03 7.751216253536585832e-03 7.751216253536584097e-03 1.132798986623200638e-02 7.422223218551262519e-03 6.453220862126471738e-03 3.582606945639136339e-03 7.215314090643012643e-03 8.661415413291797052e-03 8.928631940180132773e-03 8.156111715517486149e-03 7.751216197544827727e-03 7.738349325717574709e-03 3.097351778620521714e-03 7.751216253536585832e-03 9.580673039447439726e-03 8.188138780928862562e-03 7.751209722484627036e-03 7.555584723640720000e-03 7.751216253536585832e-03 2.317012019412766424e-02 7.750981479014600224e-03 5.780439684107650800e-03 7.945464154483699443e-03 7.751216253536585832e-03 3.887022698651591401e-03 7.641474325342504335e-03 8.528812678123663324e-03 5.897502348494718973e-03 8.172320219929500237e-03 9.188706027659620731e-03 4.904913163548562174e-03 5.888655780248127844e-03 6.023486026117171564e-03 8.420831644390489035e-03 5.687726455793347229e-03 7.751216253536585832e-03 3.787180618181713952e-03 7.751216253481474534e-03 3.429690607468793579e-03 7.583064490743047364e-03 9.380867187151848904e-03 5.520435347625676260e-03 1.807462037403110037e-03 7.738012176833434022e-03 7.758504912559603672e-03 8.027412529865208396e-03 7.704592432958613964e-03 5.149081680542746953e-03 1.565896951927985220e-03 6.970913740637869199e-03 7.751219976625862811e-03 7.414612281596009644e-03 8.037852189906543460e-03 3.961442164153318457e-03 7.751211292703692919e-03 7.751215186066099695e-03 1.249562981786451902e-03 8.071464037498296551e-03 8.870889151950838922e-03 5.112181278764975877e-03 1.382878268862296721e-02 5.271195976722251042e-03 7.695889223116788094e-03 5.739023582581812000e-03 7.467450777754199194e-03 7.743059385785568474e-03 5.308085883400544269e-03 6.752839305959322178e-03 7.102651061205824887e-03 7.751216253536585832e-03 6.813472267484817387e-03 7.751216253536585832e-03 6.164680670523389056e-03 7.751216258563874313e-03 4.545616113558767143e-03 6.480319331487607339e-03 7.107668884715373156e-03 6.700966791330617393e-03 1.904101542538169179e-03 7.751216253536585832e-03 8.734266658081638740e-03 7.973061526901994295e-03 7.751126026989326248e-03 7.751215917452440943e-03 1.044443356192003604e-02 7.791211016098166346e-03 7.474129109719546311e-03 3.051131627392209694e-03 7.303842192180526327e-03 7.751216253536585832e-03 7.053409450084203482e-03 1.052345769796426446e-02 5.162028628040177952e-03 5.855885108952812827e-03 8.068673259340596038e-03 8.271751554450118560e-03 7.751216253536585832e-03 1.000791955491357917e-02 5.610851867756107454e-03 7.751216240757500750e-03 7.423793124308720147e-03 3.842195891036003300e-03 7.750804645759265532e-03 7.751216253536585832e-03 7.751216252564700933e-03 7.466609872292242697e-03 5.119450770837122647e-03 6.456797443124426272e-03 7.799027174234242528e-03 7.368625851669866750e-03 8.822673445273269272e-03 6.623918480799587116e-03 6.372150855791494130e-03 7.751215514173918388e-03 5.323376274176886379e-03 7.618309424718676219e-03 7.876611318641505918e-03 7.749123822096075365e-03 3.685334225144719020e-03 7.751235946088242020e-03 7.920484787026099011e-03 5.386528874284016513e-03 8.218224339984798663e-03
7.305603139683110488e-03 6.229234617750498484e-03 7.008451650375732180e-03 3.927742618338724533e-03 9.328276399865975330e-03 5.340931235974868269e-03 6.434842309683071367e-03 6.412119595446320701e-03 4.641727384148281767e-03 6.345942541964835239e-03 6.446793784155265168e-03 6.445473010741916212e-03 5.977797316036246623e-03 6.446790885915768682e-03 6.446793784155265168e-03 6.446793784155263433e-03 4.597118359055764152e-03 6.162845844122469101e-03 5.856921730646219050e-03 1.258164937374151200e-02 6.006310343034374291e-03 5.769152813162467530e-03 7.402857252801633460e-03 5.106764640690541167e-03 6.446793737785694658e-03 6.436095206480703379e-03 2.610357216645582332e-03 6.446793784155265168e-03 4.865972905374322047e-03 4.521834647384388034e-03 6.446788352191706525e-03 6.284084153746195139e-03 6.446793784155265168e-03 1.939536605740821602e-03 6.446598518940659973e-03 6.312517674112346801e-03 6.080114586588246904e-03 6.446793784155265168e-03 4.510283200910499522e-03 8.085883553435284019e-03 6.735537766720888810e-03 6.872918536276451627e-03 6.976484104362902679e-03 8.062954120871792391e-03 6.025884749516200421e-03 4.664504932410579174e-03 6.611087746932470602e-03 5.893948668870127236e-03 4.117900297272125178e-03 6.446793784155265168e-03 5.893541504284561562e-03 6.446793784109427702e-03 3.370546191358339636e-03 6.306939636983730640e-03 3.682643857242279099e-03 1.696148150710680425e-01 1.601107477208365756e-03 6.435811770638354828e-03 6.445442668577861488e-03 7.614790313336909991e-03 6.412748383426140029e-03 1.066588126478921691e-02 4.755171308760214322e-03 6.484587859547879911e-03 6.446793749659053725e-03 7.521996398924210049e-03 5.377854506889679156e-03 6.645907313201088705e-03 6.446789667581798514e-03 6.446792895690399254e-03 8.516291785214351708e-04 6.145530008648086330e-03 7.044810938505834119e-03 4.182843858558930872e-03 6.274537317409546733e-03 5.502786081435788630e-03 6.400986162718195691e-03 5.629094291699907569e-03 6.384035776756982229e-03 6.440010985631823906e-03 5.821045015745219750e-03 6.565946183101046066e-03 6.216318640899458695e-03 6.446793784155265168e-03 8.523856676422830736e-03 6.446793784155265168e-03 6.723286747137544733e-03 6.446793781175366722e-03 5.718202386560644959e-03 6.703156033806111601e-03 6.163530596734316871e-03 8.850904748746909675e-03 1.238071034063735650e-02 6.446793784155265168e-03 6.986322221160047412e-03 6.442107241088917795e-03 6.446718741488234247e-03 6.446793505060870871e-03 7.212445996784403769e-03 7.239097576610841432e-03 2.885238169328336981e-03 5.071660173060137805e-03 6.074618249605106060e-03 6.446793784155265168e-03 5.841749031701090784e-03 3.124380896552894377e-03 1.424180741066215922e-03 5.115852698399056195e-03 6.075386050060436159e-03 5.947863546134200645e-03 6.446793784155265168e-03 7.333433459181354711e-03 4.601119813778572175e-03 6.446793773526722851e-03 7.239577679576327147e-03 3.726321667249194152e-03 6.446440897460791776e-03 6.446793784155265168e-03 6.446793783334853721e-03 6.182570268265361393e-03 5.320444805358319658e-03 6.204965321323687062e-03 8.004861280488283909e-03 5.820580682338490075e-03 5.824237929897011293e-03 4.826162155651026950e-03 4.795162627070561658e-03 6.446793169228380582e-03 2.926840339069991265e-03 7.303156765205928887e-03 4.849788242509543539e-03 6.445093549696673425e-03 3.325464669943209179e-03 6.446792731984252525e-03 1.147090782721914802e-02 6.000449018750656990e-03 7.558907789891205521e-03
2.127309639837154584e-03 8.768914300698467043e-03 8.465286494043848184e-03 7.017901859005784906e-03 2.848515788816542282e-03 4.283569983818583116e-03 7.843517119509105240e-03 7.821588479277113634e-03 6.838598581871028342e-03 7.733652633592038791e-03 7.857755300522507175e-03 7.856142684820452068e-03 1.041462899615598799e-02 7.857751768026411190e-03 7.857755300522507175e-03 7.857755300522505440e-03 1.008600668215994291e-02 7.514149211723503662e-03 8.224816841572847245e-03 5.359902397896402614e-04 7.427136850491407316e-03 7.854451070555981337e-03 8.113576724403728790e-03 9.948629372112171437e-03 7.857755245461747404e-03 7.844711562154419240e-03 7.502123648268903267e-03 7.857755300522507175e-03 4.958807179262042682e-03 5.630700995089226932e-03 7.857748679702434430e-03 7.659627202204718696e-03 7.857755300522507175e-03 1.638296526448433264e-03 7.857517299104209776e-03 8.684360333845633773e-03 7.691356651444458160e-03 7.857755300522507175e-03 3.401472493709434015e-03 5.396845953738730294e-03 7.890462106080945240e-03 9.304301098892277244e-03 8.127797378555193242e-03 7.911931492296997090e-03 6.529070692432945716e-03 5.780569285616753497e-03 7.077439054970222423e-03 5.358648478631441048e-04 1.089001527115426166e-02 7.857755300522507175e-03 5.465378359252199073e-03 7.857755300466638670e-03 3.575120848504142589e-03 7.687292322979497397e-03 6.187888950757614893e-03 2.555429810109686919e-03 1.822128982649576191e-03 7.844576060655448352e-03 7.856123939477859669e-03 4.709682440966965825e-03 7.806980449502976330e-03 4.345449238457888344e-03 3.980059897021769565e-03 7.910507742782334553e-03 7.857755258427297912e-03 7.516555139165479772e-03 6.783296027275094800e-03 4.295460110298032069e-03 7.857750427089010142e-03 7.857754217605985095e-03 5.667301078811561900e-03 7.812243407051417711e-03 8.350740827491499527e-03 5.098066136304264806e-03 8.714510798177704451e-03 7.568284418950958770e-03 7.801669492800709753e-03 6.827305663291891556e-03 7.698788609893172236e-03 7.849486284424748647e-03 8.538123469034524654e-03 7.839210573941992125e-03 6.802408642259575623e-03 7.857755300522507175e-03 2.797294725917053981e-03 7.857755300522507175e-03 4.735359797186826716e-03 7.857755296890429897e-03 8.067162138426101428e-03 8.037518831531397998e-03 7.184886811836063356e-03 6.131543791319180904e-03 4.462084855526896564e-03 7.857755300522507175e-03 8.238677399125919620e-03 7.671263630548411441e-03 7.857663833876394124e-03 7.857754961338921443e-03 7.366367590107551766e-03 7.900864648051510522e-03 5.866348752801735407e-03 2.650542883227090512e-03 7.404124483070315295e-03 7.857755300522507175e-03 7.121733883122889804e-03 1.711582589776368055e-02 7.894038763213604218e-03 7.890981275301930595e-03 7.698139715737176668e-03 7.720119939480352134e-03 7.857755300522507175e-03 5.872482854406248926e-03 6.353942471573995575e-03 7.857755287567776137e-03 9.091191377675614943e-03 1.481375666447283870e-02 7.857691075301740519e-03 7.857755300522507175e-03 7.857755299634817947e-03 8.306166061628041455e-03 9.430456946270990640e-03 6.984369714044890744e-03 8.102704496464238279e-03 6.603447034207070472e-03 6.251985790927326939e-03 8.124120656364249710e-03 8.240635897150041383e-03 7.857754550998090684e-03 2.716508247889793184e-02 7.769330304165850132e-03 7.570202162247339529e-03 7.855655770794545828e-03 4.432019941751848963e-03 7.857754018070699231e-03 9.636971083522022016e-03 4.576972646185319127e-03 7.898927357023971182e-03
2.554285655866718897e-03 6.726109781166577685e-03 7.717805365977626134e-03 5.049267804161212091e-03 2.874802107198976778e-03 5.323336957714606098e-03 7.672037293796903946e-03 7.644501821975132651e-03 5.590657429620450938e-03 7.563596989699447083e-03 7.685845163089431026e-03 7.684267073449344530e-03 5.958370097352646937e-03 7.685841707818674880e-03 7.685845163089431026e-03 7.685845163089429291e-03 4.727305515773543021e-03 7.343846028531817761e-03 6.610655505337118508e-03 1.869506483221550913e-02 7.185236870231398454e-03 7.308369718223022178e-03 7.925499144840286378e-03 1.006442506020748147e-02 7.685845107595157787e-03 7.673086750325924625e-03 2.957437150337511797e-03 7.685845163089431026e-03 8.559722975985643509e-03 3.745815131335056541e-03 7.685838687118115402e-03 7.491863397510717566e-03 7.685845163089431026e-03 1.108141254766271261e-02 7.685612368583543547e-03 5.766897042215317175e-03 8.523789831558839514e-03 7.685845163089431026e-03 3.421702577114456908e-03 9.635495239306344703e-03 8.284254963242150549e-03 6.271308639113176188e-03 7.889526462060578171e-03 8.233879633164816955e-03 5.062788282671872378e-03 4.572882884380287220e-03 6.828511688228339552e-03 4.900818389170916774e-04 8.283957334961710925e-03 7.685845163089431026e-03 4.836176136282377934e-03 7.685845163034786369e-03 3.528117837080434367e-03 7.519111534395967779e-03 4.085793253896977985e-03 6.015200019011970878e-03 2.069367180043013912e-02 7.672752414550019009e-03 7.684128893333943416e-03 1.967610258316093621e-03 7.638309080215455182e-03 4.274225086018996166e-03 3.120064127358062982e-03 7.487107080208641602e-03 7.685845121913678982e-03 7.354546241944843500e-03 7.561530062541865251e-03 2.729754594643376241e-03 7.685840277562809748e-03 7.685845859482228620e-03 4.719582144971605844e-03 7.962886834518066378e-03 7.025168650340819429e-03 5.796978706408940397e-03 4.688823086029269595e-03 6.447597756980234796e-03 7.633531735935119959e-03 6.233575880490972547e-03 7.859840735877837714e-03 7.677757053579526564e-03 6.663046725348314991e-03 7.163228244756299212e-03 6.218104841100051058e-03 7.685845163089431026e-03 6.784963197522814703e-03 7.685845163089431026e-03 5.444334523493838014e-03 7.685845159536806685e-03 3.879693050168562043e-03 4.525830410037255669e-03 7.028176328188255780e-03 1.110018877151686123e-02 2.582560155161806384e-03 7.685845163089431026e-03 7.943676953507007935e-03 8.212218696851694699e-03 7.685755697481825612e-03 7.685844829837470277e-03 7.979389802499523357e-03 8.064338730038110581e-03 8.112993338447114719e-03 4.083813169886357959e-03 7.242139189602156760e-03 7.685845163089431026e-03 6.877123323035842610e-03 1.047118160534215138e-03 4.012746569147656282e-03 6.788692691633767436e-03 7.830349578944710218e-03 8.130460369963727132e-03 7.685845163089431026e-03 9.504327804806925878e-03 6.157759831201751154e-03 7.685845150418120844e-03 6.534274732993780761e-03 6.672420214033388322e-03 7.685468684892972184e-03 7.685845163089431026e-03 7.685845162111314133e-03 6.352682623635534653e-02 8.317134184786236992e-03 7.656240981017078256e-03 6.538276796290405993e-03 7.661416518695497030e-03 8.442530800218533971e-03 4.691490399745297177e-03 7.051915009914710292e-03 7.685844429962310383e-03 3.800456784023821359e-03 6.797149874647481771e-03 5.471578678594803125e-03 7.683856728462783343e-03 7.232534461347469440e-03 7.685843908694804660e-03 5.474826031437736440e-03 5.048273525926962393e-03 7.925032719112920510e-03
9.273500644929171324e-03 7.061383281647230781e-03 1.194294657066359219e-02 3.380797288613716749e-03 1.543880956194937717e-02 6.735837878810178002e-03 8.145472358961057882e-03 8.115712938823965369e-03 6.588832512790914094e-03 8.061057922926334260e-03 8.159418989133066999e-03 8.157739965630485951e-03 7.741253511341056326e-03 8.159415320960169624e-03 8.159418989133066999e-03 8.159418989133065264e-03 4.262081058875395040e-03 7.796293220719350929e-03 7.481050519355798324e-03 2.539779849636423364e-02 7.607212720612744304e-03 6.813696295596445920e-03 8.374448266102570149e-03 7.706180138281559788e-03 8.159418930185588156e-03 8.145874821901200741e-03 3.178769590129700874e-03 8.159418989133066999e-03 1.255123126221176916e-02 2.357626594085479848e-03 8.159412114135951993e-03 7.953485144933434767e-03 8.159418989133066999e-03 6.159052834261926831e-03 8.159171850691593342e-03 6.399124611028201952e-03 8.068991234979906377e-03 8.159418989133066999e-03 5.478666702706774805e-03 4.319056910699980642e-03 8.582285673803603451e-03 6.357225893316666501e-03 7.694287141135769913e-03 8.652240514950376021e-03 5.884185910987673428e-03 1.065433203693622218e-02 8.030020072511625737e-03 1.315979115316042196e-03 6.802056304967589277e-03 8.159418989133066999e-03 6.497401194041890933e-03 8.159418989075054376e-03 3.718830896284495632e-03 7.982411840638593478e-03 7.625774884881844108e-03 8.735203426570723600e-03 1.906076406169965320e-03 8.145519523046790278e-03 8.157643309994595110e-03 3.948281016840480932e-03 8.115588103679951745e-03 1.272986726053298469e-02 1.722516273503404277e-03 7.920052091682226389e-03 8.159418946758197760e-03 8.545387084306037620e-03 8.883787303083269180e-03 3.582784380918326277e-03 8.159413764603565267e-03 8.159417864642956597e-03 6.443659254563393821e-03 8.034746202989627439e-03 7.045641434858780118e-03 5.575530610726960740e-03 5.247942161883066212e-03 8.222051123813968812e-03 8.227238473963768839e-03 1.042926849780502659e-02 8.252747418434836640e-03 8.150832519632878609e-03 5.831655356614132146e-03 7.231102787798090320e-03 7.573670413748288463e-03 8.159418989133066999e-03 5.693551126465278174e-03 8.159418989133066999e-03 5.735662327922489388e-03 8.159418985361543974e-03 3.249374137182237977e-03 9.468642917949016483e-03 7.685967399333821365e-03 5.012429336592646653e-03 3.495821508478338946e-03 8.159418989133066999e-03 8.162212080905003470e-03 8.674601408374038244e-03 8.159324010980401401e-03 8.159418635349203683e-03 9.516763879269519305e-03 7.921547297354673139e-03 2.774895140572431178e-03 9.510089236211272112e-03 7.688791719582440884e-03 8.159418989133066999e-03 7.331301230617833127e-03 9.788738731560469274e-04 1.209871681272887229e-03 7.737420202516494087e-03 1.120572172443031790e-02 8.000294870579870155e-03 8.159418989133066999e-03 6.473307011990569321e-03 6.373667280543308597e-03 8.159418975680997679e-03 7.431479305938923884e-03 2.448688754480959125e-03 8.158975579376436318e-03 8.159418989133066999e-03 8.159418988095905323e-03 7.873007268831307484e-03 3.507963076521214505e-03 4.761767123805330654e-03 7.659568591199096901e-03 1.194250686736632837e-02 6.394551917114483369e-03 6.402652954034546672e-03 4.949570486821579067e-03 8.159418210833302085e-03 3.909112618444449475e-03 8.281367073784490218e-03 6.329961839902534075e-03 8.157217167168046359e-03 3.336950392408412607e-03 8.159417657447208191e-03 2.333810744963302816e-03 6.518650822035661728e-03 8.088211144103575959e-03
4.550203847899373169e-03 6.950558497088876915e-03 7.013169244539691968e-03 5.356252357382507850e-03 1.110800741760880478e-03 5.872480168303106929e-03 7.090798535388531838e-03 7.065866110601245684e-03 7.245722169617327575e-03 6.992449536347204037e-03 7.103980188413595680e-03 7.103997904567976862e-03 6.306765539048526936e-03 7.103976994726983636e-03 7.103980188413595680e-03 7.103980188413593945e-03 9.440340631195028726e-03 6.802219521353464714e-03 6.211034021000646360e-03 5.283424451948420635e-03 6.681623075739054167e-03 9.403423768782937647e-03 6.384081767808108543e-03 2.970235333986297275e-03 7.103980137079385360e-03 7.092193156307950198e-03 1.336898278777595185e-02 7.103980188413595680e-03 5.302848869516534058e-03 1.017019990432437883e-02 7.103974202712490769e-03 6.924746810740518843e-03 7.103980188413595680e-03 5.346095113272957347e-03 7.103765017852582860e-03 6.037838882573615985e-03 7.877027617986250702e-03 7.103980188413595680e-03 3.068604126584000176e-03 1.775457660157691566e-03 6.990917116572422860e-03 6.354862713708037299e-03 7.516227226474127970e-03 6.247870917138229931e-03 6.111454781196810036e-03 2.435795509545219534e-03 7.035732913450051113e-03 4.891598616313837244e-03 6.243823648436658443e-03 7.103980188413595680e-03 5.379278940844245752e-03 7.103980188363086604e-03 4.740712790276757453e-03 6.949869304086012459e-03 4.188772676719372708e-03 2.551096565610002503e-03 5.777434385736199274e-02 7.091896483940355982e-03 7.102431722507253874e-03 1.267218957218189425e-02 7.062966352069521489e-03 6.995495944319573937e-03 2.896326866576379513e-03 6.882608478365002252e-03 7.103980152599081999e-03 6.804315367450743460e-03 9.389388498173183509e-03 6.988222331941519941e-03 7.103975670397116512e-03 7.103979209460256281e-03 8.837062824770416589e-03 7.285476959406487346e-03 7.426012098679891579e-03 6.765481291998579234e-03 1.042422181710613710e-02 6.688349069453655184e-03 7.053269739993688753e-03 7.525595389274333628e-03 7.079434471730820105e-03 7.096504431019464050e-03 5.160975568078521661e-03 6.630951088006960606e-03 6.534039673313425146e-03 7.103980188413595680e-03 1.091476474525778818e-02 7.103980188413595680e-03 6.102036346054010886e-03 7.103980185129926336e-03 7.508174015374034782e-03 4.350061154951218208e-03 6.507809482152872131e-03 1.084657432087901205e-02 2.885741086661190637e-03 7.103980188413595680e-03 6.917047360431176177e-03 7.075444871513091906e-03 7.103897496083634751e-03 7.103979944732776233e-03 8.327693020736945742e-03 7.309109873225731573e-03 1.853460143591292505e-02 2.348060250944255297e-03 6.693879024942410785e-03 7.103980188413595680e-03 6.498861740801065330e-03 1.382539198093919210e-03 1.918905359391221040e-03 6.616077456809301913e-03 6.883956776717872414e-03 8.129953602342032681e-03 7.103980188413595680e-03 7.952993856727859009e-03 2.079376125582416829e-02 7.103980176701579774e-03 6.859447987903540510e-03 3.972785646575660579e-03 7.103596633396883769e-03 7.103980188413595680e-03 7.103980187509559285e-03 6.815352869683255314e-03 7.350947723824306085e-03 5.218379556783572792e-03 1.184964108618676536e-02 6.590353218262831603e-03 6.087549099922635529e-03 5.757318626792854582e-03 9.061972891565277938e-03 7.103979510934801261e-03 3.220116001470736157e-03 9.695925088521900950e-03 7.657824281335552652e-03 7.102047975069001456e-03 1.099624778882219399e-02 7.104096536704160997e-03 1.039776609483211191e-02 5.476467706934058655e-03 6.771949654318030511e-03
2.416928681210188997e-03 5.677411038189690388e-03 6.832366926877415404e-03 6.631198116380099608e-03 1.338961585026894087e-02 7.025850517337176721e-03 5.557613297685223136e-03 5.538254570338016665e-03 6.492826698292206329e-03 5.498077540055277927e-03 5.567899047687949361e-03 5.566761513335763585e-03 6.317597681752031881e-03 5.567896544566523949e-03 5.567899047687949361e-03 5.567899047687947627e-03 4.554756390695289571e-03 5.356342671183261794e-03 5.315980407930116433e-03 5.830479015195102512e-03 8.281700147604677958e-03 6.385367365285727313e-03 5.626892471267335577e-03 2.435664661128428190e-03 5.567899007517363753e-03 5.558656415065436375e-03 2.262924141624566600e-03 5.567899047687949361e-03 9.950295103129768240e-03 5.634868796552616743e-03 5.567894356293026648e-03 5.427371710100365940e-03 5.567899047687949361e-03 1.352129049464353278e-02 5.567730403127575493e-03 4.233625596107718284e-03 5.279546978717457317e-03 5.567899047687949361e-03 2.628819228848794636e-03 1.246833300677635059e-03 5.824983212693304532e-03 5.531911137092638923e-03 4.926747658030317285e-03 5.408707174277177336e-03 3.894478426543948428e-03 3.977325469406474932e-03 6.000793396489864304e-03 6.861885940475662485e-04 5.275590108834747778e-03 5.567899047687949361e-03 5.108398825452428738e-03 5.567899047648361237e-03 4.515212450861254799e-03 5.447111290135561550e-03 8.457211683688098391e-02 5.326067136641315751e-03 4.410190876892708216e-03 5.558414198611127781e-03 5.566868685230147787e-03 4.268426466866616191e-03 5.558347676632414101e-03 3.638055306470455198e-03 4.610991716209720051e-03 5.529155258568323010e-03 5.567899017890193952e-03 5.327477347225003691e-03 6.086948471361021407e-03 2.744331703500993598e-03 5.567895481552319510e-03 5.567898280347959201e-03 1.291520738663767733e-03 5.228542523974898278e-03 5.489693544488659371e-03 3.922493729316826536e-03 4.127941683449718249e-03 6.058712677039182481e-03 5.528947124112426267e-03 5.629850015821916305e-03 5.368090313609687539e-03 5.562039736128493624e-03 5.365833989361024937e-03 5.526335342170961111e-03 5.896329677950511335e-03 5.567899047687949361e-03 5.845488449837774048e-03 5.567899047687949361e-03 4.712188324928060987e-03 5.567899045114471472e-03 9.264457897315198087e-03 3.455881402646071056e-03 5.114548523540563343e-03 3.206524905020213811e-03 9.265399023541381202e-03 5.567899047687949361e-03 5.824785101827463854e-03 5.863415774965146168e-03 5.567834235626337690e-03 5.567898808004917259e-03 5.937253005526693661e-03 4.977243582964417309e-03 4.542881105696260254e-03 1.174069467995387910e-03 5.638095175662774343e-03 5.567899047687949361e-03 5.416390645015621737e-03 7.685349889437202882e-03 2.754494671646965862e-02 4.656350639433869641e-03 6.939303805494421128e-03 5.497330622060067444e-03 5.567899047687949361e-03 5.964856532313279544e-03 4.015521936585498587e-03 5.567899038508402482e-03 5.298977542954872756e-03 4.756906968923023393e-03 5.567657434151721679e-03 5.567899047687949361e-03 5.567899046979391149e-03 5.329626107044012177e-03 7.879958985284997094e-03 5.663246564116358045e-03 5.189618571509175930e-03 7.792776402244098663e-03 4.500945005114599835e-03 6.675139788926979373e-03 6.439970933293266177e-03 5.567898516584650001e-03 1.592922708185592062e-01 5.596477763932694756e-03 4.432225849254201391e-03 5.566394931367668435e-03 3.478727258070443955e-03 5.567898138959956333e-03 4.239186319939885171e-03 7.016568796864832737e-03 5.573026992982198224e-03
1.000349960711931913e-02 5.753677601298067337e-03 3.383825410808145775e-03 1.202898471800775346e-02 8.805798861557252721e-02 3.130815089488606963e-03 5.311815147678546588e-03 5.301820107570481659e-03 6.990081895988018573e-03 5.278333422484402133e-03 5.321685288208901667e-03 5.320728950577450350e-03 5.333543566219288087e-03 5.321682895776095983e-03 5.321685288208901667e-03 5.321685288208899932e-03 8.378816538998228730e-03 5.300153961275971305e-03 8.333355744222642469e-03 3.669765689314580855e-03 5.013271855350566984e-03 3.103489106116140255e-03 6.222850581296186789e-03 2.911538512451494840e-03 5.321685249815360716e-03 5.312934505694448181e-03 3.392671899466540193e-03 5.321685288208901667e-03 2.492805608663506162e-03 9.211868824310949153e-03 5.321680804241224472e-03 5.187372610550964810e-03 5.321685288208901667e-03 5.202480556456215953e-03 5.321524101102480774e-03 1.394952746259922431e-02 4.234754453909009633e-03 5.321685288208901667e-03 2.455492834919045884e-03 5.831097193434905609e-03 4.080047191147150032e-03 8.552231069299181393e-03 5.058741424753990072e-03 6.930562639974454861e-03 8.299419055268968809e-03 1.848157286127994790e-03 7.578810843840699633e-03 9.056691658948537406e-04 1.009259702637951492e-02 5.321685288208901667e-03 7.992695487744535046e-03 5.321685288171154951e-03 2.315163698269742231e-03 5.206238791429535807e-03 1.142669916882578345e-03 3.192626697404013503e-03 2.496825268900094725e-03 5.312626333550695724e-03 5.327683976827591629e-03 8.017845305495834365e-03 5.294915202345967971e-03 1.227317236024630734e-02 1.593479841103856128e-03 5.404603004036338983e-03 5.321685262054033465e-03 5.091683813604013648e-03 4.623018047824009082e-03 1.460011573878684105e-02 5.321682815484236884e-03 5.321684558034730540e-03 4.210148254198842893e-02 4.559746730443098306e-03 5.535181982691234938e-03 3.461387576893015794e-03 3.021471668818608968e-03 1.248484306645596814e-02 5.283707400097313253e-03 6.317203219091147536e-03 4.590474152230254214e-03 5.322460267663350897e-03 1.529758405274955768e-02 5.548775548916766789e-03 7.390573341447302831e-03 5.321685288208901667e-03 1.198230507638509135e-02 5.321685288208901667e-03 9.830746196242870494e-03 5.321685285749061176e-03 2.877018013603935276e-02 5.925585821362240081e-03 4.865888822321744189e-03 7.789780166020530278e-03 1.485898308599285268e-02 5.321685288208901667e-03 7.148228700376551420e-03 4.523805091693811065e-03 5.321623342451680880e-03 5.321685059011154947e-03 3.624736898616412982e-03 5.899203885400209312e-03 1.859539195884288071e-03 2.470932684420113282e-02 5.015728351569519704e-03 5.321685288208901667e-03 8.534780215931398253e-03 8.275750953920652658e-03 2.710802512627121744e-03 8.293877517277449887e-03 4.179731364417149132e-03 5.234107614222859202e-03 5.321685288208901667e-03 3.132042668464646729e-03 9.048611334157775909e-03 5.321685279435275744e-03 6.410880751045467014e-03 4.709673810046486643e-03 5.321494548653774720e-03 5.321685288208901667e-03 5.321685287541906562e-03 5.294437057237650311e-03 1.398257391348437483e-02 8.087713614571653831e-03 7.843976048110577054e-03 3.681072800391491442e-03 1.045826381330297594e-02 9.876415863523580266e-03 1.047072022232633896e-02 5.321684780591090166e-03 2.558642519253585303e-03 4.491139203019948838e-03 7.853922072658297074e-03 5.320640307107996764e-03 7.237257114515105276e-03 5.321684419665088407e-03 2.104395325508403095e-02 5.855688857054500672e-03 4.034985791178134773e-03
1.576450049229844667e-03 3.850659993861511952e-03 3.415488601949719181e-03 7.255119419080195003e-03 1.003688598294414638e-03 3.990136748738474029e-03 4.556050644668772215e-03 4.540001384430896077e-03 6.801846074209480855e-03 4.498227721188895536e-03 4.564373291937551431e-03 4.563944120426972548e-03 4.725774517002200026e-03 4.564371239964250954e-03 4.564373291937551431e-03 4.564373291937550564e-03 5.977736487721442213e-03 4.787443298488773362e-03 6.430558955067467233e-03 1.898026591399251672e-02 4.679793735005641220e-03 2.416722747572936335e-03 3.880652433905868327e-03 5.971181845904760185e-03 4.564373259537205137e-03 4.557140294340264290e-03 3.286341494979216384e-03 4.564373291937551431e-03 3.257515651082145119e-03 2.114395203183463620e-02 4.564369446068959960e-03 4.449173793388912571e-03 4.564373291937551431e-03 3.616880975389888918e-03 4.564235043673222844e-03 1.027003211109779081e-02 3.296117304771590661e-03 4.564373291937551431e-03 5.528544878738552576e-02 4.977636134594148887e-02 3.113694703732788373e-03 8.679288231468941517e-03 4.301969621826094194e-03 4.093997925650066406e-03 1.550375394764707052e-02 1.114318162100019251e-02 9.273012859588435769e-03 5.668506263711088622e-02 9.609390048877610932e-03 4.564373291937551431e-03 1.251411272074827268e-02 4.564373291906223193e-03 1.978695020941505407e-03 4.465355616518968535e-03 1.905731661371789934e-03 2.197353193882522343e-02 4.524209081236921920e-02 4.556614200066234042e-03 4.564134930315614548e-03 2.982772364935768958e-03 4.621019783024024608e-03 4.348294177753939116e-03 9.509198817046155081e-04 5.327076924161361186e-03 4.564373267792284049e-03 4.401618686429875117e-03 3.385636842600721862e-03 1.366841612382471184e-02 4.564373108707941995e-03 4.564372662928853873e-03 8.656919153316185818e-04 3.948900427041430843e-03 3.779313498463105717e-03 5.690778078490039624e-03 2.010298290168556490e-03 1.544645937877002495e-02 4.531896761071273379e-03 8.740678080290149518e-03 3.624280805961268767e-03 4.559570061756052298e-03 1.594426787912822663e-02 6.201975246990702392e-03 7.370265189533748047e-03 4.564373291937551431e-03 1.083044019421636889e-02 4.564373291937551431e-03 3.872633193123867050e-03 4.564373290151330087e-03 1.366629001396352586e-02 5.634487413097816026e-03 4.173276384229460817e-03 3.074678559244845705e-03 4.565572177409472042e-03 4.564373291937551431e-03 4.117778705973561618e-03 3.597145050364683721e-03 4.564320167591585757e-03 4.564373115428788097e-03 5.367881601340452821e-03 4.083877959848516287e-03 3.187619436081972658e-03 8.672680737273093590e-03 4.300885064079686820e-03 4.564373291937551431e-03 5.272014607032212037e-03 1.226128153525645045e-03 1.026517708373099773e-03 9.109735839180638922e-03 3.464509599950667870e-03 5.543716106874400570e-03 4.564373291937551431e-03 4.049928522135875716e-03 5.568119600629220685e-03 4.564373284412472781e-03 4.364022168858818808e-03 4.727770629978079314e-03 4.564144246149551276e-03 4.564373291937551431e-03 4.564373291402255665e-03 4.511728295562841135e-03 2.231145284260713235e-02 6.691034604043842940e-03 5.560693928364944180e-03 4.519557785854829562e-03 1.201001669996593080e-02 7.259283609210933491e-03 1.322240080611819524e-02 4.564373075678961403e-03 3.390219224041545604e-03 7.871737994290254475e-03 1.068597414535344368e-02 4.563377670139160715e-03 2.137468385308923663e-03 4.564372546993409469e-03 2.147032635012971480e-02 9.609002041190382870e-03 3.477163081014085760e-03
2.684550703152136300e-03 8.327770778889458103e-03 7.162100151441489794e-03 6.626225822167372721e-03 3.696393774407770189e-03 9.603668736254520125e-03 8.185848481816250868e-03 8.156864757403172947e-03 6.409509367876220672e-03 8.070778157118357193e-03 8.200970909102515624e-03 8.199282936591242507e-03 6.910556685365022538e-03 8.200967222250965874e-03 8.200970909102515624e-03 8.200970909102513889e-03 5.027614986724488269e-03 8.014013266345083528e-03 7.604661972316811673e-03 1.722511418531790742e-03 7.864605651876967543e-03 7.883643040340034339e-03 8.380866371278661298e-03 6.535152588798269491e-03 8.200970851063731776e-03 8.187362607535617412e-03 3.138184386193278337e-03 8.200970909102515624e-03 5.611097991500844755e-03 3.682408167848667119e-03 8.200963999094409984e-03 7.993988168915520942e-03 8.200970909102515624e-03 2.033299591604291728e-03 8.200722512373741224e-03 6.586912904465388324e-03 8.197242429105546652e-03 8.200970909102515624e-03 3.513935811472801429e-03 3.341874528583982026e-03 8.350333359954401069e-03 6.892747776264382918e-03 7.731579325751792436e-03 7.475429493527672303e-03 9.520559099631108538e-03 7.794276132734605581e-03 8.050390551018544311e-03 1.137335652156796009e-02 3.616526386045824763e-03 8.200970909102515624e-03 3.542170936196655656e-03 8.200970909091612887e-03 3.537698407265779405e-03 8.870147150578789122e-03 1.292107749625830311e-02 5.209621077402670428e-03 1.948241206131087755e-03 8.187000716036865050e-03 8.199145748264365097e-03 9.045206541157242361e-03 8.149572286440708718e-03 1.108958188510355061e-02 1.844513116783948496e-03 7.719438132530478253e-03 8.200970865181844704e-03 7.845394917400438928e-03 6.288068180182786182e-03 4.149666390945188320e-03 8.200965657952240598e-03 8.200969780733072603e-03 5.074278330648971519e-03 8.762914143010428272e-03 7.956816348040084835e-03 5.439034534255875360e-03 7.371460334322964963e-03 5.947302678570004671e-03 8.143027849971120127e-03 7.250161168859509467e-03 8.661727810951220380e-03 8.192343580774469683e-03 7.046966435111479826e-03 7.702462981989855947e-03 7.450738631897167556e-03 8.200970909102515624e-03 6.428321709860598983e-03 8.200970909102515624e-03 5.392656508532969219e-03 8.200970905312313097e-03 4.779143216347197555e-03 5.210220313655390505e-03 7.507111419708587668e-03 3.400637278260069951e-02 2.807331696643824807e-03 8.200970909102515624e-03 7.653122124980842565e-03 8.771076059530901955e-03 8.200875447788703518e-03 8.200970553581462055e-03 7.579150912498943370e-03 8.191072654919553248e-03 5.323178833609907255e-03 1.069542456231078326e-02 7.727526140847013059e-03 8.200970909102515624e-03 7.807193380806507453e-03 1.592346930260475331e-03 1.709019345971064287e-03 8.299639183076423093e-03 7.680548708482364505e-03 9.079968311556083777e-03 8.200970909102515624e-03 9.071975648875643672e-03 5.834683507255388965e-03 8.200970895581940340e-03 8.246792295897456895e-03 7.229829317800013852e-03 8.200536805065102713e-03 8.200970909102515624e-03 8.200970908059070780e-03 7.844241470891461301e-03 5.297589907987868170e-03 5.807799466627121265e-03 6.974999137439888419e-03 6.347395973514264461e-03 6.631933839097448220e-03 7.829969021548298727e-03 6.140338342458122149e-03 8.200970186411273705e-03 3.708343016389805975e-03 1.269166211578516383e-02 8.044981331965133861e-03 8.198743549258272201e-03 5.198968468140594858e-03 8.200969570635031208e-03 7.191794734868614362e-03 3.389975270382815029e-03 8.546295999607883206e-03
7.021936441625817836e-03 6.489093366821519805e-03 5.933351600531976480e-03 8.474455433588965608e-03 4.814340026766117386e-03 3.929125056986962350e-03 7.291140523541820781e-03 7.264004379350022002e-03 1.150426490235076024e-02 7.189085412100513876e-03 7.303190306826677983e-03 7.301687150553298408e-03 9.765482714512127224e-03 7.303187023582499715e-03 7.303190306826677983e-03 7.303190306826675381e-03 6.118116210182189194e-03 7.006094093121093339e-03 8.172288885190247265e-03 6.909165466144977751e-04 6.970822596880527425e-03 1.129932844295545614e-02 6.146551077973254687e-03 5.908316341525196407e-03 7.303190254872241570e-03 7.291067275498837319e-03 1.706416306395401594e-02 7.303190306826677983e-03 3.777686131359144633e-03 3.552194377391605651e-02 7.303184153274278577e-03 7.118875963104552042e-03 7.303190306826677983e-03 6.533452281570188529e-03 7.302969102518080263e-03 7.798455637111889431e-03 6.449347473328058411e-03 7.303190306826677983e-03 3.999158095214861222e-03 4.155721352277381118e-03 6.301716376052051219e-03 9.798099041127848741e-03 7.815893188842621200e-03 6.888817536679766804e-03 6.336306299060423877e-03 4.790646005452707697e-03 7.503822221304391749e-03 9.220578201425000267e-04 8.160272504989612291e-03 7.303190306826677983e-03 1.079698928039123269e-02 7.303190306774757709e-03 4.347268324134301483e-03 7.144757838430882725e-03 2.884695781903498166e-03 4.080725589510716608e-03 6.112488443101879096e-03 7.295463780335549944e-03 7.301890772077692694e-03 7.344616433229858229e-03 7.393794541378248195e-03 5.547726860696787499e-03 3.772068968310809522e-03 6.778341426894518226e-03 7.303190267702821918e-03 7.185359532280258602e-03 7.413171329617655736e-03 1.711387865716905085e-02 7.303185778720792942e-03 7.303189300337528146e-03 1.819040416264926458e-03 8.070171804559485990e-03 6.396018126163536058e-03 4.863831795398730271e-03 1.549301602494443895e-02 6.602722842058992951e-03 7.251061234497073286e-03 7.362905897183235140e-03 6.571213981698647080e-03 7.295504879852312066e-03 1.227786777183760038e-02 8.713518456865821174e-03 8.826591448187186967e-03 7.303190306826677983e-03 9.496365983492956880e-03 7.303190306826677983e-03 1.051112424884516339e-02 7.303190303458762661e-03 4.642341666924594892e-03 1.204710449220720327e-02 6.794872270561975146e-03 1.834706031008463342e-03 9.302876750668466477e-03 7.303190306826677983e-03 6.596204161440731052e-03 8.050986236473598942e-03 7.303105295439584962e-03 7.303189990167097481e-03 1.200350071539786102e-02 7.323933629734237331e-03 5.438228979642155403e-03 4.084251496449768128e-03 6.954295602808119488e-03 7.303190306826677983e-03 6.565329351002529082e-03 1.033762218313454039e-03 2.475233653704728663e-03 9.429412010944840383e-03 5.523251149087585882e-03 1.007370509862090709e-02 7.303190306826677983e-03 7.257535106088449511e-03 5.205957151078748242e-03 7.303190294786232953e-03 6.922499997264648826e-03 3.648912321589579434e-03 7.302859757114450213e-03 7.303190306826677983e-03 7.303190305897638152e-03 7.036686802463492686e-03 1.538935349978308789e-02 1.162238106875743832e-02 6.303200642439534852e-03 7.413459435118097650e-03 7.165408012130987901e-03 7.506822873431258543e-03 8.853612247450588085e-03 7.303189610795192931e-03 3.547931942078386049e-03 6.766114674544781299e-03 5.701533910077091760e-03 7.321366663503707864e-03 1.919388989721320044e-03 7.303189114884544447e-03 8.039226414689756503e-03 1.975622021621093165e-03 6.855030146630992742e-03
1.517102868185305105e-03 5.593629364720771081e-03 1.185817970300221368e-02 7.529314470841572821e-03 1.291023592834888815e-02 1.952234149234627347e-02 7.339321781129858925e-03 7.328315326079705948e-03 5.225417520595850712e-03 7.235424811341561492e-03 7.352506159827974612e-03 7.351078305165802823e-03 6.748616632814030160e-03 7.352502854413331228e-03 7.352506159827974612e-03 7.352506159827972877e-03 7.603385681163552477e-03 7.032008471264528451e-03 6.721286518545270885e-03 7.321175702086389972e-03 6.838345759835839227e-03 9.729529109700069123e-03 7.738594117285862994e-03 3.081035609859326431e-03 7.352506106694461398e-03 7.340307394240020746e-03 3.534897138589076365e-03 7.352506159827974612e-03 1.619999230305346413e-02 4.492573100053590118e-03 7.352499964722819178e-03 7.167536848436848948e-03 7.352506159827974612e-03 6.442846315024225792e-03 7.352283467727639861e-03 7.314905020334372225e-03 7.929858077580533710e-03 7.352506159827974612e-03 3.756892825215916391e-03 3.944337879221868071e-03 7.940789185087985050e-03 5.662930215285593219e-03 7.492198094268780542e-03 6.979406731784323741e-03 5.785675692320832279e-03 3.797523539213345980e-03 7.348402024977539540e-03 8.840059369671873779e-03 7.508632409132415773e-03 7.352506159827974612e-03 1.175917968266469715e-02 7.352506159775697853e-03 5.109948843549611680e-03 7.193003853184678185e-03 1.993067163623068669e-02 8.328296729121099223e-03 1.774017761017532540e-03 7.340030213535904229e-03 7.350981173250857592e-03 1.012278976176516840e-02 7.360013753943146081e-03 7.079493505142644798e-03 3.044562285135114094e-03 6.751005277948936463e-03 7.352506120437993752e-03 7.061494496337332970e-03 8.635842640223304403e-03 1.641979366335771795e-02 7.352501453755014467e-03 7.352505146542360343e-03 9.116070465262636783e-04 7.586983858742568643e-03 5.552415511509993865e-03 4.785363005668029357e-03 6.059439835916970857e-03 7.526426632047692952e-03 7.300022036665606076e-03 9.903718828055414758e-03 7.173767359110276402e-03 7.344768836280757968e-03 5.367333530544149585e-03 7.278790645649901858e-03 7.733899123541530113e-03 7.352506159827974612e-03 7.099417677200978681e-03 7.352506159827974612e-03 2.094469263613873283e-02 7.352506156429428411e-03 5.798672084209212894e-03 4.650486863787682557e-03 6.722555613942984842e-03 1.088832383321803460e-02 3.816104151413329641e-03 7.352506159827974612e-03 7.235707920338915397e-03 7.420615361808578087e-03 7.352420574397657178e-03 7.352505841432745159e-03 5.912269988595528734e-03 7.568179495029947121e-03 1.567362193798329389e-02 4.621888819322092154e-03 6.928120348064374483e-03 7.352506159827974612e-03 7.812023763620330567e-03 5.865649495941174102e-03 4.558819828350151038e-03 5.909198490104596718e-03 9.586402389376870101e-03 7.042924751389464423e-03 7.352506159827974612e-03 5.344913110466976459e-03 5.670331286747199578e-03 7.352506147706224827e-03 6.136415159515195422e-03 1.721588877290653559e-03 7.352105872874795285e-03 7.352506159827974612e-03 7.352506158902229888e-03 7.037759604247770077e-03 5.141815338845505574e-03 8.943547563792510549e-03 7.451473664763562030e-03 1.017514825817919522e-02 5.625448987377476562e-03 4.078524938219129162e-03 9.211759876843490097e-03 7.352505458497149600e-03 3.418374559358238179e-03 6.335244606001737798e-03 6.296126672019854674e-03 7.350524297497326026e-03 5.330219958191890171e-03 7.352504959837081501e-03 3.869533538279215992e-03 8.425611675626457076e-03 7.668245190517051536e-03
9.306241519866229744e-03 7.992050910086990687e-03 7.906645810681822359e-03 5.670503410629378072e-03 2.414288349016168941e-02 3.342155177691407027e-03 7.626500632888074879e-03 7.724367578489637481e-03 7.906560243271911273e-03 9.241083747664297424e-03 7.638824441397658663e-03 7.638072287139092975e-03 4.658444070108663966e-03 7.638821007264790831e-03 7.638824441397658663e-03 7.638824441397656928e-03 1.158352738044846585e-02 7.300036922586643565e-03 8.063048195455165684e-03 2.336566855885695987e-02 7.835217882437059411e-03 4.599736246456887986e-03 8.460136182028217197e-03 1.168600277215870072e-02 7.638824386194160640e-03 7.626144135756142937e-03 4.022408311771902452e-03 7.638824441397658663e-03 1.181611322676639521e-02 3.259990881970032967e-03 7.638818005045257091e-03 7.446030741170259898e-03 7.638824441397658663e-03 6.557233383604172718e-03 7.638593071081723786e-03 9.513483026769332940e-03 7.230619120998137486e-03 7.638824441397658663e-03 3.040065501350853409e-03 3.541763415617173345e-03 7.553685419300204887e-03 6.715694492302426606e-03 6.690845772973014541e-03 6.603319348119260704e-03 5.622448890055892212e-03 8.033378194463135571e-03 5.635244289473317035e-03 3.441267979677543648e-04 5.891692168309377309e-03 7.638824441397658663e-03 9.093564028153951553e-03 7.638824441343347073e-03 4.817985779021147393e-03 7.473111880042637017e-03 4.887362746102374457e-03 2.808344186477946744e-03 4.605471311258962919e-03 7.625811793241706396e-03 7.637331783542949948e-03 6.802734467500412899e-03 7.596902669044470861e-03 6.161629737849238370e-03 3.320992429280305788e-03 7.504869623050903354e-03 7.638824400473773722e-03 7.309930964326851952e-03 8.425517864678959065e-03 6.367774051532913010e-03 7.638819546827868394e-03 7.638823388653095264e-03 1.040469565085232542e-03 7.710370031945740568e-03 7.674910869396321493e-03 4.968031208461605105e-03 8.704887995777402937e-03 7.809996207143489466e-03 7.584303551019710467e-03 7.015116117393978279e-03 7.621501524172877122e-03 7.630785956586434368e-03 6.952581964699240842e-03 7.588762467198991064e-03 7.123214052591980358e-03 7.638824441397658663e-03 3.281888026843249144e-03 7.638824441397658663e-03 9.617417903511105842e-03 7.638824437866768673e-03 1.309751884317002756e-02 6.773613512837525427e-03 6.985199010944995006e-03 1.834849484534108524e-02 2.503934174325301784e-03 7.638824441397658663e-03 8.656027259923220266e-03 7.783628342684809250e-03 7.638735523125748245e-03 7.638824110736632325e-03 6.038957500795747932e-03 6.994982282848342253e-03 4.895422837240073245e-03 1.313844221160460728e-02 7.198887871429719351e-03 7.638824441397658663e-03 6.849373259115458870e-03 1.488559000588699638e-03 2.579364549896000051e-03 7.172273696999846571e-03 9.015044846167072010e-03 7.566333311008995206e-03 7.638824441397658663e-03 7.863690355767501833e-03 1.020699915273052052e-02 7.638824428803868936e-03 6.920385941245859283e-03 4.017489164077669810e-03 7.638405845237096481e-03 7.638824441397658663e-03 7.638824440425559525e-03 7.303983846262125483e-03 4.239525212457693863e-03 4.869769723807686884e-03 7.305970090825249404e-03 7.937487473546771255e-03 1.026040614606163470e-02 7.635956995154875339e-03 5.156627244907545198e-03 7.638823712759172310e-03 3.635834863661836606e-03 7.925075791736261796e-03 5.940157823608255977e-03 7.637400129490527594e-03 4.806864144749078277e-03 7.638823194677209563e-03 5.659933647901758090e-03 7.437261526440767413e-03 6.671228795180093180e-03
2.724122264453322350e-03 7.757580133864144627e-03 7.497144262997117864e-03 6.405575705844894843e-03 1.891776775323712311e-03 1.368865352439593841e-02 7.384752905633886096e-03 7.347063136427854288e-03 6.486525037325959961e-03 7.508110775774459560e-03 7.379372082257191004e-03 7.377875480026521021e-03 8.991727052300415440e-03 7.379368764764536286e-03 7.379372082257191004e-03 7.379372082257189269e-03 7.835148000662359169e-03 7.195136995886405873e-03 7.798095479220619464e-03 9.608057416004775475e-03 7.032745840385258747e-03 9.156690019768315772e-03 8.047273507128921075e-03 5.695427763014315227e-03 7.379372028955105169e-03 7.367124119901806434e-03 4.274234699538268477e-03 7.379372082257191004e-03 6.473510592761904693e-03 9.756525023732578669e-03 7.379365864515907356e-03 7.193339465289350435e-03 7.379372082257191004e-03 1.160847457974024770e-02 7.379148570907754535e-03 7.064720064442718550e-03 7.954068996201560382e-03 7.379372082257191004e-03 3.177806817419115068e-03 1.421589019154911003e-02 7.310021868488737404e-03 6.530398161667552367e-03 7.629097436168311153e-03 6.696386597644958180e-03 4.451827423702811766e-03 2.144918292007888787e-03 5.639656943467742135e-03 2.610266668826373166e-03 6.860843113567626807e-03 7.379372082257191004e-03 7.505959506199415265e-03 7.379372082204723425e-03 3.192221281350720793e-03 7.219286957115690628e-03 1.007194262330796987e-02 2.541783354331219897e-03 6.493089085047967432e-03 7.366801463123923838e-03 7.377826916699789517e-03 1.316064211176477122e-02 7.378829778963491744e-03 8.627135931621994144e-03 4.472823317840127384e-03 7.044369109267984395e-03 7.379372075490080694e-03 7.059878862823555125e-03 7.889883945598814841e-03 7.149557612984591866e-03 7.379367354690897704e-03 7.379371065269058408e-03 2.021285640123695205e-03 7.361136667237863813e-03 8.520441076898440866e-03 2.825635606792481491e-02 7.484602097318123967e-03 6.621154256345265082e-03 7.327274536004491599e-03 7.157395786393129858e-03 7.678404285521400578e-03 7.371606533323063828e-03 6.311934644319392058e-03 6.587131968315168909e-03 6.345702003040180027e-03 7.379372082257191004e-03 5.698396646536558335e-03 7.379372082257191004e-03 1.072621724449612270e-02 7.379372078849209642e-03 6.104912517968524507e-03 9.378441968037899354e-03 6.760127320867080625e-03 1.960672194952557679e-03 3.473456414297473264e-03 7.379372082257191004e-03 7.701790540973902852e-03 7.339035432947676671e-03 7.379286184090742308e-03 7.379371763782846018e-03 9.101947446476486847e-03 6.292154648549399404e-03 3.957029058532143470e-03 1.959212943253037936e-02 6.953359078098867753e-03 7.379372082257191004e-03 6.909587059557719020e-03 1.026514349537537658e-03 1.838704864701527211e-03 6.982498215691270577e-03 7.201317596705458096e-03 6.960005607495513974e-03 7.379372082257191004e-03 7.306398860947633904e-03 6.043702447407147543e-03 7.379372070091153729e-03 8.236540799373642460e-03 4.568739045895974134e-03 7.378972371038548111e-03 7.379372082257191004e-03 7.379372081321003245e-03 7.056394567133320028e-03 7.429353818799374308e-03 6.221760645840439079e-03 8.757514531862929663e-03 6.434290086708298155e-03 5.075767420719575623e-03 8.786812819571658550e-03 7.148851611996186704e-03 7.379371378363498539e-03 1.454499636428504064e-02 8.834771882519548702e-03 8.548357478983709817e-03 7.377645288306833651e-03 1.136441575596313681e-02 7.379370877881550987e-03 3.547473545924626891e-03 6.233366830637293056e-03 6.538434323244542330e-03
4.006375755840921489e-03 8.276703077406591391e-03 6.468126762891769979e-03 6.670053989101604013e-03 3.132647384830773707e-03 5.637721025247182868e-03 7.980761078332867381e-03 7.952193918177263149e-03 6.785169447578835722e-03 7.868426360756554383e-03 7.995193739109096240e-03 7.993548123127419344e-03 7.934872520945865371e-03 7.995190144829583331e-03 7.995193739109096240e-03 7.995193739109094505e-03 5.220808012482167602e-03 7.653312684564705058e-03 7.739289414531147146e-03 2.198379022815012771e-03 7.444963076330561418e-03 6.847211776984918861e-03 7.480374956890563018e-03 2.459429513465518757e-03 7.995193681480742762e-03 7.982391988923540418e-03 1.923232118524203019e-02 7.995193739109096240e-03 6.392610063785154201e-03 5.608314724161248856e-03 7.995187002485573333e-03 7.793404545635828490e-03 7.995193739109096240e-03 3.111047303694343576e-03 7.994951574818149817e-03 7.338863760336786744e-03 8.037942623597199229e-03 7.995193739109096240e-03 4.351366670525600062e-03 1.733878260805735844e-03 8.067076519816907682e-03 7.413582053108193348e-03 8.115799078013168771e-03 8.053926044612656765e-03 4.770804391269016335e-03 4.772694022147201676e-03 6.659874807960233963e-03 6.090055543077216478e-03 9.946218912973073603e-03 7.995193739109096240e-03 8.632351170158760259e-03 7.995193739052251086e-03 3.462598135161304349e-03 7.821749227041126587e-03 1.886338470404157197e-02 6.864255527809009702e-03 1.982727510398291440e-03 7.981574020223066238e-03 7.993416072082813392e-03 5.837972271977065301e-03 8.004056363378080075e-03 7.511281930753077769e-03 3.639361269910359499e-03 8.113416814596581192e-03 7.995193702898594629e-03 7.648381427722313400e-03 6.383744392409316203e-03 4.671581965414830714e-03 7.995334725927770794e-03 7.995192637251496287e-03 1.029997742405151621e-02 8.682296209151483396e-03 7.948062484640208702e-03 6.810250064167445126e-03 1.002953512540738674e-02 7.137723081956399464e-03 7.938122544649279383e-03 6.818894301007201626e-03 8.390353250812301183e-03 7.986791596507041707e-03 5.970233307405212533e-03 8.072186622226642030e-03 7.945799682009148726e-03 7.995193739109096240e-03 1.088005707176803623e-02 7.995193739109096240e-03 9.296205201569185048e-03 7.995193735413481245e-03 1.164749805427796152e-02 8.365114257201574158e-03 7.311655392658910832e-03 2.941770889182174741e-03 8.184238409850198848e-03 7.995193739109096240e-03 7.453089813948939914e-03 8.004815053345222531e-03 7.995100672588675503e-03 7.995193392468380109e-03 1.008471325255550985e-02 7.898621637731598200e-03 1.010127049173414199e-02 9.947793198681510393e-03 7.900045452499528803e-03 7.995193739109096240e-03 8.366991283862427325e-03 2.410286334322933252e-03 1.216448484767021195e-03 7.587324038067733319e-03 7.291980875080030997e-03 8.033249530870435404e-03 7.995193739109096240e-03 7.414875014981739398e-03 5.946199556236798911e-03 7.995193725927777356e-03 8.156226034889650991e-03 2.799826666589768243e-03 7.994759280545930824e-03 7.995193739109096240e-03 7.995193738145979501e-03 7.876831551217149119e-03 5.008982830030993087e-03 6.199452640908066463e-03 8.774597999874343343e-03 6.129799256933087664e-03 7.910987312077101541e-03 8.501214414666679459e-03 6.737866872345016876e-03 7.995192976474229524e-03 3.667131342888611725e-03 7.763453802224908919e-03 9.169478655734862246e-03 7.993014765448924405e-03 4.394921518300971136e-03 7.995192434226177508e-03 3.830687460879673555e-03 4.244675477804627298e-03 8.032013429982595709e-03
7.029287173669279860e-03 8.586632106905377204e-03 9.796385661472391954e-03 5.291879479349788362e-03 1.985448946494531523e-03 4.805224960463576160e-03 7.869072694933410689e-03 7.867033604969608102e-03 9.762266964526186697e-03 7.732133051527083356e-03 7.857279163682425252e-03 7.855664290635104574e-03 9.638291598229119239e-03 7.857275631340532307e-03 7.857279163682425252e-03 7.857279163682423517e-03 5.445618430328476138e-03 7.591147253844134427e-03 7.529747444073453186e-03 2.688477045724966662e-03 7.311059493260553890e-03 1.489965358207945983e-02 7.499288986287841983e-03 2.617245340592961635e-03 7.857279106900821528e-03 7.844247421899593758e-03 3.487567324739888636e-03 7.857279163682425252e-03 8.269597163768630660e-03 4.458138516600086004e-03 7.857272543354741623e-03 7.658970550339156379e-03 7.857279163682425252e-03 5.514588037046314756e-03 7.857041176649414219e-03 7.958892665948558848e-03 7.879199638154029545e-03 7.857279163682425252e-03 3.545022246498831433e-03 1.967024048728911734e-02 7.734399699337738202e-03 8.366782707569894728e-03 7.435516596861934530e-03 7.251997009722163656e-03 1.206198240720054646e-02 3.612377133672467575e-03 9.492774133280144563e-03 1.437841965606720916e-03 1.572206794081765224e-02 7.857279163682425252e-03 6.623150557958467147e-03 7.857279163626560217e-03 7.011786754241203234e-03 7.686826514845192422e-03 1.709035317160652583e-03 4.595858172797850222e-03 1.820943675821036284e-03 7.844317864115792766e-03 7.855678643419706023e-03 2.557016898978474104e-02 7.807266844184828150e-03 7.311929477641622432e-03 2.393234881459680146e-03 7.554517109241271587e-03 7.857279121588374785e-03 7.517661216637752143e-03 8.009283229069746532e-03 6.787632795112513197e-03 7.857274249626318777e-03 7.857278080831522557e-03 1.916258236682336817e-03 7.618569681061048218e-03 8.332955032244068055e-03 5.107379185754310803e-03 4.656529463294623548e-03 7.169468560217279705e-03 7.801191795455182480e-03 9.865641735235913465e-03 7.839010765371313624e-03 7.849010654645818472e-03 8.006452549344031042e-03 7.390934667575698759e-03 7.802201563588433662e-03 7.857279163682425252e-03 5.769811583978948222e-03 7.857279163682425252e-03 5.520525370498456652e-03 7.857279160050564815e-03 5.356780695338693964e-03 9.209201501488290323e-03 7.189743978937680226e-03 3.055763110359086421e-03 6.118549924604799878e-03 7.857279163682425252e-03 7.631184458361020204e-03 7.589825281074421247e-03 7.857187702530188389e-03 7.857278823836239337e-03 6.864251513611369614e-03 7.449843435995084917e-03 3.615253637688521909e-03 8.085626823887664960e-03 7.404035554718187834e-03 7.857279163682425252e-03 8.223631981698391324e-03 9.403798370060165559e-04 2.567170586273598808e-03 8.224469538589230383e-03 9.911168686609690692e-03 7.484797767238911791e-03 7.857279163682425252e-03 7.147724154601907930e-03 5.702491850961467594e-03 7.857279150728480044e-03 9.122383167474726329e-03 3.203171859460961918e-03 7.856865018469459672e-03 7.857279163682425252e-03 7.857279162683437901e-03 7.541681951178291245e-03 1.009258000165833176e-02 7.733489279241993752e-03 6.733983066324903712e-03 9.402730578995394800e-03 7.688005428408207706e-03 9.603228766822942061e-03 4.944059215527152329e-03 7.857278414202769831e-03 6.258738612519554843e-03 6.962107726993627121e-03 5.566452821815418180e-03 7.855164566285476394e-03 5.229125405431861960e-03 7.857277881308327716e-03 5.296240793328999517e-03 7.933091146842791153e-03 7.252543132885662727e-03
3.866278480160474217e-03 8.178234908012135471e-03 7.973206139754700911e-03 9.455339746792129976e-03 4.604472365913276320e-03 5.884637222083283908e-03 6.933225408367698489e-03 6.906929575242016367e-03 8.787277695323494550e-03 7.445672840828703939e-03 6.942812798984393866e-03 6.941452280552640880e-03 9.003375390360173966e-03 6.942809679030660999e-03 6.942812798984393866e-03 6.942812798984392131e-03 5.230587198953855210e-03 6.662521300994612289e-03 6.609531933471822496e-03 2.976764456983608739e-02 6.580409738080665767e-03 9.136539887844170524e-03 7.005388786088819451e-03 1.108897887891093989e-02 6.942812749963978534e-03 6.931288092895867073e-03 3.535270569931267537e-02 6.942812798984393866e-03 1.111981861274561646e-02 5.383637057218676122e-03 6.942806949080370868e-03 6.767585062204731390e-03 6.942812798984393866e-03 3.720537083965644656e-03 6.942602509980222956e-03 7.550875379958849401e-03 6.521598031705913914e-03 6.942812798984393866e-03 4.866513488386655165e-03 2.827610063700238593e-03 6.703860119212600582e-03 7.809891401366662357e-03 7.240706810380796721e-03 7.883254267785286262e-03 7.393449839158090960e-03 7.230680243218769523e-03 6.195883228875050108e-03 1.385722599327813111e-03 3.365034746654460736e-03 6.942812798984393866e-03 7.756355325049859792e-03 6.942812798935030574e-03 2.568251397983140061e-02 6.792198215064678031e-03 2.561100772584279719e-03 3.681882987402048616e-03 2.341884084230616211e-03 6.930986029901779061e-03 6.941298035948829243e-03 1.465125300421209371e-02 6.899314810710367035e-03 6.112997991787313956e-03 9.100057619530125055e-03 6.361088309926814233e-03 6.942812761789342139e-03 7.815979475561920381e-03 8.019387216685214259e-03 4.381397078305843996e-03 6.942808376223660698e-03 6.942811842160669447e-03 8.789060406255414957e-04 7.011606176533936863e-03 8.028904663463549626e-03 4.520536644735156234e-03 7.177499898822010255e-03 5.510733840071802350e-03 6.893255572058715544e-03 6.854337504762118664e-03 6.663488338369005955e-03 6.935506613515586560e-03 6.962424358364316564e-03 6.578734794753623299e-03 6.904353693695848386e-03 6.942812798984393866e-03 3.675294768011638184e-03 6.942812798984393866e-03 7.449548746741132751e-03 6.942812795775496308e-03 5.840422822256165561e-03 1.335364879377001941e-02 6.349361672958936387e-03 5.138227924380266327e-03 4.417931311043476507e-03 6.942812798984393866e-03 6.624462173660024961e-03 7.018383110382609737e-03 6.942731982503605979e-03 6.942812498027637821e-03 1.209760449130547859e-02 6.445664367083394318e-03 7.918731288290330877e-03 8.515923419746850020e-03 6.542216089174065705e-03 6.942812798984393866e-03 6.338557293311920630e-03 1.414325221878638423e-03 3.890087308806936591e-03 5.728625303568846486e-03 8.011242640242948951e-03 7.173887065824521500e-03 6.942812798984393866e-03 5.521569430536834092e-03 1.153407777958193048e-02 6.942812787538087289e-03 8.240648685823893926e-03 5.522911003632139867e-03 6.942433650311246283e-03 6.942812798984393866e-03 6.942812798104745081e-03 6.643950686500713944e-03 7.259287882620400062e-03 1.017236188890681056e-02 7.655381470742596110e-03 8.828373313852153070e-03 6.315089771711058196e-03 7.523500390378391744e-03 8.375120586448641172e-03 6.942812136732635225e-03 6.678148559680299572e-03 7.426616288061278423e-03 5.059433539414897631e-03 6.941026836050589316e-03 4.586290851894271950e-03 6.942811665858902859e-03 2.846654998078792034e-03 1.025224673583229398e-02 6.069939866849954554e-03
2.222004333035719481e-02 7.225807789451749522e-03 7.253859112920495525e-03 6.838184458103149788e-03 1.427272379404512410e-03 2.975778292807663636e-03 7.208040242669839712e-03 7.183760822094673558e-03 9.573449502837238362e-03 7.106519372937213606e-03 7.221396905486478918e-03 7.219922855066176863e-03 6.010054422101103119e-03 7.221393659420236727e-03 7.221396905486478918e-03 7.221396905486477183e-03 6.995744585960530885e-03 7.020484391530692862e-03 6.794107970549671631e-03 3.967097135110966952e-04 7.143571477038218424e-03 8.637132109829583418e-03 6.676670019751045418e-03 2.537949329988459582e-03 7.221396853303099772e-03 7.209410191006490436e-03 3.442348891021567749e-03 7.221396905486478918e-03 1.235824508359693180e-02 4.401303443305581986e-03 7.221390820851903217e-03 7.039137187104225341e-03 7.221396905486478918e-03 3.732472870418188180e-03 7.221178178523135482e-03 6.407187698792339917e-03 7.384070117019775337e-03 7.221396905486478918e-03 3.099861884800001258e-03 1.710278599151697628e-03 6.916494368871481564e-03 6.201132522167760244e-03 6.992142229080925038e-03 6.462084840571211478e-03 1.315710080819271904e-02 1.117117212350311924e-02 7.709027113014132147e-03 3.016182956801902529e-02 6.419437230594843627e-03 7.221396905486478918e-03 7.002047544984818517e-03 7.221396905435134572e-03 2.570084084704439900e-02 7.064738830188547342e-03 6.324452207707625777e-03 4.036895709747851183e-03 2.021615275590629788e-03 1.004620220040385557e-02 7.219796214205639016e-03 1.227054605808252166e-02 7.192551689332456720e-03 1.003609906978441581e-02 4.229172886987979385e-03 6.438910917073405876e-03 7.221396866798978666e-03 6.908659508118733875e-03 7.627214078299911909e-03 5.655684659272202167e-03 7.221392279218542473e-03 7.221395910269686261e-03 9.382054401647849443e-04 7.825613749971002328e-03 7.056748555861605716e-03 5.080036166734852934e-03 5.531968526766287662e-03 5.676778250009337397e-03 7.169859537961461617e-03 6.352424144242545603e-03 7.300084170739305593e-03 7.213797552601746571e-03 6.264346683935488602e-03 6.753013677839076086e-03 6.504824131551505996e-03 7.221396905486478918e-03 1.170769609876960195e-02 7.221396905486478918e-03 7.652612065163709974e-03 7.221396902148880491e-03 5.836143634072479651e-03 2.664232122666532546e-02 6.604071217312048117e-03 6.461648264627499992e-03 5.578917852020429113e-03 7.221396905486478918e-03 6.883088982885093507e-03 7.298785428003023990e-03 7.221312940287591409e-03 7.221396592392254760e-03 9.601305412804713238e-03 7.647654025993317999e-03 6.844801967677234533e-03 3.405139153013139221e-03 6.804504599161641590e-03 7.221396905486478918e-03 6.664722815411801109e-03 2.159293836818134815e-03 2.301043461276324007e-03 8.286239263828333243e-03 7.115232706248951662e-03 7.839977236385612183e-03 7.221396905486478918e-03 9.352785290697841411e-03 5.531742879245227923e-03 7.221396893580883485e-03 6.936159604958242256e-03 2.610227174760491788e-03 7.221020516947778724e-03 7.221396905486478918e-03 7.221396904567457115e-03 6.914416939828730083e-03 7.121172002802448643e-03 9.524460104840747413e-03 7.454207098155357994e-03 7.926646349266515748e-03 8.147384143522151331e-03 6.477991047626451178e-03 5.302399220182716852e-03 7.221396216713259902e-03 5.403807970521833960e-03 7.412657360051374579e-03 9.058376610963144587e-03 7.219464524959586307e-03 2.468820545927938748e-03 7.221395726893817951e-03 1.225775310190493211e-02 3.052101215168708578e-03 7.209486393453835677e-03
3.101100606851665571e-03 7.913952595971308901e-03 8.162784250872493971e-03 6.054185024773053522e-03 1.572115882705271521e-03 4.787935302060925859e-03 7.807522978198467439e-03 7.753197196127904582e-03 1.102248750821259622e-02 7.674532893677319181e-03 7.795043251122226076e-03 7.793807879226063301e-03 8.173882065141489794e-03 7.795039746759164188e-03 7.795043251122226076e-03 7.795043251122223474e-03 2.101206705100587286e-03 7.592446601588027748e-03 7.770141947874506690e-03 8.614721872913662024e-03 7.919324581863340651e-03 7.885263603549314687e-03 7.783909351144150529e-03 5.147310844340118215e-03 7.795043197324142033e-03 7.782103569084892342e-03 5.024431369287105445e-03 7.795043251122226076e-03 8.478866315204549794e-03 1.113778304947875622e-02 7.795036683142662209e-03 7.598305369663218081e-03 7.795043251122226076e-03 5.216027926181493295e-03 7.794807149560737010e-03 8.531791462910075230e-03 8.565938251615095450e-03 7.795043251122226076e-03 3.105680875096523443e-03 7.494889664243082651e-03 7.495653441193820751e-03 8.940925032250687104e-03 8.159980128151562984e-03 8.242656212211107308e-03 9.229671344469187605e-03 7.110426883758543329e-03 6.444334242555502940e-03 1.143117158848916924e-02 6.400263750716683915e-03 7.795043251122226076e-03 3.167803907014973396e-03 7.795043251066803396e-03 6.009704659159339352e-03 7.625940724890940131e-03 4.209480795857121344e-03 7.465642124341492596e-03 1.806976801529764287e-03 7.781764515173227904e-03 7.793318635514136575e-03 3.638055820438839977e-03 7.743723973092014184e-03 4.150760388648522085e-03 1.245452583116224421e-02 7.557545395920695248e-03 7.795043210433271266e-03 7.456581902076913487e-03 1.075252337833646973e-02 1.285565440996084587e-02 7.795038293459346894e-03 7.795042178593524808e-03 1.496660019841760747e-03 7.904427277584889430e-03 8.683777201403865970e-03 5.380813340430014823e-03 9.432187476096731346e-03 8.192871647080577496e-03 7.739406550476938228e-03 6.092132683758699069e-03 7.631896757437250933e-03 7.786840228401504908e-03 8.049590624771367151e-03 7.897603579784145608e-03 8.751139060275869158e-03 7.795043251122226076e-03 8.285768538742872141e-03 7.795043251122226076e-03 3.573592581110528188e-03 7.795043247519126486e-03 9.962795726369566909e-03 6.349027495885336408e-03 7.127165486149023357e-03 1.388526597157522559e-02 3.250974402194978501e-03 7.795043251122226076e-03 8.436525509622714095e-03 7.536496571843371434e-03 7.794952514455631698e-03 7.795042913176609273e-03 9.025555390883682402e-03 9.001038848276987983e-03 5.772038479625604158e-03 3.257145183264283442e-03 7.345102435287047780e-03 7.795043251122226076e-03 7.023083319752078391e-03 2.827757464234471798e-03 1.501704704307754669e-03 7.572764933364660792e-03 6.694276283945393112e-03 7.598328270359382131e-03 7.795043251122226076e-03 6.879226096265645199e-03 6.336620708165797110e-03 7.795043238270885425e-03 9.005315629976853517e-03 1.005293833032177599e-02 7.794664929189139453e-03 7.795043251122226076e-03 7.795043250131051919e-03 7.456062928875034461e-03 1.227283258411069299e-02 6.755262292048124992e-03 9.665496595112829659e-03 6.691795586688498512e-03 7.192171066265042739e-03 5.998046171107655755e-03 7.169527926957987123e-03 7.795042507579056333e-03 6.258991704899413352e-03 5.741083823738449970e-03 7.249464869247042136e-03 7.793378835443689166e-03 4.273965830354140710e-03 7.795041979103577677e-03 8.725911508386186705e-03 4.715554946419463905e-03 7.152334535252345693e-03
1.088238764407627006e-02 8.482188560302833524e-03 6.344787982266797584e-03 6.901158999790629744e-03 1.266281614451661604e-03 9.980644422773472801e-03 7.530584701859567749e-03 7.504026742554138416e-03 7.892420098849937601e-03 7.424302936200380919e-03 7.544470820349297342e-03 7.542927172990562465e-03 7.893987764600589319e-03 7.544467428638422513e-03 7.544470820349297342e-03 7.544470820349295608e-03 1.297803949769545107e-02 7.223356443874610032e-03 6.907195413420958580e-03 1.734245546333836171e-03 7.531439039641005771e-03 8.529880770034437357e-03 6.940189279150845054e-03 7.049556103771168099e-03 7.544470765828442498e-03 7.531954501296304373e-03 3.325873218410747845e-02 7.544470820349297342e-03 5.031671749144133593e-03 6.530038991614636051e-03 7.544464463497761730e-03 7.354057089425604724e-03 7.544470820349297342e-03 3.059280533403160775e-03 7.544242307884707795e-03 7.685003399015026895e-03 7.799650765194729614e-03 7.544470820349297342e-03 3.803765466095337857e-03 7.310216500995794786e-03 7.504740727727445340e-03 7.489091378812757875e-03 7.182531502712332511e-03 7.185696989904627116e-03 6.081513684840318332e-03 5.217099608539770006e-03 6.845114107641151434e-03 3.930206110966257341e-03 5.709479597964035001e-03 7.544470820349297342e-03 2.260207669627367980e-02 7.544470820295656223e-03 3.325446292419542271e-03 7.380804109693998166e-03 2.165557629509173333e-03 2.943004652823578982e-03 3.690309332165746421e-03 7.531618926991516874e-03 7.542893421434338115e-03 7.678288204478640744e-03 7.515250693855156719e-03 4.337338089406975357e-03 1.901888163289455758e-02 7.769652960810603977e-03 7.544470779996269132e-03 7.217399985800588939e-03 7.231290332772831453e-03 6.823592180091601206e-03 7.544466005821966713e-03 7.544469780608074536e-03 4.557045794690608477e-03 7.645382137923122622e-03 8.358359984490351322e-03 5.905652645714611071e-03 2.660011908456634457e-03 5.819045023401983596e-03 7.490772243254224631e-03 6.738418083032093713e-03 7.897054367128349128e-03 7.536531484387156213e-03 7.002431892886785275e-03 7.557646013744969034e-03 7.415520746149553699e-03 7.544470820349297342e-03 4.237403924866588525e-03 7.544470820349297342e-03 6.802357913427556010e-03 7.544470816862832753e-03 8.982883289352512970e-03 8.278077083683988563e-03 6.919416995029365608e-03 3.889357410470040306e-03 3.470386747990452780e-03 7.544470820349297342e-03 7.141469082012418673e-03 7.564793724837038692e-03 7.544384461709595369e-03 7.544470493252169313e-03 7.876249432469634854e-03 8.455004325509524188e-03 4.473109477586514893e-03 5.550007838933316076e-03 7.108955012135853221e-03 7.544470820349297342e-03 8.800779849113295195e-03 2.603419081260028699e-03 4.325732286387982441e-03 6.900861591042101867e-03 6.391836561829010097e-03 7.040910400494873427e-03 7.544470820349297342e-03 9.117539738044782432e-03 5.527392719348905858e-03 7.544470807911064607e-03 7.483054006791945746e-03 9.615667198937850185e-03 7.544064419262037045e-03 7.544470820349297342e-03 7.544470819389204226e-03 7.230664091433886866e-03 4.749005205500002151e-03 8.550936591034057066e-03 6.592727615533851802e-03 6.561212236450916432e-03 7.280784553242828500e-03 7.634843028298350306e-03 5.250604392959519820e-03 7.544470100707387043e-03 8.115232912596354389e-03 6.222555821715494533e-03 1.407672595831369576e-02 7.542817395243347871e-03 5.217562075560679483e-03 7.544469589028153338e-03 6.731249262424064163e-03 6.769280477396351532e-03 7.721495074783521484e-03
3.005047476731985759e-03 6.280295411526485606e-03 7.001680412933616697e-03 8.522816329615689676e-03 4.751259803055484822e-03 8.042535162593834192e-03 7.848913112737708822e-03 7.821165064862099781e-03 7.430788077640173607e-03 7.746828819020471976e-03 7.863462215539294628e-03 7.861949840719429858e-03 5.151495096179238044e-03 7.863458703993339571e-03 7.863462215539294628e-03 7.863462215539292893e-03 3.755160470633620625e-03 7.553826678495812949e-03 9.024681963262842430e-03 8.004800658417654882e-03 7.329116837903559140e-03 4.447678828738640261e-03 7.605942409948808491e-03 5.241720333177274892e-03 7.863462158779544950e-03 7.850410311212335790e-03 1.014658102739302362e-02 7.863462215539294628e-03 6.252790757458302935e-03 5.541574374873216302e-03 7.863455589910665552e-03 7.664997510653107256e-03 7.863462215539294628e-03 9.485818715358125194e-03 7.863224041229271988e-03 7.704550384927127613e-03 7.567102378939160462e-03 7.863462215539294628e-03 4.633478937977519342e-03 2.781727137049543486e-03 7.837433861995812823e-03 6.118494290837260888e-03 9.278024614018026694e-03 8.278264070283423634e-03 7.588520726049079006e-03 8.366223003947091674e-03 7.587736636493997572e-03 2.301254195705241049e-03 4.686172447304098009e-03 7.863462215539294628e-03 5.413671292305312875e-03 7.863462215483384490e-03 3.853216188413512242e-03 7.692875434063749414e-03 5.549092577101791095e-03 3.095237795416789974e-03 9.697780716217576161e-03 7.850066924408581961e-03 7.861708158537535768e-03 8.896933271086355718e-03 7.826382618071947572e-03 1.458651597276592465e-02 3.967170742666876679e-03 8.192110103627244649e-03 7.863462201489933995e-03 7.524457416282080008e-03 8.739001670315165934e-03 5.876841859027195566e-03 7.863457178288207894e-03 7.863461131836273210e-03 1.138180996462646475e-03 8.022967854746669916e-03 5.793151484440416457e-03 5.296013643186288540e-03 5.971197316628997463e-03 9.248304017948870415e-03 7.807374830219882163e-03 8.749714974507157711e-03 8.188630036959966899e-03 7.855187194028917519e-03 5.878936641823421204e-03 7.775614799125662481e-03 8.664721748671661353e-03 7.863462215539294628e-03 2.323411353931353028e-03 7.863462215539294628e-03 7.711081912409240013e-03 7.863462211904571897e-03 1.627986986324934243e-02 4.643586597040616493e-03 7.189661461084317397e-03 5.567554867208360410e-03 4.077303157949205802e-03 7.863462215539294628e-03 7.587939495835728521e-03 7.795804192832048868e-03 7.863370690153137499e-03 7.863461890280936187e-03 5.366843889069025479e-03 6.535077721856390014e-03 4.349097988768056700e-03 6.651343375982541641e-03 7.409501937889821990e-03 7.863462215539294628e-03 7.160599791984152002e-03 9.713836723651991410e-04 1.277917112822376600e-03 8.229184336242497885e-03 7.358115417091398019e-03 8.197414887852708110e-03 7.863462215539294628e-03 7.920525077125805183e-03 8.599057828351238525e-03 7.863462202575154450e-03 5.894960623267300921e-03 1.144243557301699663e-03 7.863206882818281340e-03 7.863462215539294628e-03 7.863462214717427748e-03 7.535401353455545813e-03 6.116128180964956751e-03 6.522257360809910649e-03 9.497533880582441010e-03 7.794081723582392367e-03 9.333969010736976532e-03 6.074421014649174222e-03 8.554350579612164315e-03 7.863461465469857511e-03 5.362622321036900237e-03 9.247768718910037364e-03 1.342169756934677438e-02 7.861353908314763425e-03 2.332889661759215277e-02 7.863460932156068547e-03 5.383608953482095158e-03 1.393299117332398931e-02 8.639720551264289464e-03
2.147531874179835123e-03 7.775190352755078152e-03 8.235985754746948453e-03 1.071579978203342220e-02 3.591630261881188562e-04 6.001944202738210277e-03 7.506748477171749749e-03 7.480147876753139198e-03 5.086454979489080791e-03 7.400772889348900853e-03 7.520578457395244061e-03 7.519102667070792431e-03 6.764519044985614279e-03 7.520575076443460766e-03 7.520578457395244061e-03 7.520578457395242326e-03 1.374228071690589137e-02 7.199512922841416925e-03 7.130571970778622030e-03 3.289164635995481343e-03 7.000376089616256250e-03 7.075338440551356273e-03 7.786478486633051019e-03 4.108042305542440424e-03 7.520578403059632530e-03 7.508446844565082150e-03 6.478517309127170519e-03 7.520578457395244061e-03 9.793990381067516765e-03 6.857613460584451905e-03 7.520572120675034743e-03 7.330767746369848056e-03 7.520578457395244061e-03 2.011627877160467297e-03 7.520350668600983904e-03 6.926765508355256853e-03 7.886526082868574455e-03 7.520578457395244061e-03 3.129248108163070786e-03 1.292258374672295221e-02 7.793652350326312102e-03 7.306914032705454955e-03 9.104797365169873050e-03 7.474685027460665696e-03 6.130730944177536536e-03 2.921715607696292322e-02 9.568781535093710822e-03 5.227112886005932588e-03 9.786578445084957376e-03 7.520578457395244061e-03 7.449627140861184160e-03 7.520578457341772945e-03 7.098842316943194085e-03 7.357430058036733278e-03 1.876591818449896767e-03 1.794023186163362302e-02 2.175872504801473761e-03 7.507767239661956339e-03 7.518974277612311061e-03 6.663498740887426400e-03 7.483663149907373614e-03 5.934350911968128313e-03 1.758337759657015685e-03 7.009881462024190532e-03 7.520578417140902534e-03 1.009153551204600673e-02 7.837255137783230574e-03 5.599901208076530842e-03 7.520573651467818942e-03 7.520577420946747589e-03 1.258299716770793159e-03 7.389275655807923428e-03 8.207866527260689396e-03 4.884314217396331682e-03 9.406982496747645986e-03 6.846918540576890991e-03 7.466896341853337081e-03 6.553818037898028782e-03 7.415577601607529004e-03 7.512664284748451875e-03 8.131019597249062453e-03 7.549274916677826443e-03 8.395680334488590454e-03 7.520578457395244061e-03 8.511911543537080405e-03 7.520578457395244061e-03 6.828591826711276867e-03 7.520578453925504808e-03 1.317467756250358807e-02 9.918615182442412290e-03 6.881974659324680693e-03 9.512154317187057964e-03 3.466719845926880244e-03 7.520578457395244061e-03 7.647741667031905839e-03 7.214217006878344447e-03 7.520490963062629111e-03 7.520578136433161628e-03 8.630563159609770663e-03 7.172607347779967266e-03 4.793855977544569241e-03 7.413832973929787920e-03 7.086413302279929126e-03 7.520578457395244061e-03 7.088135129427128485e-03 3.714065233132085152e-03 2.148641909865511238e-03 6.391770729249110494e-03 8.024540574186464145e-03 7.049360018024726851e-03 7.520578457395244061e-03 8.867436101073027793e-03 5.309623348625301664e-03 7.520578444996401692e-03 8.171049380516996058e-03 6.189724711434476181e-03 7.520169190682062313e-03 7.520578457395244061e-03 7.520578456438550136e-03 7.197730451469392526e-03 6.382371016310637267e-03 6.238497761710114220e-03 7.581538166997407735e-03 8.622825346189277526e-03 9.892593367000001442e-03 6.616067209439520196e-03 7.984107484924200457e-03 7.520577740032366627e-03 3.600203409694700211e-03 6.028791261161732355e-03 4.929875566331558268e-03 7.520692584002111256e-03 8.682256353825301698e-03 7.520577229973534651e-03 6.138280599238946089e-03 6.935529578011331679e-03 7.240411964382589827e-03
2.679101692323851425e-02 7.633481102143579305e-03 8.722208987381997736e-03 2.324394047021020350e-03 2.020701773552321945e-02 1.177829569714593239e-02 7.164718127191967503e-03 7.139336633702121626e-03 6.695245979129552452e-03 7.064241242304186014e-03 7.177942305497090822e-03 7.176465045901642657e-03 4.237311787904548578e-03 7.177939078576858929e-03 7.177942305497090822e-03 7.177942305497089087e-03 7.592707629976777096e-03 6.961197789058792829e-03 6.380987256779252666e-03 3.980886602740473304e-03 9.924571868681201711e-03 5.531759070081861129e-03 7.562825463704890040e-03 6.189128869779179573e-03 7.177942253624318251e-03 7.166034721537607385e-03 9.624850607601763072e-03 7.177942305497090822e-03 7.461604790677076916e-03 9.252527162073781453e-03 7.177936257476672140e-03 6.996779421217610984e-03 7.177942305497090822e-03 4.495088490903740783e-03 7.177724894721112213e-03 7.823918702326316046e-03 7.032180940473631986e-03 7.177942305497090822e-03 3.672508287807530955e-03 2.108774611654603767e-02 7.425789961914053966e-03 8.423948254178418443e-03 7.517074714698006831e-03 7.571606194508183688e-03 7.247615714851452992e-03 4.265992148379692782e-03 7.786434507302002553e-03 2.558838829910927218e-03 5.882305148150337483e-03 7.177942305497090822e-03 3.522713421394320279e-03 7.177942305446055257e-03 3.101804976017367727e-03 7.022226916785462986e-03 1.319950586559901200e-03 3.493434971015147751e-03 8.309342435807562724e-03 7.165738723838278000e-03 7.224825470850580571e-03 6.307806696120903979e-03 7.143776142821610560e-03 8.836508379021673285e-03 2.200913891313702620e-03 7.204154514863888442e-03 7.177942267060479289e-03 1.204519777868123809e-02 8.635987509083750333e-03 3.352010561301731108e-03 7.177937707898545024e-03 7.177941316268993815e-03 3.088904488964435216e-02 6.839241888672882921e-03 7.471948480622061205e-03 4.661513688541234386e-03 4.151756431927587816e-03 7.525554318621388225e-03 7.126799870302311622e-03 6.403194498697307481e-03 6.858398810541934711e-03 7.170388682458670067e-03 6.717111742715662845e-03 7.768939863578143770e-03 7.982489947825667509e-03 7.177942305497090822e-03 1.133530996090910403e-02 7.177942305497090822e-03 4.441040600811441662e-03 7.177942302179328091e-03 4.188163213549049926e-03 7.124401247264070154e-03 6.564198459844105757e-03 2.231171257870456087e-02 7.181506663309329165e-03 7.177942305497090822e-03 7.010562946028866919e-03 6.770380935439789319e-03 7.177858791107504660e-03 7.177942014169513309e-03 7.033155959127466821e-03 7.193042063620005283e-03 5.729032792557473865e-03 7.220739848196478655e-03 7.009695728816521705e-03 7.177942305497090822e-03 6.411174374943017125e-03 1.009142187261101139e-03 4.038937779310395118e-03 6.415923354953649398e-03 8.352418646107424849e-03 6.438413674856196568e-03 7.177942305497090822e-03 9.106991370823130927e-03 7.792856424082518149e-03 7.177942293663136866e-03 7.485185323221839153e-03 1.803292291306126749e-03 7.177553772433953316e-03 7.177942305497090822e-03 7.177942304584068560e-03 6.881035963302008229e-03 3.908918927217006241e-03 7.455283765939752644e-03 5.649817994434321033e-03 8.470506676937911150e-03 6.580148927595783244e-03 7.633391727640248189e-03 5.357772456978038972e-03 7.177941620817150474e-03 3.920959798512972661e-03 5.574110888044122789e-03 6.627617301501756431e-03 7.175998735913856168e-03 4.791982905752801940e-03 7.177941133996485097e-03 4.498706601419094966e-03 7.280493233416132637e-03 7.262936720788742279e-03
6.663959920883138523e-03 8.501175618942743983e-03 6.292720755441879969e-03 6.079817858918727322e-03 5.901485804404311107e-03 1.034210489628874068e-02 8.190017241360553896e-03 7.935190570670727639e-03 6.597230510511786425e-03 7.858664386712512287e-03 7.974960022721713088e-03 7.974642850617566503e-03 6.496026931215263117e-03 7.974956437475557575e-03 7.974960022721713088e-03 7.974960022721711353e-03 1.534581838049398073e-02 7.643905053127899099e-03 7.290525264857654862e-03 9.318380715211677448e-03 7.459947634400941260e-03 7.040962494640554646e-03 8.953361573184033181e-03 5.128282371185880276e-03 7.974959965089144232e-03 7.961721714445051459e-03 3.685806008623005326e-03 7.974960022721713088e-03 6.454971148925497254e-03 4.961923924350846761e-03 7.974953303146797498e-03 7.773681241219418739e-03 7.974960022721713088e-03 1.031929784490955015e-02 7.974718471627284533e-03 6.048684015786535625e-03 8.589389404870265143e-03 7.974960022721713088e-03 3.297687701872085726e-03 6.138510294487998890e-03 8.520390840978971439e-03 7.311176512311558587e-03 7.550466087959086664e-03 8.446261241622734020e-03 3.654632282405089437e-03 2.722455111169776436e-03 7.209635795114150564e-03 1.621925705739012558e-03 4.602158362480478215e-03 7.974960022721713088e-03 8.743911852809260754e-03 7.974960022665010181e-03 3.604505777387472139e-03 7.803323180087488355e-03 1.633129279658417175e-03 1.293434694149203819e-02 2.143473092175755216e-03 7.961375898326093770e-03 7.973403512316949715e-03 7.341717216500853044e-03 7.976420734815308985e-03 2.964845947839107789e-03 2.107486285513369278e-02 7.041386466826399758e-03 7.974959979997585033e-03 7.632381159077375118e-03 8.549797931437539550e-03 9.482092080730237724e-03 7.974954962014925430e-03 7.974958923652622142e-03 2.792838029841409903e-03 8.111356373485562044e-03 9.380151881435998609e-03 5.185949234809449256e-03 6.975815879419822348e-03 6.533005353414896021e-03 7.918032560541632403e-03 8.144013833801685975e-03 7.873753950329532778e-03 7.966567666467009104e-03 7.641955391706970434e-03 6.684363487117758046e-03 6.459902711599296854e-03 7.974960022721713088e-03 6.974438394579636664e-03 7.974960022721713088e-03 6.895859443969139073e-03 7.974960019035449987e-03 4.702919684812340365e-03 5.744795600559143671e-03 7.291633561478725982e-03 2.520852305634895072e-03 2.784724805397081632e-03 7.974960022721713088e-03 9.029959105255738749e-03 8.322085704577826537e-03 7.974868116340480192e-03 7.974959677125796620e-03 6.367410910841470387e-03 9.159123033642236483e-03 7.887511811634063605e-03 7.171025967438726494e-03 7.514581680138255823e-03 7.974960022721713088e-03 7.218671596614479463e-03 9.825147184170245247e-04 1.205257757610925544e-03 7.163996192022415062e-03 7.100677511963108743e-03 8.580806612084934670e-03 7.974960022721713088e-03 6.353749107601042341e-03 1.209512717832332204e-02 7.974960009573751202e-03 8.094290002915277907e-03 2.919028515379687005e-03 7.974530656849854529e-03 7.974960022721713088e-03 7.974960021707000468e-03 7.642951519163521459e-03 7.133727301890656000e-03 5.573993911936817904e-03 8.772210297120469624e-03 5.851435397406518600e-03 6.834440513674211459e-03 7.769542774239005314e-03 7.154632339414664088e-03 7.974959262016871955e-03 5.595937549734212625e-03 1.153018814243351314e-02 4.643094657682578924e-03 7.972986596466826933e-03 5.303806783684510834e-03 7.974958721141107640e-03 9.534699889911870535e-03 1.395640602781798856e-02 8.962169896762829657e-03
2.029434517943886230e-03 6.169168434242972357e-03 7.930660201322490763e-03 7.486400298303688867e-03 1.139084550409522577e-02 8.838238379861487748e-03 7.398985664081076004e-03 7.373019676987204764e-03 8.714201381468883803e-03 7.295611813539596389e-03 7.412740129664666285e-03 7.411214392173463145e-03 5.936818707496185725e-03 7.412736797171193270e-03 7.412740129664666285e-03 7.412740129664664550e-03 1.054200219630107085e-02 7.952667539091070464e-03 7.226679120899571346e-03 2.317583721612469661e-03 6.902697894591438427e-03 7.058898060251187802e-03 7.594233807592799639e-03 1.036346634555904145e-02 7.412740076095661150e-03 7.400708008183906443e-03 3.441886457223459084e-03 7.412740129664666285e-03 8.645635141335069121e-03 8.600977030247597063e-03 7.412733884015096711e-03 7.225682160467148014e-03 7.412740129664666285e-03 6.993894495460310431e-03 7.412515607505673967e-03 8.071577533653777337e-03 6.785956985099888053e-03 7.412740129664666285e-03 4.006697668997093870e-03 2.481823299884924807e-03 7.121939514900818904e-03 6.619344911896769129e-03 8.889011711767584589e-03 7.882440729143408084e-03 9.052112599880835289e-03 5.791656888109477513e-03 8.236871474390804193e-03 2.654995540710875304e-02 4.795805329017044719e-03 7.412740129664666285e-03 5.944456848339147066e-03 7.412740129611961049e-03 3.207608901972203771e-03 7.251931137565479496e-03 6.473999080685371825e-03 2.507560533114043620e-03 5.692454863090369577e-03 7.400112646423078616e-03 7.411089874761528883e-03 4.436186329169493694e-03 7.386016029501166723e-03 8.229165374840091349e-03 2.102125553621995730e-03 7.429388774301131336e-03 7.412740089952012112e-03 7.133115041116347074e-03 8.520070917570352412e-03 7.386892985179777972e-03 7.412735384896259987e-03 7.412739108077908388e-03 2.355003834308594477e-03 6.981235972938146413e-03 5.622195667419004582e-03 4.978809921334049690e-03 5.284726368741751550e-03 7.291783487628972389e-03 7.359826942535859125e-03 8.790812354348281898e-03 7.104792327688909392e-03 7.404939419150307484e-03 6.532833868033122854e-03 8.268075165051534670e-03 7.404035666989324665e-03 7.412740129664666285e-03 1.342071309593079707e-02 7.412740129664666285e-03 8.633834666432268698e-03 7.412740126238280373e-03 3.451245014945977969e-03 1.049535638546307201e-02 6.816091884690705059e-03 1.555676774427290285e-02 2.684895106371425633e-03 7.412740129664666285e-03 7.529851991674735984e-03 7.579811278660422529e-03 7.412659641400197973e-03 7.412739809368185107e-03 4.549516658791355646e-03 8.015085109822215476e-03 2.550574634510627964e-03 7.277586682482880924e-03 6.984820482897331588e-03 7.412740129664666285e-03 6.719751743570053990e-03 1.137394037399379072e-03 2.935248924061792386e-02 7.851450964254727549e-03 9.098230756321915372e-03 7.566451538290320383e-03 7.412740129664666285e-03 1.025623953555312995e-02 7.787750593718834047e-03 7.412740117443611387e-03 5.885979390204853189e-03 2.280926646655887218e-03 7.412337139409921720e-03 7.412740129664666285e-03 7.412740128963590802e-03 7.364831376917711087e-03 7.019727831007685319e-03 7.283786790453772308e-03 7.190527361814895262e-03 1.058873128847973889e-02 7.714156793693856956e-03 8.124761363629899938e-03 6.083513742539924107e-03 7.412739422793383423e-03 3.588984983305259623e-03 6.885997365560539776e-03 7.754659586146627447e-03 7.410725551918089307e-03 5.761663761190085990e-03 7.412738919843082225e-03 6.425516078202921609e-03 4.419918574067484632e-03 7.512893407508118918e-03
1.754823190044177850e-03 6.901668882623902476e-03 3.420137293452904514e-03 1.105095344906641477e-02 3.191006401532897347e-03 5.047957358415989214e-03 5.998136793914339050e-03 5.992849675946758381e-03 8.354355110872005094e-03 5.916708039957574265e-03 6.009259718076676547e-03 6.008905515450074265e-03 7.764802217759267551e-03 6.009257016537310203e-03 6.009259718076676547e-03 6.009259718076674812e-03 7.650472359812809930e-03 5.840477215909147500e-03 9.758549747872055993e-03 9.823134669235322400e-03 7.120953156813073989e-03 4.406350584087917639e-03 5.331409238243945900e-03 8.131389202682979059e-03 6.009259674689308196e-03 6.004944253658299133e-03 1.035416996647449753e-02 6.009259718076676547e-03 2.324547371194204438e-03 7.032141036728245011e-03 6.009254654769683249e-03 5.857592942248639363e-03 6.009259718076676547e-03 1.020532322760851068e-02 6.009077705212029219e-03 9.910933016255339331e-03 4.056362808028070657e-03 6.009259718076676547e-03 2.442992385116027777e-03 1.991769832354400166e-02 3.654424270119248450e-03 1.350032700611521197e-02 6.015682731127154105e-03 7.025348592867555232e-03 1.469936430914925256e-02 1.708240265859947704e-02 1.076699031966256784e-02 2.750276164313748654e-04 1.348302152019700828e-02 6.009259718076676547e-03 1.180798273053987844e-02 6.009259718033950308e-03 3.199421689212978391e-03 5.878897258607939866e-03 1.701413757331735879e-03 4.488885431745687563e-03 3.184248420420427404e-03 5.999023963979500419e-03 6.008019671879622978e-03 2.022203155289404794e-03 5.977045910770454988e-03 1.236225996726147101e-02 2.257404449159830170e-03 7.505845820466533827e-03 6.009259685987720923e-03 5.752287152483311593e-03 4.966725959644542610e-03 2.763940952460704897e-02 6.009272588102797762e-03 6.009259059339651550e-03 1.101947729158117735e-02 5.600665452156977989e-03 5.097252953636622827e-03 4.064501463610066881e-03 2.608813002237606992e-03 1.622090279801541995e-02 5.966367189330495924e-03 6.595680396544275313e-03 5.153741803664308591e-03 6.002935944942491484e-03 1.414544160013723670e-02 1.058577584969144260e-02 8.702184212419580150e-03 6.009259718076676547e-03 5.392393534610542133e-03 6.009259718076676547e-03 7.454373671056965453e-03 6.009259715307238223e-03 4.811384081139929124e-03 6.851934909225441961e-03 5.494350529198554177e-03 2.971199445101958651e-03 1.223255444986067787e-02 6.009259718076676547e-03 6.206700393804941672e-03 4.484190462158752118e-03 6.009189772260361412e-03 6.009259457569898939e-03 5.690212540485677963e-03 5.977414128777627789e-03 3.874991750651458032e-03 1.740200942346677507e-02 5.663626876323058119e-03 6.009259718076676547e-03 5.930014163483302361e-03 1.563235503969625378e-02 4.554021285141336001e-03 8.708772160044087399e-03 3.757659166894154745e-03 6.111256976613916279e-03 6.009259718076676547e-03 4.367124538926183200e-03 8.547354180845970206e-03 6.009259708169477354e-03 6.185857622757260157e-03 1.156037310688401605e-02 6.011589084768976902e-03 6.009259718076676547e-03 6.009259717698493819e-03 5.924473965094653044e-03 1.885330183417887467e-02 5.267356386553947653e-03 8.762123021738245018e-03 3.642618808167381352e-03 8.105936861190647658e-03 1.553613530700379344e-02 1.103301252793796941e-02 6.009259144873432996e-03 3.185000698037008301e-03 4.614644751049856199e-03 4.176896855907256782e-03 6.007738575660094560e-03 9.923728571157634792e-03 6.009258737314908741e-03 2.901882047494290864e-02 1.097082293398362988e-02 4.255502934428847216e-03
3.527434127908249829e-03 8.469792879471553168e-03 7.241454659791596825e-03 5.378027094011175215e-03 5.951973031220924443e-03 6.630397664703881026e-03 7.305374961939452468e-03 7.279604517607049519e-03 6.926466110028979897e-03 7.204945499318527423e-03 7.318934066378352497e-03 7.317449492333990592e-03 9.049206480468781691e-03 7.318930776060315370e-03 7.318934066378352497e-03 7.318934066378350763e-03 4.175719379495518822e-03 7.019860950438231752e-03 8.139040728835193750e-03 5.673134905488347313e-03 6.823443291999150770e-03 5.789293210988283311e-03 7.231756022016720686e-03 4.731026866322148722e-03 7.318934013787864977e-03 7.306787806389802506e-03 3.264566057455210724e-03 7.318934066378352497e-03 6.866096713063879128e-03 1.042868003072243595e-02 7.318927899560511395e-03 7.134212623358142033e-03 7.318934066378352497e-03 6.107275513895451050e-03 7.318712385136226517e-03 7.291683078193084144e-03 6.687581341591706044e-03 7.318934066378352497e-03 4.709637168362808095e-03 3.814730269565263891e-03 6.654177159961302719e-03 7.985970333013356695e-03 6.194029258588447731e-03 6.601608232980817927e-03 1.268065949507007906e-02 8.682219703591498999e-03 6.568239467384814900e-03 1.281456965444868409e-03 1.057376085243318456e-02 7.318934066378352497e-03 7.622870100655483420e-03 7.318934066326315130e-03 3.171781636665861343e-03 7.160160059205439645e-03 4.868690271183558418e-03 4.565636393510833814e-03 2.261609935785544902e-03 7.306466496850164485e-03 7.317318856378179047e-03 1.786430133609945986e-02 7.280945235306672189e-03 9.483678813664206050e-03 9.918391504065230888e-03 7.645506250910501407e-03 7.318934073123063190e-03 7.192346479707508594e-03 8.224422050026965539e-03 4.527789185508840873e-03 7.318929380273636424e-03 7.318933057719477324e-03 3.062218535890864034e-03 7.363204227534963023e-03 8.047054092564400254e-03 4.903015994387161305e-03 1.194045137073565521e-02 7.811434657699075669e-03 7.266689200140411843e-03 7.242059730795886822e-03 7.624458549796232602e-03 7.311232077206377550e-03 7.423306322374249866e-03 7.650638101721255087e-03 5.930804848201976995e-03 7.318934066378352497e-03 3.688297099297556392e-03 7.318934066378352497e-03 1.261118735105866591e-02 7.318934062995328602e-03 4.633267588430646164e-03 1.206420905876382128e-02 6.692305178936461089e-03 2.370145215580472895e-03 2.835629998461676286e-03 7.318934066378352497e-03 6.937948839387698442e-03 7.155156259372846307e-03 7.318848871729058056e-03 7.318943218599016122e-03 1.013417281405285669e-02 7.550119662205975919e-03 1.375918405766589706e-02 1.761607559530703818e-02 6.897608483662572183e-03 7.318934066378352497e-03 6.546680767872839132e-03 1.342045125887655595e-03 1.643037169262521677e-02 8.079931718851870656e-03 7.272597888272492456e-03 6.853150870558673453e-03 7.318934066378352497e-03 5.008311674663394261e-03 5.413936036187108267e-03 7.318934054311952535e-03 7.754187056663571463e-03 1.661418159867139935e-02 7.318560045206816585e-03 7.318934066378352497e-03 7.318934065447037576e-03 7.007543125297839570e-03 5.468951821372734258e-03 6.472560045752109165e-03 8.663832694232995527e-03 5.958518221288889444e-03 7.439274995883930069e-03 8.556640673985373494e-03 9.838154908900810514e-03 7.318933368249641407e-03 3.332936394354200221e-03 7.787060687131700659e-03 7.760882773696763971e-03 7.318152724505772727e-03 4.728389242639329144e-03 7.318932871866705783e-03 4.787345909199566471e-03 1.718255095368073290e-02 6.500847862300518885e-03
5.521726213611003256e-03 7.130114366093943251e-03 7.968345634992199389e-03 6.730201703938231382e-03 7.341135144654563870e-03 5.101155289058430416e-03 7.572815373671331826e-03 7.549706325629640218e-03 6.663669121369269338e-03 7.466085040235255141e-03 7.586893765261025491e-03 7.585332302910682833e-03 5.414810619284531577e-03 7.586890354483051199e-03 7.586893765261025491e-03 7.586893765261022889e-03 8.096903987628210897e-03 7.278361824961695863e-03 6.816779739999082217e-03 5.791989977762240956e-03 7.066151168961137298e-03 6.638065341227371297e-03 8.285169243408462003e-03 7.169370314781115666e-03 7.586893710432830555e-03 7.575176582073435763e-03 3.009442427188591986e-03 7.586893765261025491e-03 5.318209217681870750e-03 6.366015482713110844e-03 7.586887372664588916e-03 7.397966498776992542e-03 7.586893765261025491e-03 5.803266027221107813e-03 7.586663967859093652e-03 7.089437988088322616e-03 7.315058736826599885e-03 7.586893765261025491e-03 1.769544318353808918e-02 2.966998185595828841e-03 7.569155686192667078e-03 6.759215568841242180e-03 6.747902515805738466e-03 8.372971098999397108e-03 7.838053080551306284e-03 1.175776184401602399e-02 8.518607236308022718e-03 2.644255129520228179e-03 6.066731299892092616e-03 7.586893765261025491e-03 9.767333015947125135e-03 7.586893765207082529e-03 3.204038950434974498e-02 7.422306748329116598e-03 1.676136223726730230e-03 2.575821577901965271e-03 1.964585200243939081e-03 7.573970110480015942e-03 7.585195917851485226e-03 8.950841288560653849e-03 7.552657994405913462e-03 6.240474021172752114e-03 1.485405213180679244e-03 8.108722871345544828e-03 7.586893724617010427e-03 7.259838444616923368e-03 6.126787043569908824e-03 3.442978785334099585e-03 7.586888958425340793e-03 7.586892719673284102e-03 5.236891724705604149e-03 7.575395082271601382e-03 6.966284156357577598e-03 6.380018873334686140e-03 8.508789988615261812e-03 6.244513953281393207e-03 7.533043364794393161e-03 6.580207833814331192e-03 8.166599848071092599e-03 7.578909898478584060e-03 6.480240460344384966e-03 7.260140526951029682e-03 7.317698578988234177e-03 7.586893765261025491e-03 5.211891778694584254e-03 7.586893765261025491e-03 7.859404743129625934e-03 7.586893761754140604e-03 7.771978676823414721e-03 1.052199182161707436e-02 6.936974682727146783e-03 1.914369760279689648e-03 4.121067342805934640e-03 7.586893765261025491e-03 7.714480444454318089e-03 7.930315243174409709e-03 7.586805462914247150e-03 7.586893436299799176e-03 1.141386258134930581e-02 7.358768739826351997e-03 9.270341351881107236e-03 5.713334162272483245e-03 7.249101065989981690e-03 7.586893765261025491e-03 6.794181112029808872e-03 9.313030054932757264e-04 6.047753730969411198e-03 7.228017323869484825e-03 6.926741874225206264e-03 7.409311219696078192e-03 7.586893765261025491e-03 9.507322725793646012e-03 6.821256134705017474e-03 7.586893752752851307e-03 7.777482523442103522e-03 1.492703099952058521e-02 7.586483736454633156e-03 7.586893765261025491e-03 7.586893764295534782e-03 7.306504023985482994e-03 6.292559796241213241e-03 6.443471479463139424e-03 5.908992414132490517e-03 7.257021444589268830e-03 5.006882640796544125e-03 5.981156772197276233e-03 5.802253204086027863e-03 7.586893042121988992e-03 3.497051481150896188e-03 8.331311392694338083e-03 1.084798130060213826e-02 7.584907840353237625e-03 1.784229200786711716e-03 7.586892527016099626e-03 1.783142510359073118e-02 9.337489016302101194e-03 7.807572063859604707e-03
5.260921629841707435e-03 6.272771882687378821e-03 7.695664771117385720e-03 4.449699351669834414e-03 1.284036796837518396e-02 6.813496860735188468e-03 7.439354671495781307e-03 7.412627871756676153e-03 5.143133875776589523e-03 7.334444381987687868e-03 7.452649151314889864e-03 7.451115246148993891e-03 4.821975041021800586e-03 7.452645800879563118e-03 7.452649151314889864e-03 7.452649151314888129e-03 6.804743314192365951e-03 7.128139465381403035e-03 7.206954086351372024e-03 1.153611332489528881e-03 6.954384550703201877e-03 6.531941103786752072e-03 7.496720343969695728e-03 3.340410788272195168e-03 7.452649098085304194e-03 7.440310786380404696e-03 2.963763460058421815e-03 7.452649151314889864e-03 5.767592277676924194e-03 6.067116435174241262e-03 7.452642871830837332e-03 7.264552915922824206e-03 7.452649151314889864e-03 6.476243429170615296e-03 7.452423420013388339e-03 6.336812596681081107e-03 7.874682110675464489e-03 7.452649151314889864e-03 3.688962408647565930e-03 5.684306486895773086e-02 7.555325263253466657e-03 6.306902561742748319e-03 7.518585032412809788e-03 7.255913023892779368e-03 5.701698595771957645e-03 3.929329312498746132e-03 5.727322879741070759e-03 2.414632048051712498e-02 4.410707667321851246e-03 7.452649151314889864e-03 5.528622470999015361e-03 7.452649151261901868e-03 3.262354036787660887e-03 7.290974913447757950e-03 2.190848762563529090e-02 3.693247548722906285e-03 3.727498547224899605e-03 7.440076302836762939e-03 7.451381408386721118e-03 1.150432856032177972e-02 7.404219449760661952e-03 9.802452603344559770e-03 1.347949962305542305e-03 7.583708134185954651e-03 7.452649111404596044e-03 7.409227313417298191e-03 8.457551462999462338e-03 3.816035119909839176e-03 7.452644429367383250e-03 7.452648124228070624e-03 8.364582426220691300e-04 7.764136714634785850e-03 6.307213664034316131e-03 4.849330950909758707e-03 5.441007681261185794e-03 5.269162383470709157e-03 7.399896096727627201e-03 5.139975151108736387e-03 8.085662504577123544e-03 7.444806442825138530e-03 6.231079060241102516e-03 7.685413663601205550e-03 6.056306968353404423e-03 7.452649151314889864e-03 1.170223265378156352e-02 7.452649151314889864e-03 5.602775958094242774e-03 7.452649147881340412e-03 2.669169094056071407e-03 9.258903118910470631e-03 6.814561621425284724e-03 4.542975143420502349e-03 5.231615063481805973e-03 7.452649151314889864e-03 7.586605576535682648e-03 7.619218699379173149e-03 7.452562400294549493e-03 7.452648828173842957e-03 5.884697988209315958e-03 9.305630280011210897e-03 6.206575446359489934e-03 2.098194868395809962e-03 7.053423272970754145e-03 7.452649151314889864e-03 6.887369105107826912e-03 1.248258492909624278e-03 1.424190856972427357e-03 6.588690678517037172e-03 6.864775620490417771e-03 7.264522222618819032e-03 7.452649151314889864e-03 7.873689255518760352e-03 6.750543181366410947e-03 7.452649139028039507e-03 6.022043918048215067e-03 4.292703829310218731e-03 7.452276040551481309e-03 7.452649151314889864e-03 7.452649150366436742e-03 7.143645582209989971e-03 4.885017943661020164e-03 6.133930803308104175e-03 9.180597925964258804e-03 6.494330911322849197e-03 5.660840545915863178e-03 5.102244663691708065e-03 4.817677223817925375e-03 7.452648440431790082e-03 3.137001239377401607e-02 6.335870253205084027e-03 4.067397130324224008e-03 7.450977113186595634e-03 8.193031766445332473e-03 7.452647934980006356e-03 3.140236596900252558e-03 9.728173157596489359e-03 8.410278358001269453e-03
1.554733253019017830e-03 8.259979109539876060e-03 9.596834263294809833e-03 8.593802968793562078e-03 1.648128412757546247e-03 7.108700411849004468e-03 7.771356744950768704e-03 7.744231499570763087e-03 1.337713846001361249e-02 7.666445302078707565e-03 7.785800463623449366e-03 7.784203100899447607e-03 9.377339017520787065e-03 7.785796973267858877e-03 7.785800463623449366e-03 7.785800463623446764e-03 9.307706749830632273e-03 1.035669875546912054e-02 7.122492528216567940e-03 4.892334693663542323e-03 7.434972266778678771e-03 8.138572706919058181e-03 7.810808925805943007e-03 4.909321101468715719e-03 7.785800407359466310e-03 7.772917090080680609e-03 3.372503833402251076e-03 7.785800463623449366e-03 1.340049425900904922e-02 4.693214609627148481e-03 7.785793903431380975e-03 7.589345860874025657e-03 7.785800463623449366e-03 3.134661690925269212e-03 7.785564641591859528e-03 7.259526846308098774e-03 7.252079397237695679e-03 7.785800463623449366e-03 3.712934938182917404e-03 8.809492623957535309e-03 8.127060222320842478e-03 8.004075290640471144e-03 7.910257343136229899e-03 6.926562750763315922e-03 6.008625303037729536e-03 2.720163063140871272e-03 6.166501527334694588e-03 6.885219771811336778e-03 4.474819192924029722e-03 7.785800463623449366e-03 4.628974713412095134e-03 7.785800463568091738e-03 6.869473674706914543e-03 7.616898444907608569e-03 2.417017997508873282e-03 3.257349915829532098e-03 1.835256358781421843e-03 7.772537450875490958e-03 7.784086138883396060e-03 2.823107395373355630e-03 7.746182765884995942e-03 6.309522310335382959e-03 3.842730994692430783e-03 7.420620847199833024e-03 7.785800421912893350e-03 7.450174893668816412e-03 7.549502013183881539e-03 4.132062237704731480e-03 7.785795550727367224e-03 7.785799404634509424e-03 1.154479080926389860e-03 7.365160975132466030e-03 8.381302995479593052e-03 5.232786114936226023e-03 6.431888126649075096e-03 6.408468839253551701e-03 7.730257654270765097e-03 8.609220744356865102e-03 7.676845317981865514e-03 7.777607168080088659e-03 6.769259551233438796e-03 6.720084498227299127e-03 6.198609988833298119e-03 7.785800463623449366e-03 9.488513735851513906e-03 7.785800463623449366e-03 2.885972216480767877e-03 7.785800460024622401e-03 5.138859495107021315e-03 4.218767353696317897e-03 7.119615800382476586e-03 1.129385404131984239e-02 2.205389952364221213e-03 7.785800463623449366e-03 7.980296214231484553e-03 8.262542479987781616e-03 7.785709834505483845e-03 7.785800126111175161e-03 1.097940851150397759e-02 7.030355001766597570e-03 1.395104551048548941e-02 7.392880401467212884e-03 7.336354062982874784e-03 7.785800463623449366e-03 6.964523999080874696e-03 4.812687076990807347e-03 4.696747949171938691e-02 7.252174397411302771e-03 1.072302014381303591e-02 7.802503863871575532e-03 7.785800463623449366e-03 6.274172866050490606e-03 5.707689562119814403e-03 7.785800450787346526e-03 8.215216710473278311e-03 4.196374052218388578e-03 7.789278892623053771e-03 7.785800463623449366e-03 7.785800462645485129e-03 7.510957594240997952e-03 4.662514226657301850e-03 1.090361027766218252e-02 8.813916578106427077e-03 1.085254504671641883e-02 8.595028770535565257e-03 7.432459220730779775e-03 5.694980406549220164e-03 7.785799720961908595e-03 4.313728436010701682e-03 5.612221091903135846e-03 4.835194736457756014e-03 7.784060100083852428e-03 2.241110820502799968e-03 7.785799192915276133e-03 5.708163630239350764e-03 7.147330433463982072e-03 7.313409659126436473e-03
1.396287483610653309e-02 8.098421168217361660e-03 6.066280622116577287e-03 7.354190038315911240e-03 6.494214498907812522e-03 7.306007429710542969e-03 7.641711474153971111e-03 7.614646353066151924e-03 5.447212004795296859e-03 7.534561265071505060e-03 7.655820324749984529e-03 7.654271257317350405e-03 7.236728679155360854e-03 7.655816882976396176e-03 7.655820324749984529e-03 7.655820324749981927e-03 7.211727591260359491e-03 7.609256033080363107e-03 7.616549315360706535e-03 9.491476613467731901e-03 7.204663695263218565e-03 6.829480278802418404e-03 6.334415367499888518e-03 4.044689813658668837e-03 7.655820273977347566e-03 7.643114939982481072e-03 4.137894107838810398e-03 7.655820324749984529e-03 5.069937549580248552e-03 5.856982814640430794e-03 7.655813874077121474e-03 7.462596647462092780e-03 7.655820324749984529e-03 4.416167030504049296e-03 7.655588439649817049e-03 7.991623928315335842e-03 8.075277151895899133e-03 7.655820324749984529e-03 3.477619400813025067e-03 9.339698825700544840e-03 7.250631973530627210e-03 8.520558597474619383e-03 7.265832845807393588e-03 6.993089011007701770e-03 9.773766489884977773e-03 3.368296663239351250e-03 7.644500589289577458e-03 4.430753475969004609e-03 4.855590544608175303e-03 7.655820324749984529e-03 7.810238021722436079e-03 7.655820324695551508e-03 3.979758022706373147e-03 7.489738042803826580e-03 3.656906741142603150e-03 1.448836222161532100e-02 1.795882289153592076e-03 7.642778738806030488e-03 7.733715129911028496e-03 3.790064234158576750e-03 7.607878031172193509e-03 7.039615717501469631e-03 5.739546677510924851e-03 7.837006247641350662e-03 7.655820283752268023e-03 7.330289794151107104e-03 7.567098037356345848e-03 8.743494553212790774e-03 7.655815497233800851e-03 7.655819269684907558e-03 9.888615080283487228e-04 8.163532423096402785e-03 8.180332378418848568e-03 4.970439421246938480e-03 9.613477822208078144e-03 6.628492153017918366e-03 7.601172594301527918e-03 6.724797845082307324e-03 7.768088158892131473e-03 7.647763811600171747e-03 8.505932709456641774e-03 8.513237261377010201e-03 8.133723578510053051e-03 7.655820324749984529e-03 9.505994153819008127e-03 7.655820324749984529e-03 1.323698191813930773e-02 7.655820321211384560e-03 8.173180462245365624e-03 8.228574410639961922e-03 7.829276338003983773e-03 2.497917628832950661e-03 3.675260947616413795e-03 7.655820324749984529e-03 6.894268380267117545e-03 7.507160196899314263e-03 7.655731208654403472e-03 7.655819992799652723e-03 5.489427645425649406e-03 6.905430524654203490e-03 5.249418452850354924e-03 4.026377192807390967e-03 7.213886491609713091e-03 7.655820324749984529e-03 6.870338968567681927e-03 9.234382103131084582e-03 1.274031880541732012e-02 8.585934872618085356e-03 6.263028053238599638e-03 7.956202686640699920e-03 7.655820324749984529e-03 8.154300304243545031e-03 6.268146438775770539e-03 7.655820312128173814e-03 7.611984945337034805e-03 3.697131606771216807e-03 7.655462784377473594e-03 7.655820324749984529e-03 7.655820323775945103e-03 7.356141869708059979e-03 5.581043702783345349e-03 7.994668434613712987e-03 7.327794987282244994e-03 7.222535810181222003e-03 7.702848808921613707e-03 7.136971039120723788e-03 7.367796860846475941e-03 7.655819594486816017e-03 3.572082223896960295e-03 7.890113558329799742e-03 8.673847775956826725e-03 7.653859330283158298e-03 9.279363859407465873e-03 7.655819075255716061e-03 5.210437222333911753e-03 2.088392674896786400e-02 7.294016469653858727e-03
5.342157498696822188e-02 7.667152980404493695e-03 6.360602532538364891e-03 8.334427781715765191e-03 2.138535415237344944e-03 4.667301399848967740e-03 7.419274613955631134e-03 7.088030582222306329e-03 6.840082307035690208e-03 7.014428485391416800e-03 7.126361621551724479e-03 7.124897203162536101e-03 7.798496690249532258e-03 7.126358417819068578e-03 7.126361621551724479e-03 7.126361621551722744e-03 1.283989111894723659e-02 6.811855877801517578e-03 6.934871699173074909e-03 1.282866795792796111e-02 6.661104050826168084e-03 5.749086397635124954e-03 6.295306217114242028e-03 5.883586792507112563e-03 7.126361570051638165e-03 7.114545051229104189e-03 5.368626699514844093e-03 7.126361621551724479e-03 7.836195376504198271e-03 7.013597775527909139e-03 7.126355616992372140e-03 6.946500768688409350e-03 7.126361621551724479e-03 2.665769233820649599e-03 7.126145773088245726e-03 6.063675476194694061e-03 6.518959713254621549e-03 7.126361621551724479e-03 4.043504662632478250e-03 6.940946647934751780e-03 6.747238989614403465e-03 7.857606466809647847e-03 5.823332298752725324e-03 7.230812342729034913e-03 7.474392037865964546e-03 2.070745212514849172e-03 6.960128491374444927e-03 5.011470276725289892e-03 9.033283258749660177e-03 7.126361621551724479e-03 5.524819139163586294e-03 7.126361621501055808e-03 3.304952334081538365e-03 6.971765203418115245e-03 3.908174546725474985e-02 3.148448950009594301e-03 1.666872700328521752e-03 7.114221949179660651e-03 7.124892926400892487e-03 9.770770185537992758e-03 7.097712384533765018e-03 6.559096063484792447e-03 1.949356031565195298e-03 7.770648383258979032e-03 7.126361583373249341e-03 6.816907478644305268e-03 7.800110199993337719e-03 3.795368288418421009e-03 7.126357089691329715e-03 7.126360639435998061e-03 1.187028010728369927e-03 7.077452050655752731e-03 7.539621124600143394e-03 4.650137987390383365e-03 4.690801468374242687e-03 8.157614513597992792e-03 7.082175297908779692e-03 8.493323737033830340e-03 7.259831065773119166e-03 7.118862288663299100e-03 8.423023234597266928e-03 6.964764279435032429e-03 6.797938135083563156e-03 7.126361621551724479e-03 5.479751109034854649e-03 7.126361621551724479e-03 8.534539593935660043e-03 7.126361618257709245e-03 4.106287968738447230e-03 6.879210424062591651e-03 6.515822616168403733e-03 9.781137895188996359e-03 6.565106812807592306e-03 7.126361621551724479e-03 6.585882227891391889e-03 7.369726978667329523e-03 7.126278668505079197e-03 7.126361312558953873e-03 8.204061766805633218e-03 6.838709713944531206e-03 6.561194229076776005e-03 9.791706870638149096e-03 6.731354314590000908e-03 7.126361621551724479e-03 6.674848380624221963e-03 9.378735479189167102e-04 1.310196359499838335e-03 7.774730816586070993e-03 6.249962050930632507e-03 7.629130217091157143e-03 7.126361621551724479e-03 6.296005070626741786e-03 5.302455171151796050e-03 7.126361609802809270e-03 8.379330554685733914e-03 6.716144427724533156e-03 7.125991391017419754e-03 7.126361621551724479e-03 7.126361620645187481e-03 6.825429244435018278e-03 2.230944622292097695e-02 6.722025391234908581e-03 6.305622310471242775e-03 7.108335600916454965e-03 1.121315533185909125e-02 7.059843498312598324e-03 8.060446058947482936e-03 7.126360941791857161e-03 3.362180123556662500e-03 7.597444924196075644e-03 6.002718761875855576e-03 7.153295189430885527e-03 2.579471967156583834e-03 7.126360458469521014e-03 5.696915438676617045e-03 1.783744221878101480e-03 6.800188832351919573e-03
6.151307119959570011e-03 6.253138622439576542e-03 7.006117820219060280e-03 6.718163664992568909e-03 7.193981603694555617e-03 1.153522444941799605e-02 6.833217997130595911e-03 6.800586271688011455e-03 5.560234769633471373e-03 6.737169894727418340e-03 6.837341520497895037e-03 6.835934447278921473e-03 5.383391043065555853e-03 6.837338446682118473e-03 6.837341520497895037e-03 6.837341520497893302e-03 3.634155140572090884e-03 6.535314975351975801e-03 5.892566776115766396e-03 1.508012175986238150e-03 6.519213677280049149e-03 7.565685318038284889e-03 6.568137819012844457e-03 2.039830017377372833e-03 6.837341471091918331e-03 6.825991854005655259e-03 3.203438736642237952e-03 6.837341520497895037e-03 5.839311926297761392e-03 6.610493949363318265e-03 6.837335759462299413e-03 6.664774916213142726e-03 6.837341520497895037e-03 4.738743375458437899e-03 6.837134426256232488e-03 7.130399527940292984e-03 7.206280090196399632e-03 6.837341520497895037e-03 2.351197121626797878e-02 2.154498308021384357e-03 7.172331424962232610e-03 6.115414662360294656e-03 6.190238445032463822e-03 6.625703644372392398e-03 8.155660399434468480e-03 8.410972983998036764e-03 6.685629527284447232e-03 6.179902990320984210e-03 8.095489700700553987e-03 6.837341520497895037e-03 5.199020639143382694e-03 6.837341520449422526e-03 3.230924356906619745e-03 6.689014988003600878e-03 9.575737906463224758e-03 8.446873455683094264e-03 1.731141572454744692e-03 6.825694210842218022e-03 6.835869796145407906e-03 1.170164675502822181e-02 6.835507859055121524e-03 1.307117525992927860e-02 7.339588502673051462e-02 6.879362967910101871e-03 6.837341483868956439e-03 6.544354414417287436e-03 7.472677433509621915e-03 5.921095064223146250e-03 6.837337146555219104e-03 6.837340578209694444e-03 4.139141640346580275e-03 7.459139032598247933e-03 6.608465843742063195e-03 4.461524617849522978e-03 1.204725516610746262e-02 6.419090535355738598e-03 6.788633684237468414e-03 6.438735675823265524e-03 6.806976495019932336e-03 6.830146323815445425e-03 5.300703212102448811e-03 6.706364350284529062e-03 6.323960273743555599e-03 6.837341520497895037e-03 5.448544568881197835e-03 6.837341520497895037e-03 1.317152697625674669e-02 6.837341517337503817e-03 2.634103142597250032e-03 7.607659222253862139e-03 1.302250977883283485e-02 1.183524837810971848e-02 2.206496188715922294e-03 6.837341520497895037e-03 6.823179755737886730e-03 7.082728468281496853e-03 6.837261931734319766e-03 6.837341224036402529e-03 8.359353815236119853e-03 7.334254100084739228e-03 1.025650412064986298e-02 1.664669206809532565e-02 6.442619823109192040e-03 6.837341520497895037e-03 8.963244002581019151e-03 8.496662303841649852e-04 1.863383361753210860e-03 6.294186958661951263e-03 6.725400071649693425e-03 7.113573554237874116e-03 6.837341520497895037e-03 6.178465490840822152e-03 4.720540832670316010e-03 6.837341509225474540e-03 6.589158475642186569e-03 4.685224392535352299e-03 6.836977553824013717e-03 6.837341520497895037e-03 6.837341519627932081e-03 6.685176046831356640e-03 4.325697248437215120e-03 4.275489202144660758e-03 7.043464958705092024e-03 5.802495578637893205e-03 5.510151991307875655e-03 6.819965254575263529e-03 5.611374653640343810e-03 6.837340908396113449e-03 4.845460150438869046e-03 7.130114471104048897e-03 8.062309846090701115e-03 6.835480983585650108e-03 7.456334690067242289e-03 6.837340404586204727e-03 5.532653272908243103e-03 9.299599852902788732e-03 6.152981012681107108e-03
1.674242460510721184e-03 9.786522334086831740e-03 6.476530087893961514e-03 6.318455114996389746e-03 1.230918362681755621e-03 9.326190381261721674e-03 7.753024984424569492e-03 7.720743218726347327e-03 9.514844888621868529e-03 7.639729798378473193e-03 7.762497704996236883e-03 7.760899996926003477e-03 1.150314663121505647e-02 7.762494215271854153e-03 7.762497704996236883e-03 7.762497704996235148e-03 7.603672873545803956e-03 7.416305967296667016e-03 6.821955697781299961e-03 8.835125005769248890e-03 7.223654529559030667e-03 8.150050562465623386e-03 7.784733785341141354e-03 9.186263415391771395e-03 7.762497648907824323e-03 7.749612186528760660e-03 1.360805544892999819e-02 7.762497704996236883e-03 4.614389946705920245e-03 4.161357077488775022e-03 7.762491164438703808e-03 7.566581236870406277e-03 7.762497704996236883e-03 3.106710380367103640e-03 7.762262588825456951e-03 5.800435235968291400e-03 8.398045168430725779e-03 7.762497704996236883e-03 3.538922790906279606e-03 1.371175281254419752e-02 8.243678950709777339e-03 8.715091134601678224e-03 8.228854279157930135e-03 7.219981520267831736e-03 4.868108207921201420e-03 1.084129966371220714e-02 5.634314675053476301e-03 5.565702983140736852e-04 4.631381331859438753e-03 7.762497704996236883e-03 4.568708838367994268e-03 7.762497704941044921e-03 3.451261163027958493e-03 7.594101206938441880e-03 1.732191275406558349e-03 2.851611463760352592e-03 5.788859356023536538e-03 7.749274379610553501e-03 7.763068151907460274e-03 5.588341048442841894e-03 7.725913208797415173e-03 7.345086264016138615e-03 7.681432640756920803e-03 7.765833891615349892e-03 7.762497663411003362e-03 7.425429232002308741e-03 7.247912060323688337e-03 1.875891997469934097e-03 7.762492733080670997e-03 7.762496635207639765e-03 2.431414629763345436e-02 7.626948267381074460e-03 1.035671038540229329e-02 5.035724965497465934e-03 6.929576483133372510e-03 6.876057808921697510e-03 7.707086510000437860e-03 5.975855277168243621e-03 8.134221339362734601e-03 7.754330168985178531e-03 7.734198018906847730e-03 6.129721286931832762e-03 7.739764294521252544e-03 7.762497704996236883e-03 4.008182880612406671e-03 7.762497704996236883e-03 4.267471510542988206e-03 7.762497701408180815e-03 5.555468091628002966e-03 8.109117979099253817e-03 7.100319664632800953e-03 1.336002008730261719e-03 2.624380991871567027e-03 7.762497704996236883e-03 7.385322627805645732e-03 7.699866881369410269e-03 7.762407347194348606e-03 7.762497370722312370e-03 7.898489323485712033e-03 7.172835255578229388e-03 4.229088740433090479e-03 5.495930936519831736e-03 7.326919636813041849e-03 7.762497704996236883e-03 6.938524132204772037e-03 3.129205143470859679e-02 7.416454611301223458e-03 6.438669235154861892e-03 7.919999698548172914e-03 6.840136153895541408e-03 7.762497704996236883e-03 6.474882528499519702e-03 1.130580461920059274e-02 7.762497692198552096e-03 9.017055357619454398e-03 8.378497182971086574e-03 7.762072593151774294e-03 7.762497704996236883e-03 7.762497704017746157e-03 7.569543267822732499e-03 4.387443455474600296e-03 6.417621167508405673e-03 8.202455420165068525e-03 6.410970208874998237e-03 6.560315501722357827e-03 7.647109769222370720e-03 5.340533731222544059e-03 7.762496964557471894e-03 4.210637440011912036e-03 4.161722214731061568e-03 6.171648331213972112e-03 7.760412534305330401e-03 6.637426352002658882e-03 7.762496438091312165e-03 2.561218778841882135e-03 1.319952614190911602e-02 8.026870145842175328e-03
2.865683611541696568e-03 7.137646523168088807e-03 8.090412040806344365e-03 4.546741393182903747e-03 2.600840792381540686e-03 5.862671674007911837e-03 7.521276103344799215e-03 7.494692847614051710e-03 8.587962983951194160e-03 7.415587129607662670e-03 7.535220314929255009e-03 7.533680928364185070e-03 5.850472231969105173e-03 7.535216927373055047e-03 7.535220314929255009e-03 7.535220314929252407e-03 1.848574073784575375e-02 8.561135157347975894e-03 7.420675281973398464e-03 1.915453536816069365e-03 7.163765753168428556e-03 4.954580111144534643e-03 7.770182753081969658e-03 1.047977141555118084e-02 7.535220260484688966e-03 7.522712387273511846e-03 3.562373635205355518e-03 7.535220314929255009e-03 4.032658901166307104e-03 5.834388901749465277e-03 7.535213965872047948e-03 7.345040055847001231e-03 7.535220314929255009e-03 7.569567331319206581e-03 7.534992082652522752e-03 8.131751078753725326e-03 7.723742988552102610e-03 7.535220314929255009e-03 3.030929027245950202e-03 3.001073650311047569e-03 8.155539508316022798e-03 6.202759860996167121e-03 6.524223102747620309e-03 7.476937891745838102e-03 1.058934704655528636e-02 4.120598371379731277e-03 6.755743912255732578e-03 1.167121936733778566e-03 8.005163104720157061e-03 7.535220314929255009e-03 6.176049518899303162e-03 7.535220314875678942e-03 5.014513036147923153e-03 7.371754281011933668e-03 3.709124067502796596e-03 3.068264667700798965e-03 2.942958293826536311e-03 7.522384154078475688e-03 7.533702581673159919e-03 1.317310395624836372e-02 7.495605783210708764e-03 6.415587978636951363e-03 2.038172350968379953e-02 7.396064697258514752e-03 7.535220274597039143e-03 7.208347161045553994e-03 6.128828837382831705e-03 6.173876878502455694e-03 7.535215503703957506e-03 7.535219276462891760e-03 2.265498108723207685e-02 7.734125576617070612e-03 7.105541240780324438e-03 7.654284602929137954e-03 7.599184847333195943e-03 7.613402192166340149e-03 7.481704489247931709e-03 6.013115752273290836e-03 7.964869677261123340e-03 7.527290722590907097e-03 5.140916046154866102e-03 7.611027880727395771e-03 6.028412671556227648e-03 7.535220314929255009e-03 2.249648391759012742e-03 7.535220314929255009e-03 8.708385295602793022e-03 7.535220311447289425e-03 4.659274752246549481e-03 1.344564721046848099e-02 6.891832651320062633e-03 7.639673361647778167e-03 4.583575486225893204e-03 7.535220314929255009e-03 7.465373293184134063e-03 7.850873070388628486e-03 7.535132602641338682e-03 7.535219988209837863e-03 6.826263762419547583e-03 7.189158477571935303e-03 1.941686231438828798e-03 6.856443100066168285e-03 7.100255142435534482e-03 7.535220314929255009e-03 7.050467566910356698e-03 2.472737993014270663e-03 2.524966681729153006e-02 6.251375610652977824e-03 7.490366827615574201e-03 6.380330457420358564e-03 7.535220314929255009e-03 6.647693030829920739e-03 6.111551455987605970e-03 7.535220302506272227e-03 7.555067555341656721e-03 2.340361986396265193e-02 7.534936452788597305e-03 7.535220314929255009e-03 7.535220313970300739e-03 7.210844837508350105e-03 4.994018709332891277e-03 5.668013980929829942e-03 6.755970455944002202e-03 6.313712374440660739e-03 5.887224726120914194e-03 5.815769028243108520e-03 4.098160585964424549e-03 7.535219596169954667e-03 3.510756672600552370e-03 6.285331621674292678e-03 6.092092276595796954e-03 7.533168168967567177e-03 2.211634636219658636e-03 7.535219085117871203e-03 1.373238555915134301e-02 9.784828313014875059e-03 8.712957405112995574e-03
1.586929821923110679e-03 6.030248386815839114e-03 5.219934132515965074e-03 3.240197438572222158e-03 2.193904761959264080e-02 3.492825442234288435e-03 5.456845882226537582e-03 5.440463776188140220e-03 5.061709216891941213e-03 5.380576438107370456e-03 5.466969163159036103e-03 5.465844887007255057e-03 4.440873126103952497e-03 5.466966705507210131e-03 5.466969163159036103e-03 5.466969163159034369e-03 6.912458812385095623e-03 5.224377254614522709e-03 4.442290361220351154e-03 1.630645687332932248e-02 5.087678976243828824e-03 5.717887445346268166e-03 6.044328575598888718e-03 3.140020966944292741e-03 5.466969123651163436e-03 5.457894075472278193e-03 2.865677798413578375e-03 5.466969163159036103e-03 5.323148601740502681e-03 6.044508192973766826e-03 5.466964556778737203e-03 5.328989174806719568e-03 5.466969163159036103e-03 8.715736344062158941e-03 5.466803575591653447e-03 5.202282026937372385e-03 6.180012687953752477e-03 5.466969163159036103e-03 2.863544550160748159e-01 5.043295885925237407e-03 6.124299330163954919e-03 4.528616637988890081e-03 5.700582189921250646e-03 6.043086397140428646e-03 3.764231013782968951e-03 2.336988590029781890e-03 4.830765238317333635e-03 1.093858836691079250e-02 4.889405774731245616e-03 5.466969163159036103e-03 5.326860758893752629e-03 5.466969163120166154e-03 2.423691912772785260e-03 5.348370936524900893e-03 2.292007061698652856e-02 2.339460302661509374e-03 7.806517415310460298e-03 5.457656252832598573e-03 5.465890799332709556e-03 3.023115140300500648e-03 5.434544560595254599e-03 2.633587084363523279e-03 4.985405539210871310e-03 4.917412600553980155e-03 5.466969133870695254e-03 5.244485340481770501e-03 5.139502910013412501e-03 2.040667569246004415e-03 5.466968811580001121e-03 5.466968409783827532e-03 9.321379952370767615e-04 5.339353557483446366e-03 7.002234900166129546e-03 3.550040441207941242e-03 4.679269943391024811e-03 3.533145974851311776e-03 5.428030369799463975e-03 4.473314602340837734e-03 5.476082968535429980e-03 5.461216079331288574e-03 5.120179808417459587e-03 4.208207737711079990e-03 4.711786913497192746e-03 5.466969163159036103e-03 3.389601303710345834e-03 5.466969163159036103e-03 4.810148247159449358e-03 5.466969160632040997e-03 3.265013180062341976e-03 3.808765375175236778e-03 5.792809348110463524e-03 9.539412709935888440e-03 2.566305088830409236e-03 5.466969163159036103e-03 6.143733977118250207e-03 5.529741185322214515e-03 5.466905525994177235e-03 5.466968926133893535e-03 6.427453353591302578e-03 5.278790780515068594e-03 2.564615733408010228e-03 3.288188379496309859e-03 5.151360044345653678e-03 5.466969163159036103e-03 4.932847487763384990e-03 1.334191757389402476e-03 1.079362886691709799e-03 4.642746387385589431e-03 5.743071454563321646e-03 5.157747582821846193e-03 5.466969163159036103e-03 5.771165970970112448e-03 3.894142148073405710e-03 5.466969154145887369e-03 6.718945416378442614e-03 6.966374363139925252e-03 5.466854003369253819e-03 5.466969163159036103e-03 5.466969162464150982e-03 5.229789406767369232e-03 3.404848647387653283e-03 3.057953054389511965e-03 4.986538064413281561e-03 5.254564467382995784e-03 4.597904226215956437e-03 5.045936828888483022e-03 3.987643984529031134e-03 5.466968644100095309e-03 2.788719506935434436e-03 3.634292043690435722e-03 4.708029862696462738e-03 5.465896487289605837e-03 2.546407607590377847e-03 5.466968270903650208e-03 2.531013381122817259e-03 2.825770631084384421e-03 5.870606379705202611e-03
4.584907529546581109e-03 8.261152394154770359e-03 7.539334064517762626e-03 3.340039320479548223e-03 3.245997046456764032e-04 5.960567932106732893e-03 8.320077900989437947e-03 1.295345352830137332e-02 7.772957408752878376e-03 8.204576023811976579e-03 8.335544315366913426e-03 8.333830178726929494e-03 6.933421789357971723e-03 8.335540568573910833e-03 8.335544315366913426e-03 8.335544315366911691e-03 1.113559763090967922e-02 7.970795824555666070e-03 7.767110125596808808e-03 2.341851726958409964e-03 8.676537163594599464e-03 8.202676027094705710e-03 8.061963694081296025e-03 5.931366933728649503e-03 8.335544255269645986e-03 8.321707614458230193e-03 3.668689262144138579e-03 8.335544315366913426e-03 4.197864381209081598e-03 8.253649800351365098e-03 8.335537291969390139e-03 8.125164803076288453e-03 8.335544315366913426e-03 2.707458599786904431e-03 8.335291842354387512e-03 7.898229236167573011e-03 8.812977593938167362e-03 8.335544315366913426e-03 3.594146951365155811e-03 1.025953001915962635e-02 9.052827814613752591e-03 7.875047992416697035e-03 7.326451857570324099e-03 8.207548177013414617e-03 7.101742137175806602e-03 4.081266326117707552e-03 7.689659233465736925e-03 2.897883427021936444e-03 3.626331322703063489e-03 8.335544315366913426e-03 4.738401186043617735e-03 8.335544315307648333e-03 5.667708431801877708e-03 8.154716375015615137e-03 1.584910815091047096e-03 2.971068407971897037e-03 2.010524939601866876e-03 8.321344815463756900e-03 8.333682906331511819e-03 6.014586635532120570e-03 8.287909728664761763e-03 3.042538187794057228e-03 1.563337910752657031e-03 8.105760785247119113e-03 8.335544270712709480e-03 8.131165203415443438e-03 8.420692022796154308e-03 4.020913018107608386e-03 8.335538974610798291e-03 8.335543166603899892e-03 2.142346219387139886e-02 8.751541527849890367e-03 8.049618328371246564e-03 9.868723850087636820e-03 5.856295427756426711e-03 7.308119594252945536e-03 8.276186448874647134e-03 7.905240774917190322e-03 8.501270407549112521e-03 8.326772502482482352e-03 6.514220257995599964e-03 8.280879529733905717e-03 9.423433887433654496e-03 8.335544315366913426e-03 5.715005144235526732e-03 8.335544315366913426e-03 6.518753420051352603e-03 8.335544311523113148e-03 4.271004232745039507e-03 5.892049069416184504e-03 9.170865634828499063e-03 1.027772987751620314e-02 2.523555651290935922e-03 8.335544315366913426e-03 8.056359245348266793e-03 8.597808283790642214e-03 8.335447287060889984e-03 8.335544025769577731e-03 8.460028310675268143e-03 8.825856585672682206e-03 2.998108127688485849e-03 3.040677435941533183e-03 7.854381125987852652e-03 8.335544315366913426e-03 7.500877408379034994e-03 4.703991377823212201e-03 1.207255250086360652e-03 8.450492870662863407e-03 7.318629242557940853e-03 8.447699964845067910e-03 8.335544315366913426e-03 9.038435373297973308e-03 6.095590432611644981e-03 8.335544301624473948e-03 7.155750776120436800e-03 4.045140342879025540e-03 8.335431445579868925e-03 8.335544315366913426e-03 8.335544314395282664e-03 7.969857457911143361e-03 6.651483597375875897e-03 1.318372151670387828e-02 7.303332062054436295e-03 6.056686281658750504e-03 7.864524941489495213e-03 6.595909931030112007e-03 1.280581644675737873e-02 8.335543520267154824e-03 9.294382456890811980e-03 8.138270556668974337e-03 8.348599421291449593e-03 8.333271096488646668e-03 7.613561997915681105e-03 8.335542954935916404e-03 1.973220130597599497e-03 6.886331359690984338e-03 8.914663062220544443e-03
1.626247532064181711e-03 9.086277524148356904e-03 8.856590606283300596e-03 4.937820741715212569e-03 4.653661546325775652e-04 5.938893267461566559e-03 8.646905868176124610e-03 8.615861214506548640e-03 9.218904984811440717e-03 8.524506388033361790e-03 8.662433707850580866e-03 8.660652011577261306e-03 7.953946164997191190e-03 8.662429813540858947e-03 8.662433707850580866e-03 8.662433707850579132e-03 4.659333081178355582e-03 8.277726811452661149e-03 7.187352395347035641e-03 3.683925537701590938e-03 8.054465700010803031e-03 8.282407823556561799e-03 8.413238870642455666e-03 3.604260349741443461e-03 8.662433645249760505e-03 8.650862763725246721e-03 3.345958058315904194e-03 8.662433707850580866e-03 7.416195630437761449e-03 4.774098953940165632e-03 8.662426409021236132e-03 8.443810972099756104e-03 8.662433707850580866e-03 6.321808648552086109e-03 8.662171334056303212e-03 5.875920658674896498e-03 9.211513316534828896e-03 8.662433707850580866e-03 3.701759679467400525e-03 2.866940663745752918e-03 9.296295310282198798e-03 7.684396353087043566e-03 8.166615811198338001e-03 8.089619172908764713e-03 6.603798188495621155e-03 2.696719956151374855e-03 6.778527814321454355e-03 1.095585032344915423e-03 8.490187857815356676e-03 8.662433707850580866e-03 4.715577146914911102e-03 8.662433707788991244e-03 6.237753326082840812e-03 8.474514360689813786e-03 4.424210197202235913e-03 5.759020201552051202e-03 2.233002884768204872e-03 8.647677483930155812e-03 8.660525088586574355e-03 9.854743847674004784e-03 8.608778105518430021e-03 9.379911568359869042e-03 4.560978904497736512e-03 8.448758258746214347e-03 8.662433661451231226e-03 8.286616894846613596e-03 1.002628279201286422e-02 3.183675170145742073e-03 8.662428173139159054e-03 8.662432514037305201e-03 5.207168733603310777e-03 9.001794526440379599e-03 8.920638748726682915e-03 9.923264125591075083e-03 9.486981854903740047e-03 6.635969830719930587e-03 8.601233394659582587e-03 7.258480232239737304e-03 8.985789868590082774e-03 8.653317907063952374e-03 6.654028107271579839e-03 8.301774517578080700e-03 8.741686468524752229e-03 8.662433707850580866e-03 7.346576439278169890e-03 8.662433707850580866e-03 7.099338298042270727e-03 8.662433703846547650e-03 4.344472716132640432e-03 4.748329762888896938e-03 7.920250277882763881e-03 4.455367898787234750e-03 4.049301715177048601e-03 8.662433707850580866e-03 8.884699504991275601e-03 8.941281594202344155e-03 8.662332874452848691e-03 8.662433332288832499e-03 8.184708225053927491e-03 9.133321435257050688e-03 1.081415060392199728e-02 5.273082441684626490e-03 8.162555212852255077e-03 8.662433707850580866e-03 7.955668933043740301e-03 3.843297832464258844e-03 4.628183761276430039e-03 6.464001607265751174e-03 9.270073723998227891e-03 8.448016764682540411e-03 8.662433707850580866e-03 7.096427399303701852e-03 6.131527175194430475e-03 8.662433693569211376e-03 8.358310725595549662e-03 2.777603675228050139e-03 8.662113007006699839e-03 8.662433707850580866e-03 8.662433706748358386e-03 8.502359181745739250e-03 7.192598450102474957e-03 6.964005186274367133e-03 8.025873014081393378e-03 9.993820626421342362e-03 5.498742848918505843e-03 7.584086682399637097e-03 8.943524153054920739e-03 8.662432882162918527e-03 3.927316810997463770e-03 8.434064529755185696e-03 8.989873544856471360e-03 8.660230044770086608e-03 5.112290304171388834e-03 8.662432294068482530e-03 2.471575332149297810e-03 3.067560943519296538e-03 9.012205250512734384e-03
1.233214093329789048e-02 8.238882211661279972e-03 5.887980932824623224e-03 4.651592187198291990e-03 9.355882402685882296e-04 8.746197923373286512e-03 7.899853171925028117e-03 7.871658891791881787e-03 7.831812074780541630e-03 8.186280564916506575e-03 7.914219329012435467e-03 7.912591499946936349e-03 8.755965207011289289e-03 7.914215771072215244e-03 7.914219329012435467e-03 7.914219329012433732e-03 5.806074565645663599e-03 7.567011788123145094e-03 8.572130003839327148e-03 1.339236985901107874e-03 7.368097850552190846e-03 5.931702402505852935e-03 8.613241137500875916e-03 4.319867183635531065e-03 7.914219271818841855e-03 7.901083172035243407e-03 3.937084300789281052e-03 7.914219329012435467e-03 7.264845936028786408e-03 5.242891687533586011e-03 7.914212660616667602e-03 7.714473573339784840e-03 7.914219329012435467e-03 1.006268286879796400e-02 7.913979744736425112e-03 7.937055028476025509e-03 7.819317686297191927e-03 7.914219329012435467e-03 3.474303443365814748e-03 2.237777524069348937e-03 7.537924976143210200e-03 8.372289175876804213e-03 8.110216016545320622e-03 9.060700710712618622e-03 6.609956138088349080e-03 4.332168743886362187e-03 6.184550507423315635e-03 4.101680529658745591e-03 4.709125259824926100e-03 7.914219329012435467e-03 8.559105999772071566e-03 7.914219328956190527e-03 3.416781245577210288e-03 7.742531443164919237e-03 2.894019638030848485e-03 3.027543056155520065e-03 3.315658907434442665e-03 7.900737765027058754e-03 7.912679637147521094e-03 1.380494698309820377e-02 7.865356106020520918e-03 4.773835561558456564e-03 2.730267524536490395e-03 8.481528370496533090e-03 7.914219286613108362e-03 7.571259008746665173e-03 7.153343468798843870e-03 1.265900656916406006e-02 7.914214649675075167e-03 7.914218238314323778e-03 2.926208706629622024e-03 7.797140325542588693e-03 8.341766500476284138e-03 5.134515038668993440e-03 3.363448653079336489e-03 8.455749500439264932e-03 7.857728131581405082e-03 6.749075221580517168e-03 7.757955908980469426e-03 7.905890892524702201e-03 8.451216873348930611e-03 7.924434603063886320e-03 7.982069480278288984e-03 7.914219329012435467e-03 6.331465115540869069e-03 7.914219329012435467e-03 7.134778967567903009e-03 7.914219325354250600e-03 5.784100504640943968e-03 8.305405043145983393e-03 7.236258867054381171e-03 2.776820643161635651e-03 4.138020793470649494e-03 7.914219329012435467e-03 8.641497550811852446e-03 7.717456009223908238e-03 7.914127205059236919e-03 7.914218993549122089e-03 7.454499185983396933e-03 8.415836019074736038e-03 9.159530199945713561e-03 1.468368936115977720e-02 8.229706822544213124e-03 7.914219329012435467e-03 7.369647191905898294e-03 1.510756207540646552e-02 1.580332071752335458e-03 7.285149382540559437e-03 6.035301340459019344e-03 8.513578310925072959e-03 7.914219329012435467e-03 8.397378097484120216e-03 9.008297102458472441e-03 7.914219315964615697e-03 9.312070793842280522e-03 3.785174423799937075e-03 7.913823922903092875e-03 7.914219329012435467e-03 7.914219328007402604e-03 7.631317637537675738e-03 6.330820522150903268e-03 5.770562688270426677e-03 9.276071903252629258e-03 6.602300397414618757e-03 6.305148408650776415e-03 7.907388063026951283e-03 7.358816102717834033e-03 7.914218574101447579e-03 3.814735137782059287e-03 7.286524769309986327e-03 1.024471687875507138e-02 7.912599570837808641e-03 4.281864567314676816e-03 7.914218037502673483e-03 1.667554408864417234e-02 1.056796837073444018e-02 8.284615931777187040e-03
2.145611410363095460e-03 5.582890929480213357e-03 4.198299425583695843e-03 1.100433185089176591e-02 6.900770362189349557e-04 7.432051611281909054e-03 5.851062638327104472e-03 5.830252363156692395e-03 7.282554286942576581e-03 5.786310370425093615e-03 5.861542038598618193e-03 5.860427354779170969e-03 6.683420781424347784e-03 5.861539403606205560e-03 5.861542038598618193e-03 5.861542038598616458e-03 7.515486295330850962e-03 5.651094661375655366e-03 7.838858989282269582e-03 8.778676975752770046e-04 6.241942795247614612e-03 6.203180065478706637e-03 5.630365617837264011e-03 5.173192160653504457e-03 5.861541996296933468e-03 5.851816275495954310e-03 4.419199804567530178e-03 5.861542038598618193e-03 4.379615362698052912e-03 1.051210133755299883e-02 5.861537099756199826e-03 5.713603486383880478e-03 5.861542038598618193e-03 7.952626072948658364e-03 5.861364502881127349e-03 1.057833492021115554e-02 4.837669392106222661e-03 5.861542038598618193e-03 5.678747828232325219e-03 9.408185866203245748e-03 4.504632562918051315e-03 8.361405640389101696e-03 5.979927456090547606e-03 6.150051670512473798e-03 9.084419164175136854e-03 3.481294768865862265e-03 7.772097016405748668e-03 1.140419635493047923e-02 8.983837056797892504e-03 5.861542038598618193e-03 2.668429743387760317e-02 5.861542038556942329e-03 9.847164958164750237e-02 5.734384106959779064e-03 2.859116687638999215e-03 1.361769357439598753e-02 2.075760188487068246e-03 5.851557445748441048e-03 5.860390252991224368e-03 2.871187507311143052e-03 5.823936949282832939e-03 5.526581148048323629e-03 2.477543453964029582e-03 6.759753946415379515e-03 5.861542008076358994e-03 1.588054083324932572e-02 7.490043353200083812e-03 1.309107901845816581e-02 5.861542230879903705e-03 5.861541230790220762e-03 1.000814922985054749e-03 5.246837803196666150e-03 4.681817256290635859e-03 3.806013420091544468e-03 5.557560615535434706e-03 1.012502169684376292e-02 5.822934076898774770e-03 5.622058882860957174e-03 5.651726213299436419e-03 5.855376556694517551e-03 9.740475637411493554e-03 7.089165052136756420e-03 7.553465287787956318e-03 5.861542038598618193e-03 7.010692277066133717e-03 5.861542038598618193e-03 7.052662899788542626e-03 5.861542035889276761e-03 4.657544639079432176e-03 6.987344931526131772e-03 5.367374019151852256e-03 1.090783335506783844e-02 1.912174411976520078e-02 5.861542038598618193e-03 6.188140272353233676e-03 5.044893192772363123e-03 5.861473808443342509e-03 5.861541788375462629e-03 5.527456851413646219e-03 7.779610160407068008e-03 3.350226640233159876e-03 5.075441629142525383e-03 5.523153280528716839e-03 5.861542038598618193e-03 5.335700357285987766e-03 2.367085952811064532e-03 1.328351873860043973e-03 9.855399225362014570e-03 4.091094687615509651e-03 5.850581099642669647e-03 5.861542038598618193e-03 7.359687121193359341e-03 5.993921355865761483e-03 5.861542028934955094e-03 5.981276497014490108e-03 6.829598101179792068e-03 5.861259831822255781e-03 5.861542038598618193e-03 5.861542037857914687e-03 5.680169689225131498e-03 8.848626870152294030e-03 5.804024558803057288e-03 7.877207728527896649e-03 4.596667171406592506e-03 9.591058751672298585e-03 7.512283910472046522e-03 3.446548498195493339e-03 5.861541487341677924e-03 2.804145726975852421e-03 5.518176016760466783e-03 5.688144311797028313e-03 5.860230897922867263e-03 3.061054740864970272e-02 5.861629799791146650e-03 1.310891405357390502e-02 5.695285396980580804e-03 5.425061354826468674e-03
1.084948222997719931e-02 7.050285701360952707e-03 5.420819332474054696e-03 5.698437037738656591e-03 3.190218799799402361e-03 5.830561622881309629e-03 6.844574098317440097e-03 6.818311431514333457e-03 7.113698955201014536e-03 6.746597017665028305e-03 6.855185983927436673e-03 6.853781076158751810e-03 7.903685803122374731e-03 6.855182902089440068e-03 6.855185983927436673e-03 6.855185983927434938e-03 1.328410885527227204e-03 6.549859396436252638e-03 6.994794049749320473e-03 5.517055480832510836e-03 6.647715504625822253e-03 5.774740815042001332e-03 7.230228061795887853e-03 3.054682067076589479e-03 6.855185934388162081e-03 6.843818823789044568e-03 2.687551752596337162e-02 6.855185983927436673e-03 7.824647670830563520e-03 4.542817529320542468e-03 6.855180207856379458e-03 6.682169005996702223e-03 6.855185983927436673e-03 1.424867356827571110e-02 6.854978351694331062e-03 6.390715995019420094e-03 6.870454387816076793e-03 6.855185983927436673e-03 4.621060679158160017e-03 3.112343871762154272e-03 7.385841716335901815e-03 6.897468660760687834e-03 6.451455417526209823e-03 7.754672727122669147e-03 6.529243103251450471e-03 3.500021821380755373e-03 7.249151586996680115e-03 3.590583327214668611e-03 1.062035938693646139e-02 6.855185983927436673e-03 4.316803319163639227e-03 6.855185983878696147e-03 2.964304240686733202e-03 6.706472340832218999e-03 5.552754660513537117e-03 6.343540421097909089e-03 9.877752822600452398e-02 6.843615479216640270e-03 6.855730000393414451e-03 4.082320487063158428e-03 6.810932195226619169e-03 1.137614533026094429e-02 1.784944676863513269e-03 6.505000960448498008e-03 6.855185950902835390e-03 6.579872153909376194e-03 6.238753128312090647e-03 4.990219154115807521e-03 6.855181680235244122e-03 6.855185039180001876e-03 3.633744354692628516e-03 6.477856148780343666e-03 8.062688677768539355e-03 5.209013511542003386e-03 4.881789775732140076e-03 6.786142989153967284e-03 6.806256251301698312e-03 6.595208199837825948e-03 6.857430492129465080e-03 6.847972211436903489e-03 5.940720394796056118e-03 6.392603758836338558e-03 6.804505188734547710e-03 6.855185983927436673e-03 4.725365521709984709e-03 6.855185983927436673e-03 6.042475742991294634e-03 6.855185980758770822e-03 4.250422049521892891e-03 4.058638762134044939e-03 6.282552433366712583e-03 1.337544823190051947e-02 5.704101584380893118e-03 6.855185983927436673e-03 6.717692738057947158e-03 6.943883219424381095e-03 6.855106187448855616e-03 6.855185686732483998e-03 5.925586904828470877e-03 6.909924715054261909e-03 4.887851447578227433e-03 7.290108458500434672e-03 6.459519418409176601e-03 6.855185983927436673e-03 6.131471219230738047e-03 8.783236120453154433e-04 4.281775658596475784e-03 7.225524203668549569e-03 6.537526111023244518e-03 7.259424818098486089e-03 6.855185983927436673e-03 6.774238674967639207e-03 4.976994805856971640e-03 6.855185972697232406e-03 6.782347809784101088e-03 1.230614081888685950e-02 6.854823193340913064e-03 6.855185983927436673e-03 6.855185983055159596e-03 6.569114777219896111e-03 8.771304034944988476e-03 6.303593451954030320e-03 6.065721078919267435e-03 5.173871111833426226e-03 6.269008854544007997e-03 7.996731381935781591e-03 5.147339385527935872e-03 6.855185330034142127e-03 3.780649373771764916e-03 7.228945386802635570e-03 7.041819827870399347e-03 6.853320209936363851e-03 1.251144937460066039e-02 6.855184865103379835e-03 6.907092632305706151e-03 4.943892234975618902e-03 7.475255980783634957e-03
5.725624108645083719e-03 7.166599081118938883e-03 9.170219757713898856e-03 9.223420355799059889e-03 5.007213834089462370e-03 6.587710071825021718e-03 7.334291811668783127e-03 7.305191953453120217e-03 5.258699051560163616e-03 7.227965039659671638e-03 7.344560028287466964e-03 7.343354847747131028e-03 6.649519255367803729e-03 7.344556734029445214e-03 7.344560028287466964e-03 7.344560028287465230e-03 3.180795902649124866e-03 7.018811883078398400e-03 7.067109677934454472e-03 2.706066763838994166e-02 6.843147917584259388e-03 7.028820658713529762e-03 6.639591941673004573e-03 1.190313054267399563e-02 7.344559977360644309e-03 7.332368157208843731e-03 4.665549137696511049e-03 7.344560028287466964e-03 1.256900077070684935e-02 5.360847495343559754e-03 7.344553839877596482e-03 7.159191855756172167e-03 7.344560028287466964e-03 2.827495487684298942e-03 7.344337570868265247e-03 5.427781763052228620e-03 7.246683713948262780e-03 7.344560028287466964e-03 3.334848607842351171e-03 7.828796532653505350e-03 7.572892603072112552e-03 6.738264839556122425e-03 7.649714021502100614e-03 6.335757702750005778e-03 8.733607345500148458e-03 1.442688335080309636e-02 6.414423788196834883e-03 3.882142099307630146e-03 5.647907636159873665e-03 7.344560028287466964e-03 5.393415690133059569e-03 7.344560028235247451e-03 3.392069870418824851e-03 7.185239606342543398e-03 8.067554549004376033e-03 2.635163401694555919e-03 1.758823512939252558e-03 7.332048672428301272e-03 7.343311723045007483e-03 2.905950609153548810e-03 7.296106698991255621e-03 1.265901097353397918e-02 1.363054168310392188e-02 7.139582283521891948e-03 7.344559988940020656e-03 7.025628329679436436e-03 7.815471840255647229e-03 8.805493792946596579e-03 7.344555330066968556e-03 7.344559016096949798e-03 8.071777310089019164e-04 7.205379308934879018e-03 7.083953801843869552e-03 2.080903122980772013e-02 4.996069873492637280e-03 5.971832192462244761e-03 7.292360913553148395e-03 8.318065142827391761e-03 7.276725096593988397e-03 7.336831106399386085e-03 6.600097855554919526e-03 6.687584626134765453e-03 7.673302261607686803e-03 7.344560028287466964e-03 9.898034928614444020e-03 7.344560028287466964e-03 7.302896250294240756e-03 7.344560024893928042e-03 5.768537128271978773e-03 6.893847173115720366e-03 6.715795409776100303e-03 2.153828799958107127e-03 1.943805526554211530e-02 7.344560028287466964e-03 6.911282847329240989e-03 7.763698568788971084e-03 7.344474535479720602e-03 7.344559802990978034e-03 6.684089573870120524e-03 6.322259854407820748e-03 1.136669474666033783e-02 6.819168411658556653e-03 6.948183111253464043e-03 7.344560028287466964e-03 6.659341433324321782e-03 3.361023632750145557e-03 2.521874715051515298e-03 7.722028798464883326e-03 9.527255012959855510e-03 7.526068118387294233e-03 7.344560028287466964e-03 7.133115439321139999e-03 5.146908482597599421e-03 7.344560016178818679e-03 6.108011187475103146e-03 3.956724208003642093e-03 7.344214620161057007e-03 7.344560028287466964e-03 7.344560027353284545e-03 7.022815390339371897e-03 5.214400520141085696e-03 7.452668890821645582e-03 5.984247807398288682e-03 1.127476111985637602e-02 6.344560378537646497e-03 6.742198652652105564e-03 7.764923785016520502e-03 7.344559327777752493e-03 3.407391706010346605e-03 6.992363896688632771e-03 8.756566449828293019e-03 7.342978940546663995e-03 8.959928879762874346e-03 7.344558829593447052e-03 6.041499727746649055e-03 9.321362253444749266e-03 7.397171848191733991e-03
3.023747161364736917e-03 9.566632886910040462e-03 8.265291603091289713e-03 7.050835688376196411e-03 9.138976789409610640e-04 4.197784527357682240e-03 8.418605838857775789e-03 8.386227947965433152e-03 5.710973590038522646e-03 8.297175718963555741e-03 8.431524210977325157e-03 8.429788780455535827e-03 9.182461973470404382e-03 8.431520420475967920e-03 8.431524210977325157e-03 8.431524210977323422e-03 4.974373347866037007e-03 8.092620752643459731e-03 7.516220526648420726e-03 2.714470400446312472e-03 7.858484648973618550e-03 9.485734828041225003e-03 7.979722005202498011e-03 1.191755096020051183e-02 8.431524150045867361e-03 8.418037051915730137e-03 3.273811940188205670e-03 8.431524210977325157e-03 7.120356961412461355e-03 3.637193205127983546e-03 8.431517106708662224e-03 8.218722276516760364e-03 8.431524210977325157e-03 1.796161274788645509e-03 8.431268830815234760e-03 9.432039377165784416e-03 9.074900007099991062e-03 8.431524210977325157e-03 3.465327046924082492e-03 4.629455349971975213e-03 9.274778789674732737e-03 7.278198848567521417e-03 7.069980669872688583e-03 6.919760646721507570e-03 8.054162637609720357e-03 7.631422616229552314e-03 7.219783772369089275e-03 4.979360408180542701e-03 5.672186552088080182e-03 8.431524210977325157e-03 3.073606790775118558e-03 8.431524210917376583e-03 3.785921211398227734e-03 8.248614121418890166e-03 1.123280038066062827e-03 3.919980178938266974e-03 5.905151064408895728e-03 8.417161218946265025e-03 8.429660435834132950e-03 4.205356323473157486e-03 8.379977746193386853e-03 9.803741111101951788e-03 4.962075159826202439e-03 8.029560003952987066e-03 8.431524871941752444e-03 8.081933862457995124e-03 7.352504002842684579e-03 7.033084995898041328e-03 8.431518817712353384e-03 8.431523048986842156e-03 1.201678776644361964e-03 9.320425263134814522e-03 9.858287629349966538e-03 5.697593721037802310e-03 6.789816890696546633e-03 7.216692715837047870e-03 8.371337450636191085e-03 8.319648528449487962e-03 8.504445415579158993e-03 8.422651980616696968e-03 6.680201904899205241e-03 7.554626090748911907e-03 6.920221874092869103e-03 8.431524210977325157e-03 6.048033726530786455e-03 8.431524210977325157e-03 3.228170962073440703e-03 8.431524207080026007e-03 5.412244792300391176e-03 8.664448046844826570e-03 7.709066143736186677e-03 5.143116078325277347e-03 2.899079511769472872e-03 8.431524210977325157e-03 7.780839131062102475e-03 8.867809694927170430e-03 8.431426065435817033e-03 8.431523845396084529e-03 6.925586798966440819e-03 8.208487542040034807e-03 2.766447290300587739e-02 2.530074568720088596e-03 7.944786961543957859e-03 8.431524210977325157e-03 7.556822602496045607e-03 7.715018332574039191e-03 2.713261926155666713e-03 6.730486242854731051e-03 9.216040756924505709e-03 7.943518382600604083e-03 8.431524210977325157e-03 8.611761376302267887e-03 8.321976648494308626e-03 8.431524197076647673e-03 8.099282422415202826e-03 2.465701687691379800e-03 8.431064307667841123e-03 8.431524210977325157e-03 8.431524209928618896e-03 8.242947296593791662e-03 4.267433354289544914e-03 6.590722948377895560e-03 7.063559669325972755e-03 8.018285264469399501e-03 6.745259892464799088e-03 8.889908641627529071e-03 4.993916975946643966e-03 8.431523406722367386e-03 4.366455456560949626e-03 8.943184570371272638e-03 8.098909163383146911e-03 8.429230846698929080e-03 5.632978607932557884e-03 8.431522834881601675e-03 1.338838769423520737e-02 4.631850889142330799e-03 8.026035408232275181e-03
2.383052660534141793e-03 6.574011738578683720e-03 9.413414152686693306e-03 5.683664343428688863e-03 1.223136062911996027e-03 8.304640245056723463e-03 7.716601267378782325e-03 7.729263203747819069e-03 5.797113363408192867e-03 7.737327657641793893e-03 7.730547026758389714e-03 7.728955895009553476e-03 1.167675821763779383e-02 7.730543551390441429e-03 7.730547026758389714e-03 7.730547026758387980e-03 1.340485859329111802e-02 7.404000926328148727e-03 7.483349773524777468e-03 3.253229504984845449e-03 7.211501747226640308e-03 1.386315487844135864e-02 9.125852702222138346e-03 2.951076896889517041e-03 7.730546970898395133e-03 7.717716411110201770e-03 3.091967385315088149e-03 7.730547026758389714e-03 8.490739673343957600e-03 7.131631637485313924e-03 7.730540513123978358e-03 7.535436984490300437e-03 7.730547026758389714e-03 1.194907742561831902e-02 7.730312878286426694e-03 7.614464268489584339e-03 7.718488603061761898e-03 7.730547026758389714e-03 3.313358759596990531e-03 4.867436026858460926e-03 8.429885360230112909e-03 6.176862880715073764e-03 7.282975609391407687e-03 9.033130054128316738e-03 6.078271124862073480e-03 2.242633435034447655e-03 6.103511106839221330e-03 3.223599796665884906e-03 4.451483094971862842e-03 7.730547026758389714e-03 6.611816515918951184e-03 7.730547026703425868e-03 4.980463485736858799e-03 7.562843653842823283e-03 5.816347735005097074e-03 9.638807342994231211e-03 1.814853436664709335e-03 7.717378129354073024e-03 7.728848521463988278e-03 7.260149278117718555e-03 7.694008146393828927e-03 9.404638892177626802e-03 8.729329581140593194e-03 6.500177199838286755e-03 7.730546985343410629e-03 7.394941805292704409e-03 8.919452153886500353e-03 3.985893468876814880e-03 7.730542122794911361e-03 7.730545961476456736e-03 1.203848778545783121e-02 8.184177743880102426e-03 7.016825625320933894e-03 5.017917220598654138e-03 3.821477754747897634e-03 4.400672705954230407e-03 7.675369741846472735e-03 7.784809085231377684e-03 7.308237623482729400e-03 7.722412066430039100e-03 5.838150228783873207e-03 6.868001933855952951e-03 5.824299039064094637e-03 7.730547026758389714e-03 1.141019250434338432e-02 7.730547026758389714e-03 2.045169305114964003e-02 7.730547023185103082e-03 3.381754090880360365e-03 5.679492633723494215e-03 7.068555132008748354e-03 2.339725163092818902e-02 3.350129345932480879e-03 7.730547026758389714e-03 8.668948075340517784e-03 8.489274462276388822e-03 7.730457040855029903e-03 7.730546691652991423e-03 6.948631761207931141e-03 7.629524561452980837e-03 7.024601588485671760e-03 3.001343796410148833e-03 7.348961079564332761e-03 7.730547026758389714e-03 6.980568136107125933e-03 1.481981195917034602e-03 1.384149943045478179e-03 7.575723199887839272e-03 9.749690212874032730e-03 7.799405980838952299e-03 7.730547026758389714e-03 7.162280574131828052e-03 6.212287900558303641e-03 7.730547014013381540e-03 5.956869006418218440e-03 1.315261190374472340e-03 7.730129424832239346e-03 7.730547026758389714e-03 7.730547025828669004e-03 7.417702697928927301e-03 1.110495920926453210e-02 9.313654124511671142e-03 6.563980312194117421e-03 1.204684482898865650e-02 7.613051032548261848e-03 6.212476088563337849e-03 6.012360163137521300e-03 7.730546311231942594e-03 3.617005380092055879e-03 4.180273162031960740e-03 3.501473636977062414e-03 7.728659308256719332e-03 1.066184863820794117e-02 7.730545765068042897e-03 4.186412004497833995e-03 1.773575668070265232e-02 8.071446653198338650e-03
2.529303735901611977e-02 9.007228280342045521e-03 6.396553368724604803e-03 3.460030938258569499e-02 8.372413089114070714e-03 5.192207280330365590e-03 7.135563336174968220e-03 7.091730235596668992e-03 5.811038211729417993e-03 7.016477799261291830e-03 7.129995732806523011e-03 7.128528213551255099e-03 7.484498437723314211e-03 7.129992527425641283e-03 7.129995732806523011e-03 7.129995732806521276e-03 8.091333068693378275e-03 6.835557570442298350e-03 6.701698580211885338e-03 8.375877495604477918e-03 6.654282564134359965e-03 6.137486663140850549e-03 6.172074324314285113e-03 8.623579405681024504e-03 7.129995681280173851e-03 7.118160053408677766e-03 4.042038842471015227e-03 7.129995732806523011e-03 3.310468561688282695e-03 4.314618954807782417e-03 7.129989725185127865e-03 6.950042978408544313e-03 7.129995732806523011e-03 6.243674838344290962e-03 7.129779774267188709e-03 5.343842788787650337e-03 7.581010250922774751e-03 7.129995732806523011e-03 3.027013982450042166e-03 1.230241367575451474e-02 7.097194790522179213e-03 8.114377038133519654e-03 6.140601645697824074e-03 5.669866411857059710e-03 1.135422375245219613e-02 5.458385958198633779e-03 7.795872714571117253e-03 1.587538723195117607e-03 5.163082957132174126e-03 7.129995732806523011e-03 3.794371383351437341e-03 7.129995732755828319e-03 4.257842337797324711e-02 6.975320477727631890e-03 1.246167665599409377e-02 1.001352904556255044e-02 1.691215623894612441e-03 7.117849984149000019e-03 7.128401961817304976e-03 1.103439856620257870e-02 7.090111872184699099e-03 5.749883752022338403e-03 3.858590015044974664e-03 6.848826912587570315e-03 7.129995694617616980e-03 6.820368918513169433e-03 6.677393280793585649e-03 6.981426969955902700e-03 7.130061595357731034e-03 7.129994750264001709e-03 3.328726470489465697e-03 7.620878796594842373e-03 9.241851296432564838e-03 4.664804864046473952e-03 4.239246010949423993e-03 6.100697851965554072e-03 7.079117364359629495e-03 7.507356192665768507e-03 7.438056951165786072e-03 7.123170931447587312e-03 8.267206614831023800e-03 6.845575533423376227e-03 7.046535371004345773e-03 7.129995732806523011e-03 4.831931682456844755e-03 7.129995732806523011e-03 3.378372463031505211e-03 7.129995729510827697e-03 6.056325155755641447e-03 2.906103015798372751e-03 6.519089308735717160e-03 2.651441472964483591e-03 2.419814760717787540e-03 7.129995732806523011e-03 6.399883205507220056e-03 7.065179455116371229e-03 7.129912737457683863e-03 7.129995423656365280e-03 9.006011337717657189e-03 6.482738021471038531e-03 6.608693373276345283e-03 1.494623024862496439e-03 6.718382223673683047e-03 7.129995732806523011e-03 6.620508480776465289e-03 5.988585150690827266e-03 7.688188039925655110e-03 6.921284823120860304e-03 5.882402270846466899e-03 6.982983639699077462e-03 7.129995732806523011e-03 5.505143016866695209e-03 5.031054770817495851e-03 7.129995721051616067e-03 9.486729679250812883e-03 1.586205528435843948e-02 7.129659422064828396e-03 7.129995732806523011e-03 7.129995731899348502e-03 6.867941003213131820e-03 9.176289748500614588e-03 7.058366409764336123e-03 5.463763550084856958e-03 4.602801962387753805e-03 6.704363235445404134e-03 8.761329462619218966e-03 4.639302210220132630e-03 7.129995053522101764e-03 3.211526803860836974e-03 8.605498905937675191e-03 9.016698040585175919e-03 7.128130718513224495e-03 2.410174510278736103e-03 7.129994569131201977e-03 1.096800146692505397e-02 3.416983453795626683e-03 6.631093832171841215e-03
2.211170076805544712e-03 7.227134025048106460e-03 7.874455401487595596e-03 6.761091040725474531e-03 6.915531780640178303e-03 9.950543723467007717e-03 7.280157051652471137e-03 7.254651744344144462e-03 8.183826496639139483e-03 7.179387834740960997e-03 7.293691711448570779e-03 7.292496001332202452e-03 1.177562204553706839e-02 7.293688432475025837e-03 7.293691711448570779e-03 7.293691711448568177e-03 1.468722789745827151e-02 6.968421024238287409e-03 6.129640937937393987e-03 4.429505146057774630e-03 7.073146064400217571e-03 4.010965897315372196e-03 7.887486024379218238e-03 3.293221416682686441e-03 7.293691658750785407e-03 7.281708335628086538e-03 5.662583504445743536e-03 7.293691711448570779e-03 7.806407198693241130e-03 5.829761602887013026e-03 7.293686625125640234e-03 7.109607355363286099e-03 7.293691711448570779e-03 4.777122894849357773e-03 7.293470795096282031e-03 6.921944432593273890e-03 7.720217913084794110e-03 7.293691711448570779e-03 5.916944124811930258e-03 3.161121942025769700e-03 8.071311844621446852e-03 6.316118137364751424e-03 7.252047554837600524e-03 7.782673887581467026e-03 1.112504858086832762e-02 3.548935394192152468e-03 6.412004281110200883e-03 1.224001533606711503e-03 8.583659792482498455e-03 7.293691711448570779e-03 5.730451947756317124e-03 7.293691711396712088e-03 3.393913067565136783e-03 7.135465301754362506e-03 6.374203862038829368e-03 3.252097620551080374e-03 3.097328779080756826e-03 7.281268289556204129e-03 7.292127634414557157e-03 9.676970948516864027e-03 7.256749856100255629e-03 5.480107607535396677e-03 5.753858047146421031e-03 6.939024821069322141e-03 7.293691672373635651e-03 6.979847791364454830e-03 5.614613813982854279e-03 6.053328823094344599e-03 7.293687049753751553e-03 7.293690706268471033e-03 2.301918701897308957e-03 7.432650277077126715e-03 7.830429263488205074e-03 4.795855052547461951e-03 9.514962458976030865e-03 6.375300094121933749e-03 7.241627041456985027e-03 5.796225008726390605e-03 7.317945557294007995e-03 7.286016283534525913e-03 5.426186200016964306e-03 6.338760851187350345e-03 6.323827334148170685e-03 7.293691711448570779e-03 7.972978679961053097e-03 7.293691711448570779e-03 1.316093363073586250e-02 7.293691708077431474e-03 1.077240276997865065e-02 9.147406976764051872e-03 6.669441167927631781e-03 1.357820859149396972e-02 2.726142771999903649e-03 7.293691711448570779e-03 7.535134827361220089e-03 7.339139693068276113e-03 7.293606810628057088e-03 7.293691395199831777e-03 7.131459090950443072e-03 7.460434577950728237e-03 2.994842241896445312e-03 1.330889460527315792e-02 6.872891633055347622e-03 7.293691711448570779e-03 6.648945203275986177e-03 1.722820821741525080e-02 4.401967831147724115e-03 6.077378588578772993e-03 8.069644146088204850e-03 6.964794873646372106e-03 7.293691711448570779e-03 7.706666665924035570e-03 4.995727025645409561e-03 7.293691699423785965e-03 7.077967199887356779e-03 1.512425918723315056e-03 7.293297240587623409e-03 7.293691711448570779e-03 7.293691710520363615e-03 7.001792504481077310e-03 4.250268944705176688e-03 4.636649270061672309e-03 6.301297296852765434e-03 8.453354881003495580e-03 7.319080332507410872e-03 6.385172051035573927e-03 9.256721559000266955e-03 7.293691015727642862e-03 4.294394128506166808e-02 8.144319432117885435e-03 5.413663911543542019e-03 7.292490640423246115e-03 1.316918913431897736e-02 7.293690521056687623e-03 8.063939350068525386e-03 7.028353006850242800e-03 7.287422191989765229e-03
5.553880902002279046e-03 9.021284862412010802e-03 7.995281887181600669e-03 3.303676486164881538e-03 1.992601631811969590e-03 1.126432202856303758e-02 8.249692509136390475e-03 8.220746414786971393e-03 6.372521406038634054e-03 8.134484609033140745e-03 8.265024208746205372e-03 8.263323078072724870e-03 6.764663575668823127e-03 8.265020493097125290e-03 8.265024208746205372e-03 8.265024208746203638e-03 9.786214747648146195e-03 7.900792252384415681e-03 7.679747078736433828e-03 3.372523513322431971e-03 7.750955105103406358e-03 5.608922431726487585e-03 8.469933418526726099e-03 4.061260352650000044e-03 8.265024149019068941e-03 8.256280159706495814e-03 4.251221439547719742e-03 8.265024208746205372e-03 3.453509387700138059e-03 3.554749016877033901e-03 8.265017244767806220e-03 8.057085685946855161e-03 8.265024208746205372e-03 1.072647792170863291e-02 8.264773872372052632e-03 5.680066893589254783e-03 9.367074072515885197e-03 8.265024208746205372e-03 3.941258774649844705e-03 1.456809471058987532e-02 8.943586070995731760e-03 8.427802630022417779e-03 7.796020437035894313e-03 7.681760069971368260e-03 6.493183349427637460e-03 7.581167591575607712e-03 6.869606994782517101e-03 2.553664090526480690e-02 5.408503118780715567e-03 8.265024208746205372e-03 5.106592905682727675e-03 8.265024208687441615e-03 3.565645297877971086e-03 8.085728817906014110e-03 1.812677693715416660e-03 3.156189017899872773e-03 2.026723026418637483e-03 8.250948810240037526e-03 8.268051911465965423e-03 5.394474463691008130e-03 8.215355779421236460e-03 3.582409165665656915e-03 3.466223580609351877e-03 7.452219425273430564e-03 8.265024164470903198e-03 8.124608276064560278e-03 8.922441266457989059e-03 4.485000620323659030e-03 8.265018921922329120e-03 8.265023069701974909e-03 2.089220364116098350e-02 8.583714628872559163e-03 9.806445140683069800e-03 5.478724139288523344e-03 6.236860955546764430e-03 5.998481805835433056e-03 8.206236741446305827e-03 7.972833312536278458e-03 8.579299933172879547e-03 8.620390099028325814e-03 7.962937622559881912e-03 8.021126850954442278e-03 6.957046154576558734e-03 8.265024208746205372e-03 1.371906358928503752e-02 8.265024208746205372e-03 5.251338444025931834e-03 8.265024204925891516e-03 5.082712862365174576e-03 5.711926563886179919e-03 7.710490105205213864e-03 2.808402499760978034e-03 2.532595836131545410e-03 8.265024208746205372e-03 8.738539263162307946e-03 8.360117387945082551e-03 8.264928001324835585e-03 8.265023853993521546e-03 7.540511490697154526e-03 7.997464877959929719e-03 4.966118914667399381e-03 7.485754752333458398e-03 7.787897273532076552e-03 8.265024208746205372e-03 7.966021407217256656e-03 1.219278513662373125e-03 2.732590352365903402e-03 7.473523644674124992e-03 6.947125483260898487e-03 7.644077608683235749e-03 8.265024208746205372e-03 8.215831466046999432e-03 5.828705632680561584e-03 8.265024195120028797e-03 9.617038294193578848e-03 5.423900034431466954e-03 8.264576318372346755e-03 8.265024208746205372e-03 8.265024207695426117e-03 7.910446288562441100e-03 5.626450067958640305e-03 1.120382128587024684e-02 9.379805920212447648e-03 6.459283377902551825e-03 7.549517120674939172e-03 8.131819655244296521e-03 5.251551112811927470e-03 8.265023420779615826e-03 3.917261442556877436e-03 5.826151527709059509e-03 4.780710784928211485e-03 8.263088816583507440e-03 2.083963052094478779e-03 8.265022859824684015e-03 2.520559245919417549e-03 4.461829993604589720e-03 8.595317503382094576e-03
3.894634169470326777e-03 8.413731815666777858e-03 7.913217635562061480e-03 1.827520628115255827e-02 7.435451213940009844e-03 7.153820706088033499e-03 7.641883078626664563e-03 7.614887009106214785e-03 8.742834349498506200e-03 7.534139681399197944e-03 7.656059953971961970e-03 7.654513199751198163e-03 9.816164290010753746e-03 7.656056512091558020e-03 7.656059953971961970e-03 7.656059953971960236e-03 1.077642150972237846e-02 7.317837121728438740e-03 7.476787665356553203e-03 9.945910807081003238e-03 7.135827333502573616e-03 7.257483721851343793e-03 7.235259417525034473e-03 2.449695796403304413e-03 7.656059898942240739e-03 7.643352448885100923e-03 3.681915674985921337e-03 7.656059953971961970e-03 4.644937758287183936e-03 7.320109115415132303e-03 7.656053503097190981e-03 7.462829928587389958e-03 7.656059953971961970e-03 1.177817631252598730e-02 7.655828061614160761e-03 6.862951685765556267e-03 7.919669765630531905e-03 7.656059953971961970e-03 1.595246104300314036e-02 6.112330789585181112e-03 7.431156318459314868e-03 7.838571815862990788e-03 6.735829885807284763e-03 8.396652820036952514e-03 6.081720974082238142e-03 2.493521314772104928e-03 7.952694064162808482e-03 1.691445048958830884e-03 9.395781525685485344e-03 7.656059953971961970e-03 3.394116907426648119e-03 7.656059953917535021e-03 3.308999002445126968e-03 7.489972800940923083e-03 1.526793588578982848e-02 4.373057235417397888e-03 1.774246949663581437e-03 7.643017950467752460e-03 7.654412847788538352e-03 3.811424276619010138e-03 7.612906631679989579e-03 3.679846116068835171e-03 1.030605367645229253e-02 7.973069972226557237e-03 7.656059912960126550e-03 7.323740633083495807e-03 7.982439924419817631e-03 8.912202705871064001e-03 7.656055057874253285e-03 7.656058898852083350e-03 1.593370246336987687e-03 7.783961175291008103e-03 8.437147035824385868e-03 5.025496919701804253e-03 4.680569687218226645e-03 7.739571057785119348e-03 7.601408651281909082e-03 7.394689974688467386e-03 7.835409105160701104e-03 7.648003192013830623e-03 6.938102729001719045e-03 7.737382196663627337e-03 7.255552438650854537e-03 7.656059953971961970e-03 6.788995572483146751e-03 7.656059953971961970e-03 4.433396337098466367e-03 7.656059950433105263e-03 2.688406688834374478e-03 3.793134621870318784e-03 7.035006407571126920e-03 9.636713903527055133e-03 2.814131237519654910e-02 7.656059953971961970e-03 7.167359353583614527e-03 7.478209256331150301e-03 7.655970835161356527e-03 7.656059822000819623e-03 9.416566102407625261e-03 6.834659657570395577e-03 1.372898456897442450e-02 2.637854524360124138e-03 7.214121751176169432e-03 7.656059953971961970e-03 7.075068803162209811e-03 9.970176538931392867e-04 1.924974797307583323e-03 6.680450707677399423e-03 6.980182630384512525e-03 7.279228342643630917e-03 7.656059953971961970e-03 9.419940888441629204e-03 5.412607860143575124e-03 7.656059941349756606e-03 9.948845737237024464e-03 2.239199537083262723e-03 7.655643246005393310e-03 7.656059953971961970e-03 7.656059952997860095e-03 7.322424134105475976e-03 8.119954206784709555e-03 8.838915394616538371e-03 6.165090877325145498e-03 8.102108824738921480e-03 5.212909328464198494e-03 7.758770476113098502e-03 5.914454996745256189e-03 7.656059223685939344e-03 3.701199999826595716e-03 6.787708951090330560e-03 4.653858332950691623e-03 7.654029882546847796e-03 4.699975444802395770e-03 7.656058704438532120e-03 8.130814471814974340e-03 7.230075218122100113e-03 7.470565484015300253e-03
4.976441499750738906e-03 8.351566238395219735e-03 7.366839152456191794e-03 5.420501923995288580e-03 6.796696096733264051e-04 5.939898001311675474e-03 8.199475302603450450e-03 8.183199706308133883e-03 6.432927120960586775e-03 8.084295220744658686e-03 8.213825862684877646e-03 8.212139147543512374e-03 5.815872042373595660e-03 8.213822170052644672e-03 8.213825862684877646e-03 8.213825862684875911e-03 8.663499420987784416e-03 7.875609231020787998e-03 8.125726000271676561e-03 6.367978561312985508e-03 7.725730419547295440e-03 4.304545858052658339e-03 8.384769601986710730e-03 6.756605211458751280e-03 8.213825803327442013e-03 8.200229819518834590e-03 3.525629760225250115e-03 8.213825862684877646e-03 6.296894593412198649e-03 5.365168793721388114e-03 8.213818941845392810e-03 8.006518383428031307e-03 8.213825862684877646e-03 3.016865843646074526e-03 8.213577076526930310e-03 5.301579842651928109e-03 8.275156204365042775e-03 8.213825862684877646e-03 3.313415282854970893e-03 5.004647105999310980e-03 8.303577863263690920e-03 7.896876586030604842e-03 7.501659382243072195e-03 7.566703262659213967e-03 6.993848106979573195e-03 4.320911385892394624e-03 6.684870308969604984e-03 9.445372044046003446e-03 4.512597586463011103e-03 8.213825862684877646e-03 6.248386369959966179e-03 8.213825862626476446e-03 1.113835211215478786e-02 8.035638433393620800e-03 1.233528744127049270e-03 1.134816978810307582e-02 2.148252242920408416e-03 8.199833796464122207e-03 8.212003853991806795e-03 1.126797424384326507e-02 8.165953113433726054e-03 5.440443606675383209e-03 7.078455506278549456e-03 8.381729841140862780e-03 8.213825818680527135e-03 7.866005424454151213e-03 6.888324052825973119e-03 3.694164237205040981e-03 8.213820606090747184e-03 8.213824730696490939e-03 1.449282633666141608e-02 8.507517154869902523e-03 7.930032398804650814e-03 8.048669547596379314e-03 7.379602809392169470e-03 6.591623361950764946e-03 8.155595191981441019e-03 8.301775461380582130e-03 8.757301494843688916e-03 8.206337801377775951e-03 8.420952967180176871e-03 7.606734636711349855e-03 7.236679736574991306e-03 8.213825862684877646e-03 7.150520075627175148e-03 8.213825862684877646e-03 7.225343788100129817e-03 8.213825858888204601e-03 6.996356825235291142e-03 8.255930107367666707e-03 7.520393479647259627e-03 5.538280923283477042e-03 2.658736672371100722e-03 8.213825862684877646e-03 8.079936196148176930e-03 8.744017070204597106e-03 8.213730251487265724e-03 8.213825506559191414e-03 9.779965650531012578e-03 7.773461576478845302e-03 4.993246442956266948e-03 9.035931567654783073e-03 7.739647420755425833e-03 8.213825862684877646e-03 7.399251968447058576e-03 9.954549640365931758e-04 1.770840803850337293e-03 8.201172559176966512e-03 7.762123369169009711e-03 7.948358495075524832e-03 8.213825862684877646e-03 8.868187802951239818e-03 6.300441871074537528e-03 8.213825849143107510e-03 8.344731907973993931e-03 1.902006276211638770e-03 8.213377709511058417e-03 8.213825862684877646e-03 8.213825861642588128e-03 9.387148176238089767e-03 4.364999230617310454e-03 5.085915651588552092e-03 6.522703512618368248e-03 8.097304160198251846e-03 6.500719525747173516e-03 7.207817604235065671e-03 6.897685570725540366e-03 8.213825079196204401e-03 3.961966814141066121e-03 7.612576821331619274e-03 7.787495909459443699e-03 8.211675135021891114e-03 9.639355152669813048e-03 8.213824522278711376e-03 7.187248687775485249e-03 1.322347226877357805e-02 8.744764407651981972e-03
2.134310732278664295e-03 6.148601596640552135e-03 8.613650426687614534e-03 6.210976996645279323e-03 4.938006832073024406e-04 6.842258265337122433e-03 6.867723609659397675e-03 6.843511287511838161e-03 6.793719241684167617e-03 6.771265870946832285e-03 6.880371306503478557e-03 6.880003567950654375e-03 5.942605673733830120e-03 6.880368213343082337e-03 6.880371306503478557e-03 6.880371306503476822e-03 4.093812427101072883e-03 6.573020508386821954e-03 7.149012588505167069e-03 1.216704038370320902e-03 6.419171544900908674e-03 7.696705125071480816e-03 7.825980503438212735e-03 1.497884416491857169e-02 6.880371256801250113e-03 6.868950185534826620e-03 4.468539237599357394e-03 6.880371306503478557e-03 9.256869061721613098e-03 5.512390426059863430e-03 6.880365509211667022e-03 6.706718712555692803e-03 6.880371306503478557e-03 2.634985156638869255e-03 6.880162972662852601e-03 6.652122549527731375e-03 7.119582187793017415e-03 6.880371306503478557e-03 3.342363610223720184e-03 5.724083056601451426e-03 7.085470686151103779e-03 6.841184040298871165e-03 6.482996520702701861e-03 8.950934996754901507e-03 5.821818378842415209e-03 7.396552141405297875e-03 7.462475699265920005e-03 7.147023298365722498e-03 5.062532662016741569e-03 6.880371306503478557e-03 3.892034673081979420e-03 6.880371306454558487e-03 2.616178984367436081e-02 6.731111452758222098e-03 1.455275603634337842e-03 5.370100908489515434e-03 4.504239901693318261e-03 6.868654110590549818e-03 6.879148347699320584e-03 5.088323149781457701e-03 6.849449207565389865e-03 4.956668181793197694e-03 3.545160072364179644e-03 6.399921811908643871e-03 6.880371269645551256e-03 6.581984239782115963e-03 9.530735237123270920e-03 4.276090171900191750e-03 6.880366910211467568e-03 6.880370358285128364e-03 2.204170156248773556e-03 6.274648875895363909e-03 6.595651165621671010e-03 1.279338460062794808e-02 4.706142246279397014e-03 9.865472622186566287e-03 6.831257118731790326e-03 1.026946493839023949e-02 6.148579453130272390e-03 6.873131706344625357e-03 7.583934077802332793e-03 6.372136279880598331e-03 7.384686168975272691e-03 6.880371306503478557e-03 7.000749210798584872e-03 6.880371306503478557e-03 4.426506438228536115e-03 6.880371303323167508e-03 2.602496824910134621e-02 7.537265138007782743e-03 6.290896917880315839e-03 6.797708622986351271e-03 5.621643075027475678e-02 6.880371306503478557e-03 7.963119504407950577e-03 6.793011681859544362e-03 6.880291216859991954e-03 6.880371014723414905e-03 7.989824840528984493e-03 7.430016311973525363e-03 1.080919694617825562e-02 4.812123789444710739e-03 6.509236972579930496e-03 6.880371306503478557e-03 6.590163139253553577e-03 4.820322668698076227e-03 1.534776922368288367e-03 6.966685572754769198e-03 8.284504175913877042e-03 6.881457268107966929e-03 6.880371306503478557e-03 5.739873489729980897e-03 5.055915776280171456e-03 6.880371295160116543e-03 6.208371880968874094e-03 4.291443607407336921e-03 6.879995123578990651e-03 6.880371306503478557e-03 6.880371305740386710e-03 6.579080027529080749e-03 8.694210981784793180e-03 7.164141022097871014e-03 8.275860430438814266e-03 9.392087388248088545e-03 6.957575853319740954e-03 7.007296942033639127e-03 1.722081478495828336e-02 6.880370659501174394e-03 3.949346116210394886e-03 7.105028826730294678e-03 1.049577800185566047e-02 6.881666007335810603e-03 3.857884196270484900e-03 6.880370183568964952e-03 5.608665725659390741e-03 1.153185865658339429e-02 6.747430494603316210e-03
1.421743416925744068e-02 6.351689983583330874e-03 7.187999299632854590e-03 5.503047663070997041e-03 9.465103180204078107e-03 3.523002129799915078e-03 7.108354528217479193e-03 7.083309242425311035e-03 5.316795288787133124e-03 7.008280134465372409e-03 7.121569768617122542e-03 7.124144730698086028e-03 5.289136782934192142e-03 7.121566567040800780e-03 7.121569768617122542e-03 7.121569768617120808e-03 3.750359262953696562e-03 6.815308530448651106e-03 6.009476759608349886e-03 2.413414655273574561e-03 6.677994742799134298e-03 3.792012967009671977e-03 7.648552794832035560e-03 4.187349667805877369e-03 7.121569718509129267e-03 7.109750301176324082e-03 3.549953486222699912e-03 7.121569768617122542e-03 5.867999432377419937e-03 8.542384983688908195e-03 7.121563768121181269e-03 6.941829577999170282e-03 7.121569768617122542e-03 7.037701716156538959e-03 7.121354065289566167e-03 6.220456315936219970e-03 7.612986269262515468e-03 7.121569768617122542e-03 4.691669551391381213e-03 4.363183555818225291e-03 7.540596391795630765e-03 5.857032877566822025e-03 7.533683581066006295e-03 8.621422519421594391e-03 9.266657095461332608e-03 2.919489704999627625e-03 8.327818186340641554e-03 2.908044431620946876e-02 3.957773844688258942e-03 7.121569768617122542e-03 6.567812555066180648e-03 7.121569768566487699e-03 3.252314574797297939e-03 6.967077303015844526e-03 1.223340701042555665e-03 3.137050293537765877e-03 4.812567786775971690e-02 7.109438256621119362e-03 7.120020832395537388e-03 5.837756917901114860e-03 7.078493837054979088e-03 5.896913687905667480e-03 2.800072658008647807e-03 6.889228787614809155e-03 7.121569730464638766e-03 7.009773566171797338e-03 7.143945562455224392e-03 1.944824966407400230e-03 7.121565229016519130e-03 7.121568787158025389e-03 1.204707667997041882e-02 7.120512273783702155e-03 6.984931399531413808e-03 4.626866348599292106e-03 1.291628498565098107e-02 6.748306744362380684e-03 7.070739717400866507e-03 7.596056592317209505e-03 6.979091837817530397e-03 7.114175847404899215e-03 5.692721425646324156e-03 6.512409920950134115e-03 7.186434925176880643e-03 7.121569768617122542e-03 6.576391311617445397e-03 7.121569768617122542e-03 7.914120702448177933e-03 7.121569765325322550e-03 2.240244603536016219e-02 1.074554415963404133e-02 6.511815453062216874e-03 7.019834216377842696e-03 1.302286365523682397e-02 7.121569768617122542e-03 7.955484163246661494e-03 7.306756500859524182e-03 7.121486871349104637e-03 7.121569460038469461e-03 7.425533750251103217e-03 6.821330640623473121e-03 2.057885876734238777e-03 4.844015486319428430e-03 6.710463868379780254e-03 7.121569768617122542e-03 6.361308653171470449e-03 1.055917757500720103e-03 1.295444217478791248e-03 6.386895090796783359e-03 6.786116024980663394e-03 7.315395754985306621e-03 7.121569768617122542e-03 7.512226276360307355e-03 5.429094894458176557e-03 7.121569756876107264e-03 6.905149938062183669e-03 9.292509047371761907e-03 7.121266513657483095e-03 7.121569768617122542e-03 7.121569767711087746e-03 6.808324628855362028e-03 3.583341458577232914e-03 6.207349092142752656e-03 8.795680264508968713e-03 6.452009710319751672e-03 7.726917837917793123e-03 7.491298056499468699e-03 9.453857502148148989e-03 7.121569089314332308e-03 5.251538216233074020e-03 8.072761287818532375e-03 1.023049799263288893e-02 7.125163995853866714e-03 6.050976902942492054e-03 7.121568606316989666e-03 1.065542477543123846e-02 7.844680903288277218e-03 7.855778154981490208e-03
3.047509887137005678e-03 9.316936671121022959e-03 9.042631390028534402e-03 4.236873460423343056e-03 2.275700644154139175e-03 9.773159147123120991e-03 8.297506019262001348e-03 8.269586687644943368e-03 7.543374575857503435e-03 8.180481372384602184e-03 8.312932052309989980e-03 8.311221058115277061e-03 9.990082728578618398e-03 8.312928315124607642e-03 8.312932052309989980e-03 8.312932052309988246e-03 4.844205403218660583e-03 7.941401765366871285e-03 7.905989809657702413e-03 2.137617384539368393e-02 7.755309364650613685e-03 5.580207513696935039e-03 8.660912571512793465e-03 7.258717560841100591e-03 8.312931992235154249e-03 8.299132681173836817e-03 3.276058774508451826e-03 8.312932052309989980e-03 7.900912182869122141e-03 3.388535343111303937e-03 8.312925047971509232e-03 8.103123271560331783e-03 8.312932052309989980e-03 2.133703054015853237e-03 8.312680264127935911e-03 7.016599568201689792e-03 9.572231670551717073e-03 8.312932052309989980e-03 3.633624973971365160e-03 7.612295951289543491e-04 9.761506360474786828e-03 6.582262372920860173e-03 5.868138511535162492e-03 8.319569929315056081e-03 4.543259041159174172e-03 7.112852593408440678e-03 6.013539720471087341e-03 8.099371993610405282e-04 4.246192182027029062e-03 8.312932052309989980e-03 6.973436611300985050e-03 8.312932052250886217e-03 3.595567537543786860e-03 8.132594653266329854e-03 1.313905140618352226e-03 4.280850094991472260e-03 3.356799118927644016e-02 8.298771087925649326e-03 8.311104627476311943e-03 8.626307553927509489e-03 8.260436566588862106e-03 5.198893303763591107e-03 2.770360167153836442e-02 7.714063333455188978e-03 8.312932135153817265e-03 7.980012346365375486e-03 8.532839320513374917e-03 2.639278666104656352e-03 8.312926758590128209e-03 8.312930906663285741e-03 9.839904678655873264e-04 8.251202664203868137e-03 1.070880314295964870e-02 5.630816548398560363e-03 5.128964765011238131e-03 5.532076060514715121e-03 8.254413547250412028e-03 4.745011280808114108e-03 8.699995144785113016e-03 8.304184051319000309e-03 5.851733969670697491e-03 6.517264525821276321e-03 5.921314269122527653e-03 8.312932052309989980e-03 3.037334816299357143e-03 8.312932052309989980e-03 6.872764872397582950e-03 8.312932048467508092e-03 9.921222535560065420e-03 3.075880848733819790e-03 7.600812311692257267e-03 1.132470895304223471e-02 3.550549005759836250e-03 8.312932052309989980e-03 8.401592868606106573e-03 8.742939126162377339e-03 8.312835287486171343e-03 8.312931691910673687e-03 8.133258194982395661e-03 8.597681731526614704e-03 3.675763709665071360e-03 3.256067040576696159e-03 7.833023781642209013e-03 8.312932052309989980e-03 7.455392182030409765e-03 4.017754180894477466e-03 3.335763405763382799e-03 7.190649672638674272e-03 8.069356987783764257e-03 7.465397572483985049e-03 8.312932052309989980e-03 8.296512815319198250e-03 6.100867240865937707e-03 8.312932038604829710e-03 9.192937946234757199e-03 3.898681648019632073e-03 8.312541516761293159e-03 8.312932052309989980e-03 8.312932051252056725e-03 7.950171917386783527e-03 3.962380982569392758e-03 4.762696656803443521e-03 7.242285094505413259e-03 6.719969192403515111e-03 5.707261668183865808e-03 6.824048186499033324e-03 5.184583673855402454e-03 8.312931259379143997e-03 3.769362064008688167e-03 7.082180319102179995e-03 5.366433804022468709e-03 8.310692837552108997e-03 6.872537849074641068e-03 8.312930695569504397e-03 3.720403389596496288e-03 4.397821925661357136e-03 9.396171604195270241e-03
3.836338779417121890e-03 9.643663512846638655e-03 8.935410335185661745e-03 8.959032184025689238e-03 1.482304630148179557e-02 3.007086384643122869e-03 7.290929914753067377e-03 7.488216968770003250e-03 5.951744892372536240e-03 7.193943589270864261e-03 7.302357863594768385e-03 7.300854846868359144e-03 9.992171943834698977e-03 7.302354580734121865e-03 7.302357863594734558e-03 7.302357863594732823e-03 1.115535719075802165e-02 7.475673661646352677e-03 6.515430869624778444e-03 1.941782125169283979e-03 2.302094668645877917e-02 6.727882804811278518e-03 6.299670682295131253e-03 1.234075075187348984e-02 7.302357810837009286e-03 7.290239821480836921e-03 5.458607871661608213e-03 7.302357863594734558e-03 1.058215382375078673e-02 3.678309908946650417e-03 7.302351710743738497e-03 7.118058744369795861e-03 7.302357863594734558e-03 3.587137687670733516e-03 7.302136684425811902e-03 5.393209881603857996e-03 7.508659412178225571e-03 7.302357863594734558e-03 3.545282249619124276e-03 1.124134508681352146e-02 7.622223156424467148e-03 9.230411891573865948e-03 6.828131632609472056e-03 6.062686811781307396e-03 4.718408043187858995e-03 1.715610889305798498e-03 6.478948935863621840e-03 9.865966526852169849e-03 6.092252506167237722e-03 7.302357863594734558e-03 4.816665416702396035e-03 7.302357863542814284e-03 3.724090551416453943e-03 7.143943454923310649e-03 1.035579797408474508e-02 2.594456331605202257e-03 1.840394674345581950e-03 7.289918385273683882e-03 7.333048357842999153e-03 5.367773446349275411e-03 7.257896736361031838e-03 3.194150906734186200e-03 6.674324069700871519e-03 6.683917319326945251e-03 7.302357824474311511e-03 6.985809554263955855e-03 9.918333155457462538e-03 4.176734239507461262e-03 7.302353188080036063e-03 7.302356857220308056e-03 1.125779248738743507e-02 6.992388804787900806e-03 9.901596376539537753e-03 4.753726959297472840e-03 3.347434963914643243e-03 5.433430117461340511e-03 7.250249968838329284e-03 7.928676126182821957e-03 7.055878526562143517e-03 7.294673314244945819e-03 8.537001582102712177e-03 7.059544190642987570e-03 6.468381959742481278e-03 7.302357863594734558e-03 7.770880843305915525e-03 7.302357863594734558e-03 7.014513740638508854e-03 7.302357860219372068e-03 1.200843761825527364e-02 7.291036001458324652e-03 6.680353602929792016e-03 1.023681340463805656e-02 5.382119813175477788e-03 7.302357863594734558e-03 5.876120024601017705e-03 7.277483909972367812e-03 7.302272861897565748e-03 7.302357547433997211e-03 1.444219826055937947e-02 5.913877300516964287e-03 1.367113292876484662e-03 3.800761009311552988e-03 6.880790325746576758e-03 7.302357863594734558e-03 6.747522118930543086e-03 8.857901014438935563e-04 2.407087014017542364e-03 6.592466086697925699e-03 8.768454500832984638e-03 6.532002204365147495e-03 7.302357863594734558e-03 7.471549999065776361e-03 2.147609131138755734e-02 7.302357851555665164e-03 9.561750380287330209e-03 3.480434329282691523e-03 7.301959330717686103e-03 7.302357863594734558e-03 7.302357862679701751e-03 1.098191102533434792e-02 8.760274937233717904e-03 4.656672540069493188e-03 6.635388510591351194e-03 9.869930019247755149e-03 6.072367699383486410e-03 7.293682314825272739e-03 7.662628293337681723e-03 7.302357167047171006e-03 4.478709707832587671e-03 5.469871415726557627e-03 6.150300552093445651e-03 7.300526780422191171e-03 2.507965529217955070e-02 7.302356671788462830e-03 8.446435271433648528e-03 3.787632263327607093e-03 7.165101022966881110e-03
2.368942040330895057e-03 7.590963648504491477e-03 8.054547512586128499e-03 4.516479725949850040e-03 1.050686117145725566e-02 6.527918000091383240e-03 8.476598643632239638e-03 8.446712817532682493e-03 6.734077659756141851e-03 8.357131903715109972e-03 8.492357609398207968e-03 8.490840436257304086e-03 5.988313337417881278e-03 8.492353791548404307e-03 8.492357609398207968e-03 8.492357609398204499e-03 1.766195028660738284e-02 8.123289803119052715e-03 8.381942214210397549e-03 6.972430178044399483e-04 7.900593238231464963e-03 8.061874500722715151e-03 9.494110792540391003e-03 9.991297277539987198e-03 8.492357548842831283e-03 8.478264834370072278e-03 7.490650600354988552e-03 8.492357609398207968e-03 5.147744266008219896e-03 3.678594316905922819e-03 8.492350453872286181e-03 8.278094825417438990e-03 8.492357609398207968e-03 1.889670622259199224e-03 8.492100387492288946e-03 7.112766504395167527e-03 9.460925194712629938e-03 8.492357609398207968e-03 3.414381076319583652e-03 6.067274596417729544e-03 8.917105841567353822e-03 7.262139660262972689e-03 8.206684349992384581e-03 1.044357842115471897e-02 7.826538258561605357e-03 2.114069020469359385e-03 6.071428676394328809e-03 2.393269083480805207e-02 4.535847802724817142e-03 8.492357609398207968e-03 8.436125745051264654e-03 8.492357609337825713e-03 7.009926669154863989e-03 8.308127840328015726e-03 5.190738732691460751e-03 4.455644980160720740e-03 1.968447332318968256e-03 8.477891039692035668e-03 8.490654731905817459e-03 4.990953311627141856e-03 8.442530268179274100e-03 1.192477522031246823e-02 1.516071658118324289e-03 7.948980999189428701e-03 8.492357564150577673e-03 8.123568659082373161e-03 8.315362365966586650e-03 3.622451864797844503e-03 8.492352807230509754e-03 8.492356439023969472e-03 1.135766506413087105e-03 8.606677401461912402e-03 8.087718614198480954e-03 7.859185501054995540e-03 5.253518309194893203e-03 6.248566822856305332e-03 8.431742439682083159e-03 7.310438812235940664e-03 8.556278492646651399e-03 8.483420775815229964e-03 6.193612134581841580e-03 7.695830385450964407e-03 7.384501171530838924e-03 8.492357609398207968e-03 8.699622468362306141e-03 8.492357609398207968e-03 4.725447656445094270e-03 8.492357605472809767e-03 4.595384138562919052e-03 4.002826647120536971e-03 7.764683244058283654e-03 3.293022060770819850e-03 4.416855673310339687e-03 8.492357609398207968e-03 9.620089005220870682e-03 8.823904534745016098e-03 8.492258755832263889e-03 8.492357241202149257e-03 6.976903498658144735e-03 9.487809496471821813e-03 4.022623151580975547e-03 2.065458294960029542e-03 8.002135136243485741e-03 8.492357609398207968e-03 7.669396808455452089e-03 1.260544615516636519e-03 1.511425926824846739e-03 7.632772074253269673e-03 7.944442569092874731e-03 8.857720311444125180e-03 8.492357609398207968e-03 1.084812043619253277e-02 6.795086778403108992e-03 8.492357595397235712e-03 8.213273783657736027e-03 8.644519415096349468e-03 8.491923951489016228e-03 8.492357609398207968e-03 8.492357608359013196e-03 8.121071282255015039e-03 4.331792146044767533e-03 8.007712236067375880e-03 9.289901778284575390e-03 7.099975599724856271e-03 7.482389933132799209e-03 6.298696634403008754e-03 5.840811675205480509e-03 8.492356799340596701e-03 3.928693817871744751e-03 8.098567251273532455e-03 5.752250211768993385e-03 8.490132977213599164e-03 2.803930329569137656e-03 8.492356223373983756e-03 4.312350168211270818e-03 3.488777647065633477e-03 9.331670765514554766e-03
2.624623655071384697e-03 7.390162976900805508e-03 6.488592005564315993e-03 3.811396130023617188e-03 2.893844670087774781e-03 1.020052461877348285e-02 8.071936120096078957e-03 8.042670274410159553e-03 9.020141585451882035e-03 7.957672959291508044e-03 8.085977261709223138e-03 8.084314069335810093e-03 7.737075647993479563e-03 8.085973626552989818e-03 8.085977261709223138e-03 8.085977261709219668e-03 1.144289967327296112e-02 7.729924489209994559e-03 6.812045909175100736e-03 6.326995216152978517e-04 7.547438574537122802e-03 7.505972628967079452e-03 7.904798140003213222e-03 9.053168100813606053e-03 8.085977203276348280e-03 8.072671679705486353e-03 3.374501872261867572e-03 8.085977261709223138e-03 4.864207553958205428e-03 4.877013855775691117e-03 8.085970448592941923e-03 7.881896533814238687e-03 8.085977261709223138e-03 7.706013192082044119e-03 8.085732347700354608e-03 6.825270571864747865e-03 9.155023009689218158e-03 8.085977261709223138e-03 3.295114382448528171e-03 3.306958057570106267e-03 8.516810671748632072e-03 6.883961923306129542e-03 8.758075607515838565e-03 8.064079532234169970e-03 7.328278292390698161e-03 1.892811670849252337e-02 7.991537446808544970e-03 2.293741387792214755e-03 7.606589963761152019e-03 8.085977261709223138e-03 3.553216799646648043e-03 8.085977261651730932e-03 4.050552599989493650e-03 7.910563328463177460e-03 3.430134799451117766e-03 2.902696037900937345e-03 4.151694338196431841e-03 8.072206301619866409e-03 8.084213760807916482e-03 1.823413744600180589e-02 8.033330972687366400e-03 6.097715334610682991e-03 5.653386015671010324e-03 8.460038674352833576e-03 8.085977218393379171e-03 7.735145979196281045e-03 7.294155486425450349e-03 4.459707511619318346e-03 8.085972096860792255e-03 8.085976147340290937e-03 2.666290483208220378e-03 7.807632852683064895e-03 8.177299512093038833e-03 5.362244477658400198e-03 5.128872901057519862e-03 7.687110371450443791e-03 8.028265580315874922e-03 6.556932526390756195e-03 8.153920535815213644e-03 8.077468079176246263e-03 7.181337568275763562e-03 7.486300774286100065e-03 8.622670193866241450e-03 8.085977261709223138e-03 6.004995481508929034e-03 8.085977261709223138e-03 4.361668433467312360e-03 8.085977257971646917e-03 1.406133257865477791e-02 6.595101046826009131e-03 7.395196821129874747e-03 1.000416561489948786e-03 1.726812848566300698e-02 8.085977261709223138e-03 8.307331484233295218e-03 8.076792335948237284e-03 8.085883138440606507e-03 8.085976911238600129e-03 6.541445019679304959e-03 9.994785591304938127e-03 1.538633189397943263e-03 1.408288128372938526e-03 7.628970554972620485e-03 8.085977261709223138e-03 7.312722677864817028e-03 1.053986628715885372e-03 6.790483508441665442e-03 7.931701683108896908e-03 7.224352303696407289e-03 8.171274445115967594e-03 8.085977261709223138e-03 8.885133253313182849e-03 6.800100754577620768e-03 8.085977248378232313e-03 7.541486867477989638e-03 5.067844770495075028e-03 8.085544524265870364e-03 8.085977261709223138e-03 8.085977260680178233e-03 7.739921111583074678e-03 1.354235396020780913e-02 5.853399309819209799e-03 6.455563304921413739e-03 6.676201244502167308e-03 6.364621702000863683e-03 6.618794803645408793e-03 1.087710006829078688e-02 8.085976490414818058e-03 3.798715530253564399e-03 9.696007668533198828e-03 6.241643945133877255e-03 8.083853731740826137e-03 3.832310707313599414e-03 8.085975942009668641e-03 4.797981870058426988e-03 1.285919382246748788e-02 9.366609851351260022e-03
7.863091357118349653e-03 8.300321657107182297e-03 6.773814935855151584e-03 6.214266685356330255e-03 9.105734180463450483e-03 4.296087604583575560e-03 7.556132953714677671e-03 7.527804096050127840e-03 6.577934811831540052e-03 7.447903553378699276e-03 7.567784818433812184e-03 7.566227389195782395e-03 8.174538652759322579e-03 7.567781416238515864e-03 7.567784818433812184e-03 7.567784818433810450e-03 6.953581012440155154e-03 7.290151184161364900e-03 6.090125060842028516e-03 1.327768154275465150e-02 7.076094495935753188e-03 7.163017128564157406e-03 7.171601685514743599e-03 3.991006749549747858e-03 7.567784763787971380e-03 7.555240868172364253e-03 3.008279127706527632e-03 7.567784818433812184e-03 4.887403709176675083e-03 9.412886700441496987e-03 7.567778450190293729e-03 7.376782729546690551e-03 7.567784818433812184e-03 3.751874870378393151e-03 7.567555599817768486e-03 4.948543162918655688e-03 7.781671579563700404e-03 7.567784818433812184e-03 1.181837258614443567e-02 4.931963031063231126e-03 7.503530888643046744e-03 8.641960595227917916e-03 6.855929552239647430e-03 6.148254531196046917e-03 6.306005592739595197e-03 3.253355792314420979e-03 6.343861997664367036e-03 1.766758419943398849e-03 7.538004098894065738e-03 7.567784818433812184e-03 5.126768218419516278e-03 7.567784818380005399e-03 3.284126685627808493e-03 7.403612549493280258e-03 2.870236287683334414e-02 8.974179941178621681e-03 1.813393186233970035e-03 7.554893215598500016e-03 7.566188929859054939e-03 6.866101371121128942e-03 7.561413990552765148e-03 1.072691672412563399e-02 7.393653200474056657e-03 7.758904003558012887e-03 7.567784781880143238e-03 7.239146361539594392e-03 6.859229367052291880e-03 7.906075493750580607e-03 7.567779981120052561e-03 7.567783775537188090e-03 2.642208935917390086e-03 8.078581932091946638e-03 8.667821710915152300e-03 8.445293047962751376e-03 7.918059450140239180e-03 6.193453290971553081e-03 7.513765600211057445e-03 6.443728012771555644e-03 7.523096963588531833e-03 7.559820948544716812e-03 6.618866457265183342e-03 8.157896290685421464e-03 8.007523347474992254e-03 7.567784818433812184e-03 6.281620346980647251e-03 7.567784818433812184e-03 8.119383408163455274e-03 7.567784814935759642e-03 1.064889379957166538e-02 6.724853083015565162e-03 6.919549504334200803e-03 1.161058225259997169e-02 2.594053237169284022e-03 7.567784818433812184e-03 6.966069384035717370e-03 7.668757198368687800e-03 7.567696727133615096e-03 7.567784490806212655e-03 4.014021545907299829e-03 6.983852591189770344e-03 2.161733287155368811e-03 6.396299229659411535e-03 7.131257137974338772e-03 7.567784818433812184e-03 6.887929561202690322e-03 5.256431950551147987e-03 5.607269154839143038e-03 6.712524952515500597e-03 7.352990856022238557e-03 7.627776032495987846e-03 7.567784818433812184e-03 7.897373737378560188e-03 5.287401109209439835e-03 7.567784805957142313e-03 8.376948274265934996e-03 8.556243913008378804e-03 7.567847706628162176e-03 7.567784818433812184e-03 7.567784817470813406e-03 7.323660622471005362e-03 7.678582940667101273e-03 1.413407019280954989e-02 7.622768373663269849e-03 5.749316119245523153e-03 6.967053151841185420e-03 6.433730921068152656e-03 1.121450847642173863e-02 7.567784096580239608e-03 5.135022519909756243e-03 7.373663093146094055e-03 6.146871082812016725e-03 7.565732440879560650e-03 7.036247708545017611e-03 7.567783583307627696e-03 2.406229900308289038e-03 1.309568949731493813e-02 8.112671466760991087e-03
6.886193046171608725e-03 7.552395591028991315e-03 5.897005888814483253e-03 5.607822690427978832e-03 6.764126197935657961e-03 4.844382354129035499e-03 7.486928618697191902e-03 7.460501637358886613e-03 8.021297595584911400e-03 7.381386286155543035e-03 7.500846149572222045e-03 7.499531360017252374e-03 7.859184525648262726e-03 7.500842777469294426e-03 7.500846149572222045e-03 7.500846149572220310e-03 9.450818714773649709e-03 7.173388846388785607e-03 8.042099458871619991e-03 1.301830722109251562e-02 7.007165451486457690e-03 1.146170701082474888e-02 8.128714092332596855e-03 4.219010615414185358e-03 7.500846095402435333e-03 7.488394853452395340e-03 7.521291402567474409e-03 7.500846149572222045e-03 4.882438352887826828e-03 4.048424400993696701e-03 7.500839839383856289e-03 7.311533520120831221e-03 7.500846149572222045e-03 1.106561123314649467e-02 7.500618958468066762e-03 8.212207957207439193e-03 7.526660846297328344e-03 7.500846149572222045e-03 1.179761861016703425e-02 8.718307342858460166e-03 7.563759861410087118e-03 6.926463720170680793e-03 7.437585627588698053e-03 8.214699545758048782e-03 6.908071202167178834e-03 5.735332341166281961e-03 6.724655991755535724e-03 6.089874054974820164e-03 7.767120457977719737e-03 7.500846149572222045e-03 4.066495895526237199e-03 7.500846149518891441e-03 4.275171019522202784e-03 7.341974607555562526e-03 4.892582591823178492e-03 3.177172993365261211e-02 1.882740467183951832e-03 7.488068572574476181e-03 7.499175253459560916e-03 1.731590396054834627e-02 7.461999462808874967e-03 8.507738414412572767e-03 1.327029213242382271e-03 7.513839850266358644e-03 7.500846109388739635e-03 7.175114530346796658e-03 7.680070134748616557e-03 6.410117013432774756e-03 7.500841350724647520e-03 7.500845115843145748e-03 3.116554322176026421e-03 7.318984851268421805e-03 8.273104773338355034e-03 4.869948272907090835e-03 9.869843632356557414e-03 7.870489238682274943e-03 7.449595673430900282e-03 7.835451883069456322e-03 7.499686495673770457e-03 7.493131898613594223e-03 7.427520718040066597e-03 7.405911880842545869e-03 7.131567174988816087e-03 7.500846149572222045e-03 5.555088107740428251e-03 7.500846149572222045e-03 3.982518936216631993e-03 7.500846146105216716e-03 3.857484600281683735e-03 9.807826076415714425e-03 7.246475485946674878e-03 5.784128822876542439e-03 3.060464831661187986e-03 7.500846149572222045e-03 8.068364133498793361e-03 7.505229590569720277e-03 7.500758838520710930e-03 7.500845833644772913e-03 6.985436643762015299e-03 7.920817291094731788e-03 5.664006328077794174e-03 7.898920583942543872e-03 7.067823978886366050e-03 7.500846149572222045e-03 6.808302284596349542e-03 4.485494642494081835e-03 2.483585580431540464e-03 7.081638942240950536e-03 6.391789329366947929e-03 6.900811484687434036e-03 7.500846149572222045e-03 7.932229917550139009e-03 5.666518039080078312e-03 7.500846137205910945e-03 6.892256689105312126e-03 9.927645567979049776e-03 7.500605932382440819e-03 7.500846149572222045e-03 7.500846148646713243e-03 7.194577947333847395e-03 6.385449984079473798e-03 9.547180272273071006e-03 7.048128882871784219e-03 6.478202908960620059e-03 8.565330053307042280e-03 7.127400926684662914e-03 6.768185969934211420e-03 7.500845434091523052e-03 3.392186749979065555e-03 5.442119531706781504e-03 5.590585855789882881e-03 7.498847085994411570e-03 2.676635659429310761e-03 7.500844925370991206e-03 6.440497207413278281e-03 8.791928342909760552e-03 8.680358733908939695e-03
4.020955875899852316e-03 9.991173861486648405e-03 9.971778988939581853e-03 5.845595424046696499e-03 2.330826229974821990e-03 5.234589888290902202e-03 8.123615716974062415e-03 8.073070755541799162e-03 7.257265439037639300e-03 8.076285068969735192e-03 8.116354436745331843e-03 8.115023983088184498e-03 7.645809192553244989e-03 8.116350787932963273e-03 8.116354436745331843e-03 8.116354436745330109e-03 7.484407038084617270e-03 7.757453085223819413e-03 6.861503065727228914e-03 3.568287696207491679e-03 7.550102521711096575e-03 8.500313180011690242e-03 7.615760489860223630e-03 3.994556243028237093e-03 8.116354378093699681e-03 8.103025743943134337e-03 4.527258234433707840e-03 8.116354436745331843e-03 7.943313003545010229e-03 4.806628255738267658e-03 8.116347598033724423e-03 7.911508257919440401e-03 8.116354436745331843e-03 6.467484876673845404e-03 8.116108602651607787e-03 6.780853254736846948e-03 8.779041779767833217e-03 8.116354436745331843e-03 3.282144037830486000e-03 8.254162856367592074e-03 8.424701289337310772e-03 7.412389531347299623e-03 7.570799563414970512e-03 7.603232045839888008e-03 6.777248877475415718e-03 3.286265840875788290e-03 7.027983955074432534e-03 4.779818146170955462e-03 4.450706288792438334e-03 8.116354436745331843e-03 6.809097656181773914e-03 8.116354436687624532e-03 3.565994692652056652e-03 7.940281513301623850e-03 4.581337130133621323e-03 5.845611364716753015e-03 2.501134716485470255e-03 8.102529032513933194e-03 8.114543316705235057e-03 7.209759852614979099e-03 8.063396690409794024e-03 1.684766197803294618e-02 1.161417667631508329e-03 7.337844232227427876e-03 8.116354393332176828e-03 7.770452716999375412e-03 7.403461888322387940e-03 5.554111192462053703e-03 8.116352132596361263e-03 8.116353346170017760e-03 1.191743509120990691e-03 8.571995409097005192e-03 1.011504465413131520e-02 5.892712163900841287e-03 6.822391118794749777e-03 8.477123036548902396e-03 8.058517144952488664e-03 8.009044909121815908e-03 8.013912391177427028e-03 8.107813327035619244e-03 7.014404926438042726e-03 6.957979372968577450e-03 7.920973222246772624e-03 8.116354436745331843e-03 5.452722457562530524e-03 8.116354436745331843e-03 8.075844783972763868e-03 8.116354432993713036e-03 5.934353098014559860e-03 1.128842877263573630e-02 7.421760068776573314e-03 1.480279689815353246e-02 4.033978372344097958e-03 8.116354436745331843e-03 7.672138908267186509e-03 8.315675401296813291e-03 8.116259960167909390e-03 8.116354107769771509e-03 9.045966708394083747e-03 7.561423233943698023e-03 5.820572551971292877e-03 3.401878306259281497e-03 7.681827634065613829e-03 8.116354436745331843e-03 7.426740258221012532e-03 1.401120264084473096e-03 8.894962173038183789e-03 6.672705043634242182e-03 8.443344611123547797e-03 8.003803333623623825e-03 8.116354436745331843e-03 8.338682596635699218e-03 7.303046575784813595e-03 8.116354423364259552e-03 9.853424412494364570e-03 4.393292191662654528e-03 8.115930914561274301e-03 8.116354436745331843e-03 8.116354435712626672e-03 7.788620514613260430e-03 1.926933356634194169e-02 6.781717160039859443e-03 6.921223324872096891e-03 9.103287099011338895e-03 7.823505708415758042e-03 7.555471772506276197e-03 5.428695517242024260e-03 8.116353662553350487e-03 3.682973669185456590e-03 8.400108649376991296e-03 4.468417261536492685e-03 8.114480947101775782e-03 1.133782218461586687e-02 8.116353112087967142e-03 2.254999521465102155e-03 4.210506088195883900e-03 8.075619546253501660e-03
7.695134086463631569e-03 8.383407605309372776e-03 8.988792729607524359e-03 4.180115943941810006e-03 3.955472065922649959e-03 5.932939212067644616e-03 7.542219527614797518e-03 7.515479702985429673e-03 9.294695023432976433e-03 7.438844447227360192e-03 7.556120047894600116e-03 7.554565745484040883e-03 3.331334972894278192e-03 7.556116650942594840e-03 7.556120047894600116e-03 7.556120047894598381e-03 4.347188542664450796e-03 7.260870451703797628e-03 6.584545703843490243e-03 1.913655414056075667e-03 7.049836327442759835e-03 4.078989912086843431e-03 7.411024815640892063e-03 3.591026987721720586e-03 7.556119996977846663e-03 7.543578208805823762e-03 1.723417578035552414e-02 7.556120047894600116e-03 1.032881208749616628e-02 2.802645514634319410e-03 7.556113681227610498e-03 7.368097365177022837e-03 7.556120047894600116e-03 5.081491280230042776e-03 7.555891182607132883e-03 7.002280334261951934e-03 7.869767200162644874e-03 7.556120047894600116e-03 2.645068132292599863e-02 5.210565497310511683e-03 7.792511030000069498e-03 6.491799373355926391e-03 7.446683649268604106e-03 6.091926077392643621e-03 4.529612934838343589e-03 1.584262084455554873e-03 6.098195907928660904e-03 6.743756926049102908e-03 9.909852500350363816e-03 7.556120047894600116e-03 6.100864236742524135e-03 7.556120047840876597e-03 9.781740122930362644e-03 7.392200623589937312e-03 2.208982409891524761e-03 3.370067412407111961e-03 2.629156477398841927e-03 7.543248287999434858e-03 7.554430802351006814e-03 5.280664632160237369e-03 7.510160640559087643e-03 6.823963722195684062e-03 2.883907158844118204e-02 7.384739125594826613e-03 7.556120007413801715e-03 7.437233384587458793e-03 6.982859711627528720e-03 5.807643626713723806e-03 7.556115216719003387e-03 7.556119006547939304e-03 7.444130178915240453e-03 7.677810490137113378e-03 8.758094455364923842e-03 1.293514067945751751e-02 6.421286102345741265e-03 6.331848441560314518e-03 7.502183587516410464e-03 6.185904331275368130e-03 7.833880569836406890e-03 7.548168469112069567e-03 6.528551366559883634e-03 6.902211709697821454e-03 5.405987686558959976e-03 7.556120047894600116e-03 5.511046169394480561e-03 7.556120047894600116e-03 8.708922949065582217e-03 7.556120044402061392e-03 1.131651347734000806e-02 1.050112823818616543e-02 6.956805937518396182e-03 1.455721635703882862e-02 4.730334273031449113e-03 7.556120047894600116e-03 7.496222645791344313e-03 7.553001494345247188e-03 7.556032131760570189e-03 7.556119721888241922e-03 9.730712215724633338e-03 7.184052485949412453e-03 5.104323876064300117e-03 1.196768124388428688e-02 7.125765913610893586e-03 7.556120047894600116e-03 6.759365312413179346e-03 9.788485155482968061e-03 2.954777251125253849e-03 7.006735071957242295e-03 8.717831565008051301e-03 7.265242116423944151e-03 7.556120047894600116e-03 1.016555470603404052e-02 6.331845164661371352e-03 7.556120035437161389e-03 7.813766878327027196e-03 3.037231640902257092e-03 7.555710854388932203e-03 7.556120047894600116e-03 7.556120046946760219e-03 7.234026409538324431e-03 2.723553372838358796e-03 4.083469107848217497e-03 5.587967042282619354e-03 8.536129990636440873e-03 6.693094396926660070e-03 7.791167699645931352e-03 9.095035490884549600e-03 7.556119330725815687e-03 3.750389873922790711e-03 5.886791939853707606e-03 6.244968841314819941e-03 7.554116954329786679e-03 3.108843397702789127e-03 7.556118814672204385e-03 4.358149368071531117e-03 5.212530599344337122e-03 6.975406815811428796e-03
3.198789726947989711e-03 6.636958626766919708e-03 6.859909613488267971e-03 8.489969299413617151e-03 2.167818215581880810e-04 7.990163621146623499e-03 7.279092607950619562e-03 7.253389091617424428e-03 9.499234754552341245e-03 7.176603701331944925e-03 7.292450982985840095e-03 7.290950480232273254e-03 6.411696609490857672e-03 7.292447704573245745e-03 7.292450982985840095e-03 7.292450982985838361e-03 4.300623809589449245e-03 6.969432821709283313e-03 7.892947376682250479e-03 2.697510311125577570e-02 7.089805392378426864e-03 8.192665762950360892e-03 7.817704528710845910e-03 1.306134941858685082e-02 7.292450930295678833e-03 7.280345613909451619e-03 2.915875762637067277e-03 7.292450982985840095e-03 6.439400303595360295e-03 1.057120366098628257e-02 7.292444838482224981e-03 7.108397999906674626e-03 7.292450982985840095e-03 9.394318128075158578e-03 7.292230103887870768e-03 1.014313752571991377e-02 7.310376426405106043e-03 7.292450982985840095e-03 7.438225154490056730e-03 1.859055520011422200e-02 7.169382943769584370e-03 5.698193245822514089e-03 7.547499245982496573e-03 9.138246331883042792e-03 8.042887761784243625e-03 3.749360170508778730e-03 7.936637728326484051e-03 5.000005467329797330e-03 6.669014216537739147e-03 7.292450982985840095e-03 5.112924447607675345e-03 7.292450982933990078e-03 4.061444380660327036e-03 7.134251489155230518e-03 2.112439495359144572e-03 6.736121612764393342e-03 2.932319461806400050e-03 7.280028677653736964e-03 7.290904649128310093e-03 1.334042134963651059e-02 7.265341562700003593e-03 3.752052254233900069e-03 4.222565260950345706e-03 7.201775928324808188e-03 7.292450943919524808e-03 6.975879156479256570e-03 8.129142220994882775e-03 5.849709674145860475e-03 7.292446361865155199e-03 7.292449977976776278e-03 1.255454211239557735e-02 7.235154441677471224e-03 6.734705768740779919e-03 4.990692353806913152e-03 5.224234571456322709e-03 8.092525366697231326e-03 7.240396972739757304e-03 6.676920416294261466e-03 7.192086519095546374e-03 7.284776886162191122e-03 6.841594656300681657e-03 6.804226111037509073e-03 8.128577986407122327e-03 7.292450982985840095e-03 5.724810505671332379e-03 7.292450982985840095e-03 9.824516258109471448e-03 7.292450979615053806e-03 9.421996657415667234e-03 4.227294498112399782e-03 6.670318965503004537e-03 9.354952804845766134e-03 5.507232288948481387e-03 7.292450982985840095e-03 8.097052042791944015e-03 7.140576227083522166e-03 7.292366096655737012e-03 7.292450666875453964e-03 6.150248007913151557e-03 8.042076007812943433e-03 3.787801509487963032e-03 6.806609427664348302e-03 7.005126332297876256e-03 7.292450982985840095e-03 8.824345446190928755e-03 9.289909284419013572e-04 7.952381940945538186e-03 6.982946770380981522e-03 7.354615160047878707e-03 7.258391659008526023e-03 7.292450982985840095e-03 6.878602935660573479e-03 6.249600600209292978e-03 7.292450970963100521e-03 6.399638631668532612e-03 1.188373257463552421e-02 7.292762948816981089e-03 7.292450982985840095e-03 7.292450982058066612e-03 7.054729998271926962e-03 7.861791028596085487e-03 6.989954884631340883e-03 6.800900905725770773e-03 6.821009381220165084e-03 7.949852635729254269e-03 1.034917076610633764e-02 1.211390666009764736e-02 7.292450287383261086e-03 3.645418934049054344e-03 7.149089981972275160e-03 8.870035694621736938e-03 7.399706526998486335e-03 3.266354740727069484e-03 7.292449792796465088e-03 8.870174244391829457e-03 4.165247267475606294e-03 7.593739972066939486e-03
1.183920225840166297e-02 4.603117856112010596e-03 6.888270812957259827e-03 8.805257816849175467e-03 3.526525222677731261e-03 7.292563670079878907e-03 6.954423216591048423e-03 6.934407408214601082e-03 9.676242389537112465e-03 6.856423280962449865e-03 6.967345490857715373e-03 6.976653914797444588e-03 4.252830752094674711e-03 6.967342358596948643e-03 6.967345490857715373e-03 6.967345490857713639e-03 4.215967891959513346e-03 6.698846177399151412e-03 6.726275249078093529e-03 3.522005643432436772e-02 6.502918298287798000e-03 9.004241145965551779e-03 6.416708122720498828e-03 1.139269659001335665e-02 6.967345440534282452e-03 6.955780836128169255e-03 4.262084127528003100e-03 6.967345490857715373e-03 5.609570655042346241e-03 5.029271340114363845e-03 6.967339620282834989e-03 6.791504078112730117e-03 6.967345490857715373e-03 2.230030837283857384e-02 6.967134471233112254e-03 8.231620958605450483e-03 7.595726747684858164e-03 6.967345490857715373e-03 4.200214918837930946e-03 2.238774041931003433e-02 7.420040830570045175e-03 4.299128643492083554e-03 8.270564963851248161e-03 5.921315997178982528e-03 6.787823860666731580e-03 6.399548412620435778e-03 7.961132163394616518e-03 6.610761415337079554e-03 4.148149464037250746e-03 6.967345490857715373e-03 6.533732209293817081e-03 6.967345490808177742e-03 3.452026918882791003e-03 6.816198704907327696e-03 1.647146501898283377e-02 4.761552449810572095e-03 1.661839064153543396e-03 6.955476717727888773e-03 6.965812272893913241e-03 5.447905279455362779e-03 6.933349941958570281e-03 6.193182261023562341e-03 1.027262378500382002e-03 6.685532277674150273e-03 6.967345458012971088e-03 6.664781662303111490e-03 7.428656724281426128e-03 8.428221320251474274e-03 6.967341040630547697e-03 6.967344530653038319e-03 1.310685220436602801e-02 7.217467357049496719e-03 5.078475337891248664e-03 4.559243508349424337e-03 2.339358097588225063e-02 6.745576569117470687e-03 6.917763933808760736e-03 8.700619774543788196e-03 7.082262624284149308e-03 6.960014690082003304e-03 4.978709636895397965e-03 6.350789824029463501e-03 8.192882149154503274e-03 6.967345490857715373e-03 1.306344962439656178e-02 6.967345490857715373e-03 4.903726962636553548e-03 6.967345512478941016e-03 2.880258550952291725e-03 4.004095405134889228e-03 6.378954670526792124e-03 8.284766468281511489e-03 3.302357751281027529e-03 6.967345490857715373e-03 6.881251843836495158e-03 7.271328326779648993e-03 6.967264388945190214e-03 6.967345189152933556e-03 4.991029195351204088e-03 7.484867656344194355e-03 9.064078296574686402e-03 2.624470891770300240e-03 6.624656403611369621e-03 6.967345490857715373e-03 6.252457474472847623e-03 5.516572781629897060e-03 1.264251060013991262e-03 7.844109842789260406e-03 7.083514970768767412e-03 8.051246586476507733e-03 6.967345490857715373e-03 7.565504032049912876e-03 5.723630007407482130e-03 6.967345479370963719e-03 5.008579051516940869e-03 9.207313884050175035e-03 6.967046007602082335e-03 6.967345490857715373e-03 6.967345489971023612e-03 6.683244134235916296e-03 4.435858726391701985e-03 7.442253548423144807e-03 6.414003366873864340e-03 7.156714944064155627e-03 1.071718926353443409e-02 3.798469340779006640e-03 4.806997135400151513e-03 6.967344872380356637e-03 4.401125398380115010e-03 7.963133872574209779e-03 5.819607960634034204e-03 6.965462800800745549e-03 7.633138885940584165e-03 6.967344353728283091e-03 1.261645238438157367e-02 9.525326653217992476e-03 6.614988258253854531e-03
3.029729090969335466e-03 6.362059145489396342e-03 9.081953469276414850e-03 8.959407925072751869e-03 5.844469483334138260e-04 1.428716038035875852e-02 7.782583122132926204e-03 7.754558950249290650e-03 7.311216587628452564e-03 7.672304030679877491e-03 7.796494874895617058e-03 7.794890150275218116e-03 8.872790499756873228e-03 7.796491369879963475e-03 7.796494874895617058e-03 7.796494874895615323e-03 8.901339171730250979e-03 7.457797003476472099e-03 7.771630199013854733e-03 2.221914034504930777e-03 7.404774408231120167e-03 8.943070811836335149e-03 9.236520731816438845e-03 4.329982655688245467e-03 7.796494818557631566e-03 7.783553242611905738e-03 4.981226418488394168e-03 7.796494874895617058e-03 1.097147814679018570e-02 5.313951500006194352e-03 7.796488305692607368e-03 7.599720400353638175e-03 7.796494874895617058e-03 1.293478613507769229e-02 7.796258728941645247e-03 7.661977064227797930e-03 7.087146907450290155e-03 7.796494874895617058e-03 5.037651965651466536e-03 6.281581107864618770e-03 7.964177131098664278e-03 6.301184360159041084e-03 8.545263905525166126e-03 8.789166415998049542e-03 7.240988995596203855e-03 7.181192580565465798e-03 7.618444061704503743e-03 5.862796071014838087e-03 6.458679984160201407e-03 7.796494874895617058e-03 7.395339648632278003e-03 7.796494874840183970e-03 3.443444373394268562e-03 7.627360866960210782e-03 1.834160878526972785e-03 9.401006673465403182e-03 3.667759467675387169e-03 7.783214404175868226e-03 7.794752428752879832e-03 8.303221172725394270e-03 7.755364427082250475e-03 6.038387423526736346e-03 2.792817699919486040e-03 7.662623228479934975e-03 7.796494833127184595e-03 7.484927930483255276e-03 6.866412510589773276e-03 5.781737570866592180e-03 7.796489888189305287e-03 7.796493800421700100e-03 3.259490262288912248e-03 7.618671313516464996e-03 6.090023983509782260e-03 5.090099251345168475e-03 1.067205551190141162e-02 6.938537805622002966e-03 7.740887741836070986e-03 1.198099844604832466e-02 7.474976305835413781e-03 7.788290324364320789e-03 6.728920982131292305e-03 7.719602463017558210e-03 7.038216282484028273e-03 7.796494874895617058e-03 1.713571514063011447e-02 7.796494874895617058e-03 5.203726184301034167e-03 7.796494871291851335e-03 3.722145078492299954e-03 3.945987368169388831e-03 7.351292917437526712e-03 4.425484536577792109e-03 2.911729071113493619e-03 7.796494874895617058e-03 8.531952884778143745e-03 8.061479055285460105e-03 7.796404128950187168e-03 7.796494537158643254e-03 6.306500387583770240e-03 8.256217824178376311e-03 5.608597152310164369e-03 9.606128425142284460e-03 8.828397056631609105e-03 7.796494874895617058e-03 7.087643313579298186e-03 1.058568963427642751e-03 3.350376249122278757e-03 8.197859901685852768e-03 9.942255168461098039e-03 8.131231608461131355e-03 7.796494874895617058e-03 5.430922938468303422e-03 5.787675972696276760e-03 7.796494862041883356e-03 6.508532845073699419e-03 7.178303986554420216e-03 7.796069153987786153e-03 7.796494874895617058e-03 7.796494873905481134e-03 7.492644704866633504e-03 8.324898811428844969e-03 7.340616899255536683e-03 4.228923028708989930e-03 1.018827758154100711e-02 9.069215172726319621e-03 7.443990960923337584e-03 4.512232533519226763e-03 7.796494131214742364e-03 3.656223655494628740e-03 9.467461319343966133e-03 9.303102218847593419e-03 7.794376762173865249e-03 1.243462002990081659e-02 7.796493602442138536e-03 8.677170391458396623e-03 8.566214271657292961e-03 7.685330383683976717e-03
4.241189938535363385e-03 7.086166336559748466e-03 9.108327407429415989e-03 7.264580054549002117e-03 4.874183154758378669e-03 3.891336157601506945e-03 8.012995537897790732e-03 8.023874062962730799e-03 6.490535084778265539e-03 7.903522695831631528e-03 8.027580944237947685e-03 8.025941769540453907e-03 7.517029799251430389e-03 8.027577335334608322e-03 8.027580944237947685e-03 8.027580944237944216e-03 4.496687029807890611e-03 7.678859183869814892e-03 7.966409590217649744e-03 2.495222497689188104e-03 7.493905199766896959e-03 8.905823441944965210e-03 9.025484825975614578e-03 8.382935959016181784e-03 8.027580886225543777e-03 8.014256804588826971e-03 3.464391878280685851e-03 8.027580944237947685e-03 7.233974400796885917e-03 5.832796104166773632e-03 8.027574180325477635e-03 7.824974071610769563e-03 8.027580944237947685e-03 1.371898430123955417e-02 8.027337798979570713e-03 9.676842783263039233e-03 8.450701970559018270e-03 8.027580944237947685e-03 3.393431307004263296e-03 4.931036566539623994e-03 8.448948843438490452e-03 7.313819220890258391e-03 7.663116505938333961e-03 9.277582728219123387e-03 7.432253813075715039e-03 4.812438143658708672e-03 8.992943239148034479e-03 1.486540694772479085e-03 8.268519601888596471e-03 8.027580944237947685e-03 6.242620490154268675e-03 8.027580944180870079e-03 5.464186085319157338e-03 7.853433837182618310e-03 5.257395726754728223e-03 2.994527919613720977e-03 1.916959704298961146e-03 8.013929265968446417e-03 8.025811602943218673e-03 5.028044067927935588e-03 7.996349108283951068e-03 9.316989288583496856e-03 4.802473276054715356e-03 8.112845148646512239e-03 8.027580901401687105e-03 7.678975396977008767e-03 8.164279651998620005e-03 7.072343047358828697e-03 8.027576049429527988e-03 8.027579837916971883e-03 1.076376022460999405e-03 7.819909546648150245e-03 7.633562445719242751e-03 5.820727324709176580e-03 1.006477026626439140e-02 8.585669006160851977e-03 7.976113149142096195e-03 6.623304945688905654e-03 7.919346534433265722e-03 8.019133213240341521e-03 8.248339205042542338e-03 7.596547417578322983e-03 9.179322326333507268e-03 8.027580944237947685e-03 7.821666140386509397e-03 8.027580944237947685e-03 4.622629651963017922e-03 8.027580940527367231e-03 1.175256894379170074e-02 6.527519347711461910e-03 7.348025419762350963e-03 3.405748952902919874e-03 5.606225585624897804e-03 8.027580944237947685e-03 8.651597660485425487e-03 7.649795437710770439e-03 8.027487501807669887e-03 8.027580621602423486e-03 8.868532369875942525e-03 9.008467182941759868e-03 1.504843269006029584e-02 3.965049248569954554e-03 7.647239161179705987e-03 8.027580944237947685e-03 7.635826117658068256e-03 2.078503754485943548e-03 1.826901034515392196e-03 7.231086951052819248e-03 8.218404959176202340e-03 7.540255561829582905e-03 8.027580944237947685e-03 9.510150484884476521e-03 8.040431864069868401e-03 8.027580931003232279e-03 8.481727362316320712e-03 3.723205026957786094e-03 8.027148383157108047e-03 8.027580944237947685e-03 8.027580943216514747e-03 7.762782467402348785e-03 8.827234958960558306e-03 9.691152375689189580e-03 7.918877210598128727e-03 7.768832616630354237e-03 9.222514629748946799e-03 8.368341192580820709e-03 5.247768501522813607e-03 8.027580178532108673e-03 3.676917253031665098e-03 6.700179495474791087e-03 5.690669190594514759e-03 8.025472405647375573e-03 8.143576485769231724e-03 8.027579634069163458e-03 8.116134888473115067e-03 5.426380560741836390e-03 8.777267785866788366e-03
7.515663866434107304e-03 5.928183959794686500e-03 7.321068518632374914e-03 9.058395132566151101e-03 1.043390448290226064e-03 1.052412988266548596e-02 7.111655423048822248e-03 7.087957577956632838e-03 7.426459285516883412e-03 7.014805204288885980e-03 7.124858009708237225e-03 7.123391591115766329e-03 6.752438593575626515e-03 7.124854806636439844e-03 7.124858009708237225e-03 7.124858009708235490e-03 3.046267325967899880e-03 6.820120755106955958e-03 8.149082552421095180e-03 2.393946238411052280e-03 6.749675560065265985e-03 9.828140767271099920e-03 7.488325880778882657e-03 9.632277633716044771e-03 7.124857958219267019e-03 7.113070377952447100e-03 4.006164819526393354e-03 7.124858009708237225e-03 7.553223865086666766e-03 1.180768510142091512e-02 7.124852006454346701e-03 6.955446302792717660e-03 7.124858009708237225e-03 3.127493799719277198e-03 7.124642206791912194e-03 6.934860094325320280e-03 7.031311214257189406e-03 7.124858009708237225e-03 3.917935860433942839e-03 9.863335350376955732e-03 7.066259571151691128e-03 6.926995984283954716e-03 7.757007421907143561e-03 7.172887001881842958e-03 8.361904980360091583e-03 4.152279458175127218e-03 7.065582807331063052e-03 1.810588167403554341e-02 1.285476241505108252e-02 7.124858009708237225e-03 1.304304425550718328e-02 7.124858009657578962e-03 3.227936185142092455e-03 6.970294210324226927e-03 9.078137721063311502e-03 3.654008583673645696e-03 8.206029107331822350e-03 7.112722351331866519e-03 7.123267476209319340e-03 8.347321672053606770e-03 7.095230849055002634e-03 3.279620495663427854e-03 2.858607133837899519e-03 7.452879300631642771e-03 7.124857971537987278e-03 7.839477673366486779e-03 7.333168558059852821e-03 6.631356716529965278e-03 7.124853489398246323e-03 7.124857027796496073e-03 1.421664019528998471e-02 6.943336199917142341e-03 5.639776393431912040e-03 4.628797788437929127e-03 6.878710665192403449e-03 6.995553665457294144e-03 7.074132671827102099e-03 7.164852312076240917e-03 7.101251479745190019e-03 7.117360854936138036e-03 6.513910817848410015e-03 7.774784205769575719e-03 7.075005418965192062e-03 7.124858009708237225e-03 1.194868346519233938e-02 7.124858009708237225e-03 5.243118442317232057e-03 7.124858006414936697e-03 7.270357416082819969e-03 1.070892108637519317e-02 1.279872530788770182e-02 1.891196446478131399e-02 2.603820494238665365e-03 7.124858009708237225e-03 8.388898726199372005e-03 6.985146992633428815e-03 7.124775075027696587e-03 7.124857701618548915e-03 4.550883260443339996e-03 7.340079433541755669e-03 7.806034759655541486e-03 6.536571548496891704e-03 6.713632496524354377e-03 7.124858009708237225e-03 6.528891291963833526e-03 1.214934179392542033e-03 1.709657033405719354e-02 6.471484389379769317e-03 7.831308282146454136e-03 6.818326724322846914e-03 7.124858009708237225e-03 6.573768594911270219e-03 5.038837828448100922e-03 7.124857997961800936e-03 5.849409033804447815e-03 1.083449102073835539e-02 7.124733919103813304e-03 7.124858009708237225e-03 7.124858008803267549e-03 6.824135224757326736e-03 7.984290464256816808e-03 1.185827073685962081e-02 1.002431732554984710e-02 6.799471152601797158e-03 7.996764500049487884e-03 6.005052768488195261e-03 5.429900338644335321e-03 7.124857330091880110e-03 9.543660197486626695e-03 7.233755374875047370e-03 6.762991030752399206e-03 7.122947173830851755e-03 3.826551331556327616e-03 7.124856846871435549e-03 3.708582728817272356e-03 3.110027604237598775e-03 6.917300728739769408e-03
1.929381599520262752e-02 6.453590365726265612e-03 8.407311274076080185e-03 4.391708821651949847e-03 1.057347880213163355e-03 1.166519175789285621e-02 8.178089716668331816e-03 8.165724260437103380e-03 6.715915057338179596e-03 8.058593204634855248e-03 8.189080288099307922e-03 8.187425714820390291e-03 4.263327285958060098e-03 8.189076606591785476e-03 8.189080288099307922e-03 8.189080288099304453e-03 9.398619594031699248e-03 7.824662193627283935e-03 7.901622699330524552e-03 2.752019840089074774e-03 7.616441925110423866e-03 7.804744639973242547e-03 8.882549643964182326e-03 2.696017768921877330e-03 8.189080228919844509e-03 8.175486603142359879e-03 4.487738645268317741e-03 8.189080288099307922e-03 6.030672028006314224e-03 6.262552344854616440e-03 8.189073388110050880e-03 7.982397923197997666e-03 8.189080288099307922e-03 6.063391615000515364e-03 8.188832251239569135e-03 8.398781959121692786e-03 9.061037579106598697e-03 8.189080288099307922e-03 3.910406175319339726e-03 2.560116300702544329e-03 8.755240408490204407e-03 5.827909693926273255e-03 6.836402264028600302e-03 8.701689148935522200e-03 9.728260212316000577e-03 9.863980723165015341e-03 8.093124413189477576e-03 5.273858495309332803e-03 4.725756898263995531e-03 8.189080288099307922e-03 5.986960594480524207e-03 8.189080288041083663e-03 3.661255164374164865e-03 8.011430403170616624e-03 9.269885461801593771e-04 6.020071273091651826e-03 1.936586900020329438e-03 8.175130359394622639e-03 8.187249347949326211e-03 5.538478884405384321e-03 8.140051566503351752e-03 5.733283058172958246e-03 3.791537060035162811e-03 7.931108233873362598e-03 8.189080244227533653e-03 7.835887298410518231e-03 7.469078323942863508e-03 3.004573973769955261e-03 8.189075041386256054e-03 8.189079159525389576e-03 1.763108960261134924e-03 8.865420242722238733e-03 6.561230238848881138e-03 5.608897453318649820e-03 4.979279647169343806e-03 8.497302289553185228e-03 8.130900325536316586e-03 7.937631641313138559e-03 8.474672749736835917e-03 8.180462605511265584e-03 5.006866814152935614e-03 7.743163187696670662e-03 8.104118962978050164e-03 8.189080288099307922e-03 6.805427432847599087e-03 8.189080288099307922e-03 4.705851632660120951e-03 8.189080284314071909e-03 4.470764051331868778e-03 5.958914915423882581e-03 7.488077055986475106e-03 5.197029569659425245e-03 5.917196024243222448e-03 8.189080288099307922e-03 9.266602755813181658e-03 9.020192365514434485e-03 8.189029286072724984e-03 8.189079933027684777e-03 6.045701074554115165e-03 7.986607454567350509e-03 2.001528198043393998e-03 2.132216935661714052e-02 7.716683755293060089e-03 8.189080288099307922e-03 7.372662090803678257e-03 3.554718009572830489e-03 1.338514217911899312e-03 6.875349143766332390e-03 7.471329179239636666e-03 8.171558519802909690e-03 8.189080288099307922e-03 7.557344843084116102e-03 6.303678891653575686e-03 8.189080274598335013e-03 6.904117887667783442e-03 1.172469999115946168e-02 8.188633524433264893e-03 8.189080288099307922e-03 8.189080287057134630e-03 7.832982878897779694e-03 5.757075974423854492e-03 6.860862891178437159e-03 8.549486791391842921e-03 7.011742352043970859e-03 7.663605063129508115e-03 5.589387017734388091e-03 8.973524368824542172e-03 8.189079506980043166e-03 4.246930186499164525e-03 7.776552630796923320e-03 9.690084519688880321e-03 8.186865241864320006e-03 7.001187762414090923e-03 8.189078951572472537e-03 1.776381420652628496e-02 7.398698893341153215e-03 8.381668625052440466e-03
8.746207899157702054e-03 6.672871483911825032e-03 8.750020576249661550e-03 7.959088384598139373e-03 5.102969220478985497e-03 9.651732555715842807e-03 8.050234694922837886e-03 8.020649830769470065e-03 5.725341486178281772e-03 7.935454460246297442e-03 8.063947068732174595e-03 8.062321949337428878e-03 9.711349992493038472e-03 8.063943443479923423e-03 8.063947068732174595e-03 8.063947068732171125e-03 2.839724484367421673e-03 7.706719723193106858e-03 7.457394384554410886e-03 1.482428159144194178e-03 7.508286294488360213e-03 1.389042399760451185e-02 9.076068498122666015e-03 1.532199207260577165e-02 8.063947010458290612e-03 8.050561010788501518e-03 4.212748060977196916e-03 8.063947068732174595e-03 5.512155998733494697e-03 8.954787308500114854e-03 8.063940274178185708e-03 7.860422580617519930e-03 8.063947068732174595e-03 4.167882049422446528e-03 8.063702822090254227e-03 6.665204951438859216e-03 8.507102186971246538e-03 8.063947068732174595e-03 4.924344253800371114e-03 2.346410603680855467e-03 8.994598797966005255e-03 6.542085387597478853e-03 6.387747390053786188e-03 8.351679685859187893e-03 4.252961192752548712e-03 3.091072903155483824e-03 6.498450837759920697e-03 8.428798889113742199e-03 5.329125664617515197e-03 8.063947068732174595e-03 4.196294246493818131e-03 8.063947068674838514e-03 3.741116016609970837e-03 7.889011049706290760e-03 2.280060974814541140e-03 6.922075136360261380e-03 1.485966094414232531e-02 8.050210227488538775e-03 8.062485025934930730e-03 1.067106709525868745e-02 8.012799467342698531e-03 3.537472202463842839e-03 7.060587541069581613e-03 8.466246926527747074e-03 8.063947025574768127e-03 7.728345781617151390e-03 7.824675748373463580e-03 7.529455311153835338e-03 8.063942129563073102e-03 8.063945957399332870e-03 1.188406170006512698e-03 8.486713318789444391e-03 6.906225452110058803e-03 5.238353749268872053e-03 1.009205581661003388e-02 6.403673747144445622e-03 8.006387015638846347e-03 7.036273185118006868e-03 8.432829584247300905e-03 8.055461572842962173e-03 5.472646426696613220e-03 8.160367781797267517e-03 7.185589291330190045e-03 8.063947068732174595e-03 1.147243719158435107e-02 8.063947068732174595e-03 1.011741222672269194e-02 8.063947065004779466e-03 4.034876924310223587e-03 8.698596478477895605e-03 7.384022457378397811e-03 5.585633318754784291e-03 9.758968618122124475e-03 8.063947068732174595e-03 7.931630262383006225e-03 8.254077217652968854e-03 8.063853201911412236e-03 8.063946723334342731e-03 5.050102001819086438e-03 7.528614102937000382e-03 5.590726550993275167e-03 8.592950860565880949e-03 7.609481998211414973e-03 8.063947068732174595e-03 7.290869190010434639e-03 1.383838778501879146e-03 1.035597824794475506e-02 6.720961577274692580e-03 8.048413063975405624e-03 7.516357260814084292e-03 8.063947068732174595e-03 9.732922945377534690e-03 7.354326479687024916e-03 8.063947055437503675e-03 6.995632724861844051e-03 2.907518974882371873e-03 8.063507957168401102e-03 8.063947068732174595e-03 8.063947067705952085e-03 7.729308088899460548e-03 7.999858941999548126e-03 1.193474188179061320e-02 6.227420421960503001e-03 7.519685113681102637e-03 5.644268618297715139e-03 6.258041506034434619e-03 4.162902417100151735e-03 8.063946299539156287e-03 3.668265308577161200e-03 8.664960121109370125e-03 7.130508355718905532e-03 8.061774297849259863e-03 2.754189490641231405e-03 8.063945752638369477e-03 1.801255367385567584e-03 5.641427733610940298e-03 8.785407425519781155e-03
3.235407241004145500e-03 5.649466705860741941e-03 2.858857193782312917e-03 6.363259627781115736e-03 1.454112121626002048e-03 2.227168378687291016e-03 5.289529286070089771e-03 5.279168103219994065e-03 1.033347775700527854e-02 5.215551734057514988e-03 5.299358674391609937e-03 5.298269021431384861e-03 4.414816270204410288e-03 5.299356292014437662e-03 5.299358674391609937e-03 5.299358674391608202e-03 9.168737994288283372e-03 5.077061865418602132e-03 8.059294605940415732e-03 3.343858319514407020e-03 5.109052464638982015e-03 4.634626384651194773e-03 4.657308143870591416e-03 7.438918433348891152e-04 5.299362822459801822e-03 5.292492339934836559e-03 6.299703696696351031e-03 5.299358674391609937e-03 1.853289135011637872e-03 1.042157356633900342e-02 5.299354209246654769e-03 5.165608981560056677e-03 5.299358674391609937e-03 3.680221246242430105e-03 5.299198163530065113e-03 9.958264623301654739e-03 3.705986538688453742e-03 5.299358674391609937e-03 3.280046678374432152e-03 1.753651653964109075e-02 3.505950846742556578e-03 1.048149523821115432e-02 6.056614417777681468e-03 5.826478190969154071e-03 1.125365297511785739e-02 7.193597777973158476e-03 8.832156899791642965e-03 3.080020510007653450e-03 1.185203540993884710e-02 5.299358674391609937e-03 7.958070550077862848e-03 5.299358674353930876e-03 1.170428062660724550e-01 5.184396522578047645e-03 5.708163118945889635e-04 2.468200749403866041e-03 9.222974146059492728e-03 5.290331381755588626e-03 5.298402962861359020e-03 6.464960740802345313e-03 5.265203814694804224e-03 9.176819652780311698e-03 3.774772070161111753e-03 5.856929074378941676e-03 5.299358646114559097e-03 5.089438795812559896e-03 3.335422810602650320e-03 1.225001295470564029e-02 5.299358733478240491e-03 5.299357944060510521e-03 1.000195658390922934e-02 4.625127369647500687e-03 4.406062523620440929e-03 3.493961766751455585e-03 1.050024023815042916e-02 9.375344108462487988e-03 5.261572147837578067e-03 6.875164727607039304e-03 4.545166048021188378e-03 5.293781973855139766e-03 1.275435336224451342e-02 8.019168450094605813e-03 7.610127200790116689e-03 5.299358674391609937e-03 8.113026729522977362e-03 5.299358674391609937e-03 5.467523049391151933e-03 5.299358671942150031e-03 6.217985261125314606e-03 6.486639306571596007e-03 4.881929492958456303e-03 3.174234990818805210e-03 3.127386975655573748e-02 5.299358674391609937e-03 5.188042901776056086e-03 4.625569006378810188e-03 5.299296988222703536e-03 5.299358721690193390e-03 7.023856978312580449e-03 5.215991589753955424e-03 6.919992161170354650e-03 1.571103351700807796e-02 4.993452133466762602e-03 5.299358674391609937e-03 4.788143517874737798e-03 3.112043514639339578e-02 1.732690024242082355e-03 9.137485359871667934e-03 3.349685791646656897e-03 6.712614529071137155e-03 5.299358674391609937e-03 4.693129811965872887e-03 4.743348207772282547e-03 5.299358665654793112e-03 5.189645383893686480e-03 3.747638513192922804e-03 5.299317368887159971e-03 5.299358674391609937e-03 5.299358673746504440e-03 5.417902490970438398e-03 1.448408060034022012e-02 6.307864602180449434e-03 4.609499821314969568e-03 3.626556937347097474e-03 9.401836303558078201e-03 1.070426279988736032e-02 8.508972202203948093e-03 5.299358168903459468e-03 4.930739010525297603e-03 6.562296031960740059e-03 7.754837526654801902e-03 5.441145718464469871e-03 5.803435190130554547e-03 5.299357809543237333e-03 2.247656282282018900e-02 4.783525905605825849e-03 4.297179574020430076e-03
3.256668900030497502e-03 6.879289493354005455e-03 9.452401214498052165e-03 6.491823705512947407e-03 1.585728742374330853e-03 1.477096594390982578e-02 7.182317670826545916e-03 7.133667250434320636e-03 9.079265147454150878e-03 7.059962715893199243e-03 7.172226188123079910e-03 7.170773723437529577e-03 7.724463853463947940e-03 7.172222963755526572e-03 7.172226188123079910e-03 7.172226188123078175e-03 1.269991103464333283e-02 6.859405869445991608e-03 5.573896852478719618e-03 7.189869527281020703e-03 6.872652359141937471e-03 1.044992553751484220e-02 7.850057099738724786e-03 4.238190076359121469e-03 7.172226136711730773e-03 7.160320375747513365e-03 5.638534833177496347e-03 7.172226188123079910e-03 1.078718900604331427e-02 1.397137147180709665e-02 7.172220144918970905e-03 6.991207492700823867e-03 7.172226188123079910e-03 6.423639613924182409e-03 7.172008950476752541e-03 6.600663920609265573e-03 7.496752076686494584e-03 7.172226188123079910e-03 5.485138348507033641e-03 6.261166391936041214e-03 7.962248250718567330e-03 5.928183871859357343e-03 6.698196558362213247e-03 7.379912065727536885e-03 6.170849490066706786e-03 5.427021709334869243e-03 7.483509624384657860e-03 7.839637719455743239e-03 6.796702437923598378e-03 7.172226188123079910e-03 1.271086560818080781e-02 7.172226188072085111e-03 6.215685197817713038e-03 7.016634802559001786e-03 3.751456201974054903e-03 5.521326749448542300e-03 1.743857906126371985e-03 7.160008395803225956e-03 7.170623041527427431e-03 7.173999591404408432e-03 7.129102909057780449e-03 7.441678631196953393e-03 7.493808343397565831e-03 6.414969696536728001e-03 7.172226149699684368e-03 6.860859447304481183e-03 1.021033742854881438e-02 5.789854519128791698e-03 7.172221641272184985e-03 7.172225199682749457e-03 5.452247940989671249e-02 6.343002225179699034e-03 6.699301668491584524e-03 4.654340859543976659e-03 4.834855856738516817e-03 6.677563435639762186e-03 7.121316336410872180e-03 1.181380366318367237e-02 6.812280660763723669e-03 7.164679971236855884e-03 5.456618106141260596e-03 6.119917740645082482e-03 7.846744936743574317e-03 7.172226188123079910e-03 5.966045959708549291e-03 7.172226188123079910e-03 7.074789744814870100e-03 7.172226184807864620e-03 8.074080462431675390e-03 4.280983074567121065e-03 6.558342091304178618e-03 3.407573651099742376e-03 5.351373389692042071e-03 7.172226188123079910e-03 7.815036978723538877e-03 7.374394450252850022e-03 7.172142701204003122e-03 7.172225878799932952e-03 7.861274356176487302e-03 6.851197380250875768e-03 3.083277532338377092e-03 4.480839120203955646e-03 6.758171248023824018e-03 7.172226188123079910e-03 6.443904685112886860e-03 1.609869713330690406e-03 4.139970325421580936e-03 6.424471360142769080e-03 1.063571727509320976e-02 6.354063026391374401e-03 7.172226188123079910e-03 9.973417470610059649e-03 1.388055389812243613e-02 7.172226176298549839e-03 6.536537358210448533e-03 2.527229825307195175e-03 7.173225182034967048e-03 7.172226188123079910e-03 7.172226187216368572e-03 6.870075010384467384e-03 6.695862530929333825e-03 6.784454606195259446e-03 8.169673170868802306e-03 1.183272300333640913e-02 7.077917107472502661e-03 6.249141507819085985e-03 5.760693277781271833e-03 7.172225503988343201e-03 3.321701438798021176e-03 4.872739802752333420e-03 5.354600227833504825e-03 7.170271056001363032e-03 4.272137151000798307e-03 7.172225017555395460e-03 8.427067934974923763e-03 4.105300863253157420e-03 7.681830963779442273e-03
6.304873256718718233e-03 8.295335901867836523e-03 7.944800422481891611e-03 2.888500187884104550e-03 3.933006465707843992e-03 6.500923722364823805e-03 7.935570236479481260e-03 7.891508903017350335e-03 7.986028527819476544e-03 7.809027621594928810e-03 7.933743310530779955e-03 7.932520501622578740e-03 8.110060691633166202e-03 7.933739743813325584e-03 7.933743310530779955e-03 7.933743310530778220e-03 5.302974677519022018e-03 7.585994269459385778e-03 7.416760267412425209e-03 1.296707330983050757e-02 7.553255495822728399e-03 5.094603035586829122e-03 8.255007089506508078e-03 2.574879108800179339e-03 7.933743253196083936e-03 7.920573421411279333e-03 3.436040464662978248e-03 7.933743310530779955e-03 5.769851980617814700e-03 3.571157899594448130e-03 7.933736625684414262e-03 7.733505057778162356e-03 7.933743310530779955e-03 3.364624464862836679e-03 7.933503007495403339e-03 7.188686886639480272e-03 7.842741483352400067e-03 7.933743310530779955e-03 3.266149835854464945e-03 6.680172841194743048e-03 7.988938983307516256e-03 7.826140534160575674e-03 8.771013457072740147e-03 9.299931921544844771e-03 4.694067838950811283e-03 5.876543329814513071e-03 7.604570905689653215e-03 1.296772879973514050e-03 3.859022749071611743e-03 7.933743310530779955e-03 6.062070944125488858e-03 7.933743310474370217e-03 3.676839370630390416e-03 7.761631879982178010e-03 4.134386142662207012e-03 4.989782931479380505e-03 1.838705775805024980e-03 7.920228285697933704e-03 7.932008567275789651e-03 7.216039181642052575e-03 7.883461449755976846e-03 2.900914946914831798e-03 1.756838401005595849e-03 7.727718327348477925e-03 7.933743268123905068e-03 7.589428273825435910e-03 7.875575956157419844e-03 5.391457648092600093e-03 7.933738228461117287e-03 7.933742217141969907e-03 1.077013337583957028e-03 8.009738846625983483e-03 8.225284255474626938e-03 5.203378068315270798e-03 5.333453334141327606e-03 6.742292631355133528e-03 7.877111066181703355e-03 6.478475241019499530e-03 8.118235526362916482e-03 7.925394348432831734e-03 6.924155043301742814e-03 7.833500865035565933e-03 8.902387122907050310e-03 7.933743310530779955e-03 1.041961048363356304e-02 7.933743310530779955e-03 9.058802004321422907e-03 7.933743306987270719e-03 7.157884208547520173e-03 6.448779664075671159e-03 1.335340383366261270e-02 5.549783180752451174e-03 3.874494028216182891e-03 7.933743310530779955e-03 7.907380742085313649e-03 8.246777225181679133e-03 7.933650970263037006e-03 7.933742975692150909e-03 8.990588671828792997e-03 7.995789714830758496e-03 3.214798647113161281e-03 6.527028959398881343e-03 7.476184412310900133e-03 7.933743310530779955e-03 1.160179751044915740e-02 2.245001208376150043e-03 8.897175665037527006e-03 6.765422800853767953e-03 7.395871458373283816e-03 7.617751699236527917e-03 7.933743310530779955e-03 5.045747390182263835e-03 5.880020093200645677e-03 7.933743297450770657e-03 9.141502603504245844e-03 1.504583719837971484e-02 7.933345030572552803e-03 7.933743310530779955e-03 7.933743309521110176e-03 7.642695002516612483e-03 3.728607348532341978e-03 4.218212185935798705e-03 8.217594891541982541e-03 7.092053438084960741e-03 6.701178337629348433e-03 7.630871339774985065e-03 7.567074117698794310e-03 7.933742553757464067e-03 5.002172818495257724e-03 8.388970337603241303e-03 6.927381762319829474e-03 7.931587976744541510e-03 2.738009979334044344e-02 7.933742015677088671e-03 2.176036514293815463e-02 9.855296334998955160e-03 8.439881219258000417e-03
2.173425202661539556e-03 4.464470119093037412e-03 4.956745168280817480e-03 8.645636109226069108e-03 1.523909407256973311e-03 6.247415277990379066e-03 5.906421517233043095e-03 5.891142811332563886e-03 8.440483042450222517e-03 5.840672844322663745e-03 5.917387054155918980e-03 5.916169959675577489e-03 5.119076254561693955e-03 5.917384393964155061e-03 5.917387054155918980e-03 5.917387054155917245e-03 2.346166370823645885e-03 5.777494817817060806e-03 6.710360449373421569e-03 8.469749932942036283e-04 5.775806570163212299e-03 5.409081781348835070e-03 6.834310629547306337e-03 3.940448686587852585e-03 5.917387011420573335e-03 5.907646975842533420e-03 1.743646295052087014e-02 5.917387054155918980e-03 4.899229450356170495e-03 9.762105969048723297e-03 5.917382068259376127e-03 5.768061075637779568e-03 5.917387054155918980e-03 5.990102253080754890e-03 5.917207824246459996e-03 1.053440226966475754e-02 5.650576489412828876e-03 5.917387054155918980e-03 8.733555825641130255e-02 5.770459054839648799e-03 5.629719352153317834e-03 4.743021820078683823e-03 8.193851244150880328e-03 8.862772348193565658e-03 7.791248086155128788e-03 1.588993208416549993e-02 8.248906977071543759e-03 1.097497205835414741e-02 9.293457044871706804e-03 5.917387054155918980e-03 1.678349520287691216e-02 5.917387054113846731e-03 2.648175272019325042e-03 5.789017645860806277e-03 2.016303843666493543e-03 2.460900040740167122e-03 6.962505540425456899e-03 5.907306853918772686e-03 5.916071878306663687e-03 1.258431502670180266e-02 5.930522103147946485e-03 6.039868143593096934e-03 5.409670230825466483e-03 5.428671470499839107e-03 5.917387025057214631e-03 5.730394740199732002e-03 4.961490669762021709e-03 6.122420685965767641e-03 5.917383503996240593e-03 5.917386238651240436e-03 3.864697525292527629e-03 5.688538498196566394e-03 4.789303599686493135e-03 3.849274405960094719e-03 6.786469701338662328e-03 7.379948331030501511e-03 5.876772674410507200e-03 5.362551943207716047e-03 5.282673671046904558e-03 5.911159965093343814e-03 6.799128912517484954e-03 5.764328761452418466e-03 7.594825891560408326e-03 5.917387054155918980e-03 1.706828983255377283e-02 5.917387054155918980e-03 1.350130238300205864e-02 5.917387051420734505e-03 5.822739896575972705e-03 1.146562230362210659e-02 5.447156804648360835e-03 7.258915230553432581e-03 1.497003655610508813e-02 5.917387054155918980e-03 6.932362272276924170e-03 5.540470929963381939e-03 5.917320308992532300e-03 5.917386797602642960e-03 3.486582430189430742e-03 7.535364073047697356e-03 1.247373150260211450e-02 1.236271872961673332e-02 5.575830365689687235e-03 5.917387054155918980e-03 5.428993277485197159e-03 7.636643691088107347e-04 1.932576384171652041e-03 7.031261974784245097e-03 5.044050904940922987e-03 6.929001590318526436e-03 5.917387054155918980e-03 5.962146962656445642e-03 4.909794384742312105e-03 5.917387044400186299e-03 5.101432104670388171e-03 4.047768464533991334e-03 5.917609280943730843e-03 5.917387054155918980e-03 5.917387053417721282e-03 5.958714935650760366e-03 1.010219781708432754e-02 6.276322585247485868e-03 6.497113260007106664e-03 5.517230818378929431e-03 1.114924262128473738e-02 5.306351826815505768e-03 8.041840524837241128e-03 5.917386489716102912e-03 2.542622511613445643e-02 8.221883869480714133e-03 8.084229756116487198e-03 5.919163443458290777e-03 5.723082339306915026e-03 5.917386088388541451e-03 9.583092583577533172e-03 6.497493703156248523e-03 6.410313130631816944e-03
3.263454201271384376e-03 5.153702083421486321e-03 6.628418561649322173e-03 1.407293118556976128e-02 1.163869817562777215e-02 5.969747090786800894e-03 6.362638235181845674e-03 6.340596260509505887e-03 6.698494167332588040e-03 6.272926723011854229e-03 6.374467114294841801e-03 6.373155102791040576e-03 5.223401722297717209e-03 6.374464248690838580e-03 6.374467114294841801e-03 6.374467114294840066e-03 5.111497295206519388e-03 6.235052805868540778e-03 7.219244417832952794e-03 7.434734162747142720e-04 6.000923467549703835e-03 6.258663418280691580e-03 6.428272164383444856e-03 1.194629970376931416e-02 6.374467068656883978e-03 6.364118776960378185e-03 4.968445525653777950e-02 6.374467114294841801e-03 6.075531416349934030e-03 6.245206047890404857e-03 6.374461764894473817e-03 6.213583101992894119e-03 6.374467114294841801e-03 3.870367852379835109e-03 6.374274042004741785e-03 8.103734225333988905e-03 6.165708999901500786e-03 6.374467114294841801e-03 2.811602810662728637e-03 5.313078452982179269e-03 6.253356816700899462e-03 5.779021752178629782e-03 6.908657466110673835e-03 6.308321339014009120e-03 5.662045472947465144e-03 3.004329509899808601e-03 7.578644576112376387e-03 1.188090882828906052e-03 4.933952295411732532e-03 6.374467114294841801e-03 4.780037594486565879e-03 6.374467114249519548e-03 3.204796848303938586e-03 6.236181992698322345e-03 6.024038874568095683e-03 3.130692117905696948e-03 1.477603020506332169e-03 6.363608695382006950e-03 6.374448879354941734e-03 1.502155523837142743e-02 6.341038111758113410e-03 5.187470476717410788e-03 2.470566466573731034e-03 6.604174056887573627e-03 6.374467080149794768e-03 6.097649760837074891e-03 7.779875621109958936e-03 6.904330016010777095e-03 6.374463051189249371e-03 6.374466235797676163e-03 1.010698393325956635e-03 6.307747978782796833e-03 5.268912143322456061e-03 4.139179572104754838e-03 3.806515913173233977e-03 7.849658879383178064e-03 6.328964117660794593e-03 6.186926583333945094e-03 6.255397869416309993e-03 6.367759419304370484e-03 6.610998170671826372e-03 6.898804442079253113e-03 6.722386187488982139e-03 6.374467114294841801e-03 1.157636852890805979e-02 6.374467114294841801e-03 6.395330983725785144e-03 6.374467111348377547e-03 1.970143268768787762e-03 4.024958576404817460e-03 5.830657462403182958e-03 5.165040671946453422e-03 2.126991808251186417e-03 6.374467114294841801e-03 6.703180305667267094e-03 6.615051472101492712e-03 6.374392913532167873e-03 6.374466841845550374e-03 5.946524076335596605e-03 6.274268639820930991e-03 4.767066330433543733e-03 4.472799600262313338e-03 6.010825463693961722e-03 6.374467114294841801e-03 5.712407894033049056e-03 2.061965576263660033e-02 1.231703509881881403e-01 7.075401913896428412e-03 6.571330706909347258e-03 6.333412590799663601e-03 6.374467114294841801e-03 4.846171322051531088e-03 4.574610595637364739e-03 6.374467103785541773e-03 4.885350528998708662e-03 3.185225027615074585e-03 6.374169925970515384e-03 6.374467114294841801e-03 6.374467113483652143e-03 9.631701218271100304e-03 8.385422114366519741e-03 7.034605295285349322e-03 5.593175143266658662e-03 7.096241768379028467e-03 7.000816764317808680e-03 5.155596666058271174e-03 8.588740611387436427e-03 6.374466506255682847e-03 3.040018494158123509e-03 3.564804210565159469e-03 3.553860859250639222e-03 6.372771820810753732e-03 3.107676206010471891e-03 6.374466073928218221e-03 1.198300473885794901e-02 3.628693850916694420e-03 6.393364344660046501e-03
2.104266225347937828e-03 7.681633864374703101e-03 7.014432596605835180e-03 5.390906029759111838e-03 4.336028485109762166e-04 6.925342287925280102e-03 7.504635055211243515e-03 7.478289246710261538e-03 5.325303958608965625e-03 7.398803928919664083e-03 7.518579069488853101e-03 7.517033619809119181e-03 1.157004262848659523e-02 7.518575690916117285e-03 7.518579069488853101e-03 7.518579069488851366e-03 4.644751513343947126e-03 7.217612850065687966e-03 6.628644902103516395e-03 2.076250788406701873e-03 7.021624119766147268e-03 1.018882764020702207e-02 6.868336634494491728e-03 3.827619165922348764e-03 7.518579015154366538e-03 7.506100389231954752e-03 3.844461331637374218e-03 7.518579069488853101e-03 4.804951328837903102e-03 1.664645814921724559e-02 7.518572734453296200e-03 7.328818816456769344e-03 7.518579069488853101e-03 4.164247815383318591e-02 7.518351341442405973e-03 5.373427755138450966e-03 8.528830530208494562e-03 7.518579069488853101e-03 3.894377472772036445e-03 1.719805517567110642e-02 8.139649797965931716e-03 6.728989492035758815e-03 6.294292964029103016e-03 6.415483492508766879e-03 6.006123409620555721e-03 6.326411739656047882e-03 5.303513956281170720e-03 3.461997938212190416e-04 5.121562244827673402e-03 7.518579069488853101e-03 3.611042895465853015e-03 7.518579069435395862e-03 3.459582092299619879e-03 7.355474044046120784e-03 5.907844763580119909e-03 9.067068170138057465e-03 1.752033411101397127e-03 7.505771275621889518e-03 7.516899567201512818e-03 9.477921506118940423e-03 7.571650973033368370e-03 9.923365829502119734e-03 1.141576814317214403e-02 7.969972768994864828e-03 7.518579029935096997e-03 7.295831169922772919e-03 7.996787614675749528e-03 8.914239432254484827e-03 7.518574353335322029e-03 7.518578033315901840e-03 6.415436830317673179e-03 7.772152824518680815e-03 8.339637816482838376e-03 3.653419196945892344e-02 3.823809155683631847e-03 6.502221329927141899e-03 7.464927996989404770e-03 6.175354703228711460e-03 7.819970976821721473e-03 7.510666985141884779e-03 6.115607564570619756e-03 7.043247557401971677e-03 5.740570626438798799e-03 7.518579069488853101e-03 3.916951844951250573e-03 7.518579069488853101e-03 6.111158063977194417e-03 7.518579066013543651e-03 5.722043413134403865e-03 8.563050114686811265e-03 6.881040419558010456e-03 2.155721930855495749e-03 4.266026084090926082e-03 7.518579069488853101e-03 6.560380999601517216e-03 7.568521277910404688e-03 7.518491550910186803e-03 7.518578743988643849e-03 6.750242253730632039e-03 6.086685380703212543e-03 8.434319561546126456e-03 5.073924113944598170e-03 7.090504513027806079e-03 7.518579069488853101e-03 6.739560742632711744e-03 1.823670473730623414e-03 2.337571354001092422e-03 6.551078228929675673e-03 7.631177963943184227e-03 7.120605922288340654e-03 7.518579069488853101e-03 1.026184287807440851e-02 7.423432287055712307e-03 7.518579057093306706e-03 8.629423016510141126e-03 1.096656327393517004e-02 7.518207744654488954e-03 7.518579069488853101e-03 7.518579068532157440e-03 7.199956253342887878e-03 5.777392697211179533e-03 1.246472409108993762e-02 8.042713358198973900e-03 6.485119351776456181e-03 4.662800119897806891e-03 7.651701561321623199e-03 4.429037298631113145e-03 7.518578352316670349e-03 3.594455607850664206e-03 6.796058061421508291e-03 7.206985617047686338e-03 7.517060255334142606e-03 2.938229249807300814e-03 7.518577843426132133e-03 2.072848949743316942e-03 6.741306122573432168e-03 7.448830801213149680e-03
3.348230118180760967e-03 7.563380441011635820e-03 6.743490982317353749e-03 8.823948574641965817e-03 9.575530429427433349e-03 7.262250602124624074e-03 7.582786903479846706e-03 7.556024344350463669e-03 7.778938848477840937e-03 7.475872362932518833e-03 7.596883763700666529e-03 7.595320146994860751e-03 1.026150828139757616e-02 7.596880348423120516e-03 7.596883763700666529e-03 7.596883763700664795e-03 7.124693896666180193e-03 7.294854259147633829e-03 7.378552679137579534e-03 5.197932381325251483e-03 7.080746402861000377e-03 1.053243918451853521e-02 6.872852548662051163e-03 1.318086351852901586e-02 7.596883708800778942e-03 7.584273720014442915e-03 6.040161709975179830e-03 7.596883763700666529e-03 5.850217690321030811e-03 6.834214106058936720e-03 7.596877362686815620e-03 7.405191261539987788e-03 7.596883763700666529e-03 4.679457546836089145e-03 7.596653663714271996e-03 6.767200385318207154e-03 7.843831545246936904e-03 7.596883763700666529e-03 3.422567000241747651e-03 6.767131092849806850e-03 7.740969458192657748e-03 6.956107210593434620e-03 8.319395687810324583e-03 7.037995544820182039e-03 1.075853196850640528e-02 2.829401267011322826e-03 8.021728779758338299e-03 1.367168877027018399e-02 5.343100516513934854e-03 7.596883763700666529e-03 8.282903723128223414e-03 7.596883763646652445e-03 3.278069895682255135e-03 7.432080027767074860e-03 1.705857614780328935e-03 2.826465934892075874e-03 4.245085681233132409e-03 7.583942563207971346e-03 7.596370430861340388e-03 7.778242087284623421e-03 7.547340442438728488e-03 5.658347841937035917e-03 2.563036737122712568e-03 7.989617436299110628e-03 7.596883723086231104e-03 7.267819261648896141e-03 8.249332213615517481e-03 7.418298467163848657e-03 7.596878904018569689e-03 7.596882716736154048e-03 6.917321530967295018e-03 7.698360182475876869e-03 7.458989640644228709e-03 6.054250318139003592e-03 3.487837076281072746e-03 7.337934468440028037e-03 7.542737681888490864e-03 6.417720655480894411e-03 7.897127607031036861e-03 7.588889274018892350e-03 7.457373304453149970e-03 7.042846344023981353e-03 6.404697997139128206e-03 7.596883763700666529e-03 1.221970298020219961e-02 7.596883763700666529e-03 7.964082392944524941e-03 7.596883760189291311e-03 4.875038959047042243e-03 1.035456524694565623e-02 6.945980265622407786e-03 2.500965558254591818e-03 1.049910001715263080e-02 7.596883763700666529e-03 6.772035026256529103e-03 7.808382833827791532e-03 7.596795333631176442e-03 7.596883439194857153e-03 8.036921944531752113e-03 7.734387099721943062e-03 2.122713014170751755e-02 7.979344940091967139e-03 7.158324719200795903e-03 7.596883763700666529e-03 8.187332777221835792e-03 6.643137141292897001e-03 2.850371415340506760e-03 7.534650326063005964e-03 7.371125517790497184e-03 7.592429799917083458e-03 7.596883763700666529e-03 5.886164676806627388e-03 5.768770565326536773e-03 7.596883751176022881e-03 7.142983355369707937e-03 7.357255585132421727e-03 7.596589701177216929e-03 7.596883763700666529e-03 7.596883762733997944e-03 7.311265749188060499e-03 6.121134162516713925e-03 9.214868068483218419e-03 7.606824804863675585e-03 5.794042723194539959e-03 6.390207235437856022e-03 7.690425289963524411e-03 6.514299967930244073e-03 7.596883039059260621e-03 3.533803944956762002e-03 9.140677868238458390e-03 6.827328348507609619e-03 7.595310840015979600e-03 7.449170687084345766e-03 7.596882523825288815e-03 9.222457534625848677e-03 6.412283455223442667e-03 7.624438995683595344e-03
4.006590982342270874e-03 6.772153929872432032e-03 1.154777033337325842e-02 8.135852467401821081e-03 1.181753810532263499e-02 9.764306294915299153e-03 7.246264858423727591e-03 7.202997736605027020e-03 8.067486769479863956e-03 7.116970967228457290e-03 7.231978557563670598e-03 7.230492713222308292e-03 7.721308111152618871e-03 7.231975306333660557e-03 7.231978557563670598e-03 7.231978557563668863e-03 2.246592183827775431e-03 6.937636733223326302e-03 6.736798789027161755e-03 1.439845861628886873e-03 6.757483739883881485e-03 1.100668983612423935e-02 7.673179221329583591e-03 1.073851690042712352e-02 7.231978505334905015e-03 7.219974101570251872e-03 3.996897268341986775e-02 7.231978557563670598e-03 1.438520740901911080e-02 6.257373220282354959e-03 7.232003443211635664e-03 7.049451770190721077e-03 7.231978557563670598e-03 1.686932162237805150e-02 7.231759516543138921e-03 6.340539606277486619e-03 7.570671691788754924e-03 7.231978557563670598e-03 3.403883208329238751e-03 3.409869396706924089e-03 8.251428014654168391e-03 5.780901847409533785e-03 6.250940598596300968e-03 5.756408330160003688e-03 5.225582316235736699e-03 1.479857869657481145e-02 5.609038146971820349e-03 1.362492822948235469e-02 8.274217846045605479e-03 7.231978557563670598e-03 5.793746934806482014e-03 7.231978557512250792e-03 3.142494443122215153e-03 7.075090928168438834e-03 2.350944960066694150e-02 3.365871244511666870e-03 1.680050679256325438e-03 7.219658965122738997e-03 7.230470028029008928e-03 2.469806899526234487e-03 7.188877497310697598e-03 3.299452313970352782e-03 7.031320102962230513e-03 7.027425996771050586e-03 7.231978518819452695e-03 6.917923670962763082e-03 8.474442522387777565e-03 7.520345845184879009e-03 7.231973928139030956e-03 7.231977560888567906e-03 5.187291604219012621e-03 6.988563293710584219e-03 7.296716573192370270e-03 4.844508419289054839e-03 7.298902536946514502e-03 5.217167218192185658e-03 7.184147837545214708e-03 6.003204746418066944e-03 7.187818013358185550e-03 7.224368069406257760e-03 4.679171356561045644e-03 6.097276156436922008e-03 5.964457448045685020e-03 7.231978557563670598e-03 3.783420342067702301e-03 7.231978557563670598e-03 4.871234007883192690e-03 7.231978554220839378e-03 4.313039978560132513e-03 2.003860538992508281e-03 6.626597171717354441e-03 2.716554404097388728e-03 2.417973378080960547e-03 7.231978557563670598e-03 7.235001027139749234e-03 7.209615491559529139e-03 7.231894375121888409e-03 7.231978243993830366e-03 8.113455071455956055e-03 7.447492152132160169e-03 1.136427655206481355e-02 1.144051442038852145e-02 6.814483692616371026e-03 7.231978557563670598e-03 6.540031231724863225e-03 1.813344924872928397e-03 1.627984760560271388e-02 6.254868217914284073e-03 1.029883831597194419e-02 5.954101716801345548e-03 7.231978557563670598e-03 7.087087952256905000e-03 5.126886035150909730e-03 7.231978545640629051e-03 6.941669558846469239e-03 1.684273449153193608e-03 7.231923468710654834e-03 7.231978557563670598e-03 7.231978556643561991e-03 7.014329641816197981e-03 6.793434194602170420e-03 1.268003292251587526e-02 8.872844431859218048e-03 1.036950699463514911e-02 6.510801609221694014e-03 7.011181476763211386e-03 6.136697179439758176e-03 7.231977867729714148e-03 3.458415564048604104e-03 5.923311855370981191e-03 7.628179831790108702e-03 7.233797604762165837e-03 3.545535286693267049e-03 7.231977377243938021e-03 4.538906404874105266e-03 4.459863815076684640e-03 7.423874158077680731e-03
1.106507411401842604e-02 6.992927923233711179e-03 6.064687819940690894e-03 8.850250755966461783e-03 7.809290523985373085e-04 4.425139655945275335e-03 6.833759058843929743e-03 6.809396556385995981e-03 4.801564676666738619e-03 6.737113886219768880e-03 6.846182152649286576e-03 6.844774019593255487e-03 8.875643921602281369e-03 6.846179074859080720e-03 6.846182152649286576e-03 6.846182152649284841e-03 4.679204498149343132e-03 8.028348271455619523e-03 6.614582272776963270e-03 4.627264958812033618e-02 6.552421164504223725e-03 8.642043356913292618e-03 6.503104339440249348e-03 2.521531486400398724e-03 6.846182103175086665e-03 6.834818250099850001e-03 9.460663221924936125e-03 6.846182152649286576e-03 8.052893953412758668e-03 6.389787318336425867e-03 6.846176384164714621e-03 6.673392427559858391e-03 6.846182152649286576e-03 6.023668987726318522e-03 6.845974796497501097e-03 6.144213399223577739e-03 6.630658057842615458e-03 6.846182152649286576e-03 3.364904245873113261e-03 5.598008307732259617e-03 6.723348755353813003e-03 7.389936683028182351e-03 6.466009874432465665e-03 6.458221606499296198e-03 6.946075950715087724e-03 5.896274718036468784e-03 6.993826150802844033e-03 2.771532892304522967e-03 6.405704326354183173e-03 6.846182152649286576e-03 9.591921298548428815e-03 6.846182152600610235e-03 3.427566881936413169e-03 6.700773660227019035e-03 3.914524396487148623e-03 5.257209020434490399e-02 1.729933106936151896e-03 6.834519771967256449e-03 6.844662056215846703e-03 4.530786614343003740e-03 6.855271497017783287e-03 8.811300544776709195e-03 1.140466329874992649e-02 6.715090437641423049e-03 6.846182115994072122e-03 6.548880607777790748e-03 7.404359158286113497e-03 1.390053801789120635e-02 6.846177969516050073e-03 6.846181209142714226e-03 3.295826672041618499e-03 7.163882954672859751e-03 6.465580882617530563e-03 4.724222701991437345e-03 6.930523495345340332e-03 6.422813409659418674e-03 6.797369794199439874e-03 7.324586242205580362e-03 6.572693170116214630e-03 6.838977784807950822e-03 7.755662100184189910e-03 7.458307373187970934e-03 6.355669768183613497e-03 6.846182152649286576e-03 4.487216208195641751e-03 6.846182152649286576e-03 4.638191402134223332e-03 6.846182149484783194e-03 5.868566472432346255e-03 1.058821674876610566e-02 7.096215613758762031e-03 3.473836182332106989e-03 3.205000816290245851e-03 6.846182152649286576e-03 6.292086426173475536e-03 7.110194809564832075e-03 6.846102460978039338e-03 6.846181862374919533e-03 8.453839267631754750e-03 6.005546457074940891e-03 9.217017000577544181e-03 6.656156939681814877e-03 6.451032002164743852e-03 6.846182152649286576e-03 6.168825012227412835e-03 1.579117120153244449e-03 9.390004342282296662e-03 7.659380718059996367e-03 6.533441590953006223e-03 7.866374206606770517e-03 6.846182152649286576e-03 6.438396604894257823e-03 4.718688897869272383e-03 6.846182141362290932e-03 6.813883332200031118e-03 7.941768185818280992e-03 6.845890083847092772e-03 6.846182152649286576e-03 6.846182151785401224e-03 6.595311016454580288e-03 9.489133630358664862e-03 1.101729009570912021e-02 6.423378829110341567e-03 7.707883343264461569e-03 5.904466223087015582e-03 7.118626741171091808e-03 1.064766066414887802e-02 6.846181503754301956e-03 4.240715617664332811e-03 7.456766341182183289e-03 5.513315284489964108e-03 6.844646948433251443e-03 3.132983646424355225e-03 6.846181035294731342e-03 6.377468168932767800e-03 9.684301321720817715e-03 6.642285142538614101e-03
2.392770447622837721e-02 7.600405638498120009e-03 8.007727115731265791e-03 5.209949926226279011e-03 3.247194857956968612e-03 4.563436407837041624e-03 7.364265934777513255e-03 7.485972255510061485e-03 6.726604601506625501e-03 7.260402664038596680e-03 7.377955529812938590e-03 7.376468775211090373e-03 5.681361930661223657e-03 7.377952212957082645e-03 7.377955529812938590e-03 7.377955529812935988e-03 1.745325519627548977e-02 7.091157682319272106e-03 5.845157889089929414e-03 1.887237274890534756e-03 6.862387777043672636e-03 5.402818884770897376e-03 6.928095869501158140e-03 8.198214408021306521e-03 7.377955476683421311e-03 7.365708682784341543e-03 2.794262788441221213e-03 7.377955529812938590e-03 6.335656662256759254e-03 3.098245925135597809e-03 7.377949313264547081e-03 7.191744460967681475e-03 7.377955529812938590e-03 5.318799230736855760e-03 7.398422702155163858e-03 7.318508171787850049e-03 8.006050722938379965e-03 7.377955529812938590e-03 3.746045732323373748e-03 1.382856918445454471e-03 8.065536009353604582e-03 6.234424677253858592e-03 6.361077278778871219e-03 7.329719312935211763e-03 5.198398489942033900e-03 2.639020715264168808e-03 5.648552992563117027e-03 1.255934585450731297e-03 5.364536757500635612e-03 7.377955529812938590e-03 3.387445567422910520e-03 7.377955529760480552e-03 3.278932790287018579e-03 7.217901134789159526e-03 3.926992583854650200e-03 7.840151858038693980e-03 3.566494681391047666e-03 7.365387274428254576e-03 7.376328101347091014e-03 6.946753431754484551e-03 7.340494597892136333e-03 8.188913836348061040e-03 2.105939760212300910e-03 7.286739994094032329e-03 7.377955490305016482e-03 7.058209354112292624e-03 6.594359540727138570e-03 8.049740571056403227e-03 7.377950810657839774e-03 7.377954513020023100e-03 9.571281688354059576e-04 8.047138058010234324e-03 7.962876209092821858e-03 4.823819127338718586e-03 7.851810497269698375e-03 5.754920344426954146e-03 7.554824634134703863e-03 7.780464257205564095e-03 7.638657300016228960e-03 7.370191457511616161e-03 5.679757173864661071e-03 6.754612365707421059e-03 5.850238654915193917e-03 7.377955529812938590e-03 3.336204154695595475e-03 7.377955529812938590e-03 5.568236665399632808e-03 7.377955526402629229e-03 2.764520268979755047e-03 5.875145181987947302e-03 6.832272955189004626e-03 1.175275270713314717e-02 4.160579824960374505e-03 7.377955529812938590e-03 6.725025004067288099e-03 7.707507493116699977e-03 7.377869648300176136e-03 7.377955209919623628e-03 5.464178509930838097e-03 6.296377506629815060e-03 4.413186826129654634e-03 4.032556451666351530e-03 6.952030998315852396e-03 7.377955529812938590e-03 6.631225771773962586e-03 1.572999279816492948e-03 1.149663573106566861e-01 6.701631904142823538e-03 7.147231384403444389e-03 6.941871942106389928e-03 7.377955529812938590e-03 7.145714384650188496e-03 5.200693841024222643e-03 7.377955517649231916e-03 7.309391199510094361e-03 6.012841499861656079e-03 7.377785198673709847e-03 7.377955529812938590e-03 7.377955528876390008e-03 7.052578347420639451e-03 6.113103735066851077e-03 7.453560006552054605e-03 7.916888398216697861e-03 6.309605138522016154e-03 5.441154094196493617e-03 6.095329820697053744e-03 5.448315918185695460e-03 7.377954828578977935e-03 3.399736077205608217e-03 7.473475891134236104e-03 6.665197367676645515e-03 7.375947230802618222e-03 4.742901870479304845e-03 7.377954325683440222e-03 2.729382100233249467e-03 6.447475487516346124e-03 7.511788722450756482e-03
5.146419440286550441e-03 5.105985959030404954e-03 7.070247384311768163e-03 7.186620034790409603e-03 2.423400970622696660e-02 1.920520784671382554e-03 6.737705387544619742e-03 6.713061485987114468e-03 5.023791063661406549e-03 6.684600255393074487e-03 6.748777928472318201e-03 6.747448708264472753e-03 5.606354405358242657e-03 6.748774894542786985e-03 6.748777928472318201e-03 6.748777928472316466e-03 4.079155923403938490e-03 6.561112728018717380e-03 7.712299584961473942e-03 1.459120907247576579e-02 6.323249017640728692e-03 6.876568174031461554e-03 6.877876183535263158e-03 3.630794902765126231e-03 6.748777879925883967e-03 6.737765624118657523e-03 4.005463153752065672e-03 6.748777928472318201e-03 7.877056798972749407e-03 7.574416325363237702e-03 6.748772242059682298e-03 6.578446707303373803e-03 6.748777928472318201e-03 2.215796004251436354e-03 6.748573522813591796e-03 7.131564289433486685e-03 6.800884268675162943e-03 6.748777928472318201e-03 3.947562274369422960e-03 2.639664429869543680e-02 6.826456874612582722e-03 6.020851550128627355e-03 7.126738449869178885e-03 6.779365854182017523e-03 6.049846938240229649e-03 8.273153468122247667e-03 6.187139682494538669e-03 1.782704091940360462e-03 1.458729762144282335e-02 6.748777928472318201e-03 8.408363110660978940e-03 6.748777928424334015e-03 3.327447893057623816e-03 6.602372658866862559e-03 7.750796340337794132e-02 3.161829404506124458e-03 1.574267281649910062e-03 6.737283569614069614e-03 6.747319011519791083e-03 9.319729786592349102e-03 6.736214698515732152e-03 8.002053012943929206e-03 3.790261777035699303e-03 7.114348040450261569e-03 6.748777892325731609e-03 6.458580793206430450e-03 6.576537349890522292e-03 8.060072338780402759e-03 6.748773869768791289e-03 6.748776998391426557e-03 1.080846750593216464e-02 6.282921968518086382e-03 4.958900618259623645e-03 4.409022456999224342e-03 7.652515102938914696e-03 6.208782400099495564e-03 6.702416002050160491e-03 7.888914186311407617e-03 6.823456372675924288e-03 6.741675949119258805e-03 6.939934708727364156e-03 7.154900896090705606e-03 7.699028074246546532e-03 6.748777928472318201e-03 9.629275470527430894e-03 6.748777928472318201e-03 7.143451494316636549e-03 6.748777925352834363e-03 1.158543373642843301e-02 8.318548476414704823e-03 6.236896509491343665e-03 7.211579977810794219e-03 4.147991430262402274e-03 6.748777928472318201e-03 6.608279255120519217e-03 6.847199532678809909e-03 6.748699370621282292e-03 6.748777635854221781e-03 7.651791842551543960e-03 6.114023366720581533e-03 7.707498537199431766e-03 6.604987489769670664e-03 6.359189868590557453e-03 6.748777928472318201e-03 6.051985803025973151e-03 1.193959622314970685e-03 1.999168079313177939e-03 7.418116403461704790e-03 7.837095539348136117e-03 6.544688291651614212e-03 6.748777928472318201e-03 6.890576441274397050e-03 4.938753286064298705e-03 6.748777917345908511e-03 4.814392749108554505e-03 6.800974484263188138e-03 6.748416236787419670e-03 6.748777928472318201e-03 6.748777927613526864e-03 6.750001950605398482e-03 5.625312708914295690e-03 5.811363296106169911e-03 7.760047021006812561e-03 7.553968556883194387e-03 6.631130595158757184e-03 5.764064899382775019e-03 5.383300974355329643e-03 6.748777284729410263e-03 3.278023403891246104e-03 8.007456634378219695e-03 5.752131337917875710e-03 6.746941453192174983e-03 5.966265127336142608e-03 6.748776827063529375e-03 7.413756722638955264e-03 4.052073639900623594e-03 7.010639715898689221e-03
1.042069283642732850e-03 3.720225414409236708e-03 2.221689522779970571e-03 1.730274683719945292e-02 2.190969822570650559e-03 3.221424219604586327e-03 5.164241774082999926e-03 5.288323280391820161e-03 6.278617145462654300e-03 5.125568899081054015e-03 5.173839567470126834e-03 5.173455615145466230e-03 2.819290540060001397e-03 5.173837241514296983e-03 5.173839567470126834e-03 5.173839567470125099e-03 8.007465372745244461e-03 5.850210694347868050e-03 1.009244873988248033e-02 2.271329967513179351e-02 1.454638913208107162e-02 5.268211782772614163e-03 3.415679577697247268e-03 5.841523633035742256e-03 5.173839538425860710e-03 5.165251314448724047e-03 1.021139857522578541e-02 5.173839567470126834e-03 2.494260984186348184e-03 2.707513979489828415e-02 5.173835208074911360e-03 5.043261854608499690e-03 5.173839567470126834e-03 2.966135345230861212e-03 5.173771159148666220e-03 1.087677426467079447e-02 3.058912730672795708e-03 5.173839567470126834e-03 7.669501575434708139e-03 3.277220690390204860e-02 2.671858535627597876e-03 1.200097823611481589e-02 4.790068753286476355e-03 4.399913980803901725e-03 1.202305056481646310e-02 1.117728987075545556e-02 1.110956495570505562e-02 1.838313926105082652e-03 1.249997612398990460e-02 5.173839567470126834e-03 3.348359623786884703e-02 5.173839567433341155e-03 2.436245374921079069e-03 5.061600376196156992e-03 1.595303630003512205e-03 2.893017604300515341e-03 1.239528879306171219e-03 5.181850499390848984e-03 5.173046517118888230e-03 3.289444805588220572e-03 5.165009810951562766e-03 1.710093952370811410e-02 4.682496968681750665e-03 7.956950022201050854e-03 5.173839539864196271e-03 4.949177178922786226e-03 4.007563822178924345e-03 3.587093727253139186e-02 5.173839574302445399e-03 5.173838854437442722e-03 1.122275994331018052e-02 3.992848670941330502e-03 2.792015153676282758e-03 4.095454679686981285e-03 5.458240379133946080e-03 1.475575268994908963e-02 5.136984831056642595e-03 5.668951570691955696e-03 4.829185999357494923e-03 5.168398125275415304e-03 1.278974167467834301e-02 1.131307619074213393e-02 1.060292627499685725e-02 5.173839567470126834e-03 9.100500722124909431e-03 5.173839567470126834e-03 1.329599258223728916e-02 5.173839565096552406e-03 9.061070703957122691e-03 8.196018928989872235e-03 4.761883744699333190e-03 3.790193586166868810e-03 1.594830906640103824e-02 5.173839567470126834e-03 4.327791044542868629e-03 3.673909478439828062e-03 5.173779342382236156e-03 5.173840963528293473e-03 2.493148640836014181e-03 3.991726829361330608e-03 3.568512407136864399e-03 2.293762688834552477e-02 4.945347916010035295e-03 5.173839567470126834e-03 5.755257670619505841e-03 1.798581657074925337e-03 7.234429173844457613e-03 1.082301420478627187e-02 2.297140653895702374e-03 4.574254187198858665e-03 5.173839567470126834e-03 5.186367137873978614e-03 9.940478953420732108e-03 5.173839558940252110e-03 4.172675297149232125e-03 6.928109316505652419e-03 5.173689176890239848e-03 5.173839567470126834e-03 5.173839566815009380e-03 5.739978972749663552e-03 1.531868762065704062e-02 7.107241969687390533e-03 3.964037617041991403e-03 3.198374932969214393e-03 1.124808346355367535e-02 7.642368324805089153e-03 1.413198137146719907e-02 5.173839074049228944e-03 4.794002480636895200e-03 3.637923678467262344e-03 5.429264947967993651e-03 5.172959564514023612e-03 1.493143439935953887e-02 5.173838723055958037e-03 1.741756423527661066e-02 4.566251932924925150e-03 3.815688705257798147e-03
5.368953827402324699e-03 5.993650060551940738e-03 5.481400272637731823e-03 2.471689041381334301e-02 7.670182165455357963e-04 3.338427388043840698e-03 7.187262301323194512e-03 7.161370010548386185e-03 6.199541874428409274e-03 7.096801288867670039e-03 7.200085411341650143e-03 7.204164205084913342e-03 6.567218289342996278e-03 7.200082174449646578e-03 7.200085411341650143e-03 7.200085411341648409e-03 4.670871818166853762e-03 6.883860079551217502e-03 8.548804892118693280e-03 8.484745938730640230e-03 6.709623665938543521e-03 5.862721195661852597e-03 7.311780509109631551e-03 5.303328127800262942e-03 7.200085359309413117e-03 7.188586971153655171e-03 5.125143784504350777e-03 7.200085411341650143e-03 5.759509891850903354e-03 5.870314730781293726e-03 7.200079344663801693e-03 7.018363570779302847e-03 7.200085411341650143e-03 9.344209787766698250e-03 7.199867334594467136e-03 7.409090305354244614e-03 6.096257464217140314e-03 7.200085411341650143e-03 3.116226990120680475e-03 4.511299141803313748e-03 6.427810485864859577e-03 8.118065680904130652e-03 8.161578541131480832e-03 7.548811881783753543e-03 9.262418422160027115e-03 1.208328681479593075e-02 7.089536799881293594e-03 1.519718282742982002e-03 3.914935681219190895e-03 7.200085411341650143e-03 6.176826006370587062e-03 7.200085411290457586e-03 3.692351886061340151e-03 7.043889659012311094e-03 5.904552344982103192e-03 5.811987381011910619e-03 3.909153788630545696e-03 7.187859701523350263e-03 7.198482408989736146e-03 8.452097604220847396e-03 7.164360293773935559e-03 7.741308810726078848e-03 3.045604235819939897e-03 8.278122407230296964e-03 7.200085372770029420e-03 6.904902499769367472e-03 5.192685364856847695e-03 1.040503809269408865e-02 7.200080873413458073e-03 7.200084419061901324e-03 9.800002459025378837e-04 7.016302138503891818e-03 5.692172934203851981e-03 4.673346118036341215e-03 8.052711417406545683e-03 9.090021487510336132e-03 7.149048336858775977e-03 6.817232752697670144e-03 7.368030947537420293e-03 7.192508531846080432e-03 8.553963557819121988e-03 8.121371353767741288e-03 7.477711722309301513e-03 7.200085411341650143e-03 5.236748038675107658e-03 7.200085411341650143e-03 5.358069166900867285e-03 7.200085408013624788e-03 5.090231394069899724e-03 6.902825206294004902e-03 6.588438595098919208e-03 7.876517208461428221e-03 2.131403158248793006e-03 7.200085411341650143e-03 7.333689035687111259e-03 7.065257194545630608e-03 7.200001600127334256e-03 7.200085099159452516e-03 6.786551017632192623e-03 7.317639162346586609e-03 5.204498428405353837e-03 6.186974587720829935e-03 6.784425937119713604e-03 7.200085411341650143e-03 6.436381850871517041e-03 4.493976309103938499e-02 1.809052300843542582e-03 7.652841533658356725e-03 6.621986576377538423e-03 7.989427198216341244e-03 7.200085411341650143e-03 7.763182223669519086e-03 1.776425955434520268e-02 7.200085399471189800e-03 6.918111283948177696e-03 8.228759573892912779e-03 7.199735834909945509e-03 7.200085411341650143e-03 7.200085410426309424e-03 6.888257425902701188e-03 8.591260740918793201e-03 9.767465319227305529e-03 6.412312484477595935e-03 6.912217068996012043e-03 6.122683241692247237e-03 8.574564692335874191e-03 6.153617583323434809e-03 7.200084724551717059e-03 3.319394239700036546e-03 9.793275997834005250e-03 1.261035239988312663e-02 7.198405048904029865e-03 1.360630180071842332e-02 7.200084236254302404e-03 1.018377214379719876e-02 7.520839676385434290e-03 6.839194833370240700e-03
7.701697740937381298e-02 6.616254577133974524e-03 6.642271738229269321e-03 6.970278542108381513e-03 1.133944448220799116e-02 5.629421480550422276e-03 7.255238076535666485e-03 7.229777772556462978e-03 1.131200497913937252e-02 7.152974604179773363e-03 7.268725785816401719e-03 7.267229706411250725e-03 4.885301834533681622e-03 7.268722518066197610e-03 7.268725785816401719e-03 7.268725785816399984e-03 9.675038196640622576e-03 7.479341618503776434e-03 7.686961515363597251e-03 3.186684713004669153e-03 6.843947572935610811e-03 6.487126862306995950e-03 6.757420780116841011e-03 2.196687505886251411e-03 7.268725733287514229e-03 7.256659977090860851e-03 3.325687009184775250e-03 7.268725785816401719e-03 5.855435449508381886e-03 4.988227554745723775e-03 7.268719661303262025e-03 7.085271540824834326e-03 7.268725785816401719e-03 1.518361977579028160e-02 7.268505630253675395e-03 8.037234845354986404e-03 7.022595439443730936e-03 7.268725785816401719e-03 2.888435011063306915e-03 1.742341223084496521e-03 7.074134728127884526e-03 5.076587975764442796e-03 7.758567862754038418e-03 6.119072935081569173e-03 4.995195057276949693e-03 4.195071098293893727e-03 7.314759067197891887e-03 8.368394368839136236e-04 7.360929420932814209e-03 7.268725785816401719e-03 7.355282667526808447e-03 7.268725785764720837e-03 8.794685563595394315e-03 7.111040976855228547e-03 5.247987213459409835e-03 6.562521144297299783e-03 1.809371846350706688e-03 7.256376672935982257e-03 7.267112260566973431e-03 4.566205645711545261e-03 7.224281118757966066e-03 4.773838091796617916e-03 2.259088053348987362e-03 7.405083437575043712e-03 7.268725746879768287e-03 6.953074422811248746e-03 6.121771241299839295e-03 3.944352609139242447e-03 7.268723096856528378e-03 7.268724784076980271e-03 1.375651917842009081e-03 7.655487912758138919e-03 5.977739252983231728e-03 4.716806743348864704e-03 6.803399741736281675e-03 6.686676454904763936e-03 7.216845764591505070e-03 8.012322758215065927e-03 7.964307599256266468e-03 7.261076627715868856e-03 4.977029111695690893e-03 7.042778422874671450e-03 7.996280963357450811e-03 7.268725785816401719e-03 3.853992677688516076e-03 7.268725785816401719e-03 7.673887247025467685e-03 7.268725782456582352e-03 4.076934358475983212e-03 7.304355702829597695e-03 6.670847153287730313e-03 1.166863509580815450e-03 3.366381355615189093e-03 7.268725785816401719e-03 6.853521078979241989e-03 7.522122407300772112e-03 7.268641175610378834e-03 7.268725470650268944e-03 4.761383170885469945e-03 7.154643210568118090e-03 1.538448681743211435e-02 6.696801246220818529e-03 6.849143803839361638e-03 7.268725785816401719e-03 6.594852537120941480e-03 3.179479268809486808e-02 2.078656154414082122e-03 7.417278888800120547e-03 7.369806172224654256e-03 6.801658294499803373e-03 7.268725785816401719e-03 6.481868732103267770e-03 5.621764713766097890e-03 7.268725773832777556e-03 5.915120128613774418e-03 8.933158961428731837e-03 7.268338590544734697e-03 7.268725785816401719e-03 7.268725784894576603e-03 7.003538158324184616e-03 4.255731426453937712e-03 7.634160203150675179e-03 7.194721296248424505e-03 7.465468215333116199e-03 8.440392942533396503e-03 6.563746525308163798e-03 5.960793962089401023e-03 7.268725092476890914e-03 5.951588756451177582e-03 6.912295311927509588e-03 6.622892927457586440e-03 7.266871645852000620e-03 4.059773403625446461e-03 7.268724599499168902e-03 4.394170899492498908e-03 1.163359082619160566e-02 7.418076433266769694e-03
5.817645289006791350e-03 6.686487375990392105e-03 9.581847094341088000e-03 9.553004158303939758e-03 3.095025128648803037e-04 2.849028829722544988e-03 7.792442655137392371e-03 7.765494379890712159e-03 5.513981551630127258e-03 7.682391297598054059e-03 7.806777864901278188e-03 7.806085806719008369e-03 5.067072234639951288e-03 7.806774355270649536e-03 7.806777864901278188e-03 7.806777864901275586e-03 4.848937372524218282e-03 7.465621111377141426e-03 6.946985695037219757e-03 1.067714082151434950e-02 7.258618871266624487e-03 6.192602957101264738e-03 7.834362289465997276e-03 2.622484527215410664e-03 7.806777808484398340e-03 7.793818709838541345e-03 3.391859926136688280e-03 7.806777864901278188e-03 1.284566870348319810e-02 2.970558958858346334e-03 7.806771287033994339e-03 7.621657917811570232e-03 7.806777864901278188e-03 9.844480478265917392e-03 7.806541407488433795e-03 5.997965884981392055e-03 7.812086536170035657e-03 7.806777864901278188e-03 4.034992156503434610e-03 2.548828873767886114e-03 8.365586371863789270e-03 6.225764269629124534e-03 7.978255889180049104e-03 7.362391146610389007e-03 6.593404081671647501e-03 9.493486079027724234e-03 7.343729487974209012e-03 2.764492942307718304e-03 3.005058608168350437e-03 7.806777864901278188e-03 7.390582778340645115e-03 7.806777864845771374e-03 6.182868708567633605e-03 7.637420770892949101e-03 1.695607136315952466e-03 1.096078713302411738e-02 3.499133758891744342e-03 7.793480168699190233e-03 7.805064640436054461e-03 1.677840851676645761e-02 7.756750605520369712e-03 4.048625726408883706e-03 8.351792975833653709e-03 7.599781436042513626e-03 7.806777823077622538e-03 7.469630780462479906e-03 7.465632895386263221e-03 5.471009686357838388e-03 7.806774119227075093e-03 7.806776789010211846e-03 1.410081455397550060e-02 7.793978440956694786e-03 6.430702423222611416e-03 5.156420308485901854e-03 3.466030611491799189e-03 6.296711573247351472e-03 7.751735917355743501e-03 9.111530574763921850e-03 7.915228197218977108e-03 7.798562493354348028e-03 7.297330849516491316e-03 7.436879694067404650e-03 6.412391860251887878e-03 7.806777864901278188e-03 7.728588815146815276e-03 7.806777864901278188e-03 7.055005460774223074e-03 7.806777861292754986e-03 7.433266459717305895e-03 5.134195827154411189e-03 7.239719115952494496e-03 2.276303746722367974e-02 8.697302474173667849e-03 7.806777864901278188e-03 7.726308090688031177e-03 8.317962680190372701e-03 7.806687051710267666e-03 7.806777526973019896e-03 7.220391694023952506e-03 7.232077102063431441e-03 2.766351634969562833e-03 1.945259834587231753e-03 7.356089991681061604e-03 7.806777864901278188e-03 7.126543954785738259e-03 1.595127480242019072e-02 2.652834984567613383e-03 7.451575696133801857e-03 1.012796813299775972e-02 8.254529760777626693e-03 7.806777864901278188e-03 6.388864305998600765e-03 5.840059244183066871e-03 7.806777852030591033e-03 6.261831425490659887e-03 4.292160262571002860e-03 7.806350348899607217e-03 7.806777864901278188e-03 7.806777863907811595e-03 7.510304816932210879e-03 5.680386878917918422e-03 9.526403023963597727e-03 6.246395482809838189e-03 1.061811858186272224e-02 7.738325856024653830e-03 5.992967107360290882e-03 5.285487342409493292e-03 7.806777120238785062e-03 3.823371868908442047e-03 9.333281024640479456e-03 7.682601873623466811e-03 7.804785496553686905e-03 5.305929681391569064e-03 7.806776590769416539e-03 1.198998616828124593e-02 8.937474756652154934e-03 8.024475837966267219e-03
1.768638874708138497e-03 6.256629244960519413e-03 4.037575984033783122e-03 8.717219086351271629e-03 1.219623549425417723e-02 5.547019965476834152e-03 6.321039619940241154e-03 6.300455536860383350e-03 1.180877411008507058e-02 2.901484126091795693e-02 6.332542921838290630e-03 6.331239565077532300e-03 8.629878118858609268e-03 6.332540074961891946e-03 6.332542921838290630e-03 6.332542921838288895e-03 8.999940615595516946e-03 6.057006572813997819e-03 7.774145887513220568e-03 3.436915399454088318e-03 6.300729064721512576e-03 8.575505424683285693e-03 5.325899658819767228e-03 4.513153090558333184e-03 6.332542950436042400e-03 6.323108280987441675e-03 2.936686584952927660e-03 6.332542921838290630e-03 4.161004831568259829e-03 1.056205949381087104e-02 6.332537586137994105e-03 6.172724300555536281e-03 6.332542921838290630e-03 4.251097086526677005e-03 6.332351117172324746e-03 8.369172943950451901e-03 5.524862247772874442e-03 6.332542921838290630e-03 6.974196999053158992e-03 4.624410475997637812e-03 5.195221345845543910e-03 9.631032434489658969e-03 5.425517880188035665e-03 5.511353974310460521e-03 1.412375652742368752e-02 3.346115923984697982e-02 9.260263628198192598e-03 1.251633914529500652e-02 3.608334401117262169e-03 6.332542921838290630e-03 6.365788909178933357e-03 6.332542921793265882e-03 2.989559718546124650e-03 6.195167286783135989e-03 9.432031798415287452e-03 2.905476649922487074e-03 7.432723774331850830e-03 6.321755572226453804e-03 6.332651312464141272e-03 5.762473964927003478e-03 6.391442755842558464e-03 7.278901616412832183e-03 6.790939589004835533e-03 7.012561452948326904e-03 6.332542888067460747e-03 6.059609870025801058e-03 6.854709356039706027e-03 1.987553050339199018e-02 6.332539396504440268e-03 6.332542049118907758e-03 2.531679877242636045e-02 6.500805218943537904e-03 5.314316171404822112e-03 4.205168683628554387e-03 8.361859016970228306e-03 1.029424862317380833e-02 6.287343598580590401e-03 7.074553099605553758e-03 5.839325086799092464e-03 6.325878956180548858e-03 9.389843419970707664e-03 8.226794989523727661e-03 1.024208374365513478e-02 6.332542921838290630e-03 3.820521122526851412e-03 6.332542921838290630e-03 5.869148873743184822e-03 6.332542918911248341e-03 4.906126987286802896e-03 5.196923441428542151e-03 5.791350343336624552e-03 2.375814418209287043e-03 4.022356901995764906e-03 6.332542921838290630e-03 5.488778654238608314e-03 5.937823350187287214e-03 6.332469209086081206e-03 6.332542647380951829e-03 6.127379791840065378e-03 6.065865344588526262e-03 5.500379597633587268e-03 6.285187039247755458e-03 5.972609534301113153e-03 6.332542921838290630e-03 5.710608136311673584e-03 1.290972217459223498e-02 2.065250601712180761e-03 8.045413137939754628e-03 4.814814906800442620e-03 7.487700751920447692e-03 6.332542921838290630e-03 4.919898013738783354e-03 4.674503889244369971e-03 6.332542911398108924e-03 5.704864944155206737e-03 3.365698146568224872e-03 6.332270557430160277e-03 6.332542921838290630e-03 6.332542921036366998e-03 6.721526583209384668e-03 1.655163465435766090e-02 1.178834791793335370e-02 5.299376932680663344e-03 5.791284929120506936e-03 6.853852647804662031e-03 1.020304306486209504e-02 7.274181323652783616e-03 6.332542317798142001e-03 6.113836854677392324e-03 7.133544204009760817e-03 9.798317828995491141e-03 6.331454358079358948e-03 2.993866025909243042e-03 6.332541888352507566e-03 2.151248420880322657e-02 9.536647786435420784e-03 5.469180327538989556e-03
6.731487479806693049e-03 7.833815727648008737e-03 7.909052805719895066e-03 7.917582625142352212e-03 3.243987450909787090e-04 3.764702489313289518e-03 7.756476793875353472e-03 7.730056589117563666e-03 5.962044660936065103e-03 7.646434830810646538e-03 7.770201270281102204e-03 7.768610408786067074e-03 8.010595834046521646e-03 7.770197777086074696e-03 7.770201270281102204e-03 7.770201270281100470e-03 1.065727688263982086e-02 7.500599834946691802e-03 7.232079080018338942e-03 3.928474026080927724e-03 7.284098713215997681e-03 8.964708365590306344e-03 7.522433421010837548e-03 5.140141957274945925e-03 7.770201214148427307e-03 7.757304921206534254e-03 3.123821988515728624e-03 7.770201270281102204e-03 7.004692428589275911e-03 6.984580864909319294e-03 7.770194723232681441e-03 7.574090804795067730e-03 7.770201270281102204e-03 2.760608007218468777e-03 7.769965920731210229e-03 5.914432068730103055e-03 8.311969923087905374e-03 7.770201270281102204e-03 9.127305498694350192e-03 4.804020593596864536e-02 8.145314564853381803e-03 7.426172404519385851e-03 6.673714902062481864e-03 7.976092280803155632e-03 7.077968636693558573e-03 2.352455130058923958e-03 6.868981442983051848e-03 2.480091790180856317e-03 4.643527376956319182e-03 7.770201270281102204e-03 1.059976267791996191e-02 7.770201270225856466e-03 3.466946524200298883e-03 7.601641409965403766e-03 2.720829622529485122e-03 2.912763704920581179e-03 8.390268037692825628e-03 7.756964949265428289e-03 7.768490044507975721e-03 5.385256416256952242e-03 7.722863199841666602e-03 5.744677047850625488e-03 2.546971479496058614e-03 7.570481209744470488e-03 7.770201228658481923e-03 7.442303453940419047e-03 8.626781559747756858e-03 6.588661386071909681e-03 7.770196649400369464e-03 7.770200199430841309e-03 4.330454519360280551e-03 8.271398068331424838e-03 7.926232571273018543e-03 5.233925837744756761e-03 5.634806709811291357e-03 5.968451521593296817e-03 7.714856005283093378e-03 6.936218588794302448e-03 7.764515201067257941e-03 7.762033567718755467e-03 6.244438174670659605e-03 7.487599630842492124e-03 7.240070000074988986e-03 7.770201270281102204e-03 7.408994191832732334e-03 7.770201270281102204e-03 2.070937246909507201e-02 7.770201266689485617e-03 1.034584253023495236e-02 9.630238810117359646e-03 7.114608045848841780e-03 2.260572975192260900e-03 5.162330239201358938e-03 7.770201270281102204e-03 7.943448630918899245e-03 7.892694424213926585e-03 7.770110822757030251e-03 7.770200933623501970e-03 5.684647883147887423e-03 8.240077200494253309e-03 7.150557295386272827e-03 3.967089163986807672e-03 7.322028394585034308e-03 7.770201270281102204e-03 6.953992139954116858e-03 1.148455641884211413e-03 2.798683185913025152e-03 6.547033845204704681e-03 6.767359865645254831e-03 7.802414809136278516e-03 7.770201270281102204e-03 8.751144013805396693e-03 5.410732357242860856e-03 7.770201257470717507e-03 8.327606066382928218e-03 8.681846458236081032e-03 7.769787956355263432e-03 7.770201270281102204e-03 7.770201269292805087e-03 7.453774335505613559e-03 8.517007486424621118e-03 8.716612323014757621e-03 9.942273319279338814e-03 6.766000535734117104e-03 6.273969700823717535e-03 7.821492427081855325e-03 9.034227077229058794e-03 7.770200529107575138e-03 3.671719183060101737e-03 7.431098739118174347e-03 9.976809334305006965e-03 7.768109475789199310e-03 2.414600349452003612e-03 7.770200002118848176e-03 3.897477476806434065e-03 3.240730309090096659e-03 8.528182393226597588e-03
1.719659778313896090e-03 4.993020230248072268e-03 3.815290179554838273e-03 1.391093355132200053e-02 3.551450465832334778e-03 5.052035839970179208e-03 6.545461654267089105e-03 6.750186196884078518e-03 7.183965911104125794e-03 6.453658993685382379e-03 6.557583543712469654e-03 6.557473566470348354e-03 5.338098152953113171e-03 6.557580595790331486e-03 6.557583543712469654e-03 6.557583543712467919e-03 6.374114930681768799e-03 6.293642746460569037e-03 8.922267375511510126e-03 3.506239554113189764e-03 9.846730620508821127e-03 6.441854914067198130e-03 5.697575761472832567e-03 4.216486976321959235e-03 6.557583496791390652e-03 6.548688041080260279e-03 3.465339701594912815e-03 6.557583543712469654e-03 4.129173532022051285e-03 9.284227353304252972e-03 6.557578018396559988e-03 6.392092172426071944e-03 6.557583543712469654e-03 1.411689022243128389e-03 6.557384922813383303e-03 9.355124955861344321e-03 5.405884260004407450e-03 6.557583543712469654e-03 9.013129157195582872e-03 8.883937572629238902e-03 5.432871094370838108e-03 8.024818234368230954e-03 8.466100268383113317e-03 6.323771180828029366e-03 9.883841663228464317e-03 3.148764377667789133e-02 1.272057832832645084e-02 8.197130016484434432e-04 1.237362767844036628e-02 6.557583543712469654e-03 1.290324402218631997e-02 6.557583543665845491e-03 2.861915457238873965e-03 6.454206099065976435e-03 3.164420943105146315e-03 4.822997779088873151e-03 2.626366964535511300e-02 6.546413031162636766e-03 6.556170385297113712e-03 7.861039777147586088e-03 6.551375022152500227e-03 1.431500256871229976e-02 1.185416296313269611e-03 7.558360724550921943e-03 6.557583572089025099e-03 6.279865930802175714e-03 6.423471308248696575e-03 1.051252898689497561e-02 6.557580676326731084e-03 6.557582640034257532e-03 1.725336374282182127e-03 5.490377028391630471e-03 4.716008032120828398e-03 4.254504412410583213e-03 8.686770710588612165e-03 1.081226609287728319e-02 6.510773422340275680e-03 9.551303649959043754e-03 6.245751615849700136e-03 6.550682762039944547e-03 9.875476828757055389e-03 9.071545706618193081e-03 1.144553974009263064e-02 6.557583543712469654e-03 4.262345614528368146e-03 6.557583543712469654e-03 7.150926993663006201e-03 6.557583540771442891e-03 7.183851882931223572e-03 1.025404744740907211e-02 5.995755910156012371e-03 8.106434501621325242e-03 5.285421604872648713e-03 6.557583543712469654e-03 6.262856363997857702e-03 6.026013473631815394e-03 6.557507260786983767e-03 6.557583260486926809e-03 5.650391251041329485e-03 7.341215866023719644e-03 9.272511267003751348e-03 1.847398343511391650e-02 6.179980538814609965e-03 6.557583543712469654e-03 6.133302402022377392e-03 9.988525934576846302e-04 1.443303384284306580e-03 1.059301363514357323e-02 5.195568193887280597e-03 7.376315046288045053e-03 6.557583543712469654e-03 6.505944081791577467e-03 5.545813285028939818e-03 6.557583532901273965e-03 4.874062071218636209e-03 7.816806279778454672e-03 6.557500853916534665e-03 6.557583543712469654e-03 6.557583604773083684e-03 6.348113208235276091e-03 1.234818094270177455e-02 5.594302931192331359e-03 6.912842611446951002e-03 5.436399042145228892e-03 9.308899336534257746e-03 7.993571014362944524e-03 1.308791447036270796e-02 6.557582922866149987e-03 3.677008351858428517e-03 6.678455484189859889e-03 5.748446403060088715e-03 6.555937630193950372e-03 1.662276794766930771e-02 6.557582473459636248e-03 1.690493312976209389e-02 8.920246118684943548e-03 5.974880521732009279e-03
2.711747147235770480e-03 4.961639622868860115e-03 7.346767408230820383e-03 5.399668229509408703e-03 2.004353943141406677e-02 8.717042392302601361e-03 6.602825991898537798e-03 6.579609739399984968e-03 7.655595734393918356e-03 6.510735796641175036e-03 6.615066279623061860e-03 6.613707799535752628e-03 4.889184790353642319e-03 6.615063305734339774e-03 6.615066279623061860e-03 6.615066279623060125e-03 5.298689098347139984e-03 6.487059773664263611e-03 6.133971972751867986e-03 2.533312709313267647e-03 6.173371828669875321e-03 5.192551759230101642e-03 7.184318996367822750e-03 2.209594996506483722e-03 6.615066236727504961e-03 6.604085369054464930e-03 2.574378763629936191e-03 6.615066279623061860e-03 7.937237870402154630e-03 9.431338561107557167e-03 6.615060705873061254e-03 6.448109678921684976e-03 6.615066279623061860e-03 5.655636615772558287e-03 6.614865917645441559e-03 7.084531000952708213e-03 6.937530381943767324e-03 6.615066279623061860e-03 2.614711043320918065e-03 8.367175066315337903e-03 7.234218589756833372e-03 4.853065587394946208e-03 6.837328929220241706e-03 7.212940946847820785e-03 1.017924789848109572e-02 3.349521021259540404e-02 7.633452327546213882e-03 8.082694238306225090e-03 5.177535046414639096e-03 6.615066279623061860e-03 1.030915792092407073e-02 6.615066279576029169e-03 2.941541938839566626e-03 6.471561696659804304e-03 1.179931176923620061e-02 1.622781477064367747e-02 1.552605060815512436e-03 6.603807123659148626e-03 6.613586431652113649e-03 6.678169913793694651e-03 6.624802863361347639e-03 1.301311881553221007e-02 1.939261597789446265e-03 6.587960826189283997e-03 6.615066244200559255e-03 6.327805433465408247e-03 6.193816924966359140e-03 5.335284541836812430e-03 6.615062067876435054e-03 6.615065367967722966e-03 1.092371152005083661e-02 6.395180390967766283e-03 5.566275796193588359e-03 8.195677566891522436e-02 7.315227448903204206e-03 5.479436667604058696e-03 6.568005363267675513e-03 6.554730500115580824e-03 6.529290106738085478e-03 6.608104994140232002e-03 5.440455787182899884e-03 5.980829121042158074e-03 7.187118208088976758e-03 6.615066279623061860e-03 5.660834976988885631e-03 6.615066279623061860e-03 8.966412495665014235e-03 6.615066276565384484e-03 4.110076700801552907e-03 6.470660141433782694e-03 6.058962675282093466e-03 8.765940788221064650e-03 2.141771452951289970e-03 6.615066279623061860e-03 6.719697928649305194e-03 6.757168652665642046e-03 6.614989278211827646e-03 6.615065999851225086e-03 7.149907704907714281e-03 8.176091029464907858e-03 3.752684987288350954e-03 1.004125640459695330e-02 6.233722921367410019e-03 6.615066279623061860e-03 6.010005611100653275e-03 1.013793024435530234e-03 1.635943645163287106e-03 6.550003468203619526e-03 7.139918581221662251e-03 6.979474054787489050e-03 6.615066279623061860e-03 7.242039559863737430e-03 6.851896229464786263e-03 6.615066268717096493e-03 5.704100998878239813e-03 9.681556323155839777e-03 6.614705595869332412e-03 6.615066279623061860e-03 6.615066278781853680e-03 6.335410961479924843e-03 3.409615362996314819e-03 6.818548961296072054e-03 4.572495917772154486e-03 6.245156584010343528e-03 7.721214174431583442e-03 5.867125182963695354e-03 1.058425244249857657e-02 6.615065648633951072e-03 5.145088845322675492e-03 5.866044916799143492e-03 5.309004931404928858e-03 6.613303475229876348e-03 3.731754115150139745e-03 6.615065199988579350e-03 3.637777910435447976e-03 7.842859802680523379e-03 7.320045202454804507e-03
9.500456367625266171e-03 7.617850057639731325e-03 1.010663405490932858e-02 6.985700598326371157e-03 2.385988418009295491e-03 6.865409823831743544e-03 7.548465815037152214e-03 7.521782400137146801e-03 7.902067884270998904e-03 7.498081877537755326e-03 7.562458799388977956e-03 7.613248034691496614e-03 1.187921108887201281e-02 7.562455399587282578e-03 7.562458799388977956e-03 7.562458799388976222e-03 1.832668587312846417e-02 7.230022782713689880e-03 7.630243847329472306e-03 1.163971568997874788e-02 7.084205566588766892e-03 1.101228214682395228e-02 7.867904278325945841e-03 1.820383502040424234e-02 7.562458745477364068e-03 7.549908463760169296e-03 4.155375668947467079e-03 7.562458799388977956e-03 1.370261875690824242e-02 4.942957909457082986e-03 7.562452427381055782e-03 7.371592019272507797e-03 7.562458799388977956e-03 9.217855220269705746e-03 7.562229742485813457e-03 6.984083286788264448e-03 7.575367252080736878e-03 7.562458799388977956e-03 5.240955156781226289e-03 5.077731540016874358e-03 7.967547635212075818e-03 7.471667996654164125e-03 7.573711771097928896e-03 7.163499223590727785e-03 9.789068330332236986e-03 3.457079762331306209e-03 7.818950015690754110e-03 6.028319684857212472e-03 3.071140407578674784e-03 7.562458799388977956e-03 5.438253492189290723e-03 7.562458799335208467e-03 3.261940318927685108e-03 7.398401864762923358e-03 2.655739485077374378e-03 4.944804059104505704e-03 1.998399666783176511e-03 7.549640900921288783e-03 7.560769048612278435e-03 1.682696232574217715e-03 7.513620545445471276e-03 8.247672219022171222e-03 4.193566603945610670e-03 6.467575781102027389e-03 7.562458758875153890e-03 7.280682027292728099e-03 1.016622209482548507e-02 7.265388806233661657e-03 7.562456364219334766e-03 7.562457757168741627e-03 1.705256280231643926e-03 7.002449304465092027e-03 7.913961546107003975e-03 5.048234206146121408e-03 5.558861592754652664e-03 6.489166283780330169e-03 7.508479016518612194e-03 1.059380391408871504e-02 6.918383067255532044e-03 7.554500533990369734e-03 7.698505215549974155e-03 6.320292252048460152e-03 8.408363083870270399e-03 7.562458799388977956e-03 8.017121688518763153e-03 7.562458799388977956e-03 4.878110612519414267e-03 7.562458795893388722e-03 1.768613612227569812e-02 7.999268092749155928e-03 6.923929485845185805e-03 2.045765315139718311e-03 5.800930754078099591e-03 7.562458799388977956e-03 7.599773199856126212e-03 7.754829889872525035e-03 7.562370770048573200e-03 7.562458510909988128e-03 1.040540073289286140e-02 7.394356276692599754e-03 5.435710725805051324e-03 4.226001698841097901e-03 7.142267260016866431e-03 7.562458799388977956e-03 6.762238949222388468e-03 2.485002392669139002e-03 5.194962002931641926e-03 7.440797365853799375e-03 1.032982451219410444e-02 7.800667326867911054e-03 7.562458799388977956e-03 7.948524115993803318e-03 5.359965719881492480e-03 7.562458786921088388e-03 8.708703730668872559e-03 3.546107603124334061e-03 7.582107659191519335e-03 7.562458799388977956e-03 7.562458798427605482e-03 8.419672528859344779e-03 9.648603875748361369e-03 8.029644016028607972e-03 8.464480115840986030e-03 1.120587791175494188e-02 7.638211172561883838e-03 8.267044352786131339e-03 6.972603904927122780e-03 7.562458130387782369e-03 3.864118248862966846e-03 6.254435487525782794e-03 5.155743843806063174e-03 7.561924236843196347e-03 5.381585163921173871e-03 7.562457565132044320e-03 5.757684937937327524e-03 4.938579413175861813e-03 7.297922639975238691e-03
8.143517835652413009e-03 6.420022344730197568e-03 9.415976169990335556e-03 3.448359482587203938e-03 7.866124271297044238e-03 5.740633142007713942e-03 7.597888719951938902e-03 7.571076668607138772e-03 6.233108524738129042e-03 7.491519858679396120e-03 7.612005165147556901e-03 7.610455887962711517e-03 5.301840496345467703e-03 7.612001743521300268e-03 7.612005165147556901e-03 7.612005165147555166e-03 8.289761713711610303e-03 7.298287802920833643e-03 7.277247965562890636e-03 1.325180314977653573e-03 7.438969056048682325e-03 4.893300786507313871e-03 8.497186160430988261e-03 6.416654418295775555e-03 7.612005110138936846e-03 7.599402340105950240e-03 1.179061333548040748e-02 7.612005165147556901e-03 5.805031692903937779e-03 5.253203679053101635e-03 7.611998751393329529e-03 7.419887031295651844e-03 7.612005165147556901e-03 4.073514994680750394e-03 7.611774607213682951e-03 6.889757978261192364e-03 7.623801125893445337e-03 7.612005165147556901e-03 9.047718608240428242e-03 5.492305187987879013e-03 7.915384929278604723e-03 6.034269989658899193e-03 7.672226296080510675e-03 8.158991630809263318e-03 8.615493759207717636e-03 1.368492328422046302e-02 8.004987969269695622e-03 8.150632224858407604e-03 8.627564414778724280e-03 7.612005165147556901e-03 6.327020646061634786e-03 7.612005165093436131e-03 3.469280348954541845e-03 7.446873391825725198e-03 3.913907639260067080e-03 4.764280713601348229e-03 3.998610240872096239e-03 7.599038217155476560e-03 7.610516965904525963e-03 6.368273776160329400e-03 7.562350691077585584e-03 3.445885234903460492e-03 3.021043570257912238e-03 7.494175207008261716e-03 7.612005124367575079e-03 7.282406227300036380e-03 7.624007930054533741e-03 2.150241045023962641e-03 7.612000307032596239e-03 7.612004116099089016e-03 1.214810032057161808e-03 7.885674475035261630e-03 6.726719053167900565e-03 4.943672001073114337e-03 6.471251882754667888e-03 6.542177750774158702e-03 7.557678641179304060e-03 6.733644713123814775e-03 7.955240631504491636e-03 7.603994937001096709e-03 5.431624742706061930e-03 7.719475074406507813e-03 7.576254325762705154e-03 7.612005165147556901e-03 9.358111916501070035e-03 7.612005165147556901e-03 1.148590324862779413e-02 7.612005161629063245e-03 6.247699489827661726e-03 7.410091284421993496e-03 8.387227636117359011e-03 3.477853479183375639e-03 2.885614925799498583e-03 7.612005165147556901e-03 7.678641677686207437e-03 7.773024309581468005e-03 7.611916559060924979e-03 7.612004836052263350e-03 8.053438316231517971e-03 7.674003915685961505e-03 1.014686122574441803e-02 4.701475683970485382e-03 7.173303880680562995e-03 7.612005165147556901e-03 6.804429242396690253e-03 9.329494809576317684e-04 4.512818586311064667e-02 6.733595524258754669e-03 7.666737467243099104e-03 8.067885128030177072e-03 7.612005165147556901e-03 5.738767910164525865e-03 6.137741650115406331e-03 7.612005152597983541e-03 6.715139239888060115e-03 9.613707107483869876e-03 7.611620900919681236e-03 7.612005165147556901e-03 7.612005164178836138e-03 7.325777864124079046e-03 6.508045039605812182e-03 8.114252913582689283e-03 4.970909832710220140e-03 7.581335711767688001e-03 8.499004955547957707e-03 5.588287126011157180e-03 7.108160491108001140e-03 7.612004439063995570e-03 3.696204969266184050e-03 7.520933049479831302e-03 5.479229377484111201e-03 7.610250801021472937e-03 1.761082151407148202e-02 7.612003922804577542e-03 4.191974091744540137e-03 7.212675126494639405e-03 7.665367125148083924e-03
4.443552914948504379e-02 7.525719852254391350e-03 8.445777858032863308e-03 5.236556639457806001e-03 8.671267130163039932e-03 4.924266592666859226e-03 7.721990647790751353e-03 7.672183672585691089e-03 9.076543444223256554e-03 7.590762155056066975e-03 7.713642493408030300e-03 7.712054834410612091e-03 6.850995586385494329e-03 7.713639025641092113e-03 7.713642493408030300e-03 7.713642493408028565e-03 7.704448401345514140e-03 7.467383879035736742e-03 6.485132625878683305e-03 1.931708647647925169e-03 7.216293933319764715e-03 6.072058517667270998e-03 8.421931746001127747e-03 5.413560212208558438e-03 7.713642437663999381e-03 7.701483648839692331e-03 3.291612544347914150e-03 7.713642493408030300e-03 1.133439179897897074e-02 6.973495215882231923e-03 7.713635994015130559e-03 7.518959065419578147e-03 7.713642493408030300e-03 3.077223929960694413e-03 7.713408856964127855e-03 7.606297280187987106e-03 7.728136300838904169e-03 7.713642493408030300e-03 3.526889040350858571e-03 1.560959129844131975e-03 8.195261848239378602e-03 6.968053781492597291e-03 6.857229306465758428e-03 7.765624637445337451e-03 6.328202802019593752e-03 1.875429694291346969e-02 7.124909801096572341e-03 1.798860012242119860e-02 1.037122834345590230e-02 7.713642493408030300e-03 8.576706465468831794e-03 7.713642493382188124e-03 3.813394465685949336e-03 7.546305840639784025e-03 1.389429358937146509e-02 4.871300222516861990e-03 1.884560297785205533e-03 7.700502397592896668e-03 7.712218862569833987e-03 4.847280578692494783e-03 7.687723953731255902e-03 4.213119234795622593e-03 3.932308363573030867e-03 7.144005754620016795e-03 7.713642452160967243e-03 7.616206373614623978e-03 6.410179786691511637e-03 5.018884183845365513e-03 7.713637610551145850e-03 7.713641430352414542e-03 1.678279167875668196e-03 7.720733403422837260e-03 8.057422219689448772e-03 5.004938275976883282e-03 7.872496924486710804e-03 6.603703646838439412e-03 7.658761410333029748e-03 6.458925986357751461e-03 7.615576423588797488e-03 7.705525138588958413e-03 6.663342698368161961e-03 7.114569059321181055e-03 6.610149341106532836e-03 7.713642493408030300e-03 2.562567213612804064e-03 7.713642493408030300e-03 7.700202726232232946e-03 7.713642489842556862e-03 5.456880800653043755e-03 8.906830131938285947e-03 7.054404822704479425e-03 5.062163782934079280e-03 2.800016235805156007e-03 7.713642493408030300e-03 8.205740807785088381e-03 8.253848355323868680e-03 7.713552704231453790e-03 7.713642160960754862e-03 8.692444417611673232e-03 7.607937867646696189e-03 4.404915143784517845e-03 3.424799421698567631e-03 7.271055275685831161e-03 7.713642493408030300e-03 6.915997064462421628e-03 2.136697070879853971e-03 1.694885709507502588e-03 6.593401176957475185e-03 8.250979999567940870e-03 8.175205814077001615e-03 7.713642493408030300e-03 8.529967669746594400e-03 5.880759070642616049e-03 7.713642480690892193e-03 8.489370357915682758e-03 1.528180254973937006e-03 7.713326570130618447e-03 7.713642493408030300e-03 7.713642492426877641e-03 7.381538223630856009e-03 9.298911727382794604e-03 9.193750898414544681e-03 9.110507892350688461e-03 7.728148742751396634e-03 6.103676473271117328e-03 6.911899625722916184e-03 5.653914221092557792e-03 7.713641757629398701e-03 3.736365294045391940e-03 7.709991618889748717e-03 6.535107258832870136e-03 7.711543739152506086e-03 7.571746659919879018e-03 7.713641234476645812e-03 4.180398587637451820e-03 6.307809801875162783e-03 8.688028304491777695e-03
1.956766791631527752e-02 7.646378717255430078e-03 6.646985038430002456e-03 4.816562880259645484e-03 2.624462752057745221e-03 8.415690998599846886e-03 6.906009924027999361e-03 6.877661722648133365e-03 5.545143420918141261e-03 6.999535568543474758e-03 6.914691954012585663e-03 6.913268959382990776e-03 7.463625435168257105e-03 6.914688845422899653e-03 6.914691954012585663e-03 6.914691954012583928e-03 8.418223575813571155e-03 6.606195847775824838e-03 6.535306018064362781e-03 6.841397960500267793e-03 6.672607661357864844e-03 8.298988466362323957e-03 6.525114020986934674e-03 5.006000483750547465e-03 6.914691904046717415e-03 6.903213691850947249e-03 2.916982543940824062e-03 6.914691954012585663e-03 6.964676533027872214e-03 3.643534455939421123e-03 6.914686127813670855e-03 6.740173375573853612e-03 6.914691954012585663e-03 4.392547012182327314e-03 6.914482517535446363e-03 7.449124436765645896e-03 7.142942178955455704e-03 6.914691954012585663e-03 2.863284945628913510e-03 1.477597391175185541e-03 7.193339675005408322e-03 7.197046622664680579e-03 6.798094480407922829e-03 6.193441824607421459e-03 3.924979566700165408e-03 9.393059681408674755e-04 6.978506074478509069e-03 1.704487830230658196e-02 1.020216822403043413e-02 6.914691954012585663e-03 6.653181908822075954e-03 6.914691953963421865e-03 1.077429336545917826e-01 6.764687412374566916e-03 2.785617912045113258e-03 6.966016503710086016e-03 2.709322833903474170e-03 6.902912862032717541e-03 6.915445880726533469e-03 5.319405022240814365e-03 6.877018090877469111e-03 5.748322738613510785e-03 8.166915743221748319e-03 6.753932514493569961e-03 6.914691916969391630e-03 6.625187215303096795e-03 5.641639710506442251e-03 5.740931209717491102e-03 6.914687531185520139e-03 6.914691001064341910e-03 1.227264296952745642e-03 7.092812234233723985e-03 7.656282328836244190e-03 4.539406708649935777e-03 5.938742442094392671e-03 6.046979600518139625e-03 6.865460308374834661e-03 6.893809072045543884e-03 7.095413897115428019e-03 6.907415361783313459e-03 7.465824079846240975e-03 6.834487163460726059e-03 6.671922924945400922e-03 6.914691954012585663e-03 1.169016333125216106e-02 6.914691954012585663e-03 8.575934509802311811e-03 6.914691950816412302e-03 6.808334082539969738e-03 9.503889059541501677e-03 6.430968494025436459e-03 3.024872407201132686e-03 2.659172972085871878e-03 6.914691954012585663e-03 6.550177101641506752e-03 7.004324809109069815e-03 6.914611464894205792e-03 6.914691654445409910e-03 7.738899029540775680e-03 6.678352990247742559e-03 5.709398706787209565e-03 2.994904702021569404e-03 6.515561717066724150e-03 6.914691954012585663e-03 6.204496798675263394e-03 8.917731020796085262e-03 2.003866144456721305e-03 5.942388274482716774e-03 6.943949114903508191e-03 6.522860857588550637e-03 6.914691954012585663e-03 6.196409850921043641e-03 5.171223362916187519e-03 6.914691942612640439e-03 7.399087430930941477e-03 1.141961240529545431e-02 6.914356734876141684e-03 6.914691954012585663e-03 6.914691953136369029e-03 6.863367383504127318e-03 6.899904750421735275e-03 8.552695838182990812e-03 4.302820546579789844e-03 5.460524129296846253e-03 6.555282386077565700e-03 6.036741752041311151e-03 7.872244314196540776e-03 6.914691294443524837e-03 9.202551549300545808e-03 5.641987240137644362e-03 6.061551662502391580e-03 6.912886056101275566e-03 3.331851225108166305e-03 6.914690825476656894e-03 3.632276979800745566e-03 4.441739900010755263e-03 7.257613788403426310e-03
2.648736923621347432e-03 7.836023389387467702e-03 7.445522743379212778e-03 7.068690826464480055e-03 3.558536414718301531e-03 9.086267479961489257e-03 7.626724688483049741e-03 7.596919117420734315e-03 7.757667094428225864e-03 7.520522028368112517e-03 7.637975295156203270e-03 7.636403208103145768e-03 1.027914893373542589e-02 7.637971861479163523e-03 7.637975295156203270e-03 7.637975295156201536e-03 1.545767070059027824e-02 7.301652714187916761e-03 7.091949129488607506e-03 1.143733880589709560e-02 7.871940593432597347e-03 7.802273631328480140e-03 8.478691767468222659e-03 2.139970088540027460e-03 7.637975240077578450e-03 7.625296341456042418e-03 5.473732889607827758e-03 7.637975295156203270e-03 9.757036406927070346e-03 5.688864954708589168e-03 7.637968859877013530e-03 7.445201781176960174e-03 7.637975295156203270e-03 3.183587266371630791e-03 7.637743950585486850e-03 8.176862514044369590e-03 7.420074471247407009e-03 7.637975295156203270e-03 3.763435599198932963e-03 1.451502775561254628e-02 7.582538576154462459e-03 7.493124115314406773e-03 7.759919288991205637e-03 8.835707967944181340e-03 3.856714806609363305e-03 2.384118354762613558e-03 5.970448760241603772e-03 6.698677507791845134e-03 5.759412928054562231e-03 7.637975295156203270e-03 1.421393030535725473e-02 7.637975295101896885e-03 1.218344173530983704e-02 7.472280138770126881e-03 1.728478952002048029e-03 4.355710656225833706e-03 1.127765897059381135e-02 7.624980593285925548e-03 7.637090314967840896e-03 2.308442679260459904e-03 7.599065494828744285e-03 6.041754410842963691e-03 9.059988408007512914e-03 7.504401883877868419e-03 7.637975254236898000e-03 7.326058972068610377e-03 6.750513137775603079e-03 7.997484500397198520e-03 7.637970426932530997e-03 7.637974242528661716e-03 1.080482344754861608e-03 7.792024392104398255e-03 7.197944346691696575e-03 4.960384851249358303e-03 8.850774635716979546e-03 6.269525564343670504e-03 7.583458692298893078e-03 7.019410136952428797e-03 7.783921563949222459e-03 7.629937561790001502e-03 6.480758023163011965e-03 7.575361462265694547e-03 7.134126524032113892e-03 7.637975295156203270e-03 6.771286693597059619e-03 7.637975295156203270e-03 6.987941644650818955e-03 7.637975291625723542e-03 1.074764919568544329e-02 5.957635348312325350e-03 6.983613665895706257e-03 1.548981642141624565e-02 5.605284482311133180e-03 7.637975295156203270e-03 8.136588766467856351e-03 7.781436466857049629e-03 7.637886386801030422e-03 7.637974964256197957e-03 7.245960805593717677e-03 7.802449142176205200e-03 5.071811221898485551e-03 1.407729505432506363e-02 7.197057573476096232e-03 7.637975295156203270e-03 6.824818048608148613e-03 8.151705057588271366e-03 5.303001073956919477e-03 6.813574028625031358e-03 8.809624320912808754e-03 6.774915145239623557e-03 7.637975295156203270e-03 7.621635116881569395e-03 5.862263699010802735e-03 7.637975282563813466e-03 6.633887073582991900e-03 1.845032746622397727e-03 7.637565214464312434e-03 7.637975295156203270e-03 7.637975294192638105e-03 7.318970782452087660e-03 4.409932571864442173e-03 9.458444277379738849e-03 9.687890928460816259e-03 8.632490010079648529e-03 6.868149877636884650e-03 7.143096968755236441e-03 5.331834708110917698e-03 7.637974566595382223e-03 4.832208397087019679e-03 5.480840962103294446e-03 1.057337111645965770e-02 7.637365267998484641e-03 3.727605707803463130e-03 7.637974048574368985e-03 3.814872072927154734e-03 4.133628505066152398e-03 7.480656217096102838e-03
1.348657765486210511e-02 5.482301091774294949e-03 7.638674260466473721e-03 6.827291266124720440e-03 2.857876991707693042e-03 6.483068100512503519e-03 7.786649344248239811e-03 7.766159213827043654e-03 7.216366433716627816e-03 7.681052727178589758e-03 7.797863703796653265e-03 7.796266701862175630e-03 4.101030640318774866e-03 7.797860198172786549e-03 7.797863703796653265e-03 7.797863703796651530e-03 9.827102282947508191e-03 7.512058649010160127e-03 8.078781911926319337e-03 1.703501915354036769e-03 7.330067161666555149e-03 4.536917077094785103e-03 7.487825767141103282e-03 3.452509550057513733e-03 7.797863647444083085e-03 7.805509467316454168e-03 3.705457303784613458e-03 7.797863703796653265e-03 8.686389053094002374e-03 7.080267783179282175e-03 7.797857133440290120e-03 7.601054631618820931e-03 7.797863703796653265e-03 1.197396888099784736e-02 7.797627526555339812e-03 9.239753370077565670e-03 8.012581743174831961e-03 7.797863703796653265e-03 3.130000043221559548e-03 5.639225337968408781e-03 8.291695652041139800e-03 5.156845380651506154e-03 6.407082340680432357e-03 6.600006819772987615e-03 7.089708467706970496e-03 2.237010956874041154e-03 7.257214720860365870e-03 4.809929047766396855e-03 7.278704658814204136e-03 7.797863703796653265e-03 6.303881886453629145e-03 7.797863703741210635e-03 3.367569328624241045e-03 7.628699990013153992e-03 2.355872713370060767e-02 5.448687521680364507e-03 1.823807746850420906e-03 7.784580132679853361e-03 7.796186159246052197e-03 5.344091206593227367e-03 7.764776815569972811e-03 4.363678468066172801e-03 3.765634192091896551e-03 7.732474558380838560e-03 7.797863662025826016e-03 7.459233805841240968e-03 6.196360854283830023e-03 3.888140534572489138e-03 7.797858925371838577e-03 7.797862629134099006e-03 9.734549249324607077e-04 8.620142289253514278e-03 5.730473174255224650e-03 3.344961428300963907e-02 1.100067331687193048e-02 8.778035373116506446e-03 7.742200870852150238e-03 6.885889547307567395e-03 8.380403388430775202e-03 7.789662885647990857e-03 4.860823910095033416e-03 7.240543990179620915e-03 6.688602034666133768e-03 7.797863703796653265e-03 7.469597516655167996e-03 7.797863703796653265e-03 7.917259890518103110e-03 7.797863700192250030e-03 3.853019522857201173e-03 1.134979558625284421e-02 7.133070510208791050e-03 4.696761577107147478e-03 4.714824053182529832e-03 7.797863703796653265e-03 7.687117112340231991e-03 8.241062351374603412e-03 7.797772934258688331e-03 7.797863365720900108e-03 4.927268953377748548e-03 7.861991892773362647e-03 8.580385777478438669e-03 3.946699661098025842e-03 7.544348541638490335e-03 7.797863703796653265e-03 7.038979026901291854e-03 1.494948639012879787e-03 1.254324914753473076e-03 7.091436797273072655e-03 8.196431562306410318e-03 8.261845258615337778e-03 7.797863703796653265e-03 7.942347045521283566e-03 1.163684229461758347e-02 7.797863690940662687e-03 5.696610588435337304e-03 6.294870878093689927e-03 7.797439644336929057e-03 7.797863703796653265e-03 7.797863702804491183e-03 7.454189962861778110e-03 4.729441989875081236e-03 6.379945611867787053e-03 6.834429160154571400e-03 9.078468545506989534e-03 8.561961748951480572e-03 4.254472187074386826e-03 7.442573305326340670e-03 7.797862959984440054e-03 3.547937872049691278e-03 1.314430526477198928e-02 8.291210933997091720e-03 7.795750796407359060e-03 6.698074237840796578e-03 7.797862431119657357e-03 5.426755510451758240e-03 1.399606963659893663e-02 7.973760554605649475e-03
1.993352257747014588e-03 7.168940054667974522e-03 5.438240272143660473e-03 1.462932421214962336e-02 4.413977649020738546e-03 7.982971769295341136e-03 6.669028450958842773e-03 6.645396682663057622e-03 6.106222280262396315e-03 6.574952534431968525e-03 6.681079172598430697e-03 6.687843767300407846e-03 5.361319182866153450e-03 6.681076169153408496e-03 6.681079172598430697e-03 6.681079172598428963e-03 4.576174490430529214e-03 6.633516351091438799e-03 7.881744578072814866e-03 1.718827499380142518e-03 6.231118681842993424e-03 7.515812559796923413e-03 6.219233465000950298e-03 9.936180292674455169e-03 6.681079124329035272e-03 6.669988723993802368e-03 4.143777343874367747e-03 6.681079172598430697e-03 3.356033075763624560e-03 4.835072318837519041e-03 6.681073543227012898e-03 6.512456449607900190e-03 6.681079172598430697e-03 2.992247974124541410e-03 6.680876811173072811e-03 9.365623001371626774e-03 5.758279990044781228e-03 6.681079172598430697e-03 3.006877148642620595e-03 9.180555665076509456e-03 5.553495030848844619e-03 1.013983252107242272e-02 7.278183339303190280e-03 6.030478327895888099e-03 8.829720195595434917e-03 4.243217486521967674e-02 8.164656261775982138e-03 2.407547755119686730e-03 6.388113912642000985e-03 6.681079172598430697e-03 1.297648731579356500e-02 6.681079172550928764e-03 3.542204290999429166e-03 6.536142533164271406e-03 4.377253870287655529e-03 1.001450144198272330e-02 1.548420001749929416e-03 6.669703207115471391e-03 6.680039443826055363e-03 2.253137304981825059e-02 6.641580582759426879e-03 1.628893835328059161e-02 3.976213024482719814e-03 7.999612002327627369e-03 6.681079136827050916e-03 6.390966234387507328e-03 5.966400720683106250e-03 1.750128671564924951e-02 6.681075792525590154e-03 6.681078251845525354e-03 2.794612975267692697e-03 6.371905663637712249e-03 6.501646234644874525e-03 4.346013329037353920e-03 1.023283984770246430e-02 1.021208505661852506e-02 6.633399882722975337e-03 5.939884825995711375e-03 6.450099150287701491e-03 6.674048424981437327e-03 1.057968891283133685e-02 8.579430633279764434e-03 6.996426672349616988e-03 6.681079172598430697e-03 1.772251503047877000e-02 6.681079172598430697e-03 1.244637907493330482e-02 6.681079169510262955e-03 1.615570464649597818e-02 8.317643888089035903e-03 6.117729554176313915e-03 3.238990723143739953e-03 5.618869456071556683e-03 6.681079172598430697e-03 6.897367255234256207e-03 5.887398060379259168e-03 6.681001402776776989e-03 6.681078883295414259e-03 5.749115618229813651e-03 6.970179689443969755e-03 3.205294635432736836e-03 8.150472131521830504e-03 6.297823805771597151e-03 6.681079172598430697e-03 6.013074539932085349e-03 1.995524579194335110e-03 4.632311220066969056e-03 9.311856187962484419e-03 4.921797566123922371e-03 6.549768422669826305e-03 6.681079172598430697e-03 4.015542176699082866e-03 4.985324439397600949e-03 6.681079161583633116e-03 7.604388806923783120e-03 7.014492483776008612e-03 6.685734253993270461e-03 6.681079172598430697e-03 6.681079173064293289e-03 6.797190697633105627e-03 1.096632053318697189e-02 6.156368052463000694e-03 6.304368945884572355e-03 5.250198780755862930e-03 1.406352206101973978e-02 8.595742692299273430e-03 7.210265287361044238e-03 6.681078535312570330e-03 3.414985085620609283e-03 6.373862528360659148e-03 7.741128226219938513e-03 6.679470727338481829e-03 2.048531519828269108e-03 6.681078082190071606e-03 2.150039001664066918e-02 2.530725550220685148e-03 5.409214065608760474e-03
1.265060809719428369e-03 7.948250226294141865e-03 9.338349976745135422e-03 9.880985667470053302e-03 1.723746586710808801e-03 1.171247812930325746e-02 7.670206462732804056e-03 7.644351137277099160e-03 6.781566100692292334e-03 7.730116382518623097e-03 7.684459961296897373e-03 7.682878987903074205e-03 1.037064318160191984e-02 7.684456506649588702e-03 7.684459961296897373e-03 7.684459961296895639e-03 6.580818009064571573e-03 7.349602489398574835e-03 6.326985292400738418e-03 7.174606307824404026e-03 8.832766626321316566e-03 1.177392389458663778e-02 7.091004264710153680e-03 2.315642244539051035e-03 7.684459923647051459e-03 7.671706511845029393e-03 3.299784109291619642e-03 7.684459961296897373e-03 1.155587253882799439e-02 7.068165115096075417e-03 7.684453486492729725e-03 7.490513076331991801e-03 7.684459961296897373e-03 4.315435395726187340e-03 7.684227208738452809e-03 6.274045475368974015e-03 8.040294540432219722e-03 7.684459961296897373e-03 3.430710613813979255e-03 4.121038155377554184e-03 8.345893156319119169e-03 7.011775380697712542e-03 8.827126511873485681e-03 6.269364202490654812e-03 4.465433009595190517e-03 4.853568785816220199e-03 6.352469477252738542e-03 7.798891046288257585e-04 6.583709398434305603e-03 7.684459961296897373e-03 1.029661248821702769e-02 7.684459961243533810e-03 1.291190502724016975e-02 7.517756382613154272e-03 2.230636241664116573e-02 3.527090477401831695e-03 1.879740949923463036e-02 7.671369572370804329e-03 7.682755324123519136e-03 8.817667017425159792e-03 8.667593593768920662e-03 5.388191656268054297e-03 1.389783760822661286e-03 6.986626560288930823e-03 7.684459920191391222e-03 7.355985940939103324e-03 1.073391409476193506e-02 4.878628556721554578e-03 7.684455083550711246e-03 7.684458902263079268e-03 3.550737294563305162e-03 7.480282783836826599e-03 8.973875500443571213e-03 5.003326023449413198e-03 3.582755199744478303e-03 5.804111218300514637e-03 7.629608354066669609e-03 7.417281874212717369e-03 7.505162910697533996e-03 7.676373577179070387e-03 6.791056228518334639e-03 6.280699745881091096e-03 7.910261596554149857e-03 7.684459961296897373e-03 7.408616447388770808e-03 7.684459961296897373e-03 6.249327872307608792e-03 7.684459957745768365e-03 4.297083050762223570e-03 7.581002341624880174e-03 7.027623164097687031e-03 3.378648613989596299e-03 6.973276944977935786e-03 7.684459961296897373e-03 6.182250303340167466e-03 7.884914691514241514e-03 7.684370511813464269e-03 7.684459628242803521e-03 9.180178061713568927e-03 6.897712233176082029e-03 7.420352169065411695e-03 5.331774761177247163e-03 7.283013133055267832e-03 7.684459961296897373e-03 6.868077832027820982e-03 9.404615802951554271e-04 8.946828190019535249e-03 7.280617405953700855e-03 9.962087051242117866e-03 7.807987823236581075e-03 7.684459961296897373e-03 8.320717695265681876e-03 7.420094501333524516e-03 7.684459948627870088e-03 8.565196482434946773e-03 1.326330480233945189e-02 7.684054586651748939e-03 7.684459961296897373e-03 7.684459960319017270e-03 7.375955713363259968e-03 6.241802006483383562e-03 7.300614238484576246e-03 6.642596360838884557e-03 9.963797534390549104e-03 7.874110030355117862e-03 7.438533381016641625e-03 7.074639838690910745e-03 7.684459228301888933e-03 7.697418031696314986e-03 1.002701935135270200e-02 6.473842957593430383e-03 7.682371671848397567e-03 2.260513077009698984e-03 7.684458707128347110e-03 4.043626563281541020e-03 4.425385478643733585e-03 7.672071580824382439e-03
1.121529940297808598e-03 8.798935173741116028e-03 6.697901579199031646e-03 4.319287584767896211e-03 3.097193869498312147e-03 1.417641421391276947e-02 7.162197495665417052e-03 7.137433146107225596e-03 7.169294652058857097e-03 7.060900563635940166e-03 7.175210608180990386e-03 7.173746946882205398e-03 8.401112066875340845e-03 7.175207382472023089e-03 7.175210608180990386e-03 7.175210608180988651e-03 7.126568301316968564e-03 6.858557286608374555e-03 6.273445746947161131e-03 5.202561012022547532e-03 6.755445748224197557e-03 7.102578495810588782e-03 7.749211400913782848e-03 4.165657640198391388e-03 7.175210556334132850e-03 7.163299871515914699e-03 3.161018424927332718e-03 7.175210608180990386e-03 5.636225679538371669e-03 5.044431517528225398e-03 7.175204562462257456e-03 6.994116580073119621e-03 7.175210608180990386e-03 8.596283121004260133e-03 7.174993280631741972e-03 6.117609548488513703e-03 8.120745650286304365e-03 7.175210608180990386e-03 3.785497104696948240e-03 1.610449481714185593e-03 7.713852964813015280e-03 6.590379150331231346e-03 5.731540380643854356e-03 7.771081735020504526e-03 4.715489725468483689e-03 4.816618042234582960e-03 5.276895016885153195e-03 1.020819829389665520e-02 9.959059854615271920e-03 7.175210608180990386e-03 8.542955874601555755e-03 7.175210608133952492e-03 3.480211369500453653e-03 7.019554479810462960e-03 3.004461222094171550e-03 3.157275143287559954e-03 1.874516744367701057e-03 7.162987725043306643e-03 7.173619461506130189e-03 1.341106496652923370e-02 7.133904855967987402e-03 3.408887643742712983e-03 2.108539039589919003e-03 6.191184132177715571e-03 7.175210569740803589e-03 7.789519988961515935e-03 7.247639502196642075e-03 5.590055354665971095e-03 7.175206353103592317e-03 7.175209619329531337e-03 4.631426309002013159e-02 7.306942223677284458e-03 9.174952349363647494e-03 7.842798390992371943e-03 6.794613875286039523e-03 5.018490190258730228e-03 7.123993420226041803e-03 6.023763056360177497e-03 7.302033601661622741e-03 7.167659868862163476e-03 6.565309957126133633e-03 5.674428774164482110e-03 6.233089276524115055e-03 7.175210608180990386e-03 6.294521978547210246e-03 7.175210608180990386e-03 8.529477577293931995e-03 7.175210604864399461e-03 5.571565512954667135e-03 8.076022328591090510e-03 7.044511898512134662e-02 6.671013011608730413e-03 4.601468080434768272e-03 7.175210608180990386e-03 7.750914436575285713e-03 7.185834461525104910e-03 7.175127086524292833e-03 7.175210297109814624e-03 6.044858160132175057e-03 7.933805888264654910e-03 1.390764161667087549e-03 8.697269139229387228e-03 6.760983515089962793e-03 7.175210608180990386e-03 6.443558861450359235e-03 8.781493259920671599e-04 1.873494991812339359e-03 5.882019910391197808e-03 7.052142064184402544e-03 6.631875194778365061e-03 7.175210608180990386e-03 7.359148281656615817e-03 5.270958989293347829e-03 7.175210596351540640e-03 9.274599304161386740e-03 3.585963186256567199e-03 7.179254285381546884e-03 7.175210608180990386e-03 7.175210607432350521e-03 6.872200704392963412e-03 8.069759115172650196e-03 6.640576941970967838e-03 5.750784514028742418e-03 6.568263024091433241e-03 9.214773630788271330e-03 5.668240361390483248e-03 6.646589414273739935e-03 7.175209923801984663e-03 3.399489999593940937e-03 8.223681548553305257e-03 7.160686132101063035e-03 7.173282465291351030e-03 4.225509012678914898e-03 7.175209437127575557e-03 2.662106035127255292e-03 1.054265810317781167e-02 7.489557386268904000e-03
1.028643346789674673e-02 4.259326041302575853e-03 4.813912865479118980e-03 4.605322643297121536e-03 1.208441073141799417e-02 2.680329667883422570e-03 5.392010794808699790e-03 5.373335954645997586e-03 7.313953128157340416e-03 5.319829120294081864e-03 5.402017823168586523e-03 5.401084566209610020e-03 4.225996132278305589e-03 5.402015394640832628e-03 5.402017823168586523e-03 5.402017823168584788e-03 2.154001266504412294e-03 5.214409568622751026e-03 6.138364139723877753e-03 1.331603067135356082e-02 3.836494604749782905e-02 2.906224700225348411e-03 5.810946355575483113e-03 3.747602336583086106e-03 5.402017803825527251e-03 5.393069003705877953e-03 6.219921161602084796e-03 5.402017823168586523e-03 4.946177303344187828e-03 2.354697328879312886e-03 5.402013271648823875e-03 5.265677133520529560e-03 5.402017823168586523e-03 4.634440391781840564e-03 5.401854203848617010e-03 6.680666101151300044e-03 4.934929241657127694e-03 5.402017823168586523e-03 2.243918980731127947e-03 3.172850935479895867e-03 5.199385945264314683e-03 5.455608435703811383e-03 5.377254319453516306e-03 5.657462737957418518e-03 4.150908781244913408e-03 3.599866045550768195e-03 5.633939846277998334e-03 2.259800780780400753e-02 4.364447193043850468e-03 5.402017823168586523e-03 8.671702104883926079e-03 5.402017823130178011e-03 2.362812733634429407e-03 5.284828624738184023e-03 8.512435864556118156e-03 3.230454613182220068e-03 1.531989630077451462e-03 5.392815548581445483e-03 5.400817801244829630e-03 4.315125090637713864e-03 5.369505428650564807e-03 5.107672165658647991e-03 1.987540794120472385e-03 5.937088181947813674e-03 5.402017794228605035e-03 5.167498418878619694e-03 4.478938103222781901e-03 3.848092136599916280e-03 5.402014408347902488e-03 5.402017078689530863e-03 8.784079021291745252e-04 5.424669705638157299e-03 4.178106418108738611e-03 3.573096688392321443e-03 8.947546576506320778e-03 7.228979260080117993e-03 5.364486575427403550e-03 6.911336910995656210e-03 5.314677369858973599e-03 5.396333092420877928e-03 5.471991986866919615e-03 6.101906882730636673e-03 4.755012613601452935e-03 5.402017823168586523e-03 5.436748150376512385e-03 5.402017823168586523e-03 6.007647061436806671e-03 5.402017820789096689e-03 7.116226677167654217e-03 4.693743433029219474e-03 4.968756466114663747e-03 6.305859703389987345e-03 2.315274872581160517e-03 5.402017823168586523e-03 5.878973897333963222e-03 5.232253170130951939e-03 5.401954942015425344e-03 5.402017588942165278e-03 4.669742340590927153e-03 6.061238083039459032e-03 2.815764371113644703e-03 2.847873493049978780e-03 5.090396208290174675e-03 5.402017823168586523e-03 4.905448311769941214e-03 7.175736754320323485e-04 1.327421251253536058e-03 6.684972918378159074e-03 5.405769892071087511e-03 5.457573102443105499e-03 5.402017823168586523e-03 5.544610772039340607e-03 4.881338083894404267e-03 5.402017814262519667e-03 4.327325661668209728e-03 4.116221694128159234e-03 5.401860815573560591e-03 5.402017823168586523e-03 5.402017822482014196e-03 5.193562574401937998e-03 4.493971635267263523e-03 2.961970324109961059e-03 4.638679575152656991e-03 4.536382512071775869e-03 7.009732479401226471e-03 3.955162478788315332e-03 9.429028660748659668e-03 5.402017307888122392e-03 2.532155422758514129e-01 5.743188025829649816e-03 4.922543575509663073e-03 5.400687824320967757e-03 4.231631905127746646e-03 5.402016941513805223e-03 2.717104630591999758e-03 3.374940830084958120e-03 5.271428751717354040e-03
3.306392946765602126e-03 7.787253069739782582e-03 7.490861325400320972e-03 8.938315698372310131e-03 8.125619330405777982e-03 1.081095677348727600e-02 7.433856529259432258e-03 7.408317117825084092e-03 8.979915195842225889e-03 7.340009033765160576e-03 7.447585708353415476e-03 7.446052995687000610e-03 8.260378452219984194e-03 7.447582360194495224e-03 7.447585708353415476e-03 7.447585708353413742e-03 1.044694749335866278e-02 7.116697148847423056e-03 7.180619227904390736e-03 4.436066743086573838e-03 7.033277397186328203e-03 6.561575347158205007e-03 8.092099770390380128e-03 6.276778812648940546e-03 7.447585660838257869e-03 7.435222890197721105e-03 5.593484558382952852e-03 7.447585708353415476e-03 5.931794936227498087e-03 4.577842822261229960e-03 7.447579433136122633e-03 7.259617438321873915e-03 7.447585708353415476e-03 1.493554067239674307e-02 7.447360130416432085e-03 8.464207538110241763e-03 7.625622492929029494e-03 7.447585708353415476e-03 3.413550476946203890e-03 3.340421362073029646e-03 7.437950829898141124e-03 8.392161764529266696e-03 5.855443073151465894e-03 8.524482650598375413e-03 8.059722459625160915e-03 4.301471045610266719e-03 6.870460678016391404e-03 4.621869891369196248e-04 4.237522294949450791e-03 7.447585708353415476e-03 5.398851766621633012e-03 7.447585708303490135e-03 3.435172185980435704e-03 7.286020784647674782e-03 6.635848599329675045e-03 2.494514921626991497e-03 4.643848232006301223e-03 7.434899518370429068e-03 7.445995404572304868e-03 4.506555219362004018e-03 7.401529972380422283e-03 8.012159484058905407e-03 2.771531999348990968e-03 7.307164881082438453e-03 7.447585668454524861e-03 7.219120182113029395e-03 9.261020759309677650e-03 3.778728148282956521e-03 7.447580959765965139e-03 7.447584681964850191e-03 2.987954952014237192e-02 7.468423475154936306e-03 7.691919694940110852e-03 8.120831243730825683e-03 1.518281530581342721e-02 8.940278292961355983e-03 7.394441817453630689e-03 7.049260666520860107e-03 6.893320650773032340e-03 7.439759870830349453e-03 7.335853355519312592e-03 7.931923336242254971e-03 7.792967168928257270e-03 7.447585708353415476e-03 2.767500201316699417e-03 7.447585708353415476e-03 9.932108946028880489e-03 7.447585704910955617e-03 6.792951156331844369e-03 7.322980798888193213e-03 6.924940778728926050e-03 1.567703891855585716e-02 2.185958669447589809e-03 7.447585708353415476e-03 8.463587927146676987e-03 7.011318339070476448e-03 7.447499018809395667e-03 7.447585388619968293e-03 5.951145413088182283e-03 7.285720342608282760e-03 6.098764269939505218e-03 7.261115499438839521e-03 7.200336982822281781e-03 7.447585708353415476e-03 6.918202385100905190e-03 4.036649977342118487e-03 2.059680403343071980e-03 6.593812907076414959e-03 6.973520047966455873e-03 7.295287944310036542e-03 7.447585708353415476e-03 8.569959421543876452e-03 9.363049126849768561e-03 7.447585696074912609e-03 7.386958124952017375e-03 4.136078796991326731e-03 7.447182970006891757e-03 7.447585708353415476e-03 7.447585707418056915e-03 7.142593808783364966e-03 6.194794052348072920e-03 9.614956742569543205e-03 1.008942809178935314e-02 6.948338432998519068e-03 6.765848857337452421e-03 9.472933368499629470e-03 1.031321207955679387e-02 7.447584998060000246e-03 4.450829681891945583e-03 9.948799317311301724e-03 8.478004522616683358e-03 7.445875968823308273e-03 5.260511749623217499e-03 7.447584492844737392e-03 5.622683005214526575e-03 6.664033909084971993e-03 8.054232403432053100e-03
5.921047084312043920e-03 6.017024913740643202e-03 5.858709982862928337e-03 5.253715777013530722e-03 1.293291094795803904e-02 3.629983859862268014e-03 7.971926008969490787e-03 6.533547713583516721e-03 7.815202693126575492e-03 6.457003636516471697e-03 6.561524383059492982e-03 6.560398206493748587e-03 5.947495565125277862e-03 6.561521433240893528e-03 6.561524383059492982e-03 6.561524383059491247e-03 7.212576873151203306e-03 6.271317892214629645e-03 7.222216822273768225e-03 4.922861822356542835e-03 6.114788056620426571e-03 1.229926656485745909e-02 6.808031094761690660e-03 6.436659038472067502e-03 6.561524490937413120e-03 6.550645356388746544e-03 2.556899933022938054e-03 6.561524383059492982e-03 5.353666805124183449e-03 5.317499706361493439e-03 6.561518854423045895e-03 6.395919094724811238e-03 6.561524383059492982e-03 1.453930629038190439e-03 6.561325710297155091e-03 6.751862629016660775e-03 7.177955724433932733e-03 6.561524383059492982e-03 3.002578661384889668e-03 7.445319091654302793e-03 6.791785149981318867e-03 5.555421871363364766e-03 7.428213688958886819e-03 6.790811279785739611e-03 7.338426584404183356e-03 3.445727826638068751e-03 6.865500973738412893e-03 8.171117496785994597e-03 3.972291953456449400e-03 6.561524383059492982e-03 4.920412036562140344e-03 6.561524383065634770e-03 3.524965204346630025e-03 6.419181316430717064e-03 1.403237427873599286e-03 5.052087068743980197e-02 1.614772357892808484e-03 6.550346918127958502e-03 6.567799929212159507e-03 6.160040368384396212e-03 6.523923382781577317e-03 5.266903798945391478e-03 2.826563324199640910e-03 6.690827536796110919e-03 6.561524347907155344e-03 8.774980602300783833e-03 6.783898385083897940e-03 3.657797672975500805e-03 6.561520196228099247e-03 6.561523479805324473e-03 7.357652233568817181e-03 6.461353743710212746e-03 6.112593316331755428e-03 3.504502706850705362e-02 4.909277596606999999e-03 6.350218088621719693e-03 6.514697678312104251e-03 5.922210469262939939e-03 6.920302107185261238e-03 6.554619601455476813e-03 5.281468856863206357e-03 5.858869137650142209e-03 6.032495119382505315e-03 6.561524383059492982e-03 6.318702256511050074e-03 6.561524383059492982e-03 7.677450502429070296e-03 6.561524380039692426e-03 8.623484220893037205e-03 6.307170832266222917e-03 5.999300342580535933e-03 1.279233739739863394e-02 3.854075618129370467e-02 6.561524383059492982e-03 7.056786129300006254e-03 6.251019253645177798e-03 6.561448004911043033e-03 6.561524098583011548e-03 5.756096876426662623e-03 6.593552720448304233e-03 2.736440799907708180e-02 4.013262513922814106e-03 6.182742297006329005e-03 6.561524383059492982e-03 5.996131222412865065e-03 2.672522137851506691e-02 1.618228087938984421e-03 6.126680409701996954e-03 5.649321687322984668e-03 6.296302082041458845e-03 6.561524383059492982e-03 5.977422920303766818e-03 4.807519585953639457e-03 6.561524372241799886e-03 6.016848762507512847e-03 1.353602212537043104e-02 6.561178348581909840e-03 6.561524383059492982e-03 6.561524382224553226e-03 6.350305472878025465e-03 4.166679432486323185e-03 5.660079342699101887e-03 5.639613437885079676e-03 5.799480209967014348e-03 6.605825616434087867e-03 5.494964161636726324e-03 5.076635308608002349e-03 6.561523757742108304e-03 3.095724821533172872e-03 5.034943677687190276e-03 6.612526112271602252e-03 6.559833351358694900e-03 5.659090847826914877e-03 6.561523312163481357e-03 9.424075864061359428e-03 4.963929607232157523e-03 7.266389440655452933e-03
2.573843658338691859e-02 1.159731053053040563e-02 8.614777166344192438e-03 3.849776579685504959e-03 5.077834360878503983e-03 5.355280447995314046e-03 8.051121409719211308e-03 8.023373918015698492e-03 7.634225927727839554e-03 7.943330995548546561e-03 8.065279190178941890e-03 8.063620547279090611e-03 6.650638933277091408e-03 8.065275638410614525e-03 8.065279190178941890e-03 8.065279190178940155e-03 7.920568861164326707e-03 7.722162325492254106e-03 8.074562731934558507e-03 3.196732352774954086e-03 7.538873778706915545e-03 5.337310843883230280e-03 8.104793658402975262e-03 7.519165887123025610e-03 8.065279131940033402e-03 8.051939076862631856e-03 5.126542061253760302e-03 8.065279190178941890e-03 4.338535848816724508e-03 4.182259663877894301e-03 8.065272394502529668e-03 7.861729806099917311e-03 8.065279190178941890e-03 2.189286834163911479e-03 8.065034903088389232e-03 8.222391933001834546e-03 7.835898535042578814e-03 8.065279190178941890e-03 3.856370914741140930e-03 5.587913939341607010e-03 7.975647152707330059e-03 1.042349535575044263e-02 8.028583196001422284e-03 8.230385115760796566e-03 1.134717220211127996e-02 9.578350999856752312e-03 7.275540874803358704e-03 3.868859833402961759e-03 8.699542690784673599e-03 8.065279190178941890e-03 2.809905812520318950e-03 8.065279190121598871e-03 3.479067090092280174e-03 7.890314272558370673e-03 3.837326103931422341e-03 3.367190588138812331e-03 1.873317990866404546e-03 8.051540091979567451e-03 8.063579876473133193e-03 1.180860650406067615e-02 8.016924859734396447e-03 7.811553461753015758e-03 3.758668030803819296e-03 7.680296388243228016e-03 8.065279146972961430e-03 7.715036893631136740e-03 6.492479801025114079e-03 3.233247980290204337e-03 8.065274373202317021e-03 8.065278078662542136e-03 3.418998063496795844e-03 7.947615693548744364e-03 1.109012519970780514e-02 5.233223091212644597e-03 7.571117324673649548e-03 8.431047091720468567e-03 8.007708528499583173e-03 7.321616213387426193e-03 7.778305167356821224e-03 8.056791788608148180e-03 9.485710902687063614e-03 7.592788718759136031e-03 7.438997563234721160e-03 8.065279190178941890e-03 7.390321826886966060e-03 8.065279190178941890e-03 6.196990451329484513e-03 8.065279186450932669e-03 1.068601573954755524e-02 6.045268813154540573e-03 7.374464428086125421e-03 6.258667316485401998e-03 3.309414334403364480e-03 8.065279190178941890e-03 7.604021569309444076e-03 7.883074009122106179e-03 8.065185307842528267e-03 8.065278840977784316e-03 8.687611805180203359e-03 9.439567956223702053e-03 2.223463560591160907e-03 7.142548658270269323e-03 7.599690736003192511e-03 8.065279190178941890e-03 7.201733603109455699e-03 1.285919753925338560e-03 1.225188513204749849e-03 6.999661042698991816e-03 6.918340884264106636e-03 7.343928890569680935e-03 8.065279190178941890e-03 6.883066456147116791e-03 6.131370114530519319e-03 8.065279176882076545e-03 1.066273220680518871e-02 6.230610455067234904e-03 8.064854220160963885e-03 8.065279190178941890e-03 8.065279189152904996e-03 7.740951499776259695e-03 7.026031818346774316e-03 5.367548163189882378e-03 7.352004557500834217e-03 7.025373567538429134e-03 8.465603456500377794e-03 1.204811757668564076e-02 4.589427407891090785e-03 8.065278420858858557e-03 3.765445202708117296e-03 9.277714936697569609e-03 6.530713607303630618e-03 8.063196291430600043e-03 7.367164209015225097e-03 8.065277873857489011e-03 5.471460149568055896e-03 9.179599642040006321e-03 8.156215276234264275e-03
1.881018919284717286e-03 6.605458242149891100e-03 8.567727724176578755e-03 7.783862194301193090e-03 6.556986433214436654e-04 6.231483250590754211e-03 7.716039520213204168e-03 7.688328876149197813e-03 6.733996496345266876e-03 7.607854023059317308e-03 7.729865841355552762e-03 7.728274892956385304e-03 6.871393966978786919e-03 7.729862366293840416e-03 7.729865841355552762e-03 7.729865841355551027e-03 8.265343243467379586e-03 7.514191428437584815e-03 6.934927969014836706e-03 4.225700425767569407e-03 7.197682378656903961e-03 6.420961852687084338e-03 7.304002835699752866e-03 2.292565077900624720e-02 7.729865785498960841e-03 7.718337518781018605e-03 5.637109777571433847e-03 7.729865841355552762e-03 6.344694693218851794e-03 4.436700193977127782e-03 7.729859328293114430e-03 7.534772953889690671e-03 7.729865841355552762e-03 3.081314138372266698e-03 7.729631713513945672e-03 7.302234294889779591e-03 8.700802215351270338e-03 7.729865841355552762e-03 4.115507454668702880e-03 2.874153700204548374e-03 8.401512804748397997e-03 5.658026580901710442e-03 7.731898389415465221e-03 6.962391721362642429e-03 4.834819275954018065e-03 5.318935177019416816e-03 7.876400378183850970e-03 1.770294583411153103e-03 9.693273296283763663e-03 7.729865841355552762e-03 4.343213034841496289e-03 7.729865841300594120e-03 4.386766564211838984e-03 7.562177245801697360e-03 3.002327214332032972e-03 1.479882275138773295e-02 1.829510844215084678e-03 7.720734327607941573e-03 7.728144411471828991e-03 3.405727632223141781e-03 7.712565485632137154e-03 7.154478891800763150e-03 1.797846356254435320e-03 7.818956917971221776e-03 7.729865800028107824e-03 7.394235297540198079e-03 7.807537492347221830e-03 3.206127346363076697e-03 7.729860963663178625e-03 7.729864776067773766e-03 4.935410346071912764e-03 8.430214373355308585e-03 6.681013116945008767e-03 4.005065583214385827e-02 8.246028438000065769e-03 6.213328141456096569e-03 7.674720700965347725e-03 6.946258401433497848e-03 8.141803057924666340e-03 7.721731783531196429e-03 5.373556626194002719e-03 7.371276283374180414e-03 7.593469664451987615e-03 7.729865841355552762e-03 3.874832166624151038e-03 7.729865841355552762e-03 5.650170126565701861e-03 7.729865837782580983e-03 5.642390657880146793e-03 7.062137698695707642e-03 7.124133346890024025e-03 4.518337508144261785e-03 5.859645263152325582e-03 7.729865841355552762e-03 7.361862885997405050e-03 7.933435142992691438e-03 7.729775863343188967e-03 7.729865506252780842e-03 5.241094998541071838e-03 7.397303795087844559e-03 4.623845557782987024e-03 2.537390846839956277e-03 7.283620296321202149e-03 7.729865841355552762e-03 8.287818371567598486e-03 3.197550771471418390e-03 8.634007182829044405e-03 6.824113623706403071e-03 7.486685865075326345e-03 7.186406467532589250e-03 7.729865841355552762e-03 6.701136758820462093e-03 1.180987199195331940e-02 7.729865828611667822e-03 6.526466267936457608e-03 2.778549850170142221e-02 7.729462409536265455e-03 7.729865841355552762e-03 7.729865840371955878e-03 7.407016966340137024e-03 5.721120221077622900e-03 8.260982399957183739e-03 5.841739034795662318e-03 7.078035071211840994e-03 5.752018308541255280e-03 6.887465310561504198e-03 4.764164206711061882e-03 7.729865104029432464e-03 3.516859466417353742e-03 5.876880537595160353e-03 1.549923417581159160e-02 7.727838412789135233e-03 7.422002137961495986e-03 7.729864579776386975e-03 4.583690193839040812e-03 9.147168372911282375e-03 7.897250217064777367e-03
4.152731609002073380e-03 8.734680700859838789e-03 7.241624316263932035e-03 6.658505047658152924e-03 5.166939405627144453e-03 6.836109319224892115e-03 8.024596285470050536e-03 7.997342954245013902e-03 9.326603751894960506e-03 7.911685853133605326e-03 8.039508363225580587e-03 8.038117210330559398e-03 9.926328653271358771e-03 8.039504748960046160e-03 8.039508363225580587e-03 8.039508363225578852e-03 5.286515396762270051e-03 7.691386924526457704e-03 7.695359045310923990e-03 2.887486173310139549e-03 7.554077593266223661e-03 7.780023779392809466e-03 7.510833844771305605e-03 6.192656111952138907e-03 8.039508305132571017e-03 8.088413059607687736e-03 4.420435708943077323e-03 8.039508363225580587e-03 5.724627475239267571e-03 8.831523155069321077e-03 8.039501589263257225e-03 7.836722388626711500e-03 8.039508363225580587e-03 6.657187501407345505e-03 8.039264856702086834e-03 8.547285662181275043e-03 8.492357530902950799e-03 8.039508363225580587e-03 4.287728318003222044e-03 3.478545876570060882e-03 8.235103426903532184e-03 7.717585215984358767e-03 9.318136185805838898e-03 7.187318772725644588e-03 5.108101785576293560e-03 2.696193381385689029e-03 6.734222317191282565e-03 3.602090484532463697e-03 1.391494468318977759e-02 8.039508363225580587e-03 4.980285614910760425e-03 8.039508363168419713e-03 3.472570532865996897e-03 7.865102507543051541e-03 9.793125644999263815e-03 1.894799245402863791e-02 1.882379812906638701e-03 8.025813156951821029e-03 8.037767176625694454e-03 8.355973647275373103e-03 8.005384616566260658e-03 6.593398490267326183e-03 3.022412310937781961e-03 7.855914604575218313e-03 8.039508320156858387e-03 7.756704711618358540e-03 8.818615770199572657e-03 3.898252005993899875e-03 8.039503381136788723e-03 8.039507255260760002e-03 9.768406692984591896e-04 7.820249126733383807e-03 8.960253035033434107e-03 5.223983644531262314e-03 9.360656006207324770e-03 5.511343634668005795e-03 7.982282925706997434e-03 7.276227911133135648e-03 8.376736192446599533e-03 8.031048085269099773e-03 6.975116684028130100e-03 7.582671548458167800e-03 7.108953051836953453e-03 8.039508363225580587e-03 1.353700557943409398e-02 8.039508363225580587e-03 5.348429602826209120e-03 8.039508359509481977e-03 3.439467850931343922e-03 5.046596627751045137e-03 7.587728165031274417e-03 2.492471086010225427e-03 4.870606915188839189e-03 8.039508363225580587e-03 8.180014441271326112e-03 8.049898101191511543e-03 8.039495267585379870e-03 8.039508014680141548e-03 7.136713118831246316e-03 8.029934896066834304e-03 8.940624252799945354e-03 6.459409159695896421e-03 7.575670503516789521e-03 8.039508363225580587e-03 7.243061830654602684e-03 1.453975681731713761e-03 6.597665995621642375e-03 6.555331498014113634e-03 8.062230059368158050e-03 7.659726560834035844e-03 8.039508363225580587e-03 6.693615268145643692e-03 6.198684408579810921e-03 8.039508349971202089e-03 8.755225776698408874e-03 1.740979823432411977e-02 8.039068650754732995e-03 8.039508363225580587e-03 8.039508362350476778e-03 7.736929517773588789e-03 6.280164793836838684e-03 8.895895529509355651e-03 8.351153306182197700e-03 7.925905803857109799e-03 7.844338232880930864e-03 8.790509137413290985e-03 5.603492688865750748e-03 8.039507600688890546e-03 4.818721556287951235e-03 9.790311883692549150e-03 6.483124641246530533e-03 8.037320172076952221e-03 4.861069319754656760e-03 8.039507051110223249e-03 3.739338419539690352e-03 4.321037133258420586e-03 8.061592571205278626e-03
3.640447909826744974e-03 7.740076522043027978e-03 7.037109234030543801e-03 6.463705778784321898e-03 2.752324788100870157e-03 1.235999284149292068e-02 8.081435012771627166e-03 8.052847121473213562e-03 5.109503341328439953e-03 7.968023757781751704e-03 8.096353005214586285e-03 8.094687505509753564e-03 6.986326034513020214e-03 8.096349365469523648e-03 8.096353005214586285e-03 8.096353005214584550e-03 1.149194858244596829e-02 7.857487897823719689e-03 8.461802345082369836e-03 6.494676039650064923e-03 7.530803847495273588e-03 9.391099030669338571e-03 7.865966063350830068e-03 5.444209835514957768e-03 8.096352946704776440e-03 8.082915872239410451e-03 4.645308694867036209e-03 8.096353005214586285e-03 3.963812122539640478e-03 5.683781353545208463e-03 8.096346183355869475e-03 7.892011092779415218e-03 8.096353005214586285e-03 4.610788220679953690e-03 8.096107776939892586e-03 8.269588141686696689e-03 9.039857509529000690e-03 8.096353005214586285e-03 3.953835379160160028e-03 4.161635155644955592e-03 7.999292757383633101e-03 6.606569292261378797e-03 8.273786992576127181e-03 7.255639128416480933e-03 5.844104451928261446e-03 4.114755038767698575e-03 7.363877357457398326e-03 4.456009760545135909e-03 8.547041685072025163e-03 8.096353005214586285e-03 6.487180419315457733e-03 8.096353005157021221e-03 3.638020793985166732e-03 7.920713984768869981e-03 5.162526024078716198e-03 3.744310623348556192e-03 6.426253670061896420e-03 8.082561038415711843e-03 8.094543776454608125e-03 3.692997991851837154e-03 8.052778161576160457e-03 6.372759468209662423e-03 5.699098468809693854e-03 8.620757109340760130e-03 8.096352961839716617e-03 7.745857498828957396e-03 7.190188465409671874e-03 6.881626450733101946e-03 8.096347825072697929e-03 8.096351889593083120e-03 4.254098975423132450e-03 8.476764874305707173e-03 7.748278068503764229e-03 6.160156527093333355e-03 6.957451001067448994e-03 9.182752817320276317e-03 8.038559635353055566e-03 5.303570198996012015e-03 8.758603034871475720e-03 8.087832909573265325e-03 6.928912511367491499e-03 7.755675655062566759e-03 8.116811847377091924e-03 8.096353005214586285e-03 6.087895612838085252e-03 8.096353005214586285e-03 5.418720081452913125e-03 8.096353001472400904e-03 8.198389041480893744e-03 6.884483376698389764e-03 7.972978531736922211e-03 6.885049992449996173e-03 3.969029214169691316e-03 8.096353005214586285e-03 7.828749690261314551e-03 8.077860659501693782e-03 8.096264053944285388e-03 8.096352654163406840e-03 7.885926414184819822e-03 8.903069503133466747e-03 1.075554488193913860e-02 3.742754304878636706e-03 7.629029951154037321e-03 8.096353005214586285e-03 7.261142304426433658e-03 6.073029214154791744e-03 4.110954410273420269e-03 8.080498570629639221e-03 6.338395818864008859e-03 7.487303450902415072e-03 8.096353005214586285e-03 9.494489489758261777e-03 6.137001223126711119e-03 8.096352991866489351e-03 8.043335132643608318e-03 6.857623582582626429e-03 8.095916563174347311e-03 8.096353005214586285e-03 8.096353004320648583e-03 7.835181496642612542e-03 7.410071988984761118e-03 6.244402892057782269e-03 9.083373859590985686e-03 5.390094299861146118e-03 8.865207279483441546e-03 7.734894991395564572e-03 6.761054367674291903e-03 8.096352232930474624e-03 3.766624080309346513e-03 6.388272438686598727e-03 5.737995853666183824e-03 8.094160799769491502e-03 1.288967424618420524e-02 8.096351683824406717e-03 6.592339790157896590e-03 1.520293870612819676e-02 7.916285750275062899e-03
1.546138435212368167e-03 7.959894846479700914e-03 7.744167247297660366e-03 8.004910124908441726e-03 4.129263486972387966e-03 4.095432533365011424e-03 7.681410760052054774e-03 7.652728476296973351e-03 9.098716917798135850e-03 7.571511210305063681e-03 7.694030568808440593e-03 7.692450925842330735e-03 7.069380101172275527e-03 7.694027109865083161e-03 7.694030568808440593e-03 7.694030568808437991e-03 4.226551126974822416e-03 7.495104393264001921e-03 7.838532486703049876e-03 2.664546144224495903e-03 7.409536611981717459e-03 7.311857762502931186e-03 7.905681003175809782e-03 1.237676299891402217e-02 7.694030513205995202e-03 7.681258879970648268e-03 2.962176966286501727e-03 7.694030568808440593e-03 4.071012260980497351e-03 4.730036890196282970e-03 7.694024085940238261e-03 7.499842172919911516e-03 7.694030568808440593e-03 3.278908511057326315e-03 7.693797526368453647e-03 8.761157214187012196e-03 8.192320604974151835e-03 7.694030568808440593e-03 6.932953183259365527e-03 8.906759761177699200e-03 7.895469493770283786e-03 7.628271931894851053e-03 8.709814665109437762e-03 8.274376952656000914e-03 7.567795115759369529e-03 4.895671402477261465e-03 7.635495791007745371e-03 1.020933236384536204e-03 5.984760992429829715e-03 7.694030568808440593e-03 9.498531226794518223e-03 7.694030568753735221e-03 2.211320600923613253e-02 7.527119655125199399e-03 6.149916845245830856e-03 6.788125208463923962e-03 1.594878787807058398e-02 7.680923884668459239e-03 7.692311807533637469e-03 7.086962340171107898e-03 7.655239453718424257e-03 3.917496335313572393e-03 2.546625334113181410e-03 7.680229087282146143e-03 7.694030527783214841e-03 7.373892947940522899e-03 9.706638898440093227e-03 3.388786345970275834e-03 7.694025682844867625e-03 7.694029508455641105e-03 2.359036684664857480e-03 7.433307483533926549e-03 8.057406630878907738e-03 5.131551303999254410e-03 5.587490888329918817e-03 7.869264521374761887e-03 7.641666389715946230e-03 6.977589749780436709e-03 7.821502228914182023e-03 7.685933845594796268e-03 7.441245797947886563e-03 7.542472161465580208e-03 8.248991789917635431e-03 7.694030568808440593e-03 1.327210550041417296e-02 7.694030568808440593e-03 8.907364558240031538e-03 7.694030565252031953e-03 6.286880154040753142e-03 1.405095162098775850e-02 7.067369854485049986e-03 1.974317225159713529e-02 4.123338077520106483e-03 7.694030568808440593e-03 7.723970637833278523e-03 7.411426606553068661e-03 7.693941007920299981e-03 7.694030235261210826e-03 5.751452495073342344e-03 8.006952720021708395e-03 2.507711457078158450e-03 2.593980562085004913e-03 7.249869912435496014e-03 7.694030568808440593e-03 6.908755361599855024e-03 5.546183251004085241e-03 8.027961532518893689e-03 6.971628685087206262e-03 6.850982631490563218e-03 6.797780265723429166e-03 7.694030568808440593e-03 7.859180701101763783e-03 5.518581181666462089e-03 7.694030556123634262e-03 7.739682458368556117e-03 3.996476545542001005e-03 7.693730143846479186e-03 7.694030568808440593e-03 7.694030567831134683e-03 7.360219164077909555e-03 7.054115960482176990e-03 6.960800222057138796e-03 9.975123688082865661e-03 5.732021434536969245e-03 6.633128293469027145e-03 6.302462369127253064e-03 6.777963090426808966e-03 7.694029834900524382e-03 5.899675237679933952e-03 7.483139691324385522e-03 9.082561142753945230e-03 7.691962067640441096e-03 5.215450349358116168e-03 7.694029313078008629e-03 4.647829356071547270e-03 8.466042379305139393e-03 8.021655035050643742e-03
1.841693426852898880e-03 6.632361051189332966e-03 6.483269312568710335e-03 6.583635990509622248e-03 3.026443929116225335e-04 8.138283909082093953e-03 6.850364141540067273e-03 6.823598748986580385e-03 8.211472948216579082e-03 6.751402503432724425e-03 6.860462183359553566e-03 6.859169889745482182e-03 8.256734182215178658e-03 6.860459099150138795e-03 6.860462183359553566e-03 6.860462183359551831e-03 1.044656828624789847e-02 6.572324071373644022e-03 6.264694450773093670e-03 1.348210272184817080e-02 6.418506485950319952e-03 7.206531468003324857e-03 6.210815626530239754e-03 4.848762986269543850e-03 6.860462133835037134e-03 6.849073995713748225e-03 3.518866328223638207e-03 6.860462183359553566e-03 6.751898792893537386e-03 1.098872362637902042e-02 6.860456402842854580e-03 6.687312053005439391e-03 6.860462183359553566e-03 1.083302218674783886e-02 6.860254388651064981e-03 7.060575957156246113e-03 7.617768859393558509e-03 6.860462183359553566e-03 2.864050083163865480e-03 4.135734105958802781e-03 6.902348895105434208e-03 7.143482782348032321e-03 6.955470244063199393e-03 6.465394070749612941e-03 9.957914972832488179e-03 8.936173106985405290e-03 6.233788290271769818e-03 1.091077086509706882e-02 5.323295441826539354e-03 6.860462183359553566e-03 7.480905879468912993e-03 6.860462183310775744e-03 2.966215117240248236e-03 6.711634080519394280e-03 1.358011816858946397e-02 1.527148341116250051e-02 3.034652745839255469e-03 6.848776098824723574e-03 6.858973228130219556e-03 4.348108534657362488e-03 6.816329544245938558e-03 1.402373480504195795e-02 4.151492026557650726e-03 6.901348057291621825e-03 6.860462170464653141e-03 6.857445660206145169e-03 5.552687197486212874e-03 1.688129046999550451e-02 6.860457907196273325e-03 6.860461237884979066e-03 3.839643391948622652e-03 7.077462251529218103e-03 7.077005899425679696e-03 4.468257761275325549e-03 7.380684939356594448e-03 6.537365600933687203e-03 6.871092997922042395e-03 6.720703977638246146e-03 6.961852978115555708e-03 6.869301555500271182e-03 6.767446610703979452e-03 6.919292469289284146e-03 6.803040361739741242e-03 6.860462183359553566e-03 4.217319326270013366e-03 6.860462183359553566e-03 5.854076243079915295e-03 6.860462180188445225e-03 8.648374474808774234e-03 7.021018289563678121e-03 6.282090410493831358e-03 2.506266975513116516e-03 4.587642665362430365e-03 6.860462183359553566e-03 6.486773609544892356e-03 6.911265165985515033e-03 6.860382327635565318e-03 6.860461886715289725e-03 4.438609131709071211e-03 7.554319282589473834e-03 7.021989693995468046e-03 1.417651036970239350e-02 6.464466387995353169e-03 6.860462183359553566e-03 6.786852996238447976e-03 5.258786075765404036e-03 4.353770149183317645e-02 6.806623169646018080e-03 5.647149948063210148e-03 7.369322957341232529e-03 6.860462183359553566e-03 5.756576540249293446e-03 2.107355212359079272e-02 6.860462172049015123e-03 6.862117087112635724e-03 1.265446735686165391e-02 6.860088699822627228e-03 6.860462183359553566e-03 6.860462189899449795e-03 6.563250486994805233e-03 7.097026060782268310e-03 8.470869530553475080e-03 6.413198416710769352e-03 5.974520629328506499e-03 6.656406473617158641e-03 5.925512794720767459e-03 9.043912000690462749e-03 6.860461528962945484e-03 3.109381928156532138e-03 5.656353886366469186e-03 4.506841505057762251e-03 6.858596523696352566e-03 1.302809772001863563e-02 6.860461063674376525e-03 3.838555710185273008e-03 3.315507022207990311e-03 6.766424508841515847e-03
3.134360464168164072e-03 1.067363931208142706e-02 8.774057518869516833e-03 3.799945242858793724e-03 5.382659274350528114e-04 9.210724701807533957e-03 8.578268943465928650e-03 8.549239117858466186e-03 6.200700603742189884e-03 8.457790479804131942e-03 8.594215649805237930e-03 8.592450761618821570e-03 7.826564650276205543e-03 8.594211794893232004e-03 8.594215649805237930e-03 8.594215649805234461e-03 7.690471477283412384e-03 8.256266054172600385e-03 7.192423905226237590e-03 4.408652396008243442e-03 7.996638375406669649e-03 6.880059506295359804e-03 8.316295819826723459e-03 2.795185260804949196e-03 8.594215587697635883e-03 8.580015729419056270e-03 8.384981700731951315e-03 8.594215649805237930e-03 4.352809785134170370e-03 4.620274018746285509e-03 8.594208408455346684e-03 8.377307571304918807e-03 8.594215649805237930e-03 4.565664272139176305e-03 8.593955341899309555e-03 6.600120820198154305e-03 9.049415835471892947e-03 8.594215649805237930e-03 3.772213768320889938e-03 3.624628796030472840e-03 8.884154853066757868e-03 8.930656743304012449e-03 7.809809199913106056e-03 7.458959941950124052e-03 7.291489755326153142e-03 4.114879818245667509e-03 6.369103808978105949e-03 7.836779568430355183e-03 2.247314855739847728e-03 8.594215649805237930e-03 3.730889805342889418e-03 8.594215649744132296e-03 3.741525679367882148e-03 8.407776197713779862e-03 1.532597885937077081e-03 3.653507549850076776e-03 2.009963589243531600e-03 8.579575502226348058e-03 8.592350920150957500e-03 6.292853060398965505e-03 8.564538196386179900e-03 5.271385696626204598e-03 1.194022770310021117e-02 8.521023770853737578e-03 8.594215603821876714e-03 8.221862060816237383e-03 7.926845154783358077e-03 3.807691426345264848e-03 8.594210152835263239e-03 8.594214465393434921e-03 1.128898942757682175e-03 8.837100715121394903e-03 1.075296760552322227e-02 5.589579166680218140e-03 8.290596581290318734e-03 5.396513107539390938e-03 8.532867409978670339e-03 6.919190070297447093e-03 9.319337964853532594e-03 8.585171642554491334e-03 7.370790147909295383e-03 7.695712423292604479e-03 6.127505020132652594e-03 8.594215649805237930e-03 3.553662225249424982e-03 8.594215649805237930e-03 3.457502175513191972e-03 8.594215645832736783e-03 6.560419114986481767e-03 3.633703430704205654e-03 7.858006066555870903e-03 1.803414145234958146e-02 3.480339253328355517e-03 8.594215649805237930e-03 7.611715294081322462e-03 8.813882745976340041e-03 8.594115610485142734e-03 8.594215277167246286e-03 7.853994906625463499e-03 8.323488690068442039e-03 3.401571369471007543e-03 6.009625089256425377e-03 8.098468628076796461e-03 8.594215649805237930e-03 7.676265711770519085e-03 3.277742989609353820e-03 7.118404437522978835e-03 7.873093891343656281e-03 7.599074324245224353e-03 8.271352667870386643e-03 8.594215649805237930e-03 1.072776386766593169e-02 6.208901135619900036e-03 8.594215635636337502e-03 1.108226057880851156e-02 2.336114902419724956e-02 8.593810410195228816e-03 8.594215649805237930e-03 8.594215648711505187e-03 8.360741447071036100e-03 4.733115050816214496e-03 4.354588013269331329e-03 7.789474805055669922e-03 6.015061029704266322e-03 5.200207293359593655e-03 8.439509185493958288e-03 5.717942503922920916e-03 8.594214848764589187e-03 4.073885064328757778e-03 7.799587499574062860e-03 6.017427935684218146e-03 8.591873199472558134e-03 5.668739326003746463e-03 8.594214247156900174e-03 2.890472155013148851e-03 1.020890811366585542e-02 8.937044171974837040e-03
1.477752175963462696e-03 8.690943956988377017e-03 4.837198329630784492e-03 4.883237874677658769e-03 2.856072738051032480e-03 2.128630564922298022e-03 7.745762566855726207e-03 7.718365529079769180e-03 5.969451448285711254e-03 7.661679130520910284e-03 7.760094785600026371e-03 7.758794091075548426e-03 4.484956530121023480e-03 7.760091296948510263e-03 7.760094785600026371e-03 7.760094785600023769e-03 3.312919975323656147e-03 8.605443739767210110e-03 8.882043765348453940e-03 4.594254777154009421e-03 7.537435778703234154e-03 5.041187867385594698e-03 6.412608071547906685e-03 7.786220813534146246e-03 7.760094729631080747e-03 7.747406918089715447e-03 3.376530530697701912e-03 7.760094785600026371e-03 3.082663073537480168e-03 4.070565395068235018e-03 7.760088247067154985e-03 7.564238993148838380e-03 7.760094785600026371e-03 2.152341094343090521e-03 7.759859817848644738e-03 7.844578880383926839e-03 6.842670815187806496e-03 7.760094785600026371e-03 3.250006820904874187e-03 1.403352373498835751e-02 6.318698531460183350e-03 9.887200500200513456e-03 9.512655869704636502e-03 7.687045188674490950e-03 8.431482747140556580e-03 3.984330679059421010e-03 1.044998343746763800e-02 7.639315232122699355e-03 1.561717655949310807e-02 7.760094785600026371e-03 6.872393082992729954e-03 7.760094785544851756e-03 3.608988393241110721e-03 7.591750415689561306e-03 2.164983689022230429e-03 2.806886526758070946e-03 1.966509358523528973e-03 7.746876096074598560e-03 7.759026113464317399e-03 7.789913944535723812e-03 7.713080627070546293e-03 3.204704206141347975e-03 5.678753449211097933e-03 8.576644185227862149e-03 7.760094898646042495e-03 7.423124830305849811e-03 6.496550346582528543e-03 5.751889455420804848e-03 7.760089990642916186e-03 7.760093716142588832e-03 4.633445916913215418e-03 8.107526028356905681e-03 7.793427104272037526e-03 5.714802245262653665e-03 8.467404598598670187e-03 8.656140806075617380e-03 7.704701352822018560e-03 7.487069322962484723e-03 7.948369304348480713e-03 7.751928541693826891e-03 1.003961035841205961e-02 9.822347323580286199e-03 9.314081277316524007e-03 7.760094785600026371e-03 8.569957401863047622e-03 7.760094785600026371e-03 7.052347553520805189e-03 7.760094782013081394e-03 4.371759837697341416e-03 9.219473449879486693e-03 9.220558413478874629e-03 2.957402654385046445e-02 3.614904616532859001e-03 7.760094785600026371e-03 7.133263522532693260e-03 7.389025707352355095e-03 7.760004456001732935e-03 7.760094454118158375e-03 8.128310414470129794e-03 6.907270870806150355e-03 2.687792491429926312e-03 6.798233910453995929e-03 7.314923748475025966e-03 7.760094785600026371e-03 7.181369869269310126e-03 4.692693044514847055e-03 4.442118788200040934e-03 8.788559544494619138e-03 5.191327364191507601e-03 8.240438938771986466e-03 7.760094785600026371e-03 6.024992705837543643e-03 6.126987107476536756e-03 7.760094772806303692e-03 8.692523258037916298e-03 1.393173965417184544e-02 7.759717907419021177e-03 7.760094785600026371e-03 7.760094784616971587e-03 7.450093130804243818e-03 5.987738341484878830e-03 9.829201906418887080e-03 5.730010404727679113e-03 6.169521095499350474e-03 9.088536409985154690e-03 1.135977151456791200e-02 8.799056838985316528e-03 7.760101428076053923e-03 4.248930380994633133e-03 7.356828373383186501e-03 1.030009028145121609e-02 7.758267200494221166e-03 9.436469640603777770e-03 7.760093519087235894e-03 8.214155941015753928e-03 1.035939488766069588e-02 7.104995467716564497e-03
2.001679021761819475e-03 7.416132274508408818e-03 7.291663271911462407e-03 7.035493884979187457e-03 9.438003699120052145e-03 5.882292085075247964e-03 7.599012871458973167e-03 7.570809161393016531e-03 7.008787854036285965e-03 7.492122590006207450e-03 7.611594883438438028e-03 7.610539066641414108e-03 6.042234262346108005e-03 7.611591461547900610e-03 7.611594883438438028e-03 7.611594883438435426e-03 2.341064214236112696e-03 7.301946517705638039e-03 7.279038643456479767e-03 4.259621205848373830e-03 7.143174713041712011e-03 8.374957146878105746e-03 6.491935737855379120e-03 5.189635046523785426e-03 7.611594828431758261e-03 7.599032063831132576e-03 1.832973562450032623e-02 7.611594883438438028e-03 6.875400783653048097e-03 4.197191900014331581e-03 7.611588470029230676e-03 7.419487018360255808e-03 7.611594883438438028e-03 1.564916125146522535e-02 7.611364337870898597e-03 7.312313042088910454e-03 8.326851827404557760e-03 7.611594883438438028e-03 3.402794119031390865e-03 6.627779084851795170e-03 7.518288963742824835e-03 7.255242532259499784e-03 8.642867315185728469e-03 6.490878009850538193e-03 6.318494381160002019e-03 3.255901529475148902e-03 6.154283133428339533e-03 9.970812150553625894e-03 6.268385491387031341e-03 7.611594883438438028e-03 5.590605897913073982e-03 7.611594883384318992e-03 3.745937715188193788e-03 7.446472010399862382e-03 2.896535380158769043e-03 6.323384178505970024e-03 1.788518869906544594e-03 7.598628680892234588e-03 7.609909635895196513e-03 1.144888407552881182e-02 7.563405107304324755e-03 1.518534125786927431e-02 4.266392637440392065e-03 7.103637477314791310e-03 7.611594842660397361e-03 7.281534619559853171e-03 8.108946032033104157e-03 6.269867245873723439e-03 7.611590025058712593e-03 7.611593834446512587e-03 1.807518840050809225e-03 8.313068350986434207e-03 7.068395483111679020e-03 4.965916141587155969e-03 1.042679755947936715e-02 6.243275260648763376e-03 7.557794310282293405e-03 8.047676407956755318e-03 7.529861108314351952e-03 7.603593418960561193e-03 6.993403039657740232e-03 8.275585023605067786e-03 7.201495166686324063e-03 7.611594883438438028e-03 3.999637661892444830e-03 7.611594883438438028e-03 7.568071705871492333e-03 7.611594879920133457e-03 4.197315493616418647e-03 3.954587684858379068e-03 6.959607459803676503e-03 6.939633238599895657e-03 3.632737962499712342e-02 7.611594883438438028e-03 7.017471729958382753e-03 7.957246770415737566e-03 7.611506282132855794e-03 7.611594568387195121e-03 5.848806989418783679e-03 6.897335147567891164e-03 6.984060884866206617e-03 1.077848751739996988e-02 7.176805933979755157e-03 7.611594883438438028e-03 6.871983191961097970e-03 2.859971758012830670e-03 1.574799339075719532e-03 8.648954273179033578e-03 7.081566091657859330e-03 8.340217071710651769e-03 7.611594883438438028e-03 8.154534568963665853e-03 5.370231858468505100e-03 7.611594870889540343e-03 6.184599589618369579e-03 5.720118854112595484e-03 7.611299478770813982e-03 7.611594883438438028e-03 7.611594882469760633e-03 7.293373162388707212e-03 5.617199681064624639e-03 6.520817348888684369e-03 1.066672287271706182e-02 7.383995756915008937e-03 5.997037151678191041e-03 6.821307437895637697e-03 5.404615570624441562e-03 7.611594157393786544e-03 3.684637763484332768e-03 6.636745375521333097e-03 6.977955749520791881e-03 7.609565720401249497e-03 1.460950404882334699e-02 7.611593641162092000e-03 9.540334374385712676e-03 3.398503980953824881e-03 7.041216211335952525e-03
2.939259653949222954e-03 8.073326361028112380e-03 5.862048341223726269e-03 7.774899036512370430e-03 1.618733009609582465e-03 7.615325103975664929e-03 7.329507508972632999e-03 7.303088188767374242e-03 4.926020655251360687e-03 7.701349018633898806e-03 7.342584339548711286e-03 7.341079322330835120e-03 1.221284700027465767e-02 7.342581038680489301e-03 7.342584339548711286e-03 7.342584339548709552e-03 4.956290433421705124e-03 8.411196330106958385e-03 7.875938750106050920e-03 1.828390757986414787e-03 6.910132225250849476e-03 1.206592462959361380e-02 7.659109421919192175e-03 6.052150496897892688e-03 7.342584286487042512e-03 7.330395776536205964e-03 2.836675878930330300e-03 7.342584339548711286e-03 7.995136130481693068e-03 6.984690078940332565e-03 7.342578152803533494e-03 7.157266591109588162e-03 7.342584339548711286e-03 3.946271290383166624e-02 7.342361941969756910e-03 6.348907693522065285e-03 7.311518748554280550e-03 7.342584339548711286e-03 3.158963235621754621e-03 2.579355445579029592e-03 7.398692273836470108e-03 6.913215630066630278e-03 6.852713529106086061e-03 7.467840842150176746e-03 5.461571827388190213e-03 7.717058233648477900e-03 5.963043655181860490e-03 3.878259686660330812e-03 7.102834691527492965e-03 7.342584339548711286e-03 3.461125962871701867e-03 7.342584339496562029e-03 3.444346035212202551e-03 7.183297272877153979e-03 6.559351503191779634e-03 3.047266231653762442e-03 1.787108253620968987e-03 7.330076416800247567e-03 7.340954429544062007e-03 3.563833252349511704e-03 7.328126063974692642e-03 7.223315737224635623e-03 1.281303892219243581e-02 7.480472266609294700e-03 7.342584300212643897e-03 7.046241546835218562e-03 6.827008394631944171e-03 6.824237958600147536e-03 7.342579637101715254e-03 7.342583327630472848e-03 2.704825469267362493e-03 7.548351306490379969e-03 7.671560031563815808e-03 7.573574214295292900e-03 6.590980615637662132e-03 6.424323401803762150e-03 7.290185738156033067e-03 5.798087586650677201e-03 7.595835864322155080e-03 7.334857905913063497e-03 6.208716320811049141e-03 6.787323794567492151e-03 5.874755168840687693e-03 7.342584339548711286e-03 5.952275733637183049e-03 7.342584339548711286e-03 5.775132540116672403e-03 7.342584336993341308e-03 7.538945293994039204e-03 4.522046990689971950e-03 6.713558348681322209e-03 2.110603951850185001e-03 3.603115839749898141e-03 7.342584339548711286e-03 7.810916300127187205e-03 7.409544689286823478e-03 7.342498869605191061e-03 7.342584021538452535e-03 7.084435707739661185e-03 7.699872851251114703e-03 6.591080170866883171e-03 6.165432921081891518e-03 7.038707211386129904e-03 7.342584339548711286e-03 6.565899902756099950e-03 6.678804441425083283e-02 3.679845835383666053e-03 7.746871642440466069e-03 6.590805865293058487e-03 7.100073540457646666e-03 7.342584339548711286e-03 6.668451596014544729e-03 8.601938741545035391e-03 7.342584327443319077e-03 6.651885370046061244e-03 4.253600776673818751e-03 7.342184475328534209e-03 7.342584339548711286e-03 7.342584338614423917e-03 7.090751635104516025e-03 6.346966086900455474e-03 8.610567477481236368e-03 5.369578795192969482e-03 7.189150925636001062e-03 5.352813480567447484e-03 8.148062147133469657e-03 6.709796042570366145e-03 7.342583639164078184e-03 3.385442309123637070e-03 7.454943328560092661e-03 6.328803198329651346e-03 7.340599167240276918e-03 5.012107293391633057e-03 7.342583141177140039e-03 2.415130770962719154e-03 1.084470427068443162e-02 7.762629482426872812e-03
1.419882064643299959e-03 5.085278753370354315e-03 4.467564217504881550e-03 6.323412236567527329e-03 7.463065538618458492e-03 4.336984521014569487e-03 6.097016087866393222e-03 6.075743749046929286e-03 9.114271308493666554e-03 6.014501117896929420e-03 6.108350883617701815e-03 6.107098633735606567e-03 7.255732933137292243e-03 6.108348138266007574e-03 6.108350883617701815e-03 6.108350883617700948e-03 1.263397486663082880e-02 5.895978100999821857e-03 7.058441503276766983e-03 1.705117913378181600e-03 5.805238396135833229e-03 4.033131279210138212e-03 5.250653068076282549e-03 1.938412339278102955e-02 6.108350840022886558e-03 6.098242714145569315e-03 7.176957663470802037e-03 6.108350883617701815e-03 4.465222126065283674e-03 1.094934047486246370e-02 6.108345737281254545e-03 4.849494296650371655e-02 6.108350883617701815e-03 2.210827371027149820e-03 6.108165869406768402e-03 9.759756096033918304e-03 4.889490549553373970e-03 6.108350883617701815e-03 2.592927284111323956e-03 1.071206307754113581e-02 4.680332743866214007e-03 9.233973541117535683e-03 8.748791640204894859e-03 6.349819095142373616e-03 1.261717324402690001e-02 4.559356579411684082e-03 1.051592582521876547e-02 1.325803896240847126e-03 1.554371206227117032e-02 6.108350883617701815e-03 1.880895037483217708e-02 6.108350883574271278e-03 3.533013069544806758e-03 5.975838780323028225e-03 2.590009784166255255e-03 2.752805791848572485e-03 1.446684944038387991e-03 6.097947895226867726e-03 6.108027189553244876e-03 4.649474918791238198e-03 6.105121287829138807e-03 8.158090261059767340e-03 2.909446363825785465e-03 6.035841798919538287e-03 6.108350855536457021e-03 5.843089765984759223e-03 4.499446712407355158e-03 8.299933867537459195e-03 6.108347343992945322e-03 6.108350041795345201e-03 2.834168413917288222e-03 5.808975183740485576e-03 4.553393785948815775e-03 3.978815006750202957e-03 9.759286510114198107e-03 1.001830516229352055e-02 6.064773910198523188e-03 7.489928935985542408e-03 5.498428903349937037e-03 6.101922831954122856e-03 1.098500948200118593e-02 9.081258716388066962e-03 9.703703229014695383e-03 6.108350883617701815e-03 1.628767847993025514e-02 6.108350883617701815e-03 1.153791502570118525e-02 6.108350880794275427e-03 2.988593018528750908e-03 9.646216486631276066e-03 5.634659604576946861e-03 4.355561927181460929e-03 2.547685278503034403e-02 6.108350883617701815e-03 5.576647552501192914e-03 5.265155791581594205e-03 6.108279797460433938e-03 6.108350618820280846e-03 3.797456205981845998e-03 6.707429196852345184e-03 6.338820811313847052e-03 8.879381170309849983e-03 5.755803768808943031e-03 6.108350883617701815e-03 5.625064177767614797e-03 8.598809806827616012e-04 1.398560917240859736e-03 1.020326572165768456e-02 4.556260258098220224e-03 7.202422466794658473e-03 6.108350883617701815e-03 9.599404090239842258e-03 5.260211699840367829e-03 6.108350873547135906e-03 4.953440981813195775e-03 2.064594609893952507e-02 6.108035445954793433e-03 6.108350883617701815e-03 6.108350893666352095e-03 6.057455309867493427e-03 1.242770158147553546e-02 6.169635014398253126e-03 5.410996700080364721e-03 5.251778526694337798e-03 1.337788269125774268e-02 7.558649063034427254e-03 1.065307096085128108e-02 6.108350300962497349e-03 3.033224359203281432e-03 8.170640490731866448e-03 9.962709728841293022e-03 6.107639875399048165e-03 1.093712365588040900e-02 6.108349886683420160e-03 1.153332910295455128e-02 1.411540477091861347e-02 5.394977544866689546e-03
2.175279032375484253e-03 1.112308737625354420e-02 7.281844880924297041e-03 7.246324426760880275e-03 3.037778311204863187e-03 1.802907914416275459e-02 7.640104032003588140e-03 7.613085020651672551e-03 7.613882744952881268e-03 7.541451753066841755e-03 7.654242592932394493e-03 7.652667490965556554e-03 1.023254299019336379e-02 7.654239151870732318e-03 7.654242592932394493e-03 7.654242592932392758e-03 5.133925348280001313e-03 7.598693968739385698e-03 7.524352695998670799e-03 3.059815137897473405e-03 7.147718250521899186e-03 6.823696926618218542e-03 7.712734578220100876e-03 3.072697332362624070e-03 7.654242537621658467e-03 7.641536634619299807e-03 3.285211797255581552e-03 7.654242592932394493e-03 9.564802751276735987e-03 4.805009015432026159e-03 7.654236143588902946e-03 7.461726751167849399e-03 7.654242592932394493e-03 5.551590075032955020e-03 7.654010755620507291e-03 5.934685910242813722e-03 7.003991861098360361e-03 7.654242592932394493e-03 3.034522028765569354e-03 1.969840258864800214e-02 7.756949063069219948e-03 8.869556645031011904e-03 6.716997201256685521e-03 7.724124111423027669e-03 5.040150942850631956e-03 9.759306356006393346e-03 6.639022382273884922e-03 2.621889216369616311e-04 8.953914372715643388e-03 7.654242592932394493e-03 6.369843951054116570e-03 7.654242592877972748e-03 3.663315551584872282e-03 7.488194537664691515e-03 3.494809503160489599e-03 6.628199759715049100e-03 2.650956924805247458e-03 7.641205606736097000e-03 7.652598612535511935e-03 6.148250578377729460e-03 7.607624465685535603e-03 2.575151799090757022e-03 5.378905805093293913e-03 7.226467618461530559e-03 7.654242551925928909e-03 7.330282428791265979e-03 7.222147344722018233e-03 4.262305507392855249e-03 7.654237756988532121e-03 7.654241538062975247e-03 6.040747530724557141e-03 7.485828620393747586e-03 1.042487481764230173e-02 5.047552029842481205e-03 7.997523859179076280e-03 8.578338537467311564e-03 7.599607061540527425e-03 8.627642797571270783e-03 7.735269830439790197e-03 7.646187774237543471e-03 8.833709652574985721e-03 7.377717733895034803e-03 7.270114962604246577e-03 7.654242592932394493e-03 3.535014592044038312e-03 7.654242592932394493e-03 8.787279158234321749e-03 7.654242589395402613e-03 1.450448223340293843e-02 6.661117187504461863e-03 7.009200888907107796e-03 2.176682431481800906e-03 2.624407771238737846e-03 7.654242592932394493e-03 7.344434505388976707e-03 7.607719225836175048e-03 7.654153495188473037e-03 7.654242261139087254e-03 7.941383753627724237e-03 7.110168428147556514e-03 3.645634288712514427e-03 1.653037801023729200e-02 7.212361344806397442e-03 7.654242592932394493e-03 6.889371726788390791e-03 8.218390209812190955e-03 1.445775618621101448e-03 6.532182530994820255e-03 8.210278688214424359e-03 6.560945237763856665e-03 7.654242592932394493e-03 5.827193742578775856e-03 5.371102069171579049e-03 7.654242580313185863e-03 8.685998637655062762e-03 3.059604023552820948e-02 7.653836003197861913e-03 7.654242592932394493e-03 7.654242591959627487e-03 7.322277961262425861e-03 9.638749122131995764e-03 7.370838041244568740e-03 7.840581159545438605e-03 8.472424026284812101e-03 8.261032613378824913e-03 9.323967183976629783e-03 6.914077541558266357e-03 7.654241862867751205e-03 3.475080333716854247e-03 7.608238063099798630e-03 7.111394095539114862e-03 7.652233296596406761e-03 4.402523678965448301e-03 7.654241343695572866e-03 4.269283453489435692e-03 5.232725600479368189e-03 7.134915792656122517e-03
3.303859239816098539e-03 7.895459990603592715e-03 7.887297851871141047e-03 4.042325518611803933e-03 3.817865008356394717e-03 5.321141168483541073e-03 7.966029314368799560e-03 7.937091035394534810e-03 6.833266308719282943e-03 7.856534151658841822e-03 7.980005161380875761e-03 7.978362690508620028e-03 1.386294499465455868e-02 7.980001573866834716e-03 7.980005161380875761e-03 7.980005161380874026e-03 1.267460065691620487e-02 7.665814798561937024e-03 8.365169819115827674e-03 5.022992283995293857e-03 7.453694771892208429e-03 5.701613186155679754e-03 8.978902252391431082e-03 1.032732721340686062e-02 7.980005103711851691e-03 7.966758478498741497e-03 3.152330946299645477e-03 7.980005161380875761e-03 5.862440934133086000e-03 5.330344063706612782e-03 7.979998437555008151e-03 7.859582034269696829e-03 7.980005161380875761e-03 1.352096422107751904e-02 7.979763457132674556e-03 8.244898769244880105e-03 8.145358731685110182e-03 7.980005161380875761e-03 3.532074088825208971e-03 2.592449756446908726e-03 7.685128829303554052e-03 9.497486500841324439e-03 8.472010934895336798e-03 1.046624863838774289e-02 7.873166233065925085e-03 4.726880086374580375e-03 8.337306253946375270e-03 3.489435838337591120e-03 5.581441629245538841e-03 7.980005161380875761e-03 3.975206121616404673e-03 7.980005161324230101e-03 3.827376296787517694e-03 7.806890144204713632e-03 2.445277419945149442e-03 4.056173117784823284e-03 1.853137677611057035e-03 8.040076134265881566e-03 7.978282105900891957e-03 6.455761036901761993e-03 7.956427405685480292e-03 8.773444686676918486e-03 1.045593053405181709e-02 8.277240904888610168e-03 7.980005118632723521e-03 7.633465650155846563e-03 8.532826794111150401e-03 7.606387424874484597e-03 7.980000257375515979e-03 7.980004061627200482e-03 8.647013734555777584e-03 7.395790764169355574e-03 7.801390336531478092e-03 5.468977388189988700e-03 6.601376487177804987e-03 8.615771519710794732e-03 7.923043577945357643e-03 8.252429664725001099e-03 8.018927725112836441e-03 7.971608284515938406e-03 8.319623174095841858e-03 8.722954480774657710e-03 8.030651561819639184e-03 7.980005161380875761e-03 1.408244983461197017e-02 7.980005161380875761e-03 1.037410907279017608e-02 7.980005157692282927e-03 7.882918607955292922e-03 6.626619354157834395e-03 7.298025283519441082e-03 5.235208741537206514e-03 1.132185269973770211e-02 7.980005161380875761e-03 8.456469466780530339e-03 7.547546548408317485e-03 7.979912340605861687e-03 7.980004815936620963e-03 7.048237694983216541e-03 7.763482662577101193e-03 2.048960121233232932e-03 5.271144156508596190e-03 7.519875256966034038e-03 7.980005161380875761e-03 7.314480083573294926e-03 1.986126765204380713e-03 1.279017136280413301e-03 7.944933505660837364e-03 7.587000521252626126e-03 7.321008271262349765e-03 7.980005161380875761e-03 5.596146219724654897e-03 5.554805179413562465e-03 7.980005148224597611e-03 9.198414662603213859e-03 1.680616562388378065e-03 7.979619600937799817e-03 7.980005161380875761e-03 7.980005160365342617e-03 7.634987592434778515e-03 4.090957603339070645e-03 5.527199412476931084e-03 6.938655725840712357e-03 6.960590339691665428e-03 6.410967758985294807e-03 9.443205345049705476e-03 1.016587918726631276e-02 7.980005173406202676e-03 4.964963711731557559e-03 8.009257989656319229e-03 1.287159068709046832e-02 7.978666293611713645e-03 3.714887768440988842e-03 7.980003858976861264e-03 8.000861190665986208e-03 3.709741979686970344e-03 7.546666100723189823e-03
1.433644303942893401e-03 4.841182854494335830e-03 4.071523978027757375e-03 9.364711352354782026e-03 1.195841212507358937e-03 4.462981348671657064e-03 5.133655552472246759e-03 5.115551093884136875e-03 7.060451126466689258e-03 5.063240475186088496e-03 5.143199362039253819e-03 5.142141461079772699e-03 2.610743133594549056e-03 5.143197049847452948e-03 5.143199362039253819e-03 5.143199362039252952e-03 2.893463659392902891e-03 4.914850133445978347e-03 6.615392419673520215e-03 3.069412039324944004e-03 5.414147511392976807e-03 3.684232428852344653e-03 4.741831929563535691e-03 2.737111855063039875e-03 5.143199324872370533e-03 5.134667928521908543e-03 5.607829732740929503e-03 5.143199362039253819e-03 4.819349466336073605e-03 7.819574058233106847e-03 5.143195028460990220e-03 5.226334586562473954e-03 5.143199362039253819e-03 4.653869356539804339e-03 5.143043581045354980e-03 6.920326287453489912e-03 4.332882443428019703e-03 5.143199362039253819e-03 2.878449060933170774e-03 3.295219007796627332e-03 4.442371864444333469e-03 5.865318713773363772e-03 5.627564506290619502e-03 4.336653673503098987e-03 6.476761733377628741e-03 5.622659455528658534e-03 7.595707008034531527e-03 3.058790281972459304e-03 6.126924966067159167e-03 5.143199362039253819e-03 9.900754048927269679e-03 5.143199362034297714e-03 3.364802438646493764e-03 5.031625393908771560e-03 6.439410761800897767e-04 3.099618099855120431e-03 6.712839687067165273e-02 5.134437985993052338e-03 5.142115745464911208e-03 1.599700268681044334e-03 5.109342911748396623e-03 4.036301920589717256e-03 7.841121764762498496e-04 5.348561238058506008e-03 5.143199336202334410e-03 4.921726370752966921e-03 3.956603746966306026e-03 2.687529423042666482e-02 5.143196478760150500e-03 5.143198654263922420e-03 1.384860097937834836e-03 4.913062175944590652e-03 4.154707803475099492e-03 3.356062995443415999e-03 1.022210323543156982e-02 8.583693266062893817e-03 5.106485553522348633e-03 5.239020509833549992e-03 4.935893401994455310e-03 5.137787043245292326e-03 7.658279916503685919e-03 6.157913357651210833e-03 5.938987475114869061e-03 5.143199362039253819e-03 4.858199636304374319e-03 5.143199362039253819e-03 3.679725160632378936e-03 5.143199359661915909e-03 3.256133370596270716e-03 3.789991275259337825e-03 4.702531671187079251e-03 3.815858029817814981e-03 2.819515427069767873e-03 5.143199362039253819e-03 5.248736966196877220e-03 4.961319778889302506e-03 5.143139493615190953e-03 5.143199139057780256e-03 3.468981747375157309e-03 5.907018105089934142e-03 3.105568951318489652e-03 5.084970470398784449e-03 4.846421381358783156e-03 5.143199362039253819e-03 4.602514244652737563e-03 2.237068172282309642e-01 4.151371935837692116e-03 7.746108473581682363e-03 4.304192073892956945e-03 6.143337663504918993e-03 5.143199362039253819e-03 4.363933023036952949e-03 6.511476400386891593e-03 5.143199353559890774e-03 4.659033555786651001e-03 2.439274851603819103e-03 5.142955919270004138e-03 5.143199362039253819e-03 5.143199361385060973e-03 4.931464480971994857e-03 6.539812293831076540e-03 4.453047133147534573e-03 5.519410096793681345e-03 4.144701997820465778e-03 8.943682739413337524e-03 6.083979756832828822e-03 6.576475241459611883e-03 5.143198871731317207e-03 1.161698848015556111e-02 6.988974437948615968e-03 4.923445683345951257e-03 5.142219372970466967e-03 1.146909404864019863e-02 5.143198522625825296e-03 9.819873901804707095e-03 6.511763658292793813e-03 4.736169355220315978e-03
3.917482575850745469e-03 7.178265273422919368e-03 6.046958430406708385e-03 6.487946590169140632e-03 1.012541874045939927e-02 6.163275368992358547e-03 7.733288283840520153e-03 7.694010942241522044e-03 6.751159512540047362e-03 7.612677876166649635e-03 7.735610944622407607e-03 7.734032816446361099e-03 7.458208115536229046e-03 7.735607467076962424e-03 7.735610944622407607e-03 7.735610944622405873e-03 8.132236764129125578e-03 7.390090626392827565e-03 7.495400463820725903e-03 2.916219726232298966e-03 7.191501774340929368e-03 8.814212697773320115e-03 7.977385810823663451e-03 3.491919195612187051e-03 7.735610888719625204e-03 7.722772068939401206e-03 4.852119184400742469e-02 7.735610944622407607e-03 5.734493722593373387e-03 4.207626820346271890e-02 7.735604426719232957e-03 7.540373103224461485e-03 7.735610944622407607e-03 2.925000980495571969e-03 7.735376642765572942e-03 6.327170142093611199e-03 8.004765737227064609e-03 7.735610944622407607e-03 3.398528023626626749e-03 4.162583789528137394e-03 7.823350932884340705e-03 7.211709277279524169e-03 7.871243876745122672e-03 9.410489406731489814e-03 4.258266499466559392e-03 3.044445137724355148e-03 6.822818683654251724e-03 2.986103829588164591e-03 9.011298391570127936e-03 7.735610944622407607e-03 5.394009451231161767e-03 7.735610944567407332e-03 3.338580158145023832e-03 7.567797717112719272e-03 1.279228835746673391e-02 4.488347679385615643e-03 1.846529998351649580e-03 7.722433428418626865e-03 7.733907385753911387e-03 4.182091611577916541e-03 7.721265595909835092e-03 3.399015416507545490e-03 2.615078862537445394e-03 8.040467303059848844e-03 7.735610926477121986e-03 7.399747244865817648e-03 5.380155566148245652e-03 4.197912004350239611e-03 7.735605989092246906e-03 7.735609878539209325e-03 1.025522118333499965e-03 8.003839351009895201e-03 7.351429662066725698e-03 5.019180794781194672e-03 4.647836536145192286e-03 6.920261850984718056e-03 7.892446867865974408e-03 6.694545213164132709e-03 8.237011864580749687e-03 7.727470464998924086e-03 5.741677963998188285e-03 7.839306544294547680e-03 8.769507918660039703e-03 7.735610944622407607e-03 2.736134999695544971e-03 7.735610944622407607e-03 4.615660136584823908e-03 7.735610941046779966e-03 1.091691341670752644e-02 6.089336156246046364e-03 7.072786338553324441e-03 2.326461429909928123e-03 2.018725495278581895e-03 7.735610944622407607e-03 8.027259777475039340e-03 7.492025920090602913e-03 7.735520899726092310e-03 7.735610609215205595e-03 7.859833547206844170e-03 7.723825306463837949e-03 7.387410430522306677e-03 2.774300271259288846e-03 7.289034506200629815e-03 7.735610944622407607e-03 7.701454058108422526e-03 9.400894065603910025e-04 1.263477630849064483e-02 8.336302060334142491e-03 6.503361215780248741e-03 7.471543786850864607e-03 7.735610944622407607e-03 8.116807310656721022e-03 5.477996796059875738e-03 7.735610931869050209e-03 7.370636541649998145e-03 2.630512041771597680e-03 7.735209125575774440e-03 7.735610944622407607e-03 7.735610943638011015e-03 7.978341354489050866e-03 5.031594744820541525e-03 5.937847926016876464e-03 9.014450291674689850e-03 5.540477927036046267e-03 9.474078836812786092e-03 5.634387645735350857e-03 7.897134918893898570e-03 7.735610206748281224e-03 3.490592384093374554e-03 7.929531671389215136e-03 5.793151386388180855e-03 7.733549806787318529e-03 4.312615973292481877e-03 7.735609682105592556e-03 2.556980033848240980e-03 1.477465784790963667e-02 8.201217040635545505e-03
6.736483860738738672e-03 8.041608382614839554e-03 6.761842069349717488e-03 5.157206371359881331e-03 1.955017951521351594e-03 1.929181097947490001e-02 7.671826923731097335e-03 7.641543013866712239e-03 6.530472853357082753e-03 7.561003128760267374e-03 7.682721354807040513e-03 7.681141676488473582e-03 7.009522497649095345e-03 7.682717901840004082e-03 7.682721354807040513e-03 7.682721354807038779e-03 6.860400314081492590e-03 7.340112646067252847e-03 7.062829934540775997e-03 9.728869257422442102e-03 7.692750937259996979e-03 8.965767453729464945e-03 7.387469980095727473e-03 4.145571066403334025e-03 7.682721299286636267e-03 7.672890607197532624e-03 7.238988842234243305e-03 7.682721354807040513e-03 5.375181221441935678e-03 1.388787926729868893e-02 7.682714881467795666e-03 7.488902676886244510e-03 7.682721354807040513e-03 3.708331094827997058e-03 7.682488654989562057e-03 7.133145245350322981e-03 7.968715497220456995e-03 7.682721354807040513e-03 4.942524618939858790e-03 6.521823137149770216e-03 7.964270337939286654e-03 6.545523498441590225e-03 8.098645259376521799e-03 7.750910652009998687e-03 6.958303123956120426e-03 9.953916263151167676e-03 6.824548761894443961e-03 9.527271941592564686e-03 6.516531102665762930e-03 7.682721354807040513e-03 5.463243304952220165e-03 7.682721354752416673e-03 3.420453116595430307e-03 7.516055492752316165e-03 1.965412109339453872e-03 3.698104651277541680e-03 1.844823527917943294e-03 7.669644818524546520e-03 7.681138092725839708e-03 5.781853455448503556e-03 7.682539661602549169e-03 1.012029678385058772e-02 1.204018099168522975e-02 7.697301285442492702e-03 7.682721313649811846e-03 1.026072596160533361e-02 5.745333916644447883e-03 4.486617340822024284e-03 7.682716436643528650e-03 7.682720296012834557e-03 9.729355528113057053e-04 8.101855032869111767e-03 8.071267044384175179e-03 4.989886554798258350e-03 7.106607295434740935e-03 4.958080642913183754e-03 7.627896275485131564e-03 6.414281459837785013e-03 8.180944976698150198e-03 7.674636534383508235e-03 6.608586733422090048e-03 6.481996237223242203e-03 7.220675634265361770e-03 7.682721354807040513e-03 8.877841238975545113e-03 7.682721354807040513e-03 1.065760685614908741e-02 7.682721351255860330e-03 6.319842863245814235e-03 6.181996285745870907e-03 7.024398055958031017e-03 2.174569392921659079e-03 4.174980422635081456e-03 7.682721354807040513e-03 7.183065691625410351e-03 7.856528584692958755e-03 7.682631925561523786e-03 7.682721022057873751e-03 6.411557573347886549e-03 7.983343301263167574e-03 5.663362408812446479e-03 2.550091106855324925e-03 7.239247340045570564e-03 7.682721354807040513e-03 7.079037683773966097e-03 1.135102249386513336e-02 3.130126877586609721e-03 7.820522331077890688e-03 7.290391085626231164e-03 7.727675996411028161e-03 7.682721354807040513e-03 6.276598027953653701e-03 6.509035463090064380e-03 7.682721342140879858e-03 8.183160199055652256e-03 2.689013303106664587e-02 7.682303080063794705e-03 7.682721354807040513e-03 7.682721353829384189e-03 7.819270604428909394e-03 4.809803303330319711e-03 1.138891374554178333e-02 6.953798448055587174e-03 7.113723648931055341e-03 8.785573577513276430e-03 7.079524394439885501e-03 5.465414743577830421e-03 7.682720621977918475e-03 4.531835668282629438e-03 5.592988843885919603e-03 1.080261472535950021e-02 7.680642879748187171e-03 4.235363718754530521e-03 7.682720100922245908e-03 6.496940951737612858e-03 7.592782609382973946e-03 7.511584342506006165e-03
5.759954981682556714e-03 6.488532094554729478e-03 7.769327438565959941e-03 7.394750365116845026e-03 1.703521011959867673e-02 6.312968983637250175e-03 7.504051912187450872e-03 7.477965810716175228e-03 9.610928783093983241e-03 7.398271143454464120e-03 7.517971139346505717e-03 7.516423942566717760e-03 5.820908454325663534e-03 7.517967759555412022e-03 7.517971139346505717e-03 7.517971139346503982e-03 1.842386998109405783e-03 7.385060873839494403e-03 8.604741102238864028e-03 1.104792525883113372e-02 7.340237511476403222e-03 1.341570999185465879e-02 9.514025592879456206e-03 8.043003972384426409e-03 7.517971085048775343e-03 7.505491779422625818e-03 5.027676603668942111e-03 7.517971139346505717e-03 1.188160810398384247e-02 4.810746216743341450e-03 7.517964804823181434e-03 7.328227219019463681e-03 7.517971139346505717e-03 9.479644783779958214e-03 7.517743429646024829e-03 9.469499194410722909e-03 7.365237368279382857e-03 7.517971139346505717e-03 3.114389273357635966e-03 2.186068567282218461e-02 7.827247343647201691e-03 5.930994116983523759e-03 7.230895732203216665e-03 8.613282161855704069e-03 7.505685945633649298e-03 2.077329663058146564e-02 6.881803855644198428e-03 6.235325787356968581e-03 6.196802757089675193e-03 7.517971139346505717e-03 7.490998141608306259e-03 7.517971139293052815e-03 3.565442243891056486e-03 7.354879302095374688e-03 3.274674909834769578e-03 6.011220363208502615e-03 2.128267932104702977e-03 7.505164409337069381e-03 7.516483716061915510e-03 4.599515400727058508e-03 7.469594919464359224e-03 7.181319476991845571e-03 3.800562759704125080e-03 7.280287426180539513e-03 7.517971099070776785e-03 7.387076219927165253e-03 8.413122374733848427e-03 6.865653642486493902e-03 7.517966370341858801e-03 7.517970103257344203e-03 1.720253263783601229e-03 7.611500067101070570e-03 6.035080576000775680e-03 4.927388803288395430e-03 6.128406960148454971e-03 8.270360174290268887e-03 7.464329611014098274e-03 1.060307782186885317e-02 7.393514923672098345e-03 7.510059694520092831e-03 6.675746305079348700e-03 7.313627563900333174e-03 7.528991151281728966e-03 7.517971139346505717e-03 1.063525564101524060e-02 7.517971139346505717e-03 7.463966556297051656e-03 7.517971135871477292e-03 5.145270680173486509e-03 1.167020939588079426e-02 6.876211146163792136e-03 2.655321167380806247e-03 2.733505949921057835e-03 7.517971139346505717e-03 8.993516213726767197e-03 7.360734563766425757e-03 7.517883627844548430e-03 7.517970813373269466e-03 6.284634692616348703e-03 7.871083444282557864e-03 4.982040795560581901e-03 5.235885958227540736e-03 7.083956357209161316e-03 7.517971139346505717e-03 1.015464633432037675e-02 6.878411165187342177e-03 1.573420373293755135e-03 5.722234338642648299e-03 9.404020795622105439e-03 6.344122948928048768e-03 7.517971139346505717e-03 5.321278887987094044e-03 8.263950284698666493e-03 7.517971126951961992e-03 5.541447391973848904e-03 5.541175822231385155e-03 7.517579192232949105e-03 7.517971139346505717e-03 7.517971138389803985e-03 7.260176280291096018e-03 4.792089746799946780e-03 9.381506235544376932e-03 7.954186615341356237e-03 9.860989968933605784e-03 8.485094802464633254e-03 6.161236250151701059e-03 5.834630388773209310e-03 7.517970422232311302e-03 3.544985477003527018e-03 8.358708109628305849e-03 4.450499894593978878e-03 7.515929699575624179e-03 3.699507617022217490e-03 7.517969912350354333e-03 5.805831075887443044e-03 6.559324776630034645e-03 7.231038152560111641e-03
4.269573406789291953e-03 7.820555554596930747e-03 7.003316457649507581e-03 7.825142878905495467e-03 6.566204542888566531e-03 6.570790800309735114e-03 8.026209076076047666e-03 7.997947774055868056e-03 7.026829428845180782e-03 7.921281980255037367e-03 8.041115270763709785e-03 8.040144750718984309e-03 7.212538761935801020e-03 8.041111655776055078e-03 8.041115270763709785e-03 8.041115270763708051e-03 9.824571850207399967e-03 7.685997265721328589e-03 8.605747040380527443e-03 2.271611770117764467e-03 7.507853564446587656e-03 7.432069039828246952e-03 9.067878425014127761e-03 5.973679782231045531e-03 8.041115212653267980e-03 8.027767113119284662e-03 3.982140529518949854e-03 8.041115270763709785e-03 8.020004569787067203e-03 6.913695787580055943e-03 8.041108495447433016e-03 7.838166807114606630e-03 8.041115270763709785e-03 5.360254019295263364e-03 8.040871715618022955e-03 6.768010387023491899e-03 8.100960674402371553e-03 8.041115270763709785e-03 3.330705224224898408e-03 3.177305646085254367e-03 8.676342581546900995e-03 6.503385366671271886e-03 6.171053603746466144e-03 8.887316683959421357e-03 9.367772719597350362e-03 8.150355880348901169e-03 9.252997419945084567e-03 2.452169474608126808e-03 9.758100924643863666e-03 8.041115270763709785e-03 8.847846321031145600e-03 8.041115270707541174e-03 3.620415719479007713e-03 7.866674555476398101e-03 2.559150070444384320e-03 2.771566312160245616e-03 3.552415872295915794e-02 8.027417333252878651e-03 8.039315397767109184e-03 5.041177527269623780e-03 7.994716376019282353e-03 5.911113890694093959e-03 2.826936695344241333e-03 8.165153168923812085e-03 8.041115227828571702e-03 7.698909212973149840e-03 7.391017201534688837e-03 5.165438900104409037e-03 8.041110188316019647e-03 8.041114162577434402e-03 7.093228173155260996e-03 7.953714938788349759e-03 8.199693402315402432e-03 5.226773230989923899e-03 1.433560255673122820e-02 7.936042780522126888e-03 7.984644374993103352e-03 6.609038966176213059e-03 8.202623152279066993e-03 8.036041142139170937e-03 6.098616816523595545e-03 7.677696892898512419e-03 7.180577095149957845e-03 8.041115270763709785e-03 6.497435158344057674e-03 8.041115270763709785e-03 7.026816474953186988e-03 8.041115267063103991e-03 3.885221686888486962e-03 7.160864451943725791e-03 7.969004509596724212e-03 5.366326956120098281e-03 2.979759322275698109e-03 8.041115270763709785e-03 8.244725035129902083e-03 8.364331787286117398e-03 8.041021671522517039e-03 8.041127077889282174e-03 9.165948163450338484e-03 7.901443719670591531e-03 7.048941281461317335e-03 3.706222347842300004e-03 7.577047805945468298e-03 8.041115270763709785e-03 7.747645409081942852e-03 1.594843496600187706e-03 4.200484468262429688e-03 7.503147621719660938e-03 8.077765806993727690e-03 7.564632219381195455e-03 8.041115270763709785e-03 9.108567394727967031e-03 6.184602962431944018e-03 8.041115257506682365e-03 7.617551870614965720e-03 8.607196823306999950e-03 8.040680324040316851e-03 8.041115270763709785e-03 8.041115273947897074e-03 7.690532498328510325e-03 3.771379267529032832e-03 7.458904865629944168e-03 8.543398824913209580e-03 7.050485908265808482e-03 6.197006210689773482e-03 7.347772564200378068e-03 5.389188484388099561e-03 8.041114503748732212e-03 3.729542166514165057e-03 6.081898992025292286e-03 5.990083396461155785e-03 8.038930535068591551e-03 6.568088422068651434e-03 8.041113958386011951e-03 4.549964615763723089e-03 3.074710530046188828e-03 8.852271668833568488e-03
3.219040447328693020e-03 8.136247680487171050e-03 8.512886787866671967e-03 9.675875116821568492e-03 2.836377705564081288e-03 4.080322669556441482e-03 7.659960498877238511e-03 8.505263490691940959e-03 7.457254131229460424e-03 7.551407030270487070e-03 7.673487593002323998e-03 7.671908281285880725e-03 8.682266409447667727e-03 7.673484143317122440e-03 7.673487593002323998e-03 7.673487593002322263e-03 3.019704349064481971e-03 7.331066729253771751e-03 8.086055832461939638e-03 1.578891467241736249e-02 7.184848964891741782e-03 6.913205351903140700e-03 7.198913797953246374e-03 4.532075181388739438e-02 7.673487537548781198e-03 7.660854221907135823e-03 3.974713909601211570e-03 7.673487593002323998e-03 9.407831781803198748e-03 7.540684197442335673e-03 7.673481127445242952e-03 7.479817631236462989e-03 7.673487593002323998e-03 3.506705839218564585e-03 7.673255287673684706e-03 7.541570614361916419e-03 6.888803728310680628e-03 7.673487593002323998e-03 3.524560800836347690e-03 2.596544423345867152e-03 6.902995329744096922e-03 8.947757719076023311e-03 8.549026324891864648e-03 7.075185811546792769e-03 5.742598363589779611e-03 5.823669151510932340e-03 7.128443398816500590e-03 3.906625423170534579e-03 4.288925079249358667e-03 7.673487593002323998e-03 6.211219948747002430e-03 7.673487592947766077e-03 3.422227311191152182e-03 7.507022044456032085e-03 1.327882639084525598e-03 1.037162619855757327e-02 1.805792019913710512e-03 7.661351113356104289e-03 7.671859219753701838e-03 7.922082048484315950e-03 7.633537684360159822e-03 6.177653710220671300e-03 1.619797195235803469e-02 8.699305262623859350e-03 7.673487551892689204e-03 7.340380796367326766e-03 8.118673343851055130e-03 7.593361362748479552e-03 7.673482680778864404e-03 7.673486535480658274e-03 1.694721861945067999e-03 7.050640014960529722e-03 7.422171684731200536e-03 5.509853848841962318e-03 3.766694788583125567e-03 8.010187739603569571e-03 7.618717269681048870e-03 7.901903521528964164e-03 7.644964651738847539e-03 7.665412518146836121e-03 6.933159762301903395e-03 8.556265590984582850e-03 7.965008700546269416e-03 7.673487593002323998e-03 6.938187447219470831e-03 7.673487593002323998e-03 6.277347400273775024e-03 7.673487589455412101e-03 4.630934096879586563e-03 4.782835964746321930e-03 7.016409642758352112e-03 3.512883128735414754e-03 1.055235773000427063e-02 7.673487593002323998e-03 7.916573820745674214e-03 7.443565713045208025e-03 7.673398341605437191e-03 7.673487260332391598e-03 7.458962902102653399e-03 7.416295272343309194e-03 1.063722333052269202e-02 4.392956860989155783e-03 7.230500459556832640e-03 7.673487593002323998e-03 7.009101695641079682e-03 1.189119644371242112e-03 1.962872705915685335e-03 7.741457326483258163e-03 8.676155574120008110e-03 7.629877977743296236e-03 7.673487593002323998e-03 5.448200559133497579e-03 6.954426918598956113e-03 7.673487580351387276e-03 7.592178838107352390e-03 6.442777139441374472e-03 7.673068319854545530e-03 7.673487593002323998e-03 7.673487594099788998e-03 7.347196809361527733e-03 5.403748007942761784e-03 6.245512840217630653e-03 1.038514333192546747e-02 9.294617119190481946e-03 1.028427957416385742e-02 6.631102014794423329e-03 5.808091571657148303e-03 7.673486861053983518e-03 3.505772740016852799e-03 9.696069381083468469e-03 7.604320848142909553e-03 7.671494226847580707e-03 7.074586691334092299e-03 7.673486340624557402e-03 2.628201371440154824e-03 7.369782608751189283e-03 6.945263539571961894e-03
9.939523693150585648e-02 5.034289826273849640e-03 5.557209108257629010e-03 6.290249858480328853e-03 2.560211276481004061e-03 4.562958835348593888e-03 6.624319138781389199e-03 6.607751269422265129e-03 5.168784746303764499e-03 6.530920975017308165e-03 6.636634061107853783e-03 6.635269397996889848e-03 4.024396039101764758e-03 6.636631077525870746e-03 6.636634061107853783e-03 6.636634061107852048e-03 3.775056510517874227e-03 6.344127286389261017e-03 6.337412927624397167e-03 3.939784656683321951e-02 6.522951859869603394e-03 6.862678535761390641e-03 6.849499334272034744e-03 5.559245777125592161e-03 6.636634014931298148e-03 6.625640289849873618e-03 2.854000929892568095e-03 6.636634061107853783e-03 5.465323604835505694e-03 5.160940618220062961e-03 6.636628469185182344e-03 6.469133083949639082e-03 6.636634061107853783e-03 1.182081522397893797e-02 6.636433046079505405e-03 7.744362800715880180e-03 6.690182815585898543e-03 6.636634061107853783e-03 5.669189566191130264e-03 9.880740054059670638e-03 6.639235590319334489e-03 4.878825803907058806e-03 7.269287435138055940e-03 7.457557634570743249e-03 7.483744148398590798e-03 4.077690849437451935e-03 6.841836079954049035e-03 7.139736272644388662e-03 2.003788050885643712e-02 6.636634061107853783e-03 6.651235435734688915e-03 6.636634061060666702e-03 3.579264760254600997e-03 6.492661595381734631e-03 1.894436888841647890e-02 2.346581641769374983e-03 3.398403173015581823e-03 6.625328727207197878e-03 6.635163002318841645e-03 9.973736134782465110e-03 6.593252196175201051e-03 9.260275676408654885e-03 3.328460320141687998e-03 7.022964179612908343e-03 6.636634025553904241e-03 6.408185775151667950e-03 7.097638726270944290e-03 4.537039028599068949e-03 6.636629824738842984e-03 6.636633146480151214e-03 2.362415056743586046e-03 6.971877355593344289e-03 5.197606454268922406e-03 4.339683186736605774e-03 5.193128218005952680e-03 6.529869429627977069e-03 6.589261166030662212e-03 6.419362293258857807e-03 7.059708655914065725e-03 6.629650077823585202e-03 4.831323037769017295e-03 7.065143051129370126e-03 6.315580720444821314e-03 6.636634061107853783e-03 5.719677583558463105e-03 6.636634061107853783e-03 8.422518810605551798e-03 6.636634058040207819e-03 9.298589406559506013e-03 4.982749195156449019e-03 6.244935000580755999e-03 4.886765214837700093e-03 3.976104762381643329e-03 6.636634061107853783e-03 6.386073386210926010e-03 6.826248747637928167e-03 6.636556808642460337e-03 6.636633969617541061e-03 5.915300045653015294e-03 7.216993960719207853e-03 6.138488844476183530e-03 1.143415050979627347e-02 6.254414261612054743e-03 6.636634061107853783e-03 6.036041832557281599e-03 2.019864262724049234e-03 1.376265706401213779e-03 7.081692335896946217e-03 5.632493966253572515e-03 6.551972764342594950e-03 6.636634061107853783e-03 7.509145024350783598e-03 8.149701431955511804e-03 6.636634050166330054e-03 4.604708340477449945e-03 3.532739514532416258e-03 6.636281612824569687e-03 6.636634061107853783e-03 6.636634060263406007e-03 6.352725936487200326e-03 3.283227836673137130e-03 4.062687042595478082e-03 5.277828639401791963e-03 5.257735592615320024e-03 7.684258206261412698e-03 4.766430742589354910e-03 1.094503962299917324e-02 6.636636254958683083e-03 4.026364270659699672e-03 6.803547390711782439e-03 5.567559388836850441e-03 6.634827141597451905e-03 7.377645222957770685e-03 6.636632977953310294e-03 5.380968678715705895e-03 5.837244370165519877e-03 6.836823278573764436e-03
4.107703843701824425e-03 8.369584267328618668e-03 7.488598644828026868e-03 7.957767562979894613e-03 1.755423033032682588e-03 6.967551163220586999e-03 7.895315169242014472e-03 7.867552564236875851e-03 6.335404305791760178e-03 7.786430004768960834e-03 7.909979154423700531e-03 7.908351797847965742e-03 5.298156634067459174e-03 7.909975598390307436e-03 7.909979154423700531e-03 7.909979154423698797e-03 1.080853297537122913e-02 7.635650878556908550e-03 7.632623914515398143e-03 3.862336690777986529e-03 7.367395009005325672e-03 7.349120754238961870e-03 6.864540026043790093e-03 3.327556304278628946e-03 7.909979097270673429e-03 7.896853763991434905e-03 6.281631487511780271e-03 7.909979154423700531e-03 1.000376224150026534e-02 3.766637400516997369e-03 7.909972489600637299e-03 7.710340414918459388e-03 7.909979154423700531e-03 1.054926327591521051e-02 7.909739571174528514e-03 6.544171167404457153e-03 8.241978514387954605e-03 7.909979154423700531e-03 3.370538460873867461e-03 2.069065945293688084e-03 8.098915228310375747e-03 6.882319366973769538e-03 8.391315835099928330e-03 6.748830103726759753e-03 4.712192335252041869e-03 1.186289378543361854e-02 8.075774453893850430e-03 4.210578593724880435e-03 7.580304403079428724e-03 7.909979154423700531e-03 5.141242218071937972e-03 7.909979154367460796e-03 3.422937932064323754e-03 7.738383253215651292e-03 6.063313641541573200e-03 1.166472048627447897e-02 3.113448743157377213e-03 7.896504596406490536e-03 7.908483279462415888e-03 3.416488414286811097e-03 7.864894668057979474e-03 4.533060079515163765e-03 2.736277891141356954e-03 7.818624805860326099e-03 7.909979112058422579e-03 7.579784209139676064e-03 6.208703211939925991e-03 7.398651707637117318e-03 7.909974104232350353e-03 7.909978064310303411e-03 5.180710273970740021e-03 8.518047975004680236e-03 8.649535526677432432e-03 6.204470038146400225e-03 9.830142457471985687e-03 7.944223441913218081e-03 1.999968107702222719e-02 6.702988275598758226e-03 8.374194868516881413e-03 7.901656254965805370e-03 7.375894785498377307e-03 7.337164150007120626e-03 7.998299829805792169e-03 7.909979154423700531e-03 3.968231156835722376e-03 7.909979154423700531e-03 9.434210530101514933e-03 7.909979150767475903e-03 7.629848293508983449e-03 5.380675029138318188e-03 7.249641406940488496e-03 3.723267687111044000e-03 3.659615644828179745e-03 7.909979154423700531e-03 6.742271175128627947e-03 8.064558671885779101e-03 7.909887079827544742e-03 7.909978812000579423e-03 1.069662808334188690e-02 8.538679046291294122e-03 2.968583003917963075e-03 1.281654620404035780e-03 7.457176714842692240e-03 7.909979154423700531e-03 7.116378868214858107e-03 1.424752583317980513e-02 4.081499927969179514e-03 7.228914877854262719e-03 7.085893461552385079e-03 7.798370179361607812e-03 7.909979154423700531e-03 1.022742730720152711e-02 5.615047294381254363e-03 7.909979141382871698e-03 8.550558746922055225e-03 1.570145993334563089e-02 7.909573850864890301e-03 7.909979154423700531e-03 7.909979153462148513e-03 7.573061869733677294e-03 6.415399003945776446e-03 8.001373718626124745e-03 7.647453946224609320e-03 6.966801182847889504e-03 6.738481421954841018e-03 6.472629495432149008e-03 6.747242488314012139e-03 7.910082742749272380e-03 3.563884763046888064e-03 5.825733559103140127e-03 6.694644430758509186e-03 7.907863891282384053e-03 1.536064893836841180e-02 7.909977863448519608e-03 7.518033509935255834e-03 4.731519462079598545e-03 7.892876416655597235e-03
2.019659232905230729e-03 8.231316651633855189e-03 8.974964901250489374e-03 7.862618536616555048e-03 8.134166176581371019e-03 7.313331002586817217e-03 7.455887737018981887e-03 7.431008377744523392e-03 6.917208495141449753e-03 7.352240817539517324e-03 7.469739303151135684e-03 7.468939258151843612e-03 9.973680708279145796e-03 7.469735945032690907e-03 7.469739303151135684e-03 7.469739303151133950e-03 6.441459811253666748e-03 7.180733668400347998e-03 8.246081784355202907e-03 1.173328151406481060e-03 6.970456956014781102e-03 6.985834144421682740e-03 7.761314995623407563e-03 6.957156716538385847e-03 7.469739402712151366e-03 7.461652847832946252e-03 3.115686878571616823e-03 7.469739303151135684e-03 1.227290451303930316e-02 4.971548624764750464e-03 7.469733009272704234e-03 7.281212520139640140e-03 7.469739303151135684e-03 8.498813137455778557e-03 7.469513054210352027e-03 7.534410529632249581e-03 7.426873632525205458e-03 7.469739303151135684e-03 3.291896445842415822e-03 2.635290404273038858e-03 7.537692783292900510e-03 8.132009974943761946e-03 6.578414248448128700e-03 7.849689581210878009e-03 5.892839881005380170e-03 5.516609990235433157e-03 7.925662961186127203e-03 8.319790924872582467e-04 8.385382874445361859e-03 7.469739303151135684e-03 7.025260630976801375e-03 7.469739303098026258e-03 4.246214297690957713e-03 7.307693791972805566e-03 2.606055539906605364e-02 4.111638841952489423e-03 1.776152382581891974e-03 7.457014688169157600e-03 7.468117471570677283e-03 4.938163457714955101e-03 7.421984983448916447e-03 1.044551515416338935e-02 2.223376182502923796e-03 7.195319622802613668e-03 7.469739263157072068e-03 7.145358529424462694e-03 7.661266719192711371e-03 5.466644544703371487e-03 7.469734518479162824e-03 7.469738273709037278e-03 1.895015703389098813e-03 7.086706536253162443e-03 8.217585144337897010e-03 1.482827695075831544e-02 4.819387402962992464e-03 7.960102207090959114e-03 7.416558019328909311e-03 9.323159667573084619e-03 7.111905419204245064e-03 7.461878638268649652e-03 8.570932135300031451e-03 7.144818608529035150e-03 8.176872204742630795e-03 7.469739303151135684e-03 4.502887772784336211e-03 7.469739303151135684e-03 6.976823082194561106e-03 7.469739299698401926e-03 4.669749522016973867e-03 3.784962722698446882e-03 6.842058847540550583e-03 6.727527768787774400e-03 4.035187703720777806e-03 7.469739303151135684e-03 7.531078080709148644e-03 7.291744143124623441e-03 7.469652353250657260e-03 7.469739167498150312e-03 1.006357667626012718e-02 6.887402204709478469e-03 2.072459395941347177e-02 1.388791384761004118e-02 7.040408044802278810e-03 7.469739303151135684e-03 6.754100298830540902e-03 9.347314008667650812e-04 2.531529349915375912e-02 7.214005333416386410e-03 9.005393591480562870e-03 7.274143420552633792e-03 7.469739303151135684e-03 5.926895089479257070e-03 5.481725911194633427e-03 7.469739290836109082e-03 7.891519142866678174e-03 4.974327104587446084e-03 7.469349643544559783e-03 7.469739303151135684e-03 7.469739302200947839e-03 7.201056185345942537e-03 8.545307321028009981e-03 6.551446334157319702e-03 7.126249922632410874e-03 9.397446630833378861e-03 6.775103154232672842e-03 9.578630654235127315e-03 8.616593746606423035e-03 7.469738590637615278e-03 7.447194428750547948e-03 6.794313571465709564e-03 6.936193317783775208e-03 7.467826291082823968e-03 2.290799838458747791e-03 7.469738084027037137e-03 5.836109560429817919e-03 2.114566427201432664e-03 7.005959624156132132e-03
3.105452037894002471e-03 6.967929373327714539e-03 1.023943824911508968e-02 7.782548566986437211e-03 1.053935477523211713e-03 6.003517079657285857e-03 7.305082267684203864e-03 7.519211794684937250e-03 6.250461932692006652e-03 7.268681331588017387e-03 7.316527077104471866e-03 7.315021923816137847e-03 7.561741020665824382e-03 7.316523787864586195e-03 7.316527077104471866e-03 7.316527077104470131e-03 7.912343134602402642e-03 7.025653869544456163e-03 6.860187319391373821e-03 7.597318436168905287e-03 7.669140864779679795e-03 9.350916005984659732e-03 8.019786172942619529e-03 6.704239450951865985e-03 7.316527024358066532e-03 7.304381734556318097e-03 1.505299922415943153e-02 7.316527077104471866e-03 1.128566902828379188e-02 8.944986120773407157e-03 7.316520912314722000e-03 7.131866569494037592e-03 7.316527077104471866e-03 7.923230743088430922e-03 7.316305468767009962e-03 6.608336414377260180e-03 7.335568320546310625e-03 7.316527077104471866e-03 3.099591501342852714e-03 6.226654038786269552e-02 7.837140762539896929e-03 7.193853446307456323e-03 6.414695908174727901e-03 7.826486589628296395e-03 6.558449260530611023e-03 4.034968032012802019e-03 6.384889554342883591e-03 1.130552685110774828e-02 3.871727959513635801e-03 7.316527077104471866e-03 6.406723125118959049e-03 7.316527077052500418e-03 3.165599468148892325e-03 7.157805286187461473e-03 2.120448569559614787e-03 9.178139700545652827e-03 1.699224958680653572e-03 7.304063475064170689e-03 7.314910424826837759e-03 4.018754463447550551e-03 7.280199382073369689e-03 7.111122521793547709e-03 2.216677861524283567e-03 7.168799090463881182e-03 7.316527037909305656e-03 6.998799695423764573e-03 8.739965020091732678e-03 4.425299921676261947e-03 7.316522390357710348e-03 7.316526068896331628e-03 1.433319961793109738e-03 7.092918455753826311e-03 7.322270612295852556e-03 1.646786448166464786e-02 1.159688750633957807e-02 6.690410122925084975e-03 7.266749290291335539e-03 8.703670936905480437e-03 6.853683989544881103e-03 7.308827617653904096e-03 6.071292099118859656e-03 6.731613428686470009e-03 6.986993465511507316e-03 7.316527077104471866e-03 6.358494478717424334e-03 7.316527077104471866e-03 3.974260185990154126e-03 7.316527073788553145e-03 5.656801780927338784e-03 3.635708096819154772e-03 6.698084882277706605e-03 2.874028657024838875e-03 1.606282182595976382e-02 7.316527077104471866e-03 8.082923786426422785e-03 7.503636223919168957e-03 7.316441910473557575e-03 7.316526759868378568e-03 7.007364745071143104e-03 7.008996467645010366e-03 5.325444958962545147e-03 4.118159842130475305e-03 6.894169057724794901e-03 7.316527077104471866e-03 6.562559645941750536e-03 4.705117931172529688e-03 1.230041676739866262e-03 6.472912768320684788e-03 9.884894858304118723e-03 6.890892119530181784e-03 7.316527077104471866e-03 7.154850775727942744e-03 5.260890986526074210e-03 7.316527065042039216e-03 7.353646815738435275e-03 4.249395825915431961e-03 7.316127024503847262e-03 7.316527077104471866e-03 7.316527076173551594e-03 7.034495839005276696e-03 7.698672163252789045e-03 5.810893017283234874e-03 5.800520473149263674e-03 1.045220174299106054e-02 5.122538573727595211e-03 5.536734163912409440e-03 4.425857731820687438e-03 7.316526379205382652e-03 7.736005386654686358e-03 5.029667131699255486e-03 5.861072399649532375e-03 7.314690497591667083e-03 7.425389089392208167e-03 7.316525882985665426e-03 3.220145282648260044e-03 1.030809682546615647e-02 7.351810694569185442e-03
5.695611131655131838e-03 8.407813466157060961e-03 6.839771729919833475e-03 9.593873550070883965e-03 1.115758252511242065e-03 7.393391715946321351e-03 7.222650913859639601e-03 7.197164514285038853e-03 1.185028412707714481e-02 7.120851312016785763e-03 7.236077784072557362e-03 7.234589080697025054e-03 7.470334665090104000e-03 7.236074530999688989e-03 7.236077784072557362e-03 7.236077784072555627e-03 7.326324494442554985e-03 7.934621647247718304e-03 8.077798080249743232e-03 1.253416094039068625e-02 7.215965117749975101e-03 8.804330764465883793e-03 6.900738578974299070e-03 5.212739260370698180e-03 7.236077731797267362e-03 7.224066001210892839e-03 4.309797539175017761e-03 7.236077784072557362e-03 5.915869344859716120e-03 5.929693990878634989e-03 7.236073491176164829e-03 7.056545497347410656e-03 7.236077784072557362e-03 1.835471529622067013e-02 7.235858613121254682e-03 7.468082640577641297e-03 6.558628566583936392e-03 7.236077784072557362e-03 2.963239510607568704e-03 1.912969970342569270e-02 6.376808433623801231e-03 8.915685829891908248e-03 7.809725510049696923e-03 6.579828424396628322e-03 6.529124843256923355e-03 9.273199216619915780e-03 8.037551929797008901e-03 4.331451032903081352e-03 7.533824646572615490e-03 7.236077784072557362e-03 9.437057060350820259e-03 7.236077784021108933e-03 3.233374997814355677e-03 7.079101227708831795e-03 1.460240356446262716e-03 2.796610909131055315e-03 2.034834327314995975e-03 7.223751209345697505e-03 7.234501179013635465e-03 9.609417052911538304e-03 7.188633216079195164e-03 2.721992702276554953e-03 9.083527235894830673e-03 7.673962802342790615e-03 7.236077745321470821e-03 7.002336731568589191e-03 5.586649892418231282e-03 8.777454660614854992e-03 7.236073148919584114e-03 7.236076786832520286e-03 1.095584016552008169e-03 7.112204464389298292e-03 8.034944160491726273e-03 1.080360907632868170e-02 9.142502202186810964e-03 6.821619539746032711e-03 7.184424594526297135e-03 6.760492600323026423e-03 7.391393648952553595e-03 7.228462985745971563e-03 7.802511150510834520e-03 7.506545056591969710e-03 8.114084412541204896e-03 7.236077784072557362e-03 6.115669954622649819e-03 7.236077784072557362e-03 7.113716667434776680e-03 7.236077780727828354e-03 1.716322638831425246e-02 6.599724031044542326e-03 9.227096038343750653e-03 7.920304175276742312e-03 2.594883301098499517e-03 7.236077784072557362e-03 6.618866148042480343e-03 6.901666952482264812e-03 7.235993553895927848e-03 7.236077470355881461e-03 9.539535234607966763e-03 7.747366704698325189e-03 3.467521961347168856e-03 5.425689912227057814e-03 6.818454508067453394e-03 7.236077784072557362e-03 6.527619696291532374e-03 1.501967585615320445e-03 1.103095901915525368e-02 7.416701504260935461e-03 5.740125137812712199e-03 7.362857611720446428e-03 7.236077784072557362e-03 8.618830357355581825e-03 6.185964880148764160e-03 7.236077772142758199e-03 9.261538118241581172e-03 1.546214777371059980e-02 7.235705470944317659e-03 7.236077784072557362e-03 7.236077783151769610e-03 6.926966839528165415e-03 9.564157949377998305e-03 7.155457031411426028e-03 6.961393936518276739e-03 5.733560548897040192e-03 6.098915896817574955e-03 5.846687823108981732e-03 9.533114876611794089e-03 7.236077093847229948e-03 9.134079026046289934e-03 6.409216483578916192e-03 9.234991452498415160e-03 7.234161482110807243e-03 9.220930101260788395e-03 7.236076603083781839e-03 2.285198665884806066e-03 4.482095184582996633e-03 7.382939715268098911e-03
1.955640619512468044e-03 4.923965072913270673e-03 6.965792049996005764e-03 5.852170876117698643e-03 1.752158795992762516e-02 1.080750413678937052e-02 7.407105269320126729e-03 7.318227807893004297e-03 5.872850772276544569e-03 7.235660730643914823e-03 7.352806564149235932e-03 7.351293191204772565e-03 5.074798271631387678e-03 7.352803258609947462e-03 7.352806564149235932e-03 7.352806564149234198e-03 5.351093326494962485e-03 7.029474287399009938e-03 7.137286560040616810e-03 4.483753789092438679e-04 6.844542939787601372e-03 7.683685250549769294e-03 7.366454726886143868e-03 3.760077865770790687e-03 7.352806511013268952e-03 7.340695890502167177e-03 3.765250804118857805e-03 7.352806564149235932e-03 9.379549584526501033e-03 5.198164795325775633e-03 7.352800368790964394e-03 7.167230326213087054e-03 7.352806564149235932e-03 7.330752752564458075e-03 7.352584026730047545e-03 7.750577457246975339e-03 8.242744696388080647e-03 7.352806564149235932e-03 6.999525389296909310e-03 5.661755782266398446e-03 7.865570980140231677e-03 5.692448892723153339e-03 7.459898905650229686e-03 7.385218600379833340e-03 7.303596948538874922e-03 3.944257226762874595e-03 6.836301532884934452e-03 1.844616298286722370e-02 4.350940564001270355e-03 7.352806564149235932e-03 5.047670204883985406e-03 7.352806564096957438e-03 3.173154343618176092e-03 7.193297745506003690e-03 2.175599760392970053e-02 4.000030348717610248e-03 4.022141856688263295e-02 7.340281142716688877e-03 7.351165699315717963e-03 4.307684347603785158e-03 7.337108999470923730e-03 8.101842197039171162e-03 1.740894161487927406e-03 7.062898904803756837e-03 7.352806524758837871e-03 7.064305131437664462e-03 8.894784179121480866e-03 3.904024520317878923e-03 7.352801906142286160e-03 7.352805550822221620e-03 2.301023604236930153e-03 7.873646124144055916e-03 5.098800727858020070e-03 4.784050068171319045e-03 1.086844806226601803e-02 6.861395362168004088e-03 7.301283589051507650e-03 9.313115583043584181e-03 7.320869121086672621e-03 7.345068942995085400e-03 5.554500225799131538e-03 7.597655946874178057e-03 6.542237127857213758e-03 7.352806564149235932e-03 1.078908018863338272e-02 7.352806564149235932e-03 5.912345001470838482e-03 7.352806560750550953e-03 5.087293564483478733e-03 5.791041684822567821e-03 1.090543099227907903e-02 1.274262689803275011e-03 2.142993467725256684e-03 7.352806564149235932e-03 7.502438442785688485e-03 7.724344909858057995e-03 7.352720975213608741e-03 7.352806245337631212e-03 4.324746065098783974e-03 6.954054374867487190e-03 3.906574379441713624e-03 9.053796494148108956e-03 6.933339348937360078e-03 7.352806564149235932e-03 6.625044027132059692e-03 1.188931617229538155e-03 2.171766119206964066e-03 6.751489164246794392e-03 7.342012225911374868e-03 8.059411354965663465e-03 7.352806564149235932e-03 9.011459445459881965e-03 5.459058480845743570e-03 7.352806552026998690e-03 4.708558609280310940e-03 3.147066839342536892e-02 7.352434346729580517e-03 7.352806564149235932e-03 7.352806563213765481e-03 7.041336643262906085e-03 6.195275755552252794e-03 6.391364582666833258e-03 7.863624829307023709e-03 8.015525579874021103e-03 7.397517763449507761e-03 5.645277346955909943e-03 6.873868530582387046e-03 7.352805863790211685e-03 3.365070699409179831e-03 7.992730306705745844e-03 6.528376664317566032e-03 7.350807140046681717e-03 7.128505593985618762e-03 7.352805364109311730e-03 3.776224122778513818e-03 1.135878138484993499e-02 7.467995709253793558e-03
1.639977017453994254e-02 7.866864363204488508e-03 7.451973563448978204e-03 3.008021078901092302e-03 1.854961389340748900e-03 3.930682272977941913e-03 7.893831841054457440e-03 8.692968877659816920e-03 1.081157853045311423e-02 7.782398969924720668e-03 7.908409504913628194e-03 7.907083055148781889e-03 5.455185833136907102e-03 7.908405949585426212e-03 7.908409504913628194e-03 7.908409504913626459e-03 1.736912288691209658e-02 7.555407189088066480e-03 7.620072183889181963e-03 1.796760451615065117e-03 7.352784337160554046e-03 9.205348904755003905e-03 8.012496632629907689e-03 1.220049965582704551e-02 7.908409448614140552e-03 7.895281867899020534e-03 1.742037255163840503e-02 7.908409504913628194e-03 6.347980845493387571e-03 6.134216163539314530e-03 7.908402841413125078e-03 7.731612792982651451e-03 7.908409504913628194e-03 4.016207502020691447e-03 7.908169969207212366e-03 6.547309237155991314e-03 8.443854164651163133e-03 7.908409504913628194e-03 9.159205952329670108e-03 4.300389615689060446e-03 8.446897104523839322e-03 5.758212843654910221e-03 6.584116916343566231e-03 7.540690598775676677e-03 3.693376009010461165e-03 3.456632409182638140e-03 6.424578882336382142e-03 2.328112727493256845e-02 3.290984486469350750e-03 7.908409504913628194e-03 6.110790424255161876e-03 7.908409504857398867e-03 4.481325929594991674e-03 7.736847655049599454e-03 1.075680020058142946e-03 6.993416726221657158e-03 1.907165629536381954e-03 7.894937622066429059e-03 7.906669926155350178e-03 9.921566782331853532e-03 8.570485933198894110e-03 5.879036428806438952e-03 8.664388217146152052e-03 8.180447633170223262e-03 7.908409462545451518e-03 7.564990861297438487e-03 9.527061285901116880e-03 1.509971688459760047e-03 7.908404455519555190e-03 7.908408415016197207e-03 9.814731694866529049e-03 7.943367701751200341e-03 8.025172828083826024e-03 5.130902057436943775e-03 5.107492104060209169e-03 6.707192744021920304e-03 7.851958634035559326e-03 8.690639444067498054e-03 8.614966472933666131e-03 7.900087190381724356e-03 5.041285273178639816e-03 6.859664673324251082e-03 7.793075094488626127e-03 7.908409504913628194e-03 9.333848846250804299e-03 7.908409504913628194e-03 7.676734730675350248e-03 7.908409501258128679e-03 9.087880765967157326e-03 8.356939937719992662e-03 7.231584660341160327e-03 8.210638506945340878e-03 2.842668842857918026e-03 7.908409504913628194e-03 7.997653292197924244e-03 8.204818879893471459e-03 7.908317448630535276e-03 7.908409162011647078e-03 1.056164949381646796e-02 6.737434492193992638e-03 2.051049290647239016e-03 2.616164105772389361e-03 7.451934103229959638e-03 7.908409504913628194e-03 7.081339525087893168e-03 6.239277885836599057e-03 2.082315745184279681e-03 7.393779638537762225e-03 8.091388604762462036e-03 7.272079737492556477e-03 7.908409504913628194e-03 6.275849252990530446e-03 5.458860656805580684e-03 7.908409491875385833e-03 6.604948549519255863e-03 4.344377867339938547e-03 7.908151697272854455e-03 7.908409504913628194e-03 7.908409503909042890e-03 7.559519977102591333e-03 4.471217615725065972e-03 3.089404561668055837e-03 1.080589322689882656e-02 6.386669974965820083e-03 8.052490364960453173e-03 5.783720136537360418e-03 5.068758279625035397e-03 7.908408750561552597e-03 4.056754879282442085e-03 8.839231411957866602e-03 8.079529739935876684e-03 7.906256558473627113e-03 6.357568663872902905e-03 7.908408214194627764e-03 2.055262234774521413e-03 9.791002141279387533e-03 7.102057354347982542e-03
2.686157841839421304e-03 7.331573928866816879e-03 7.123880283930664539e-03 5.797522665008293490e-03 1.968135653019091689e-03 1.683450785293322954e-02 7.884492801604884790e-03 7.857330697065291816e-03 8.771810989152152224e-03 7.779551358950904591e-03 7.898958820503048511e-03 7.897333136305195733e-03 6.596234713255565152e-03 7.898955269423458408e-03 7.898958820503048511e-03 7.898958820503045042e-03 3.161585360971286025e-03 7.548529866497843965e-03 7.314973862498950520e-03 8.446606546347473071e-03 7.353105999756612103e-03 7.612207245404549287e-03 8.015646085948900310e-03 5.349967287434588027e-03 7.898958763425834029e-03 7.885846710089815248e-03 3.876745911240554385e-03 7.898958820503048511e-03 4.934343558196954693e-03 6.365879133448734337e-03 7.898952164965541978e-03 7.699598353509639302e-03 7.898958820503048511e-03 6.843226188423865049e-03 7.898719571085330293e-03 8.404424883485561368e-03 8.216350434378263262e-03 7.898958820503048511e-03 3.212409267744268434e-03 7.315158857676294125e-03 7.848162176903920872e-03 6.732965229647021495e-03 7.336867418415300192e-03 7.712064082082853780e-03 8.642459774087870097e-03 1.137620824916937834e-02 8.035637003171702472e-03 1.130820476083109830e-03 7.635543860693383596e-03 7.898958820503048511e-03 4.866123729633585297e-03 7.898958820446886839e-03 3.647349459560246879e-03 7.727601989979374260e-03 2.531199227028978552e-03 2.749920666749331843e-03 1.988102725304473437e-03 7.885503787528520131e-03 7.897309824357736513e-03 1.021681684682170833e-02 7.878772604971908539e-03 8.720653352762250052e-03 3.793707035886150717e-03 8.381800098255611994e-03 7.898958778185607293e-03 7.568629417697911310e-03 7.751226069429702388e-03 4.496151560710632752e-03 7.898954106968945552e-03 7.898957731909517221e-03 3.824096545736801588e-03 7.946965256197847938e-03 7.361611735176299721e-03 9.713846695849055399e-03 5.705274247529312781e-03 7.911556570807989561e-03 7.843802882047447647e-03 5.957122230121777995e-03 8.202637403503529670e-03 7.890647102418704359e-03 6.720637402595019613e-03 8.006550830768044066e-03 7.965330285121599574e-03 7.898958820503048511e-03 3.548818814978834443e-03 7.898958820503048511e-03 8.144009004185890147e-03 7.898958816851930909e-03 5.976296471516514934e-03 8.155880258272889954e-03 1.046808182475675655e-02 4.502489460191300141e-03 2.666662232839856102e-03 7.898958820503048511e-03 7.677310237798508005e-03 7.920760843393060899e-03 7.898866874241782313e-03 7.898958556426978472e-03 5.655338007118529929e-03 8.311803874497772360e-03 1.856847189041302068e-02 1.432020139973224845e-02 7.442951984706335303e-03 7.898958820503048511e-03 7.066826595263048932e-03 2.256949552342634151e-03 5.219663366657443376e-03 8.167465251478454868e-03 6.677532517271897103e-03 8.833052347388854753e-03 7.898958820503048511e-03 7.480856088698255475e-03 6.163996624497899285e-03 7.898958807480385702e-03 7.555119508149688891e-03 2.267567097755515335e-03 7.898526431213583401e-03 7.898958820503048511e-03 7.898958819497805747e-03 7.551067578116844176e-03 8.182889295083043552e-03 6.817761382045667978e-03 9.033814908654380291e-03 6.097465777964878111e-03 8.477488683747381668e-03 6.480794919509148301e-03 4.378531273181573459e-03 7.898958082744649001e-03 4.064512771321725400e-03 7.249362979305384695e-03 8.171574728943279894e-03 7.896860313693654723e-03 3.916790252642000925e-03 7.898957531371852622e-03 6.368514846353536332e-03 2.536304700337962612e-02 8.145580909581243145e-03
3.384003873852111776e-03 6.549003563362802011e-03 8.394852473877450691e-03 9.998180949498560247e-03 3.073070675155410540e-03 7.646259659050998539e-03 7.362524817405354839e-03 7.445842663741897641e-03 1.003804035416943838e-02 7.258656104513316887e-03 7.376186271042780088e-03 7.374668071544995644e-03 7.283244490504062196e-03 7.376182954982843896e-03 7.376186271042780088e-03 7.376186271042778353e-03 1.027190457130633741e-02 7.062831799780157349e-03 7.774719511964813673e-03 3.599727459402689549e-03 6.958904202045279076e-03 6.161082154532566448e-03 6.951804874352505124e-03 1.257503145030324128e-02 7.376186217737759968e-03 7.363944095087477694e-03 3.276455552569387114e-03 7.376186271042780088e-03 1.185802564402138777e-02 3.500489858427845158e-03 7.376180055985871731e-03 7.190019861600068819e-03 7.376186271042780088e-03 8.815329855995149982e-03 7.375962857863787615e-03 6.956201096168459878e-03 7.149344087370512052e-03 7.376186271042780088e-03 8.341127060174225241e-03 5.822120617822646414e-03 7.590241295881233752e-03 6.735986741368687157e-03 7.910592414125608082e-03 6.819638233132541312e-03 8.601154346190541256e-03 2.772679134204985782e-03 8.446343298289282417e-03 7.370345710643902599e-03 7.760029773978956331e-03 7.376186271042780088e-03 7.471808612070084642e-03 7.376186270990335060e-03 3.461890371380398675e-03 7.216170257606012092e-03 1.694664256313548403e-02 3.208943305122946565e-03 3.889629370645738410e-03 7.363621462408339799e-03 7.374633725734778059e-03 1.598088627007789725e-02 7.338103284805038394e-03 9.310988517009916726e-03 8.903496190025663934e-03 7.044515425464313411e-03 7.376186231525907674e-03 7.058449222516013054e-03 7.789688164466714894e-03 1.052459914808718047e-02 7.376182249238117349e-03 7.376185254493692126e-03 7.492481798819440771e-03 7.366050875020359844e-03 6.456551112390807208e-03 4.807910219363233616e-03 4.884937264631828389e-03 7.432245424413655779e-03 7.323533336943183550e-03 7.972484729760814445e-03 7.525140187076919535e-03 7.368424027650986689e-03 6.175915948431340112e-03 7.332979234618690681e-03 7.574687669981912050e-03 7.376186271042780088e-03 1.368904608504143208e-02 7.376186271042780088e-03 4.624246367339279046e-03 7.376186267633292118e-03 1.314331288979150338e-02 1.432045272932727653e-02 6.776739658757397096e-03 3.318843633409083137e-03 5.999349825260262212e-03 7.376186271042780088e-03 6.694150237812534696e-03 7.589612214577923059e-03 7.376100430413361220e-03 7.376185951239421813e-03 1.106865628336933284e-02 6.268278129113312447e-03 2.214773270650216824e-03 3.309756973202983114e-03 7.019661245715525140e-03 7.376186271042780088e-03 6.617472887706424972e-03 3.284447843187471468e-03 8.674302276289021230e-03 6.639152426625065731e-03 8.687896635318579502e-03 7.111862442300053398e-03 7.376186271042780088e-03 8.465113995498974725e-03 5.502415592393919593e-03 7.376186258881990351e-03 6.824732477515188869e-03 4.354975100382610723e-03 7.375823031187622898e-03 7.376186271042780088e-03 7.376186270104058765e-03 7.071490320021883713e-03 5.128624494928435938e-03 5.759195262657328986e-03 5.946889508239098718e-03 1.083781586483563777e-02 6.742566740416127899e-03 8.179645915444523283e-03 7.558553342326748518e-03 7.376185567453185515e-03 3.613011619824719502e-03 7.258296306497345751e-03 5.546843231741267755e-03 7.375702845899498490e-03 4.818266098842391605e-03 7.376185067187090473e-03 1.343129754981686914e-02 5.506244105646810293e-03 7.075762994724935431e-03
3.552905379375919000e-03 6.367275034043590361e-03 6.942626865755045264e-03 3.603964658176666246e-03 1.139064680565100764e-03 2.018077063325715830e-03 7.289260832936685433e-03 7.263530222769956808e-03 8.229035941073723284e-03 7.186446372157007448e-03 7.302812397646183014e-03 7.301325844834572094e-03 5.103461768611196499e-03 7.302809124446188113e-03 7.302812397646183014e-03 7.302812397646181279e-03 6.149455828018534666e-03 6.977220078919846476e-03 7.055932600799179506e-03 3.660012216210272590e-03 6.831671494582029942e-03 6.047426078253460846e-03 7.185654938799487454e-03 7.248857247189415681e-03 7.302812344920766967e-03 7.290693625297030300e-03 3.099797264283614753e-02 7.302812397646183014e-03 5.051290219911588018e-03 5.876674353703391362e-03 7.302806244412204245e-03 7.118497846156483962e-03 7.302812397646183014e-03 3.755949144326418618e-03 7.302591204708970898e-03 7.942079140167503798e-03 7.876764808897887549e-03 7.302812397646183014e-03 6.559449828631537700e-03 2.405648223574919243e-03 7.858261933901275823e-03 6.109335257761641484e-03 7.690507030535981801e-03 5.956218005168532371e-03 1.418751446499820490e-02 7.575653640347432966e-03 6.594204715646464175e-03 2.354728157946928049e-03 7.049685106159437990e-03 7.302812397646183014e-03 6.342950783097097561e-03 7.302812397594260138e-03 3.188844446413376457e-03 7.144525750898434238e-03 3.512704062423973499e-04 2.610819316271354058e-03 1.693128342776112306e-03 7.290372142764324492e-03 7.301181214903764392e-03 6.140703467368056542e-03 7.256805343928506187e-03 3.165965265079640281e-03 1.789577215178042146e-03 7.107850437844197289e-03 7.302813291295519836e-03 6.996885576993243545e-03 6.240402833319934686e-03 3.121573415679392699e-03 7.302807727073545169e-03 7.302811498146072333e-03 2.215301704054198351e-02 7.120511931588957392e-03 6.766106645176773147e-03 6.779656647683819648e-02 5.510061816703925100e-03 7.477194176013324950e-03 7.426036133381655989e-03 6.921345181303792046e-03 7.274042678226644645e-03 7.295127369561532626e-03 7.039801912248047112e-03 7.242249779544861904e-03 7.426915425955949411e-03 7.302812397646183014e-03 5.448716385405152386e-03 7.302812397646183014e-03 4.885528426355157001e-03 7.302812394270607153e-03 4.663321971733200635e-03 1.012613190567819392e-02 6.677244831946775941e-03 2.767344062528357632e-03 2.472046933636883395e-03 7.302812397646183014e-03 7.540835021018900235e-03 7.774731885219459369e-03 7.302727390658953280e-03 7.302812081259824062e-03 5.701865382915523479e-03 8.057442203877846626e-03 1.017983797203687521e-02 9.412566415214929094e-03 6.881250021538771848e-03 7.302812397646183014e-03 6.565190297920246026e-03 2.889038196771949452e-03 4.545066533464099667e-03 7.236450291966298534e-03 6.820272754246179021e-03 7.834485116788060532e-03 7.302812397646183014e-03 9.545502950664875794e-03 5.122530620972398641e-03 7.302812385606361617e-03 5.489079362392729547e-03 6.257507884049193052e-03 7.302417625402947594e-03 7.302812397646183014e-03 7.302812396716819657e-03 6.986290980091526201e-03 3.030804806123542274e-03 7.185285224577989474e-03 7.985007697471615748e-03 6.435980493457046925e-03 6.795925532084877430e-03 5.677357743202548178e-03 8.645981299201814865e-03 7.302811701055489900e-03 5.148751012457019813e-03 7.144738473051895702e-03 8.689678185210903197e-03 7.301104885940342022e-03 4.879262323636882580e-03 7.302811205765761399e-03 2.194724767048260305e-02 4.919293844767876241e-03 7.956294398955230870e-03
2.634946262226470996e-03 9.182519934526638464e-03 8.297891732997471695e-03 7.292230644881455767e-03 2.967032631558067651e-02 1.131343263572621473e-02 7.547411354769755637e-03 7.573842531234008073e-03 5.663652495391038877e-03 7.442792719626331772e-03 7.561442832401929319e-03 7.559886540139500871e-03 8.753837660241981303e-03 7.561439433061326910e-03 7.561442832401929319e-03 7.561442832401926717e-03 6.619401313930931181e-03 7.243750210238140454e-03 6.188220632481711454e-03 1.324743911882459921e-03 7.044650955091817657e-03 8.971284552598912318e-03 8.133275342384680209e-03 1.952069489821784765e-03 7.561442777809244779e-03 7.549091011148170022e-03 3.114625464407429385e-03 7.561442832401929319e-03 6.832098369716414592e-03 4.823988618866659715e-03 7.561436461250045475e-03 7.370600747612374506e-03 7.561442832401929319e-03 3.001423047041592868e-03 7.561213805877129573e-03 5.191661867329305791e-03 7.852867720566062901e-03 7.561442832401929319e-03 4.477046276040727753e-03 1.094499361927008668e-02 8.130514918330852478e-03 7.650272348845086126e-03 7.079044547789616233e-03 7.467985650989965828e-03 4.985192036365690242e-03 4.147285403029557331e-03 5.326013505149399842e-03 2.816658165010141931e-03 1.250647937577182255e-02 7.561442832401929319e-03 4.258909086752809756e-03 7.561442832348166769e-03 6.087341689704031319e-03 7.397407937985088847e-03 2.119166285062105016e-03 5.985495551693616537e-03 3.726119147839481935e-03 7.548562547608144574e-03 7.559764302283388492e-03 4.065364972771792068e-03 7.584193227511000848e-03 4.358283196026881481e-03 4.591811178498846242e-03 7.079730473877453127e-03 7.561442791892689259e-03 7.233205346277034320e-03 8.593796278411504688e-03 5.846803086309994985e-03 7.561437997677938373e-03 7.561441790321708593e-03 2.464402273096318388e-02 7.601292961716420854e-03 9.470339281168879339e-03 4.920645226957134043e-03 6.235841765980494958e-03 7.383049871912679245e-03 7.507467162485509729e-03 5.429025145923757102e-03 7.531348961895625860e-03 7.553485638849792051e-03 6.177943164993528365e-03 6.418457120015702913e-03 6.951062005831436068e-03 7.561442832401929319e-03 4.312443737706860014e-03 7.561442832401929319e-03 1.146397274364626719e-02 7.561442828906808460e-03 7.628537161825621818e-03 1.219304069863072493e-02 6.929112131439021417e-03 4.245836982983818703e-03 2.647097775313925205e-03 7.561442832401929319e-03 8.006717327214692842e-03 7.882778192441819431e-03 7.561354814875972420e-03 7.561442504574278009e-03 7.370247198688605408e-03 7.173295738314391067e-03 6.595489305262483212e-03 7.413131620269044347e-03 7.124967539688558012e-03 7.561442832401929319e-03 6.756104840746586689e-03 9.756591431777944133e-04 1.729251924873810228e-02 6.177367156349642882e-03 7.859151607891603358e-03 6.575539484585893150e-03 7.561442832401929319e-03 6.972517324526196839e-03 1.369141773883614070e-02 7.561442819935714627e-03 9.041410545837598803e-03 4.197855169223187015e-03 7.561033691589507007e-03 7.561442832401929319e-03 7.561442946095700730e-03 7.229618870404334700e-03 7.508553936947320352e-03 8.143201582498729024e-03 7.446098987174640596e-03 6.674658480872225699e-03 5.823152971633194751e-03 8.432513097175870637e-03 5.552370591807507562e-03 7.561442111141115224e-03 4.927619763657861175e-03 7.029784418267220197e-03 1.021214691735522311e-02 7.559531450522704622e-03 3.931706102735993413e-03 7.561441598310810960e-03 6.265777780559161729e-03 1.193271506533398474e-02 7.985296266461968176e-03
2.372719229253941048e-03 6.722133116707986085e-03 5.717902003759582456e-03 6.427179340458823338e-03 2.877511339637107740e-04 3.808907441967566976e-03 6.032291093266754951e-03 6.011242273646355549e-03 6.392842440741381901e-03 5.952711728144288207e-03 6.043497352889746176e-03 6.042732149029069778e-03 8.680822603695898323e-03 6.043494636004825143e-03 6.043497352889746176e-03 6.043497352889744441e-03 3.829593319028078754e-03 6.228207047027668579e-03 5.981991580490226938e-03 1.068643138255471331e-02 7.498171815088177164e-03 6.108967957676113628e-03 6.662302849820975030e-03 3.692521084031433545e-03 6.043497309310672666e-03 6.033477751226708208e-03 2.548344079492096195e-03 6.043497352889746176e-03 5.307238565120847400e-03 5.416984436271332984e-03 6.043492260734664029e-03 5.890966591218152644e-03 6.043497352889746176e-03 2.177040326045435754e-03 6.043314303027270094e-03 5.431605498330104552e-03 5.927805737710419194e-03 6.043497352889746176e-03 1.258680025243013451e-02 2.892600309924611528e-03 6.218794530095893974e-03 7.236531196691499065e-03 6.112927964067876516e-03 6.257885120398180498e-03 4.179063862592411784e-03 5.724419962211320725e-03 6.674570493542240392e-03 3.911222501322027083e-03 7.186693239396914692e-03 6.043497352889746176e-03 3.670424884818304818e-03 6.043497352846776208e-03 4.941973003986028200e-03 5.912394030293144365e-03 1.313597798479760725e-03 5.624483162792370296e-03 1.901099109542103982e-01 6.033231374919945794e-03 6.042148710298679906e-03 4.145705859033817567e-03 6.031825186437042227e-03 4.597696120407888595e-03 2.098934292908227750e-02 5.895190420307554191e-03 6.043497321432256784e-03 5.843104634590068000e-03 4.564939671462826809e-03 7.849844743253488188e-03 6.043493632918974651e-03 6.043496520005209663e-03 1.307852821370638144e-03 6.063459855573911407e-03 6.748022526704013958e-03 4.352673795339207299e-03 7.643347652937467970e-03 5.994158609347872806e-03 6.000369864215544802e-03 5.427091525495455517e-03 5.870433974071607650e-03 6.037137554269079130e-03 6.858716912290055943e-03 6.412869023930274290e-03 5.602652811441940182e-03 6.043497352889746176e-03 4.096540121833118324e-03 6.043497352889746176e-03 1.492080094575233898e-02 6.043497350096262849e-03 3.752861486288488774e-03 4.829858503681895912e-03 5.526246833458726797e-03 1.347674103513587119e-03 5.066589422609033520e-03 6.043497352889746176e-03 5.987975485263074930e-03 5.982115954644292959e-03 6.043427004717092689e-03 6.043497091691638762e-03 5.783025310521659398e-03 5.665633682176283992e-03 6.076936463272160881e-03 5.101986812445777515e-03 5.694637037312625868e-03 6.043497352889746176e-03 5.409910017400094799e-03 9.425910420992526448e-03 1.122124290528762457e-03 5.957642722408892227e-03 5.854995063361795836e-03 5.918451046537671206e-03 6.043497352889746176e-03 4.482435318359506184e-03 1.581247324160583306e-02 6.043497342926100815e-03 6.800286582041724717e-03 4.566735969819505671e-03 6.043215823124691889e-03 6.043497352889746176e-03 6.043497352154585112e-03 5.828878661540187224e-03 9.659837187062564334e-03 7.473133332628839262e-03 5.337425587663402124e-03 5.892591613803449015e-03 5.370483843921068125e-03 7.894257319049762314e-03 5.235455904845451140e-03 6.043496776420688790e-03 3.675863369761717039e-03 5.326332551945132422e-03 5.010894547712905524e-03 6.041853580327566191e-03 1.484168833719219215e-03 6.043496366540106191e-03 1.474103020785850690e-02 3.947518250200803339e-03 5.898559920809842705e-03
2.920321250270473210e-03 8.963580008750915429e-03 7.786105869377701535e-03 5.838703220699012660e-03 6.050181759440403755e-03 7.011027630505723557e-03 8.418471373545170777e-03 8.388469115815245375e-03 9.068502652740059039e-03 8.339061825469040387e-03 8.433382552327070916e-03 8.431646739465765636e-03 6.300623547254677326e-03 8.433378763076111034e-03 8.433382552327070916e-03 8.433382552327069182e-03 1.051813852214510993e-02 8.123120458680188616e-03 7.469033582844728132e-03 5.473484160508775356e-03 7.846519756209405574e-03 7.410654465368590044e-03 8.757991091188948446e-03 6.039926983772052685e-03 8.433382491382620041e-03 8.419419082707635046e-03 5.127097190042384338e-03 8.433382552327070916e-03 6.185701188806622293e-03 5.929436853438527916e-03 8.433375446492604940e-03 8.230054250711269989e-03 8.433382552327070916e-03 2.833319721013274201e-03 8.433127115898025883e-03 7.158694888110305084e-03 9.725575766887368037e-03 8.433382552327070916e-03 5.346571821196146289e-03 4.427653670138207223e-03 9.466770096597455081e-03 8.547502522200923353e-03 7.436548782131181291e-03 7.881857867186750286e-03 7.001247880556065069e-03 7.283435473428500825e-03 8.539343027951751611e-03 4.345192902586698740e-04 6.535214289087382632e-03 8.433382552327070916e-03 8.957541257489213399e-03 8.433382552267110199e-03 3.686860842085734179e-03 8.250432148660025514e-03 1.357244035724966894e-02 4.685097371193257601e-03 1.969254013008046172e-03 8.423104585154878379e-03 8.431634279316263178e-03 7.299069843308886307e-03 8.393651620562504398e-03 7.413893166504512827e-03 1.936455342695789401e-03 7.826531360435030199e-03 8.433382507146596971e-03 8.071453163221055729e-03 7.922983136619954694e-03 3.972029058648696327e-03 8.433377320687966347e-03 8.433381390081167231e-03 2.215609721977958215e-03 8.602237036440401469e-03 9.850159434641677508e-03 5.475689353101470536e-03 1.035021283205411063e-02 7.544016958920388150e-03 8.373209995342413905e-03 8.783368110400263315e-03 8.496487215661237616e-03 8.424507783041598058e-03 7.858352817120247205e-03 7.351435313949733312e-03 8.055757345479634679e-03 8.433382552327070916e-03 1.008761922985263251e-02 8.433382552327070916e-03 4.353998877436047847e-03 8.433382548428913078e-03 4.080714470270536097e-03 3.499462834814821063e-03 7.710806248698701994e-03 5.193632396882509605e-03 2.992630400797347597e-03 8.433382552327070916e-03 9.961776395775964396e-03 8.375196117943514013e-03 8.433284385154169935e-03 8.433382186663208879e-03 1.050536061128805668e-02 8.616216374725624988e-03 2.788666375458071292e-03 4.821407979674667554e-03 7.946688925230130721e-03 8.433382552327070916e-03 7.533359747509382406e-03 4.293471583611649552e-03 2.422568385169442291e-03 6.655737009014897447e-03 8.229318478267483999e-03 7.158192705081288347e-03 8.433382552327070916e-03 9.248257465734760832e-03 6.365281151414851554e-03 8.433382538423328176e-03 9.820590001733861887e-03 3.139420926803532328e-03 8.432923173850200016e-03 8.433382552327070916e-03 8.433382551257702364e-03 8.074241913419889435e-03 7.157253761844117879e-03 5.544684939810519582e-03 8.333971958400012911e-03 7.223995430903875498e-03 6.453264676710649544e-03 8.762610750369229096e-03 6.445594711663300141e-03 8.433381747894834815e-03 3.864629006264147255e-03 8.015405801416854506e-03 6.487276615012635590e-03 8.431085473432093497e-03 7.357849014285181184e-03 8.433381175928051851e-03 6.937447145973479196e-03 3.760407549280696780e-03 8.923642342351954804e-03
1.266617545844646656e-03 9.048220252066046035e-03 6.737895347814427255e-03 7.613201830990806544e-03 4.249626187399303812e-02 9.966030286906695304e-03 7.749591156570345349e-03 7.722237226422839530e-03 5.419638835628447573e-03 7.645277194884701061e-03 7.763997454979999768e-03 7.762399419208167867e-03 7.970785296963826122e-03 7.763993964573975663e-03 7.763997454979999768e-03 7.763997454979998034e-03 7.879727937602356430e-03 7.485971243904143528e-03 6.384627955408040366e-03 1.579111696346510631e-03 7.231622992935565417e-03 5.764532410409546788e-03 7.728704233249844222e-03 2.700764696320719863e-03 7.763997398872001313e-03 7.751333231746401591e-03 2.700995354940006338e-02 7.763997454979999768e-03 6.597501665270068608e-03 6.601999382633990353e-03 7.763990913158801306e-03 7.568043132082540210e-03 7.763997454979999768e-03 1.218875940883400351e-02 7.763762318260247590e-03 6.618632997595816012e-03 8.364937536691019124e-03 7.763997454979999768e-03 3.297100372327517199e-03 3.527095405189937648e-03 8.519802231840203216e-03 8.188566430353599532e-03 7.878969929688518434e-03 7.276814099186410326e-03 8.087761918077040341e-03 3.906444977137445845e-03 6.780671283436909627e-03 5.637328427001789440e-03 6.664089425464571337e-03 7.763997454979999768e-03 6.387665364186745701e-03 7.763997454924797398e-03 1.442025278398323222e-02 7.595568421950237362e-03 4.128494838728556139e-03 2.939165975021055307e-03 1.829101988671683011e-03 7.750771581099707465e-03 7.762259429714779037e-03 2.807515182777925184e-03 7.750630282060525650e-03 2.639483629090251873e-03 2.365876106383270946e-03 7.582413636911221333e-03 7.763997413435899143e-03 7.426899169819543671e-03 5.722870881146215581e-03 5.575826781355496670e-03 7.763992511917178728e-03 7.763996384984717287e-03 1.965269948465508780e-03 8.226346288658753850e-03 9.777067709956871466e-03 5.082505532515236950e-03 4.216032565746819817e-03 5.221163291110372806e-03 7.708577602366737530e-03 5.140434647879299837e-03 7.844129201975472837e-03 7.755910285201166043e-03 8.228520267983145675e-03 7.778527291636585031e-03 6.763066611132215016e-03 7.763997454979999768e-03 8.449352581822021369e-03 7.763997454979999768e-03 7.908415111226417202e-03 7.763997451391677421e-03 4.535041080426750401e-03 6.397939347366953834e-03 7.098870754916889597e-03 1.270100196649309385e-02 1.293820608834212252e-02 7.763997454979999768e-03 7.014026043801515828e-03 7.738682357387276223e-03 7.763907079655620221e-03 7.763997118341100720e-03 8.099381526222658445e-03 7.597942010809823413e-03 2.754560721183732172e-03 5.867899067172064990e-03 7.315779428370746545e-03 7.763997454979999768e-03 6.998409456530219584e-03 6.006216415459575582e-03 4.869384742217952936e-03 6.650071010264962078e-03 6.884668666096546881e-03 7.638016118638645859e-03 7.763997454979999768e-03 6.117730000736293881e-03 6.380972859210989195e-03 7.763997442179843000e-03 8.535704164483126632e-03 6.161310651260970203e-03 7.763906415261804216e-03 7.763997454979999768e-03 7.763997453991922960e-03 7.439541248252651978e-03 7.456267816187724974e-03 6.445168299240730536e-03 6.249014234009431408e-03 6.458846512131291226e-03 5.047577855817495136e-03 8.603774748284810647e-03 5.221950936184954588e-03 7.763997579589764983e-03 4.135259880699445299e-03 5.788063575440558460e-03 3.829987474165939560e-03 7.761883407356969140e-03 9.364775986675717354e-03 7.763996187830262199e-03 1.468746194352791613e-03 7.506767276955579257e-03 8.395928245735899062e-03
1.994540938157415150e-02 6.950925954031713164e-03 9.865912825962726285e-03 6.480180313860082336e-03 9.459717740166958839e-04 2.800220810376942426e-02 7.493193377017339646e-03 7.466772882667139025e-03 4.973850232783978004e-03 7.387566463466287842e-03 7.507123434658866286e-03 7.505578292571720052e-03 8.438269091520877660e-03 7.507120059734183684e-03 7.507123434658866286e-03 7.507123434658940879e-03 2.080383313908950108e-02 8.975418722617645173e-03 7.053259581883237865e-03 3.428499788489006942e-03 7.001367348708727352e-03 6.628377732762337320e-03 7.921359814694746773e-03 8.109324059923473521e-03 7.507123380910083951e-03 7.494665015387162212e-03 5.455697629106602553e-03 7.507123434658866286e-03 1.263735518322418698e-02 2.436910287021446138e-03 7.507117109275645607e-03 7.317652309959227566e-03 7.507123434658866286e-03 7.444424943366486323e-03 7.506896054019553469e-03 5.384210459777023262e-03 7.224627777154189918e-03 7.507123434658866286e-03 4.089685271639328240e-03 1.801238824723301732e-03 7.662312403616694002e-03 6.711836331375307073e-03 7.334766478752583960e-03 7.237965779569682095e-03 6.522574198138636307e-03 3.652296791338929902e-03 6.602446516826909056e-03 1.137134896315953464e-03 1.276810346426132149e-02 7.507123434658866286e-03 7.334577314808471069e-03 7.507123434605490579e-03 3.263077865413601970e-03 7.347967721790863577e-03 8.601712321274514444e-04 2.500656169996002057e-03 1.740141602309828919e-03 7.503354774931412716e-03 7.505611660197943763e-03 1.133765906462422257e-02 7.472043942417055246e-03 4.806315169984477255e-03 6.751578611417403085e-03 7.326168400436284048e-03 7.507123394440553231e-03 7.181119218987093780e-03 9.087346802326846940e-03 5.014953067815887400e-03 7.507118826630855904e-03 7.507122400064673851e-03 3.829683486324125460e-03 7.304600339433266719e-03 6.971096313521077566e-03 4.869458206775934168e-03 7.454603529037244318e-03 6.579046643705408273e-03 7.453535278936204711e-03 1.089475991694016828e-02 7.131219110950342936e-03 7.499223400790268335e-03 7.176680006717248671e-03 6.956545099558212111e-03 7.415961176926648239e-03 7.507123434658866286e-03 3.601887894762359921e-03 7.507123434658866286e-03 6.974494977674351552e-03 7.507123431188887641e-03 3.089847976042811410e-03 4.105384926493017839e-03 6.864014583059753136e-03 8.723865460953012007e-04 3.063725071570929954e-03 7.507123434658866286e-03 7.660730121760078726e-03 7.721893521950548393e-03 7.507036050971598387e-03 7.507123109906884903e-03 9.820721128505563099e-03 7.897410894711154664e-03 4.058084264242358893e-03 5.911439733364194996e-03 7.213778836798507774e-03 7.507123434658866286e-03 6.917411264719526727e-03 1.873241435708481242e-02 1.506910675711302643e-03 7.051892139479198733e-03 1.020024842976528616e-02 7.747036206696420076e-03 7.507123434658866286e-03 7.778690227875370046e-03 5.628510443382235204e-03 7.507123422282206693e-03 7.056032906982125964e-03 1.851719347351401049e-02 7.507022837310249261e-03 7.507123434658866286e-03 7.507123433854398682e-03 7.179483579116542440e-03 4.458715603101606230e-03 5.512684703183819666e-03 7.215552382382793041e-03 1.049793263455667432e-02 6.346709440357157714e-03 7.232830375905545395e-03 7.226842369625612918e-03 7.507122718579397995e-03 3.628759515056569074e-03 8.203784748147931183e-03 8.142474706972081810e-03 7.505098042595732474e-03 9.141264639416092630e-03 7.507122209433130314e-03 1.002106725937886716e-02 8.389537488083031319e-03 6.736636813938709674e-03
5.627760186986597093e-03 6.644904173521390921e-03 7.601238234342360366e-03 1.143409928382297519e-02 6.265912589896607907e-04 9.269595158072678476e-03 7.585585798547010358e-03 7.581430240011630475e-03 6.100234076559737234e-03 7.478276736138472075e-03 7.599265160968547532e-03 7.597928831094158224e-03 5.955046007703772813e-03 7.599261744630204235e-03 7.599265160968547532e-03 7.599265160968545797e-03 8.354034798824417837e-03 7.689210499573387141e-03 8.205479673847706698e-03 3.212658840154695994e-03 7.224652748508220493e-03 8.486962309953457670e-03 7.644746195110317666e-03 1.445784442728996130e-02 7.599265106050932805e-03 7.586654537666612588e-03 4.519575507752039700e-03 7.599265160968547532e-03 5.976083632734598312e-03 8.112948007174655002e-03 7.599258757948170601e-03 7.580294853492933020e-03 7.599265160968547532e-03 6.867784833853953809e-03 7.599034989172463728e-03 6.100373377654507573e-03 7.803937463346283590e-03 7.599265160968547532e-03 3.099242910894685517e-03 6.445835245935791283e-03 7.382667266599123729e-03 6.700580120547235639e-03 7.995491033791352065e-03 7.869277221559464394e-03 6.337300550538099188e-03 6.508376165934402248e-03 1.006195209990129805e-02 6.531889105436050440e-03 6.645627761095174169e-03 7.599265160968547532e-03 6.843016181420415525e-03 7.599265160914516100e-03 3.079567064633519438e-02 7.434409763961981679e-03 2.505557681206849446e-03 5.042504094163477966e-03 2.692080782230433112e-03 7.586319910161464647e-03 7.597571504201594550e-03 7.023282319350785882e-03 7.553989136380951340e-03 5.156723951768038723e-03 4.695055661868127207e-03 7.907689630227318980e-03 7.599265120256767231e-03 7.273216874175907759e-03 8.641617369089513168e-03 4.846236848867991817e-03 7.599260299922256344e-03 7.599264113675842716e-03 1.723507650117890068e-03 7.557455332408600894e-03 6.477910899542666835e-03 5.359593176449225192e-03 5.580110939709450116e-03 7.638926277539824332e-03 7.545265523999433906e-03 6.622870866481256856e-03 8.144559276983716345e-03 7.591268187246375497e-03 5.499425007906649787e-03 7.136218895135169708e-03 7.142210722855851096e-03 7.599265160968547532e-03 7.225494598558159474e-03 7.599265160968547532e-03 1.072333965176978064e-02 7.599265157869244600e-03 2.762731296293380497e-03 6.168385088976035061e-03 6.948928817237819133e-03 6.545762059380772976e-03 2.867535863691111735e-03 7.599265160968547532e-03 8.342307851083863302e-03 7.562470254305593900e-03 7.599176703179247490e-03 7.599264836903599045e-03 5.993976335596539959e-03 9.094027201634645799e-03 9.562223577016928933e-03 2.805290901253251496e-03 7.202831685113719046e-03 7.599265160968547532e-03 6.894277556208395184e-03 6.170801980033033089e-03 1.517010859141614681e-02 7.721987495446240059e-03 6.498820642662310292e-03 7.759466235068459075e-03 7.599265160968547532e-03 7.138545520184854005e-03 6.084977060767287130e-03 7.599265148439977337e-03 7.033852639719362712e-03 2.440024487118713260e-03 7.598862709114826385e-03 7.599265160968547532e-03 7.599265160001434857e-03 7.627641581434139659e-03 6.229300714390979647e-03 8.717812359385223100e-03 7.666551840708556338e-03 6.212465778841868083e-03 8.566889830704079584e-03 6.993159491704835362e-03 1.852023969673433773e-02 7.599264436099987391e-03 3.704526010395540418e-03 7.131977848341478077e-03 6.496687710191471725e-03 7.597702020638245901e-03 1.272228694353502026e-02 7.599263920704672423e-03 3.193872158099742443e-03 7.160919290188440083e-03 7.843412589947361055e-03
2.049027123468818209e-03 6.833503076210520853e-03 6.268168774929938972e-03 1.669166949912930659e-02 2.072498595639120367e-03 2.245487376228610769e-03 6.861763656429623222e-03 6.833324793188642367e-03 9.627517763023913516e-03 6.762580367201996914e-03 6.870234312792055514e-03 6.868824001698330649e-03 8.190897654085380411e-03 6.870231224188929654e-03 6.870234312792055514e-03 6.870234312792053780e-03 7.586065300860861740e-03 6.599474369545874075e-03 8.029596935966798812e-03 1.642261690676617703e-02 6.417395749503495075e-03 8.368173611732308489e-03 6.707638155775469055e-03 2.982098821040510966e-02 6.870234263143472526e-03 6.858830435961801170e-03 3.486486651935199847e-03 6.870234312792055514e-03 6.448543972264148688e-03 5.636485141651257670e-03 6.870228524048204062e-03 6.696837532452629485e-03 6.870234312792055514e-03 5.828191685018681463e-03 6.870026222111879667e-03 7.572562229799704135e-03 6.697553554968555672e-03 6.870234312792055514e-03 4.619086283179273111e-03 1.689842610184027691e-02 6.462290077803948922e-03 6.558713323479202495e-03 6.463194269837968173e-03 7.386747386840228184e-03 7.815812700193883883e-03 1.063262137264628197e-02 7.006386956947597416e-03 3.932779380533816226e-03 5.149984228557458361e-03 6.870234312792055514e-03 1.569612487450525173e-02 6.870234312743207436e-03 2.970797234280658956e-03 6.721236129429577523e-03 4.543833909589102549e-03 7.549928236289953770e-03 1.678862447551336635e-03 6.858530948863661089e-03 6.868700439521530435e-03 1.061880566123767425e-02 6.846905373252388551e-03 1.946983268075848025e-02 1.481611396450142545e-03 6.880756502825768894e-03 6.870234275986842123e-03 6.582507553185747672e-03 8.141210152518096529e-03 8.556517429160795038e-03 6.870230163805989346e-03 6.870233365970748393e-03 8.852127479849411507e-04 6.618891048759046290e-03 6.278790681701899162e-03 7.404493080772498771e-03 5.712611543870714341e-03 8.582732671676045547e-03 6.821795368344362245e-03 7.040987820502578494e-03 6.495760780907577914e-03 6.863004501765934164e-03 8.199125258316440970e-03 6.677278102421202628e-03 7.934200094011972446e-03 6.870234312792055514e-03 6.630629727964887019e-03 6.870234312792055514e-03 1.432229223688663219e-02 6.870234309616442096e-03 7.672057876773170047e-03 1.099296919056583915e-02 6.286006193940857530e-03 1.083420962751513623e-02 1.059851074737682038e-02 6.870234312792055514e-03 7.434378186935490691e-03 6.646865211096947279e-03 6.870154341146234370e-03 6.870234014908876453e-03 6.917753685993642543e-03 7.279698052101833509e-03 4.622689427282252253e-03 6.722568322635474707e-03 6.473613721475892507e-03 6.870234312792055514e-03 6.138518306704803841e-03 2.001000552231174158e-03 6.015593014793677203e-03 7.503209319451567029e-03 6.641099387049301597e-03 7.051071294212045253e-03 6.870234312792055514e-03 7.930747696708598943e-03 6.407919233056312731e-03 6.870234301465405827e-03 6.506563966834104894e-03 3.880579008597467242e-03 6.869868795414828949e-03 6.870234312792055514e-03 6.870234311920820139e-03 6.621563501080466631e-03 6.394513032120101824e-03 5.563717645176062022e-03 9.060218090422353723e-03 7.646794969518105715e-03 7.857134000867616735e-03 5.670025262404941070e-03 7.017332801574916942e-03 6.870233660791668674e-03 4.398993568950779198e-03 9.929650947768563218e-03 1.238925001588493842e-02 6.868386066744458680e-03 6.867480967120908990e-03 6.870233191511984118e-03 5.167641835328075535e-03 8.460778006044901087e-03 6.950060077579044843e-03
1.272255171020745743e-02 5.845493949305374110e-03 7.913088487048101916e-03 7.950037622583934135e-03 1.065562454918934270e-03 5.474876417208149153e-03 7.205632802827975983e-03 7.152236630971950219e-03 8.123845893082607197e-03 7.076146755884907789e-03 7.190726128198871372e-03 7.189248431943319299e-03 5.445960109209155298e-03 7.190722895514440466e-03 7.190726128198871372e-03 7.190726128198869638e-03 1.740015047721194322e-02 6.874845548574571273e-03 7.452213267320702966e-03 7.329813763408154527e-03 6.946014505690102994e-03 8.213386873562267265e-03 7.798518248927704781e-03 9.382457774568288278e-03 7.190726097268696285e-03 7.178789770542749055e-03 3.245118207677365283e-03 7.190726128198871372e-03 7.284117403167528551e-03 9.717055681949238882e-03 7.190720069407007323e-03 7.009241654891302901e-03 7.190726128198871372e-03 2.648502101456349893e-03 7.190508330215197169e-03 7.660458707837257755e-03 6.804459966663800770e-03 7.190726128198871372e-03 3.284224181015322173e-03 3.256805585656664427e-03 7.140702808006907550e-03 6.764177695099462054e-03 7.042685734204487923e-03 7.688490221509323985e-03 9.366865534233218687e-03 1.172110450035420900e-02 8.445737208619685799e-03 5.957550087170155467e-03 5.032410240984523317e-03 7.190726128198871372e-03 9.697085283686988216e-03 7.190726128147747337e-03 6.103992447318300207e-02 7.034775526361683462e-03 1.017048875960255110e-02 2.837890271602682649e-03 1.882479097461225341e-03 7.178502512003307606e-03 7.189199852521884100e-03 3.414320279610656445e-03 7.147921097628498824e-03 5.256682759128778436e-03 4.276778114109119899e-03 7.554165918777042132e-03 7.190726089675785609e-03 8.655338943896155948e-03 6.305176131701594952e-03 5.089717882160636753e-03 7.190721525446934839e-03 7.190725137209154870e-03 8.669163399981804534e-04 7.611548899769557570e-03 5.699391416486432847e-03 4.664125310178694230e-03 7.424192371481554316e-03 8.535833458448010072e-03 7.139402621422177159e-03 6.741981950701707652e-03 7.225578354659239338e-03 7.183159831875458000e-03 5.556010156524899928e-03 7.666626603937706438e-03 7.070885890922756420e-03 7.190726128198871372e-03 8.074348874288220235e-03 7.190726128198871372e-03 7.550671706818006153e-03 7.190726124897337847e-03 1.091570437619535962e-02 1.053212520230244718e-02 6.575928875872316497e-03 1.486041027315900855e-02 3.088791532902740184e-03 7.190726128198871372e-03 7.080919509720907598e-03 7.289765610798965359e-03 7.190642425933079299e-03 7.190725816446029948e-03 8.212426270570885242e-03 8.267837775680486959e-03 6.637981725072271584e-03 2.729000266985152825e-03 6.777878709845466462e-03 7.190726128198871372e-03 7.409263338296253991e-03 3.932993422982953430e-03 5.531532093745052114e-03 6.634395696644440447e-03 7.720375670514514378e-03 6.767537123721965517e-03 7.190726128198871372e-03 7.754322224251382345e-03 5.462601343217006987e-03 7.190726116343841394e-03 6.229694397520023005e-03 4.401366384640129949e-03 7.190333801406576658e-03 7.190726128198871372e-03 7.190726127283776116e-03 6.970512358893223188e-03 6.554371591927517227e-03 6.147606008681689820e-03 5.616896825487979750e-03 7.402045839808636153e-03 6.141286155517234648e-03 5.168395479533138999e-03 5.678938956398721198e-03 7.190725915604352994e-03 5.296904952321623318e-03 4.813001142793870389e-03 5.534389470402329737e-03 7.188775243497010428e-03 1.203280551837388433e-02 7.190724954611839130e-03 3.897782110956405331e-03 5.538122012667397870e-03 7.123267579658884227e-03
6.071616093103342909e-03 7.201076638447553337e-03 8.998184426688380158e-03 8.588906089958088172e-03 9.069822275584203198e-04 7.853191172095638772e-03 7.140232713393823878e-03 7.114753124067003769e-03 5.767965396529128007e-03 7.044729322469713700e-03 7.153202841035519871e-03 7.151755891971428233e-03 4.572716716306681611e-03 7.153199625246238307e-03 7.153202841035519871e-03 7.153202841035518136e-03 6.201856727709523232e-03 6.854224508437211510e-03 8.193591941045724053e-03 1.560480829167100805e-03 6.785008402161485895e-03 6.765097305483143419e-03 6.587225960064604577e-03 1.380311246498049788e-02 7.153202789343290381e-03 7.141328718009937702e-03 4.203393142401437577e-03 7.153202841035519871e-03 8.170185359072714218e-03 6.921973879757274510e-03 7.153196813860182059e-03 6.972664263401632048e-03 7.153202841035519871e-03 3.611679399734097403e-03 7.152986181702034561e-03 6.084908583201603313e-03 6.489096160525216136e-03 7.153202841035519871e-03 7.213899371864915776e-03 8.224564575887910456e-03 6.826099589854034075e-03 9.251426968592517050e-03 7.195321290194787653e-03 6.115841933824714069e-03 6.814377997860478209e-03 5.970421399819956718e-03 1.042581512642644717e-02 1.208247877681871592e-03 9.248737052045062634e-03 7.153202841035519871e-03 4.994145404428958386e-03 7.153202840984660381e-03 3.201460589411455563e-03 6.998024140299525728e-03 2.581375480542401780e-03 6.550077234262235114e-03 1.672517724544696476e-03 7.141017869975696021e-03 7.151672389926719796e-03 2.619068900413233560e-03 7.106716354565173997e-03 5.813468170701162861e-03 6.871632984749594282e-03 8.056188838796904048e-03 7.153202802726583119e-03 6.842869916519278561e-03 8.749411677368324966e-03 2.020274937497633025e-02 7.153198259318272086e-03 7.153201855661875212e-03 1.878008709463840215e-02 6.471817200202998645e-03 6.744719791249877833e-03 4.659458395334627016e-03 3.760578895493361853e-03 8.619674867419366282e-03 7.102141124494653485e-03 9.795386131391184067e-03 7.010058132163407389e-03 7.145675251370144955e-03 8.969735151915982779e-03 7.951692344080952754e-03 7.940473522089461916e-03 7.153202841035519871e-03 8.186044414391463811e-03 7.153202841035519871e-03 4.469274197610387765e-03 7.153202837729101364e-03 1.184143278339714993e-02 7.432478441279220804e-03 6.574677172115623962e-03 7.179564673458533122e-03 3.211962538886813275e-03 7.153202841035519871e-03 6.162542723448464349e-03 6.572329091665277817e-03 7.153120291453144396e-03 7.153202530980271902e-03 1.101165550966991952e-02 7.335434771799232215e-03 3.321577521457199506e-03 8.142853662326194134e-03 6.740254897300594281e-03 7.153202841035519871e-03 6.702898927306656478e-03 6.546436145609563564e-03 1.225468066859449574e-03 7.530758059704091741e-03 8.173108264659802863e-03 6.421299671468115589e-03 7.153202841035519871e-03 6.703994595692970224e-03 3.825337896191162435e-02 7.153202829242352734e-03 8.521444869635946134e-03 3.814013256547394218e-03 7.153301555635896598e-03 7.153202841035519871e-03 7.153202840126774570e-03 6.921991051062708483e-03 7.267915098240767743e-03 8.387032555877816861e-03 8.476945738513890286e-03 9.116295803923648092e-03 6.775881815534398785e-03 7.954714940987293176e-03 7.935518963769613507e-03 7.153202158738097317e-03 3.440080905450298380e-03 9.559050102586699044e-03 4.914104433851524886e-03 7.151313745670509134e-03 5.075124194332007385e-03 7.153201673572603600e-03 1.864433389396202498e-02 7.664168561750220841e-03 6.441394561380397489e-03
2.912582840698697655e-03 6.450706726243514606e-03 9.202436188153445551e-03 1.453081421021515385e-02 1.250607975386631206e-03 8.263477951947212005e-03 6.616695214183381663e-03 6.592970014749868074e-03 8.645494128527291336e-03 6.524438688112529222e-03 6.628626356151657954e-03 6.627318807173310060e-03 6.364207170025826948e-03 6.628623376166476594e-03 6.628626356151657954e-03 6.628626356151656220e-03 9.137284227757705782e-03 6.389044501678775752e-03 5.481535498846520568e-03 2.522653610390939750e-03 6.201033768749465887e-03 9.267704311885104421e-03 7.232681806931369299e-03 5.638636600640042733e-03 6.628626308248565004e-03 6.644445918940604726e-03 5.949731119958964407e-03 6.628626356151657954e-03 1.301195709502710358e-02 4.575376887193216384e-03 6.628620770976151842e-03 6.461327674781016002e-03 6.628626356151657954e-03 5.269418054282448000e-03 6.628425583455673821e-03 6.534354139445227964e-03 6.345423159264086503e-03 6.628626356151657954e-03 4.070532062427020120e-03 3.327721775591848622e-03 6.807727715479695851e-03 5.895349944793267308e-03 6.433204569488260027e-03 5.579367466182581260e-03 8.221921748719086820e-03 7.222092378297256636e-03 7.024923085553351487e-03 6.181174541774464050e-03 4.170311906721618257e-03 6.628626356151657954e-03 3.260985635843232332e-03 6.628626356104528120e-03 4.046411119223125921e-03 6.484827606350922029e-03 6.099335792343536095e-02 5.918901905040113882e-03 1.898319773736560287e-02 6.617345290023998912e-03 6.627142026252961539e-03 4.397581962773307492e-03 6.596027116862023497e-03 8.452059168414802551e-03 2.281814584085294952e-03 6.204974576560128886e-03 6.628626320930045869e-03 6.341524962065078069e-03 7.166612870796083834e-03 2.875339638373164853e-03 6.628622116665760199e-03 6.628625442627537022e-03 4.252328573620569978e-03 6.298587662891074086e-03 6.621134688404435760e-03 4.303075464670396734e-03 1.235025488488361231e-02 4.914782318199681366e-03 6.581310373032557906e-03 8.021236285146613951e-03 6.403988457332907870e-03 6.621650952831320547e-03 5.191869719565786294e-03 6.365346956915169524e-03 6.390988915876369761e-03 6.628626356151657954e-03 3.632956696271266890e-03 6.628626356151657954e-03 4.157524901721509208e-03 6.628626353087712156e-03 3.141553831390659496e-03 4.221279663110690146e-03 6.060671443695589931e-03 1.742483527963822540e-02 3.105221124101988257e-03 6.628626356151657954e-03 6.560235433300401833e-03 6.727917912701907033e-03 6.628549372498420203e-03 6.628626068739885621e-03 6.845592152795121343e-03 6.880418961199287822e-03 7.453004572329023636e-03 1.027409039795329666e-02 6.246471536245934777e-03 6.628626356151657954e-03 5.940606997818478202e-03 4.103808390293629815e-02 2.779076205385512879e-02 6.240078508167214502e-03 9.230689393112960842e-03 6.371944886183250958e-03 6.628626356151657954e-03 6.726904592196807781e-03 5.277509875069638819e-03 6.628626345223337206e-03 6.790104140067026485e-03 3.201198161330165957e-03 6.628265859209908455e-03 6.628626356151657954e-03 6.628626355308081010e-03 6.407015422842626644e-03 6.511500959418419637e-03 8.273370456091335215e-03 8.467616568221715198e-03 1.075657951360671841e-02 7.333264714350929900e-03 5.600868401781445086e-03 4.015204032336560161e-03 6.628625723878087649e-03 3.100599151316146135e-03 7.052168825519115024e-03 4.643248067612230912e-03 6.626924725789160725e-03 3.778520736321757962e-03 6.628625274304039521e-03 5.793247064055336189e-03 4.526414993729484422e-03 6.400944829365840319e-03
9.764281226863156388e-03 8.023577041222335060e-03 1.014055992632255550e-02 5.737017450026059458e-03 2.232206270081121130e-03 9.274590314067313046e-03 6.877957093001376213e-03 6.853627660168705449e-03 4.198052987845267252e-03 6.780972804313151366e-03 6.890456311903207787e-03 6.908959254434881257e-03 9.860725066302039252e-03 6.890453214208973852e-03 6.890456311903207787e-03 6.890456311903206052e-03 8.244811320515814737e-03 6.639564994036319112e-03 6.237351508332287207e-03 3.012434721629282317e-02 6.424360536193603893e-03 7.746125408992603212e-03 6.814632286090957503e-03 1.067389147417071270e-02 6.890456262109463138e-03 6.879019215678688556e-03 3.499775732641848772e-03 6.890456311903207787e-03 1.125002314500991862e-02 4.050498451538853649e-03 6.890450511627008341e-03 6.716575653873388396e-03 6.890456311903207787e-03 1.683362450501369595e-03 6.890247608725310995e-03 5.124360933644255336e-03 6.368049998007501919e-03 6.890456311903207787e-03 1.774256008478514168e-02 3.871296718248383277e-03 6.737068066110293157e-03 8.243228314404446935e-03 6.456144275151225187e-03 6.620819890948973462e-03 6.331017265921974960e-03 6.601188417493440014e-03 7.937296921432491006e-03 1.120885775417064002e-02 7.337877462906758526e-03 6.890456311903207787e-03 6.560729396170280996e-03 6.890456311854216594e-03 4.350447398420343066e-03 6.740977528521680841e-03 1.530917694846791084e-02 6.582712861035510364e-03 4.652502417311797298e-03 6.878718518183220970e-03 6.888925579777917252e-03 5.433962693491211152e-03 6.849314754566081069e-03 5.967207141966767749e-03 1.336204180922329109e-03 6.640579728499626695e-03 6.890456274989627088e-03 7.956172036631715960e-03 8.658741305965491838e-03 4.929999791081493728e-03 6.890453902085564609e-03 6.890455362294992808e-03 3.417160231110469119e-03 6.544988185953418310e-03 7.282654727322267034e-03 4.469319635695579752e-03 4.163265399893608006e-03 6.574718687146148370e-03 6.841270854011808310e-03 9.680941928321050438e-03 6.689634904831762326e-03 6.883205220551002687e-03 7.372591170108629827e-03 6.805931916229857916e-03 7.884753757323987797e-03 6.890456311903207787e-03 4.708895163397788623e-03 6.890456311903207787e-03 6.033928781036563584e-03 6.890456308718297986e-03 1.011605185394987005e-02 3.453562232925751901e-03 6.518793980693790222e-03 1.534393565962512097e-03 3.794774928095632355e-03 6.890456311903207787e-03 6.324201684841871361e-03 6.865652367577739813e-03 6.890376104892099486e-03 6.890456050996402078e-03 1.088246470348477012e-02 6.903859581510908908e-03 4.513388227562207047e-03 8.216779557659006222e-03 6.492985271114941857e-03 6.890456311903207787e-03 6.206723613830169781e-03 4.070860197966089111e-02 6.734111708028338306e-03 6.300576139672236890e-03 8.692078109297753791e-03 5.964285120125306129e-03 6.890456311903207787e-03 6.701555450772079918e-03 8.984391394977562367e-03 6.890456318195847807e-03 8.492575592918235813e-03 5.733807841342623661e-03 6.890082443571345951e-03 6.890456311903207787e-03 6.890456311026403949e-03 6.596991104570423467e-03 1.535351133223523783e-02 5.668913366136961278e-03 6.436832174830414872e-03 1.010428268575165427e-02 7.147219201443342704e-03 8.530520156036154253e-03 9.591122985623133992e-03 6.890455654645821250e-03 3.628801816939999664e-03 5.271342810582778024e-03 5.581415085970722889e-03 6.889010734039129058e-03 3.336867897076771245e-03 6.890455187322736506e-03 3.001647163764039304e-03 1.061476861050037954e-02 6.982316650798691543e-03
4.387091872610222876e-03 5.713777382001333088e-03 8.247128135044095101e-03 1.117618990315068055e-02 7.385330253087195145e-03 4.782848198609898627e-03 5.749961692312378914e-03 5.729398788599505271e-03 4.480579867704287921e-03 5.668481886258743864e-03 5.760260586211560750e-03 5.759075456734008037e-03 7.032479383754139911e-03 5.760257996628002745e-03 5.760260586211560750e-03 5.760260586211559015e-03 2.452777394131004911e-03 5.503611220783307702e-03 5.405869493547009463e-03 5.357499330893876477e-03 6.557247927411092789e-03 5.695394685011844448e-03 6.065218915667186864e-03 9.823801611654324473e-03 5.760260544690894505e-03 5.750913086062066186e-03 2.556421747314684655e-03 5.760260586211560750e-03 9.527434206734280292e-03 7.961522580964755860e-03 5.760255732707289522e-03 5.614881270404967900e-03 5.760260586211560750e-03 5.202794417204907595e-02 5.760086116061899873e-03 6.444647102844531031e-03 5.483311346378246659e-03 5.760260586211560750e-03 2.467373528736984453e-03 6.382545547623178460e-03 6.114345830914718304e-03 5.610454832295284737e-03 4.973407859673767070e-03 5.580364980897800468e-03 5.113918100124368281e-03 3.583743564274479484e-03 4.838014703127107609e-03 6.894784394353250297e-04 8.492394532121576300e-03 5.760260586211560750e-03 3.900541827523609090e-03 5.760260586170604796e-03 1.035308000364911982e-02 5.635299880056270777e-03 2.831756524202650848e-03 2.095415844751685481e-03 1.335389175435935504e-03 5.750455666300664619e-03 5.759008563734506481e-03 5.425116898529055640e-03 5.722175599053362822e-03 1.088989596805976963e-02 5.827674454019244644e-03 5.460772641687251100e-03 5.760260556012200377e-03 5.510324504249699759e-03 7.902336083529637456e-03 5.575854212014404176e-03 5.760256908531409883e-03 5.760530586956810230e-03 2.889624593560881360e-03 5.635125911002369405e-03 5.471191106448868198e-03 3.789541348694882000e-03 3.348090711440798381e-03 5.269589512262144899e-03 5.719143857227730957e-03 6.282629858529483260e-03 5.625796581976395642e-03 5.754198903278604123e-03 6.402367004320692195e-03 5.266277591958953841e-03 5.254139491254460406e-03 5.760260586211560750e-03 2.649940933943269877e-03 5.760260586211560750e-03 5.855953851522385269e-03 5.760260583549012617e-03 2.998513632030225858e-03 3.688109438414469404e-03 5.273125998446234579e-03 1.551937869925039968e-03 1.196121106145862228e-02 5.760260586211560750e-03 5.720588409129746983e-03 5.990277293878756848e-03 5.760193535002280582e-03 5.760260336452178304e-03 4.978331866729203935e-03 5.108329260086804519e-03 2.233271437456828355e-03 1.113620505042458957e-02 5.440791905423964479e-03 5.760260586211560750e-03 5.338016170697275006e-03 1.050319134363533616e-03 5.379205219349113276e-03 5.288709787571596425e-03 7.234444627734558375e-03 5.763353850634155701e-03 5.760260586211560750e-03 5.136578711806966818e-03 4.795560867577645069e-03 5.760260576714875194e-03 6.203042790511317621e-03 2.745889180962394864e-03 5.759949663653154452e-03 5.760260586211560750e-03 5.760260585478821360e-03 5.508558910886515725e-03 8.025162420821699283e-03 5.904773739947189772e-03 4.243408521525106683e-03 7.427085260566308050e-03 4.647494819196677784e-03 4.359094694061969345e-03 5.125178041392494666e-03 5.760260036759514389e-03 2.005085838549440502e-01 4.775980852310061052e-03 3.559415925640896199e-03 5.758778662394672954e-03 2.379490771084384008e-03 5.760259646088545724e-03 4.078092031845635679e-03 8.058868917993433287e-03 6.201367463406093176e-03
8.816412987008174010e-03 9.538588517465002026e-03 8.473100693192120794e-03 8.791028213948691439e-03 1.550273350668397113e-03 5.590808344163212748e-03 7.141148325918647045e-03 7.026435405293090901e-03 5.303165091191096650e-03 6.952574810476279399e-03 7.064421271672157408e-03 7.062974045919298387e-03 1.213731807774714837e-02 7.064418095797923673e-03 7.064421271672157408e-03 7.064421271672154806e-03 9.429540232256781659e-03 7.732548523314767067e-03 6.843940154752054666e-03 1.052956306261658903e-03 6.573554547155530635e-03 9.269115889202062322e-03 6.483531393250245578e-03 3.197597532154849639e-03 7.064421220620204812e-03 7.052707198968435551e-03 6.725810362959565650e-03 7.064421271672157408e-03 9.347070477334391489e-03 9.119994236112963573e-03 7.064415319302764021e-03 6.886123460607638039e-03 7.064421271672157408e-03 3.859687854425412467e-03 7.064207299469192798e-03 5.517204173522664498e-03 6.849895618020150623e-03 7.064421271672157408e-03 5.700138792818378215e-03 3.955474751667745030e-03 7.366722709858633707e-03 9.632340884939171941e-03 5.998735056605765913e-03 6.322502353674860909e-03 7.526853386318890088e-03 2.474443797979422339e-03 5.548771351583244374e-03 1.088402888146905011e-03 6.962236765251240966e-03 7.064421271672157408e-03 8.993678756777971628e-03 7.064421271621928490e-03 3.115902801074923231e-03 6.911168562535908132e-03 5.571220445477816086e-03 2.767932245135200624e-03 1.642333069450672154e-03 7.052387111414753530e-03 7.062862610199274402e-03 1.663295677590801575e-02 7.026043439313617647e-03 7.244117055806409411e-03 3.635973342344554077e-02 6.749348618759086135e-03 7.064421233825967684e-03 6.817131186423719055e-03 6.435045121792096721e-03 6.086428247838995484e-03 7.064418124282119578e-03 7.064420308838050694e-03 1.226494647758275035e-03 6.863147049706136774e-03 9.128891631301230131e-03 4.681179552557567999e-03 6.354362235456491662e-03 6.337554019844301133e-03 7.014007048041723431e-03 6.870222006216636194e-03 6.753378977651918608e-03 7.056987115285309753e-03 7.832982001913972939e-03 6.535971319850769796e-03 6.047867638899806497e-03 7.064421271672157408e-03 5.638204950300846653e-03 7.064421271672157408e-03 8.764545472382650679e-03 7.064421268406772918e-03 7.927545117225650445e-03 5.668594513124889690e-03 6.827113705194795892e-03 2.603240266593216841e-03 3.730508214669636235e-03 7.064421271672157408e-03 6.447000863639511074e-03 7.048610384035913605e-03 7.064339039700732494e-03 7.064420965459731333e-03 9.815543451122366383e-03 6.196177956035161388e-03 9.554452022699576330e-03 6.366896631294419878e-03 6.656610518428259828e-03 7.064421271672157408e-03 6.321054956158145277e-03 1.076759067559403217e-03 4.933297341327747693e-02 7.094241075276028728e-03 8.169387856570096279e-03 6.173248150942030679e-03 7.064421271672157408e-03 5.745523047992024193e-03 4.989951879990647474e-03 7.064421260025360166e-03 9.252147692382478236e-03 2.245942989021273636e-03 7.064035812463041047e-03 7.064421271672157408e-03 7.064421270773192478e-03 6.796989562467930547e-03 1.084430268822074959e-02 1.051202439564255520e-02 6.105053269479947947e-03 8.787120813242932024e-03 5.646099730786032292e-03 8.679434859604850602e-03 5.816043506634166818e-03 7.064420606468575954e-03 3.287898819925266607e-03 6.927682844046400591e-03 6.665245357223525263e-03 7.062501079398267149e-03 1.939221839800749428e-02 7.064420118699140001e-03 3.998355235962716692e-03 7.945443603425333956e-03 6.946728614549789634e-03
1.896357937553999271e-02 8.274099078081702599e-03 6.900288942121093026e-03 1.412331973433106520e-02 4.465049281266832322e-03 2.585947700863120476e-03 7.325012803460332657e-03 7.319017627931503379e-03 8.646584173447794883e-03 7.907243724682603420e-03 7.338630227107841714e-03 7.337119771111567414e-03 8.635481159084237510e-03 7.338626927953866529e-03 7.338630227107841714e-03 7.338630227107839979e-03 8.147539772640165906e-03 7.030451760947407577e-03 7.285243427427963957e-03 5.298613827634381795e-03 6.874880246989555424e-03 9.429633361174744391e-03 7.001610942277419411e-03 1.250723218117860865e-02 7.338630174073944128e-03 7.351151639097173833e-03 4.103184460496817065e-03 7.338630227107841714e-03 7.195883581126938378e-03 4.870077849155568343e-03 7.338624043696113756e-03 7.153411852567375349e-03 7.338630227107841714e-03 2.388098595444226868e-03 7.338407957978161124e-03 6.934726884698630758e-03 7.727358162427615772e-03 7.338630227107841714e-03 3.633148363477227590e-03 3.089684379736259458e-03 7.256691116609410505e-03 6.777552451254172973e-03 7.749662164985083798e-03 7.026973498801049670e-03 5.978389953264000474e-03 8.322730591481003470e-03 6.897830807531501497e-03 4.358428961513852173e-03 7.526573980690981491e-03 7.338630227107841714e-03 8.615534010997530356e-03 7.338630227055664701e-03 3.812727040896453888e-03 7.179428939358589896e-03 1.160533827078852158e-02 3.984632676719315238e-03 1.705498101023515244e-03 7.326129012600785667e-03 7.337028448845433690e-03 1.459823973982673183e-02 7.291529028452224670e-03 7.949786159153421697e-03 3.719551433977197688e-03 6.913048544049772010e-03 7.338630187792164264e-03 7.020122994196771951e-03 1.000503078532290549e-02 6.188812518209258623e-03 7.338625526393586368e-03 7.338629215734541501e-03 2.805948820335861255e-03 7.166888510917090484e-03 7.773127517970550467e-03 4.759989425776669190e-03 4.812178546564039108e-03 6.503346808121535962e-03 7.286247375527337561e-03 6.839113689872789066e-03 7.410365045424558567e-03 7.330907513852330699e-03 7.008710863928970490e-03 6.623815649556343520e-03 8.634138630841158360e-03 7.338630227107841714e-03 6.309483567788275876e-03 7.338630227107841714e-03 1.222046603473653410e-02 7.338630223718845165e-03 4.198570950930750369e-03 6.946831663938671936e-03 6.713886780390708291e-03 6.266220073775497293e-03 4.273047263562281678e-03 7.338630227107841714e-03 7.154480232353889989e-03 7.465414245114761031e-03 7.338544804337187796e-03 7.338629912797187821e-03 5.712617769921339919e-03 6.925292873903987796e-03 5.206166400664409555e-03 4.229075858373626193e-03 6.914968685785850486e-03 7.338630227107841714e-03 6.575093097821132007e-03 2.847770801935441479e-02 3.865302366609574009e-03 7.204238600082531370e-03 6.588390390111723699e-03 7.563886596737205356e-03 7.338630227107841714e-03 9.302325688508751925e-03 5.874580927448090455e-03 7.338630215008969462e-03 7.256721185247853347e-03 7.644217038978010949e-03 7.338238223560172510e-03 7.338630227107841714e-03 7.338630226266473072e-03 7.048345066559389208e-03 8.235924973787627293e-03 1.006352437728017142e-02 1.076944718704555756e-02 7.440749629522821866e-03 5.816722461646418874e-03 7.462830698884190261e-03 6.705486594296436800e-03 7.338629527100379128e-03 3.566607305946617717e-03 8.188572232948219606e-03 8.387510509140416390e-03 7.417753401066149062e-03 1.190171281516759494e-02 7.338629029397915685e-03 7.262091712375725282e-03 6.325960059441328859e-03 7.091490997825466124e-03
1.568231205032728868e-03 7.458092758587723387e-03 8.183290162206667551e-03 4.343431202538038452e-03 1.501474765912494923e-02 7.272605171691578184e-03 7.862372445784339414e-03 7.834854637170906785e-03 6.568466967196939961e-03 7.778289390299425454e-03 7.876778984654381546e-03 7.875158147270284667e-03 4.489924584875596911e-03 7.876775443548256206e-03 7.876778984654381546e-03 7.876778984654379812e-03 6.483582762946014412e-03 7.532253113784356975e-03 6.612034343594907007e-03 3.603866270236453714e-03 7.342061545972430880e-03 7.206980700241312834e-03 7.690854176984855163e-03 4.799906342309873640e-03 7.876778927732823801e-03 7.863704187685673433e-03 5.239707681311405428e-03 7.876778984654381546e-03 7.334588088058215626e-03 7.384119788300854900e-03 7.876772347805646030e-03 7.677978179444608711e-03 7.876778984654381546e-03 1.446216494584003955e-02 7.876540406996326849e-03 6.519870972880961214e-03 8.808133167983634923e-03 7.876778984654381546e-03 3.773663838519232799e-03 1.922194301409229072e-03 9.022609020422718215e-03 6.319906214907980435e-03 8.103681891412660432e-03 7.110897226978269217e-03 8.901861276628541750e-03 3.347219676358719701e-03 6.526151185504254319e-03 7.434040748032635232e-03 4.664974305708304708e-03 7.876778984654381546e-03 3.668704938705020461e-03 7.876778984598377734e-03 3.504274397923856556e-03 7.705903314554370456e-03 5.940753525546252356e-02 2.651197409336635436e-03 3.000823150931935038e-03 7.863361099526832224e-03 7.876208693528053556e-03 4.091912130647633837e-03 7.827234383648471253e-03 8.468915921388431300e-03 2.182439463405183144e-03 7.399556700200400107e-03 7.876778942455822663e-03 7.535102906399517193e-03 8.644412371339562154e-03 3.319881091023023974e-03 7.876773974283435287e-03 7.876777899116775561e-03 2.783430139882337850e-03 8.041557761497833065e-03 8.219939986357021125e-03 5.174440553674952877e-03 7.950987811110237641e-03 5.878092399593536771e-03 7.820764807696769724e-03 7.511281561133430380e-03 7.895994005880572000e-03 7.868489948547064891e-03 6.746189246384214772e-03 6.619801333740659918e-03 9.687058486895553516e-03 7.876778984654381546e-03 3.731113984174572445e-03 7.876778984654381546e-03 5.735209049076244597e-03 7.876778981013510955e-03 8.212714999250164682e-03 3.231196434007104542e-03 7.218359524562218896e-03 5.393453421703545657e-03 3.721326716300500312e-03 7.876778984654381546e-03 7.560881389031134762e-03 8.294563473512563817e-03 7.876687296518494058e-03 7.876778643130839461e-03 5.434456566141373200e-03 6.820173346325692637e-03 3.837243228078576589e-03 3.795585160204418933e-03 7.422049971347808618e-03 7.876778984654381546e-03 7.116978230763210123e-03 1.839304834966789225e-03 2.223327926573344729e-03 7.525722981872002421e-03 8.639042931779096143e-03 7.952783488815610979e-03 7.876778984654381546e-03 6.910677906187997523e-03 1.214399707417029156e-02 7.876778971668286708e-03 7.793755527872569741e-03 8.918951523633538922e-03 7.876348487589297093e-03 7.876778984654381546e-03 7.876778983651959443e-03 7.532553307606503629e-03 6.943703553346364243e-03 6.539512980300879463e-03 7.755705718271618289e-03 7.572277139244976314e-03 7.149865281874331208e-03 5.873517706992239032e-03 6.131306308493981658e-03 7.876778233314703573e-03 3.678780582778435736e-03 9.211959271101095165e-03 8.721143292351962728e-03 7.874635118283146787e-03 7.905214826976992779e-03 7.876777699097749913e-03 6.067597158444747001e-03 5.835047269342321340e-03 8.024538215557878301e-03
4.859229385814105122e-03 5.943275573619412853e-03 3.821266422960225683e-03 9.230717799726503164e-03 1.709504075330939114e-03 4.010591819671264872e-03 5.950020300777258443e-03 5.929679945541596608e-03 7.672540920599869169e-03 5.866830517965591386e-03 5.961029603837216841e-03 5.959802670933079215e-03 4.238904842816852703e-03 5.961026929459235617e-03 5.961029603837216841e-03 5.961029603837215973e-03 5.062216633971686371e-03 5.733302741307076504e-03 8.846395426008402119e-03 5.073522440250915165e-03 5.654059832513982572e-03 4.080065356944534601e-03 4.927568305161831794e-03 4.296030566001234757e-03 5.961029561383340489e-03 5.951287694761093691e-03 6.552749087309443603e-03 5.961029603837216841e-03 3.064817519300532325e-03 6.327955511199481742e-03 5.961024581168153195e-03 6.411907255215018066e-03 5.961029603837216841e-03 1.073370891114741252e-02 5.960849051801221134e-03 9.312306468236514895e-03 4.160168458343239777e-03 5.961029603837216841e-03 2.631239754136873235e-03 1.203991203774982914e-02 4.096204015639274588e-03 8.771070524770998092e-03 6.062243630752742717e-03 6.413798356609079140e-03 1.123998623185516743e-02 1.059740112287042846e-02 9.829296022967544053e-03 4.697725631781043097e-03 8.646856540673967043e-03 5.961029603837216841e-03 1.594051081864093777e-02 5.961029603794834077e-03 6.715688644377455947e-03 5.831713429038303670e-03 3.914920882961730325e-03 4.422596302562158480e-03 2.953650593876311695e-02 5.950882412109965297e-03 5.959935025437335804e-03 2.025875493946635228e-03 5.932289909618468533e-03 1.018450365956872876e-02 1.711941934845466473e-03 7.197898891461267101e-03 5.961029571985027552e-03 5.796284090260300607e-03 3.965986358945442283e-03 9.110353377376078157e-03 5.961962518187180135e-03 5.961028782317940623e-03 2.449742021786508947e-02 5.452506981277499554e-03 4.752661915209800345e-03 4.746932328840749483e-03 8.121463029395882202e-03 1.024962028198260142e-02 5.918487611932742379e-03 7.263015454885211365e-03 5.568267188113093687e-03 5.954759184620401005e-03 1.109074813905723197e-02 8.474700228474379982e-03 9.333138930067758424e-03 5.961029603837216841e-03 6.754225360196668485e-03 5.961029603837216841e-03 1.000321048855263954e-02 5.961029601083096992e-03 5.796819980067136752e-03 6.612731723863785049e-03 5.958687702452843127e-03 9.135653028385523622e-03 1.337630549092969079e-02 5.961029603837216841e-03 5.750303263830931939e-03 5.244246186613751512e-03 5.960960215757233650e-03 5.961029348212993663e-03 4.483687459367507663e-03 6.260939146281846966e-03 5.825741295209028829e-03 9.520127089897191877e-03 5.616913679151618911e-03 5.961029603837216841e-03 6.142769805746344826e-03 1.012888128025212810e-03 9.420146758712916830e-04 9.892426845585821152e-03 4.245036333661191333e-03 6.937240557308895980e-03 5.961029603837216841e-03 4.799317649426483069e-03 8.736881683250846686e-03 5.961029594009533035e-03 5.943901128356572465e-03 5.126396664525103425e-03 5.967754037949839913e-03 5.961029603837216841e-03 5.961029603123290527e-03 5.760772893466489970e-03 1.261653654887817493e-02 4.616865308520195881e-03 5.891399442986311984e-03 4.405173077884926014e-03 9.706269829419158363e-03 7.642667992382237707e-03 1.173120935446165559e-02 5.961029035764648688e-03 4.244969660210588108e-02 8.326082724704452973e-03 8.753066942100201989e-03 5.959415344004031882e-03 3.136462117524681931e-02 5.961028630947010944e-03 1.363120402411073517e-02 1.277982869489308233e-02 5.341700146577644560e-03
1.286517826406567786e-03 6.269243797073409744e-03 3.977046527314761007e-03 9.765442623637316313e-03 1.247248835818787075e-03 3.947569606949955304e-03 6.024484967381660977e-03 5.995484171993590954e-03 1.200421400265600132e-02 5.935947163216794692e-03 6.027835727174137362e-03 6.027974010256759163e-03 4.918302067948277477e-03 6.027833017614390651e-03 6.027835727174137362e-03 6.027835727174135627e-03 1.064210408831459988e-02 5.777161335548348063e-03 7.901575345480860157e-03 2.266215542170710914e-03 5.796204607660622454e-03 3.538199492878863709e-03 5.553637269201673263e-03 3.083637071439188082e-03 6.027844581438734049e-03 6.018627447608215601e-03 2.828631285149027508e-03 6.027835727174137362e-03 5.059857046154054606e-03 1.983951187693110477e-02 6.027830648215292721e-03 5.875700114741097893e-03 6.027835727174137362e-03 2.927696182303396802e-03 6.027653161126409094e-03 1.026413562478075900e-02 4.748627969691436579e-03 6.027835727174137362e-03 3.597174735261258853e-03 2.268118862669660923e-03 4.624110746892839095e-03 8.624521670022538763e-03 6.914309951140917322e-03 7.964679288199010346e-03 6.374673666675777055e-03 1.511039759578352085e-02 7.952503858913235329e-03 2.199365037045959183e-03 1.085662112002151215e-02 6.027835727174137362e-03 1.128937234348174369e-02 6.027835727131279284e-03 2.839381421778337713e-03 5.897070287247442762e-03 2.183175123904166313e-03 2.140524410155473806e-03 3.274864583629314568e-02 6.017567467356596707e-03 6.026507178426743390e-03 2.611481701060299788e-03 5.996101976546677065e-03 1.757528392292959790e-02 1.123192126042495652e-02 6.003244374736629342e-03 6.027835694881115806e-03 5.779227950854216173e-03 4.118463023416203163e-03 5.928852371151343247e-03 6.027832049885537002e-03 6.027834896449707144e-03 2.382814398076331039e-03 5.781223244049896876e-03 5.839176622619476550e-03 3.941447980261715382e-03 8.844636747259791709e-03 8.441827048777088977e-03 5.985765399568755349e-03 6.761524912171265264e-03 5.419417498809648258e-03 6.021492417259333672e-03 1.219204897770900797e-02 7.672766629558642332e-03 5.316588798662969656e-03 6.027835727174137362e-03 9.852518572579344394e-03 6.027835727174137362e-03 8.949225236039595743e-03 6.027835724387961558e-03 1.388856362811847177e-02 6.872202235530261959e-03 5.512185842232902519e-03 1.372530898215596450e-02 1.761785350967726496e-02 6.027835727174137362e-03 5.900186115420592327e-03 5.530824136501371127e-03 6.027765561307831844e-03 6.027835465818334910e-03 6.465982113060443279e-03 6.889837659294907081e-03 4.210096435000948434e-03 3.535040536260997124e-03 5.680625000851783832e-03 6.027835727174137362e-03 5.431254084252584886e-03 4.910191466197154353e-02 1.077870100377567890e-03 8.327391650436699252e-03 4.138341536309327919e-03 7.547087477286580116e-03 6.027835727174137362e-03 7.140361111101241505e-03 5.415676594389687987e-03 6.027835717236312493e-03 6.262808487302928828e-03 1.924972878464071765e-02 6.028001019581837733e-03 6.027835727174137362e-03 6.027835728343993241e-03 5.809919642662453830e-03 7.443101268598458289e-03 5.919984983506921400e-03 5.850894132884120954e-03 4.796377653473142023e-03 9.549793480950655167e-03 8.268084746874971788e-03 5.414241248924750796e-03 6.027835152199083682e-03 3.452576010662832331e-03 8.109658046318635183e-03 8.266433882011179485e-03 6.026409443825760798e-03 2.651746400859871303e-02 6.027834743380606347e-03 1.525149584445548677e-02 1.162743192679829840e-02 5.571080088515990500e-03
1.701181743744135900e-03 5.141193696112413870e-03 3.929209462445801618e-03 8.901268528530771607e-03 2.424236948510786593e-03 3.355869901435840508e-03 6.389851412170201826e-03 6.367959424255369844e-03 1.125507807923000966e-02 6.307333773859883329e-03 6.401728223499442670e-03 6.400509031045807824e-03 2.985923088166367572e-03 6.401725345829074182e-03 6.401728223499442670e-03 6.401728223499440935e-03 5.129888876287938028e-03 2.098161846965508615e-02 1.057678785629696284e-02 2.443622020682816899e-03 6.051870554150978569e-03 5.340897603985182880e-03 6.917977895677219526e-03 5.888927796200487882e-03 6.401728178396943678e-03 6.391135962899372261e-03 3.306999558914847266e-03 6.401728223499442670e-03 2.584173826042761909e-03 7.749260148321117543e-03 6.401722829504706558e-03 6.240156011813190358e-03 6.401728223499442670e-03 2.644722552021036045e-03 6.401534323269058614e-03 1.714828041986479756e-02 4.581004426942241609e-03 6.401728223499442670e-03 4.108685747005926675e-03 1.282215303158549223e-02 4.545819791818386454e-03 7.712322549999522242e-03 5.699041471176059283e-03 9.872315484363770877e-03 1.842396498673973954e-02 1.741777364162576738e-02 1.200850948042328156e-02 2.567418425807385142e-03 9.675467477691556545e-03 6.401728223499442670e-03 1.478239484660685485e-02 6.401728223453926128e-03 5.191627783453488937e-02 6.262851710381989179e-03 2.152335970113392841e-03 2.456260294030624975e-03 1.545015754789162438e-03 6.390825048539254365e-03 6.401527545024083762e-03 6.833786317931445607e-03 6.392273393499125177e-03 1.382290486077461522e-02 1.284436143982270679e-03 7.764975221697265062e-03 6.401728229211735288e-03 6.133900991249910568e-03 3.391787925252209325e-03 1.807316574315255900e-02 6.401724495365686100e-03 6.401727341245292725e-03 9.779374883904015919e-04 5.717790514338694403e-03 4.533680504905771708e-03 4.249176212134383318e-03 7.371481239791541698e-03 1.283147965901781755e-02 6.356033929524109241e-03 7.564080646507011924e-03 5.737152116282579623e-03 6.394991439852079282e-03 1.260988400544910820e-02 8.472603265856569824e-03 8.834760233311667391e-03 6.401728223499442670e-03 7.424826950953386170e-03 6.401728223499442670e-03 9.093074747959752763e-03 6.401728220540383457e-03 2.736328548523721781e-03 4.992081872515543098e-03 5.954977507620441528e-03 3.184827087748716597e-03 5.160837675028465132e-03 6.401728223499442670e-03 7.204284768406120018e-03 5.320663076368823373e-03 6.401653705408966687e-03 6.401728950412082127e-03 4.355594754711722763e-03 7.824097389874724862e-03 4.761288987781573355e-03 5.439236624809840222e-03 6.035155091209539434e-03 6.401728223499442670e-03 6.951906116958208627e-03 1.267147007089530503e-03 1.076980169528421200e-03 1.093910030551333880e-02 4.095531218990372188e-03 6.970952749876739574e-03 6.401728223499442670e-03 6.282580696706507872e-03 1.232216096246906319e-02 6.401728212945198560e-03 5.590209025151950464e-03 1.007930245942341256e-02 6.401626467721093297e-03 6.401728223499442670e-03 6.401728222838257154e-03 6.307619032263620147e-03 1.135902836662749937e-02 5.292990349399489397e-03 5.220627129046044937e-03 4.084847004303354505e-03 1.377790770952080392e-02 9.051591994463613344e-03 1.260210814023902601e-02 6.401727612859937563e-03 3.944179589144856946e-03 5.691388073347136006e-03 6.701971729060870846e-03 6.400705337961917589e-03 1.081305468285429297e-02 6.401727178683509246e-03 1.715151296904718695e-02 1.335640207772001258e-02 6.285003562179935360e-03
4.559757632525874779e-03 9.562961928978992721e-03 6.270959157782911297e-03 4.481225494234200579e-03 1.908380087741529422e-03 1.406724089869065483e-02 7.502830095741992722e-03 7.477909439800194992e-03 6.314354126274616084e-03 7.397500058278536073e-03 7.516774888034506545e-03 7.515234898606757558e-03 7.416291446650026195e-03 7.516771508770630009e-03 7.516774888034506545e-03 7.516774888034504810e-03 6.581929489930996198e-03 7.259858672184663943e-03 7.529725377747484467e-03 9.521193485332809375e-03 6.989220882867476156e-03 5.689518180635642040e-03 5.701363782161036550e-03 6.088510771350082000e-03 7.516774833715015799e-03 7.504297148089957882e-03 3.343655174258695646e-03 7.516774888034506545e-03 5.736610868215883362e-03 5.524130219188734363e-03 7.516768554519124255e-03 7.370603824338709149e-03 7.516774888034506545e-03 7.811740161041906549e-03 7.516547214444495306e-03 8.334811330460864531e-03 7.848843522349130408e-03 7.516774888034506545e-03 3.685168965664556949e-03 1.844990374269962069e-02 6.999770121761891145e-03 8.240622356713715388e-03 6.576190079540521725e-03 5.774808051460150575e-03 6.619076509834521602e-03 4.033909691859189316e-03 5.701380456196118024e-03 7.837831192446709574e-03 5.412047564565486066e-03 7.516774888034506545e-03 4.820678901666087396e-03 7.516774887981062317e-03 7.235734979696104019e-02 7.353709006662949646e-03 1.091216233143854804e-03 4.385671658278284153e-03 1.088669093790072505e-02 7.503970150468082002e-03 7.515901831773461918e-03 5.164675489708493022e-03 7.467106066192575123e-03 8.690116645747677018e-03 2.432093538987991580e-03 8.104985707206587009e-03 7.516774847764680877e-03 8.034074381950360652e-03 5.135068636216317921e-03 4.935837830063624816e-03 7.516770336112344429e-03 7.516773852110198405e-03 3.640567147808146733e-03 8.441192346809652317e-03 9.208668175946965045e-03 4.875940738334121755e-03 1.110768273009193376e-02 6.306120118453350555e-03 7.463486534197971527e-03 6.806796088674847353e-03 8.097546660806469176e-03 7.508864713555161649e-03 7.660430753820392583e-03 8.011147636707828534e-03 6.227973199177254046e-03 7.516774888034506545e-03 9.675642806259309239e-03 7.516774888034506545e-03 4.688732577820689008e-03 7.516774884560030630e-03 9.504601170008690827e-03 5.825583428515470133e-03 6.874496842797677906e-03 6.269628920669729003e-03 6.769832789254538394e-03 7.516774888034506545e-03 5.976353512190848982e-03 7.497502738383259556e-03 7.516687390458414927e-03 7.516774562126062216e-03 6.826186223899292048e-03 6.367579166375103746e-03 3.791692431338295095e-03 6.531961503779730796e-03 7.082829085518658682e-03 7.516774888034506545e-03 6.923566347385026049e-03 9.003669643048754171e-04 1.218807288306216494e-03 7.268341399610488140e-03 5.649774746974293820e-03 7.566349529264307719e-03 7.516774888034506545e-03 6.268541767524391135e-03 6.400032278959512551e-03 7.516774875641934334e-03 8.428012029556798332e-03 9.932852927558136896e-03 7.516375340206741737e-03 7.516774888034506545e-03 7.516774887077931448e-03 7.257257765183194181e-03 6.561906587139019857e-03 5.100462572375659073e-03 6.662139652509901228e-03 5.251321136892185722e-03 6.129399400256678281e-03 7.377417719642553710e-03 1.030213231371436555e-02 7.516774171103485919e-03 3.776449207562127507e-03 5.295078830039157136e-03 5.952261559761186545e-03 7.514814743420217616e-03 1.809162351667480302e-03 7.516773661233571401e-03 6.169816209817140067e-03 1.909959832648961417e-03 6.828481743325664870e-03
5.076699620041019018e-03 6.998674802501996146e-03 5.718068371513693703e-03 9.139582669666343473e-03 4.848051209598886781e-03 9.264978083781469712e-03 7.421031948495898818e-03 7.397357218694769997e-03 3.471947870272299504e-03 7.316313023775918370e-03 7.434651284067841752e-03 7.433434313249326700e-03 5.393614164753147457e-03 7.434647941723672958e-03 7.434651284067841752e-03 7.434651284067840017e-03 1.078415483455443316e-02 7.149745231960759513e-03 7.478258296983023024e-03 3.227794143070458234e-03 6.998837899752396660e-03 5.472550025741046084e-03 6.926242277971417574e-03 6.661827248006768273e-03 7.434651230362993891e-03 7.422359979087312862e-03 6.006241671277554213e-03 7.434651284067841752e-03 5.866418150757931292e-03 5.525714209452718337e-03 7.434645019748506792e-03 7.247009275233825751e-03 7.434651284067841752e-03 1.897340803461401368e-02 7.434426097899553970e-03 5.233818310813525415e-03 7.839796737818365002e-03 7.434651284067841752e-03 4.318401528533247040e-03 3.845762571568412790e-03 7.916312602997181702e-03 6.919641350870834803e-03 8.774476995276891955e-03 7.881258810104456100e-03 6.078888695671279437e-03 5.189546654215552134e-03 8.090990293022168323e-03 1.834547449688786122e-02 4.887186014460864758e-03 7.434651284067841752e-03 1.227494778893781571e-02 7.434651284014981258e-03 8.239146975268455547e-03 7.273366954709941171e-03 2.708738695532906041e-03 8.682455503218220946e-03 1.750212528229222204e-03 7.421986893238227516e-03 7.432990348189830697e-03 4.096750876850453922e-03 7.393976607814056919e-03 1.021244865601545100e-02 5.736781470022194601e-03 7.664062365665891795e-03 7.434651244351705122e-03 7.368499093777093438e-03 4.985637619868010448e-03 4.945725136969825880e-03 7.434646531335890700e-03 7.434650259461398659e-03 9.047146530438336318e-03 7.531667108657179310e-03 7.194287158300350857e-03 4.876905919254324526e-03 5.325442557092181957e-03 9.031267352029637152e-03 7.384847799498123026e-03 6.516599940886889757e-03 7.414920096514543077e-03 7.426827531842710058e-03 7.001538314167099313e-03 7.654540887589635946e-03 7.833195096694972603e-03 7.434651284067841752e-03 9.586165622342083040e-03 7.434651284067841752e-03 1.395989550296781838e-02 7.434651280631328525e-03 8.268251328873387623e-03 7.941264215246086541e-03 6.797618413746876233e-03 1.047690438229393131e-02 3.445946469831618134e-03 7.434651284067841752e-03 6.876769824494556420e-03 7.593881607442343196e-03 7.434564742434438857e-03 7.434650961707271223e-03 8.140923674076218017e-03 6.570216872519226391e-03 5.648229746759720303e-03 1.576562612330641849e-02 7.005446402804274553e-03 7.434651284067841752e-03 6.741426535440513124e-03 1.265941856771292395e-02 1.392449816579984217e-03 6.962422475887551816e-03 6.226585395120966954e-03 8.211361749993217191e-03 7.434651284067841752e-03 9.051288467871688656e-03 8.837663603203158372e-03 7.434651271810663840e-03 6.887664260266408191e-03 3.767862443234981564e-03 7.434265629088300346e-03 7.434651284067841752e-03 7.434651283127684945e-03 7.109376390736906956e-03 7.676906803151889447e-03 6.996952267488942313e-03 6.704376395036744374e-03 6.088926986852327000e-03 5.756178528771550666e-03 6.737695644168822592e-03 6.007530062870839252e-03 7.434650576977432958e-03 3.734389507826078782e-03 8.824110800609932109e-03 6.312157432002960845e-03 7.432640096017914012e-03 7.317161516038424643e-03 7.434650070670170349e-03 1.489368794074594216e-02 3.336241407659321003e-03 7.683429155454762211e-03
6.370360025602724192e-03 8.576575547440212430e-03 1.033412136683014258e-02 5.005303262164071711e-03 2.259997438721029258e-03 4.538781935413152731e-03 7.612177511352374859e-03 7.584926751243848027e-03 7.649960132830480042e-03 7.506956664222840317e-03 7.625828850794847194e-03 7.624268085295284741e-03 1.095323431121262084e-02 7.625825422504318996e-03 7.625828850794847194e-03 7.625828850794844592e-03 8.864826130520368080e-03 7.297707549729826396e-03 7.180332231668557809e-03 4.998675932976502645e-03 7.110848316564584784e-03 8.052331548365427097e-03 7.388915609007957151e-03 8.319157244071062607e-03 7.625828795685899407e-03 7.613357641220825853e-03 1.585463413491081108e-02 7.625828850794847194e-03 1.120695881202143397e-02 7.034573954372848673e-03 7.625822425402160529e-03 7.433361736817775504e-03 7.625828850794847194e-03 3.307541851128252726e-03 7.625597874126806112e-03 6.435049192725487456e-03 7.472690222969532309e-03 7.625828850794847194e-03 3.072697689779543048e-03 2.332402105541111353e-03 8.034988498343402855e-03 7.686086556816787950e-03 8.289370556080956354e-03 5.969864772787506803e-03 4.822353453414880871e-03 2.960088816694235719e-03 5.833553887103214673e-03 5.949744685938976492e-03 1.111755024754073132e-02 7.625828850794847194e-03 5.255375082625720132e-03 7.625828850741396894e-03 3.294256611143449396e-03 7.460397274692678014e-03 2.409009096832820992e-03 6.478832288314922624e-03 3.474250772031008041e-03 7.612838341619607846e-03 7.624194418327177522e-03 8.548316261325263760e-03 7.576165873256558367e-03 9.502320738957483609e-03 1.231736757430849059e-02 7.506905726577533730e-03 7.625828809950913056e-03 7.295980869179185743e-03 9.811344887735232168e-03 1.250369833348878579e-02 7.625824800660370266e-03 7.625827799841267823e-03 1.941733966685744430e-03 7.154621083963458479e-03 8.422937808246187125e-03 4.982818729790982823e-03 3.731701934712366563e-03 6.440878063605294350e-03 7.572321222907254200e-03 8.864148820004922116e-03 7.694332772264889965e-03 7.617804330674949817e-03 6.526768372407175910e-03 7.016117445220173762e-03 7.222065746633529910e-03 7.625828850794847194e-03 4.073745882766301174e-03 7.625828850794847194e-03 5.873253469544957757e-03 7.625828847269965419e-03 5.902266636248975143e-03 6.373503648848310131e-03 6.972501551345470019e-03 1.654778619445824300e-02 2.531711355436435783e-03 7.625828850794847194e-03 6.878260712035718337e-03 7.609726366041664677e-03 7.625740961825441984e-03 7.625828520151606109e-03 8.769925750566157432e-03 5.831375306714987362e-03 2.490287224479310196e-02 4.665626455339828317e-03 7.185591322923848973e-03 7.625828850794847194e-03 7.191082404334569848e-03 5.885705096954130244e-03 1.171765628692872548e-02 6.995889570011510142e-03 1.048283728614699852e-02 6.595052339108023465e-03 7.625828850794847194e-03 6.700006629044810702e-03 1.172193181984427721e-02 7.625828838222482170e-03 8.243042259034952246e-03 6.746128373739990018e-03 7.625411333566760493e-03 7.625828850794847194e-03 7.625828849824675335e-03 7.295733077115081240e-03 6.082396950106868511e-03 8.368211383746501988e-03 9.068481917817753854e-03 1.022219628192056959e-02 6.422695975530988421e-03 9.555777487346869131e-03 4.723830349591381060e-03 7.625828123392509178e-03 3.446183721122284948e-03 5.381467465200650592e-03 5.595782884117857583e-03 7.623769276086117368e-03 1.914167821731477823e-03 7.625827606195387243e-03 3.728518712593852959e-03 4.575647684556183835e-03 6.933546270534271701e-03
6.402894141036796945e-03 5.229708126237672672e-03 1.047525992562036226e-02 5.632864042389530701e-03 1.288248542236087452e-02 7.283805390512312558e-03 7.781598837988858673e-03 7.754283334638218013e-03 7.614962544862061145e-03 7.671856886534563977e-03 7.796045258077931132e-03 7.794440630016384250e-03 4.033346009309317359e-03 7.796041753264418804e-03 7.796045258077931132e-03 7.796045258077929398e-03 5.160829379801961173e-03 7.449375904159975456e-03 7.353984647475770957e-03 8.750548722400934565e-03 7.261017478005995715e-03 5.182941194229236798e-03 9.032941337990084765e-03 1.297520311217242525e-02 7.796045201738445972e-03 7.783105411440120053e-03 3.148782066722337000e-03 7.796045258077931132e-03 1.140160811854575018e-02 4.955267383308345312e-03 7.796038689253761630e-03 7.599284425262025668e-03 7.796045258077931132e-03 3.555890863384478847e-03 7.795809125742150965e-03 5.776705535210009158e-03 8.026838181763213537e-03 7.796045258077931132e-03 3.249787347427634913e-03 1.240406277170709622e-02 8.633581286522869214e-03 4.544188023874001087e-03 7.629061969486864402e-03 8.332584777375924567e-03 5.548528761513375415e-03 5.456326441442369696e-03 8.282695491153669459e-03 1.236760115532841570e-02 6.705199015433261668e-03 7.796045258077931132e-03 5.177323464558888921e-03 7.796045258022500646e-03 3.431699095453003435e-03 7.626920992918352279e-03 3.930103723840941074e-03 4.261142253982695867e-03 6.041494376602259478e-03 7.782764797866574200e-03 7.794308791776379496e-03 1.054094587983571592e-02 7.744482054470011416e-03 4.718191229903186817e-03 2.256947939344149806e-03 7.243886830364551152e-03 7.796045216311726922e-03 7.465708190014097925e-03 7.357516872820056390e-03 6.069170780962538161e-03 7.796040262918078542e-03 7.796044183665977630e-03 4.417743288393114094e-03 7.778328947196011880e-03 5.468205292154515278e-03 5.733592611870652264e-03 8.043990483713084338e-03 5.651702657845171333e-03 7.740396939337449919e-03 9.461473296255960494e-03 7.937291026207176151e-03 7.787841500327790691e-03 4.720084273241222442e-03 6.882917110533490028e-03 7.069282060559138083e-03 7.796045258077931132e-03 1.486359139056216659e-02 7.796045258077931132e-03 5.354630501945745365e-03 7.796045254474368372e-03 3.772435865270558960e-03 6.067861622226122104e-03 7.987399193992278032e-03 4.608051048082333415e-03 5.274275803354016266e-03 7.796045258077931132e-03 8.687303595083864516e-03 8.295584630810884375e-03 7.795954509707475784e-03 7.796058520964749446e-03 4.127105549995450928e-03 7.638047718489453068e-03 2.047196319642924367e-03 5.523878477086990868e-03 7.347145040990796065e-03 7.796045258077931132e-03 6.975664067846866490e-03 3.586678518070221533e-02 1.843754251586843555e-03 7.687210201822334762e-03 1.064285623142928287e-02 7.930950347033491332e-03 7.796045258077931132e-03 8.901095117284284208e-03 6.245014216246935410e-03 7.796045245224938157e-03 5.162442100636848406e-03 3.346674046554666809e-03 7.795620618289671698e-03 7.796045258077931132e-03 7.796045257102844801e-03 7.462268998703678116e-03 4.367418526702723618e-03 6.777233517624578311e-03 8.857193441833492720e-03 1.276590268104343603e-02 6.530248998523380949e-03 5.069370801898931064e-03 7.140194962251694873e-03 7.796044514448873496e-03 4.058064395914879122e-03 8.326015044458120323e-03 7.015433565674401156e-03 7.793992795317744408e-03 5.108381021034649229e-03 7.796043985697749881e-03 4.685042546643208503e-03 6.564919657909760314e-03 7.935907716953969140e-03
3.155857590878948394e-03 6.411483353566766082e-03 7.886031419330787051e-03 4.766838152715960342e-03 4.003720403969440733e-02 7.771112571703637714e-03 7.290862004136796325e-03 7.259130411035485952e-03 6.708896067899347386e-03 7.182281182100535601e-03 7.298387213623821687e-03 7.297158996598997541e-03 5.108232648792969746e-03 7.298383932539036743e-03 7.298387213623821687e-03 7.298387213623819952e-03 3.708149210004892376e-03 6.973007996174528968e-03 7.480323729012518415e-03 1.548743452442823652e-02 6.889416812199925140e-03 5.347325334444106952e-03 7.533751102276890071e-03 9.958213795957146161e-03 7.298387161008472110e-03 7.286272116805550363e-03 1.268435630951308089e-02 7.298387213623821687e-03 7.079256691547957704e-03 4.055160880022196102e-03 7.298381064118432404e-03 7.119238205967657815e-03 7.298387213623821687e-03 3.749953142489828410e-03 7.298166154734051121e-03 7.703533901779368448e-03 8.124937184250341157e-03 7.298387213623821687e-03 4.611229468191715107e-03 9.703246862568263784e-03 7.835010968695111863e-03 5.057308836240192486e-03 8.235803893589870375e-03 8.162327052134063163e-03 5.615380172185089648e-03 1.137066241841941036e-02 7.248069434467120480e-03 1.537194166788957705e-02 7.687192979880178544e-03 7.298387213623821687e-03 5.897107369750523992e-03 7.298387213571930036e-03 3.272871557654649134e-03 7.140058941597022917e-03 4.526045916373721070e-03 6.056890145442277683e-03 1.693945100569242690e-03 7.285954508883846388e-03 7.441591963858331694e-03 9.321282461947603612e-03 7.252577771860614121e-03 9.332051903789828629e-03 9.154877025184007507e-04 7.213701701106202055e-03 7.298387174524051391e-03 6.981448365534649765e-03 6.645022140286273478e-03 3.372942819303168145e-03 7.298387358336972004e-03 7.298386207846381188e-03 1.414939751625167311e-03 7.319640945648958098e-03 6.841783010766717098e-03 4.763661283386955159e-03 4.222487496429700761e-03 6.262948902882618449e-03 7.246289943961846565e-03 6.429582973067789198e-03 7.384202706913215765e-03 7.290706841057474630e-03 5.138381100682724335e-03 6.372327592043344584e-03 6.878186451985792219e-03 7.298387213623821687e-03 1.004238417918895156e-02 7.298387213623821687e-03 5.212936944718859177e-03 7.298387210250291066e-03 6.490335343341251118e-03 5.023028038690453313e-03 6.673136439425091451e-03 1.630607621146092437e-02 1.420314201392358991e-02 7.298387213623821687e-03 7.671773471948454930e-03 7.372192259697842726e-03 7.298302258159402277e-03 7.298386897593843459e-03 5.606726460894100039e-03 7.414615924830622942e-03 2.013388263585581383e-03 2.079621569334655622e-03 6.877049956212502937e-03 7.298387213623821687e-03 6.599764535137035530e-03 8.794551990924012177e-04 2.030440639448848755e-02 5.936481567482247354e-03 7.825012869839605839e-03 7.403807073224567999e-03 7.298387213623821687e-03 5.503011840070499636e-03 5.410479057649279604e-03 7.298387201591295670e-03 6.443604068163035457e-03 1.916684908846885693e-02 7.297991606810497883e-03 7.298387213623821687e-03 7.298387212695033391e-03 7.005904642118788994e-03 4.202482392238874633e-03 1.094096448363588749e-02 5.535750344287462127e-03 7.158265779513633791e-03 6.113768679365323006e-03 8.524951428273799467e-03 5.591104669638521235e-03 7.298386517455005516e-03 8.071657103582201287e-03 7.727195002304967919e-03 3.152450083671540833e-03 7.296441782128247448e-03 4.904321580154467550e-03 7.298386022465593211e-03 3.131263070828456396e-03 8.134528465292329216e-03 7.529444250768535865e-03
8.744291164173964570e-02 5.954508374185966783e-03 5.713690352514691484e-03 8.223816276149339619e-03 1.871381593047722475e-02 7.815943683208597878e-03 6.575103376462391319e-03 6.551868165807386672e-03 7.610310248199244482e-03 6.548813417200844735e-03 6.587271946164059006e-03 6.586085579485865746e-03 7.241327680977969854e-03 6.587268984770407870e-03 6.587271946164059006e-03 6.587271946164057271e-03 1.180389781405042499e-02 6.896192175258009267e-03 6.545641733166276434e-03 1.285049609616164537e-03 6.361764494978989007e-03 8.355851400960609410e-03 6.092211903708435496e-03 4.641445246280030343e-03 6.587271898559901410e-03 6.576891034430314142e-03 1.437178687577388841e-02 6.587271946164059006e-03 7.428355535117923264e-03 5.468428354239186599e-03 6.587266395833245997e-03 6.421016917017634447e-03 6.587271946164059006e-03 1.270708075877952960e-02 6.587072426042235584e-03 6.696847008895512494e-03 6.278231041964729871e-03 6.587271946164059006e-03 3.179924064913154484e-03 2.192295947160975006e-03 6.509029731249752100e-03 6.557874947976052686e-03 6.143236295675574138e-03 5.865294206406866488e-03 7.398599155792756794e-03 5.131123708528311129e-03 8.030242628794611801e-03 1.514279620928055820e-03 1.004522817898015341e-02 6.587271946164059006e-03 6.241325238525999991e-03 6.587271946117223206e-03 5.939700718120186594e-03 6.444370322803185704e-03 2.757113928570442685e-02 1.577482223047060872e-02 5.772757816626416551e-03 6.576050604089003597e-03 6.585901774124481439e-03 8.604682848742165741e-03 6.586293179128815088e-03 9.969953352749159892e-03 6.528894964214848086e-03 7.174901556081101327e-03 6.587271910873857689e-03 6.302687067701713552e-03 6.348801034653149544e-03 4.298587583732096928e-03 6.587269048521113973e-03 6.587271038339195979e-03 2.349505822065904061e-03 6.611819330695335381e-03 6.413331926955125918e-03 4.279780911985549968e-03 7.548405219409234056e-03 8.551326107414408684e-03 6.540405811786827867e-03 6.053807173372735898e-03 6.617821057805860219e-03 6.580339962650128167e-03 6.459224086531180180e-03 7.268424893368165794e-03 7.622616344359438995e-03 6.587271946164059006e-03 3.931084618078242721e-03 6.587271946164059006e-03 3.943031856845690374e-03 6.587271943119227258e-03 4.298232930638548784e-03 6.333098409870042099e-03 6.245650013308729279e-03 3.174544509629732576e-03 2.874272954089378013e-03 6.587271946164059006e-03 6.336881894181271499e-03 6.472674542916144642e-03 6.587195268336261747e-03 6.587271660548519973e-03 7.105355102262027669e-03 6.566833175008243359e-03 6.612812516818443107e-03 3.401400538811614853e-03 6.216306644147050371e-03 6.587271946164059006e-03 7.024969535011279902e-03 8.051636760974297934e-04 1.868738512138444496e-03 6.683219141201161666e-03 7.145665358417790068e-03 6.332572958712282159e-03 6.587271946164059006e-03 5.899127907212252039e-03 5.161847638800211302e-03 6.587271935303917227e-03 6.173794441412450672e-03 2.162604927006695626e-03 6.586915375920100214e-03 6.587271946164059006e-03 6.587271945335238486e-03 6.334123955080734648e-03 6.356104906704733437e-03 6.654568758669578143e-03 9.303122467902855824e-03 7.270714203797180690e-03 8.552272367929387997e-03 6.217730445326767955e-03 1.034916184072923878e-02 6.587271357917008109e-03 3.054816506292573966e-03 5.687081495431906518e-03 5.065459151794900888e-03 6.585484232886610126e-03 1.016438566876214783e-02 6.587270872645668504e-03 6.155928498958592072e-03 7.561640739532348235e-03 5.793588306348969319e-03
1.226182706476943492e-03 6.674018576866862749e-03 5.531080509263658872e-03 5.445180824104983025e-03 1.483930803589786351e-03 1.479659708715398356e-02 6.668513957097740516e-03 6.850522674571548308e-03 6.223733399938957342e-03 6.574673517958836907e-03 6.680875198109620036e-03 6.679502789295185122e-03 5.274513189953568271e-03 6.680872194635306162e-03 6.680875198109620036e-03 6.680875198109618301e-03 7.507620891885440073e-03 6.421461624794519776e-03 6.299424446232925259e-03 5.547321293953385961e-03 6.246680830524552891e-03 5.227708354550634692e-03 5.890615230993499589e-03 2.170615938387166280e-02 6.680875149830709653e-03 6.669816631777491719e-03 7.515967719919118377e-03 6.680875198109620036e-03 3.435382860200514397e-03 5.103663133844416923e-03 6.680869568910068231e-03 6.512258680095272569e-03 6.680875198109620036e-03 5.243675881572297526e-03 6.680672842862452054e-03 6.387876617542693862e-03 6.819592912256778987e-03 6.680875198109620036e-03 3.871944857063266271e-02 1.837209136164430837e-02 6.157501314216945985e-03 9.398138112751017181e-03 7.977562353762313388e-03 6.728938264322296969e-03 7.721685980140917047e-03 4.804025653594309192e-02 8.223279414753091252e-03 5.569702938048112437e-03 8.253630119348898467e-03 6.680875198109620036e-03 2.342196592282601818e-03 6.680875198062118971e-03 3.728270509946835301e-03 6.535942982980117756e-03 7.027840167352296559e-04 4.944565380467459345e-03 1.550278313936574205e-03 6.669494434888719424e-03 6.679468766813971732e-03 2.909369475162795586e-03 6.681421825270636439e-03 4.780181832571577319e-03 7.211655905040772335e-03 6.648612122359291894e-03 6.680875162317938785e-03 6.391496703252613244e-03 6.439110954184719578e-03 1.564356098272375040e-02 6.680870920694538181e-03 6.680874277384825886e-03 1.764670049293769237e-03 6.758413310714481495e-03 6.972418583170963968e-03 4.339411743270520268e-03 4.006615067180898694e-03 7.549532420084274949e-03 6.633209728777221016e-03 6.314039897140351180e-03 6.384492539439227954e-03 6.673844658149035228e-03 1.115087800731457378e-02 8.018329634681832518e-03 8.620868109441856900e-03 6.680875198109620036e-03 1.171674689671210919e-02 6.680875198109620036e-03 2.673201901414831282e-03 6.680875195024520152e-03 6.369181429572102517e-03 3.325790457025737043e-03 6.277678781191105804e-03 2.692453971553688055e-02 1.045299442399763579e-02 6.680875198109620036e-03 6.498140170140571242e-03 6.479694351951178523e-03 6.680797430682541317e-03 6.680874908432144453e-03 6.042951208239491154e-03 7.137655856841379660e-03 2.880303241502954643e-03 4.589374697947374605e-03 6.295195973979769190e-03 6.680875198109620036e-03 7.202659760651365824e-03 2.124275107283724040e-02 1.199753825565224056e-03 6.497815337480219652e-03 5.231542910138852788e-03 7.608778477050684615e-03 6.680875198109620036e-03 5.337790720908961242e-03 4.847424041627977458e-03 6.680875187095158992e-03 7.581105887392095011e-03 1.414854747989544113e-03 6.680615587833600363e-03 6.680875198109620036e-03 6.680875197259478031e-03 6.423497852353126682e-03 9.703452706656469015e-03 4.917209392681624706e-03 1.006573557157833948e-02 5.366219501632978409e-03 5.561908176654768027e-03 8.120595615379621809e-03 5.256534592234400616e-03 6.680874560843340360e-03 4.721206139966446780e-03 7.370570273410017616e-03 6.231696669846159553e-03 6.679907341735840699e-03 3.329013977218941208e-03 6.680874107734551155e-03 6.508635739170124009e-03 7.703242069057923344e-03 6.296777384571881214e-03
3.652510995427884957e-03 7.844738543947897547e-03 5.303250513291915720e-03 3.166014960464652670e-03 1.593812778015348984e-03 7.511927092801400953e-03 7.487612282931837941e-03 7.461777397915833263e-03 9.710704592605612709e-03 7.382285745299465955e-03 7.501524845999106572e-03 7.500484981255745032e-03 4.429602896755868713e-03 7.501521473821871205e-03 7.501524845999106572e-03 7.501524845999104837e-03 3.795511846847890100e-03 8.110458610545509192e-03 8.058000745224424763e-03 6.518423070613377744e-03 6.978255654133748084e-03 2.798923436795586715e-03 8.347978648604269941e-03 4.870200771018334991e-03 7.501524792278920287e-03 7.491875935191287528e-03 3.031065586092238865e-03 7.501524845999106572e-03 2.306526321810470348e-03 2.209143730274879848e-03 7.501518525720079003e-03 7.312780857405600139e-03 7.501524845999106572e-03 1.934846020989757637e-02 7.501297634323183042e-03 8.423044781957586546e-03 7.127352931946466172e-03 7.501524845999106572e-03 7.281993225401309222e-03 1.434258171114006532e-02 7.001790660555159106e-03 1.002852728988098095e-02 8.489896479746678395e-03 8.372241370848420433e-03 9.904156551190819446e-03 7.780775449374226389e-03 8.478176487697863459e-03 2.942854942204090312e-03 6.780330256765346175e-03 7.501524845999106572e-03 6.165946684050688763e-03 7.501524845945770764e-03 4.127741836458100576e-03 7.408801284535432990e-03 7.098049021177866907e-04 2.473351385920606604e-03 1.818577679181851859e-03 7.488746400174022509e-03 7.499864758364296023e-03 8.095622327607299162e-03 7.466893221212333662e-03 6.644873088944938146e-03 5.830466755753482659e-03 8.248970670885919301e-03 7.501524806547059041e-03 7.176056918427329082e-03 6.843657323135643629e-03 5.133835432379901635e-03 7.501520051739759415e-03 7.501523812350538792e-03 3.485276039757556881e-03 6.971586885395494870e-03 7.954822403292611394e-03 4.906923266420551953e-03 7.435654450278172262e-03 8.262075792676151081e-03 7.456318849753891358e-03 6.327169006380153025e-03 7.011374689061989664e-03 7.493630755779324797e-03 9.560059875437397145e-03 8.345729405221876535e-03 7.904882052625314057e-03 7.501524845999106572e-03 8.200521928226586418e-03 7.501524845999106572e-03 7.941883365578101053e-03 7.501524842531680573e-03 3.407341256726191450e-03 9.555938089903534202e-03 7.223443956817615121e-03 2.346927676774694400e-03 2.827984466849440756e-02 7.501524845999106572e-03 8.939367651594110412e-03 6.952469244556233087e-03 7.501437525936825897e-03 7.501524520785063377e-03 8.107155915541135530e-03 8.269403731786386519e-03 5.073790243147534122e-03 6.475746690874135784e-03 7.068506496178450331e-03 7.501524845999106572e-03 6.705962084345324335e-03 1.839458484031594081e-03 2.510489419878094916e-02 8.061691440352233146e-03 6.304252017151104961e-03 7.841799049181296180e-03 7.501524845999106572e-03 9.569320361446007756e-03 5.379838530928601932e-03 7.501524833631676575e-03 8.400796420445324694e-03 4.093318383324211218e-03 7.501154912071686734e-03 7.501524845999106572e-03 7.501524845045699080e-03 7.197002396848895846e-03 7.150317683095651008e-03 5.029130049251337962e-03 7.311960349254698240e-03 5.558036161538906957e-03 8.361142141526169483e-03 9.428667234078832657e-03 4.818459560014199707e-03 7.501525726582469744e-03 3.573064712893184516e-03 6.950993343042622882e-03 7.639239580447588357e-03 7.499521954359805037e-03 1.222076391961983768e-02 7.501523621687107568e-03 1.389202242543906111e-02 1.015085778148889714e-02 7.106864566818925193e-03
1.841974927343310343e-03 6.454628860710736639e-03 5.617064122331970680e-03 7.073444150005232106e-03 6.497105891591060944e-02 1.200449776622962428e-02 6.852776297916731742e-03 6.827902346104088374e-03 6.863572970079894094e-03 6.754954467261702067e-03 6.864289971777448422e-03 6.865525297404302500e-03 5.241143365762897591e-03 6.864286885865233424e-03 6.864289971777448422e-03 6.864289971777446688e-03 3.144476644916669762e-03 6.574080271649464582e-03 6.933417728159484844e-03 5.101044264071354951e-03 6.385813601640754310e-03 8.423145069848111607e-03 6.618048758001842356e-03 4.151436876294181677e-02 6.864289922172939554e-03 6.852895383610523028e-03 4.687910364330820714e-03 6.864289971777448422e-03 6.921801718148582264e-03 1.231564472553880150e-02 6.864284188035517723e-03 6.691043249069061200e-03 6.864289971777448422e-03 5.524465203970716290e-03 6.864082061211005531e-03 6.596173455196516211e-03 6.925314678320076446e-03 6.864289971777448422e-03 1.030218723884888075e-02 1.195837320103482551e-02 6.628498906508529728e-03 6.470172540075992337e-03 7.733313000903398356e-03 7.160268550490496084e-03 6.056703008718212003e-03 3.512425783173665772e-02 5.376717934923996335e-03 9.520272330499152330e-04 6.450408270152334020e-03 6.864289971777448422e-03 4.996396204729421087e-03 6.864289971728642845e-03 2.996866339763284287e-03 6.715378830437390874e-03 8.912679336204291577e-03 4.738941633325701765e-03 1.700874723086258410e-03 6.852596737571763942e-03 6.862830412206637198e-03 4.827340233017394719e-03 6.832222645232833083e-03 3.346131257125049569e-03 1.354516787843621298e-02 7.414550845237843045e-03 6.864289935003021169e-03 6.566209555897001976e-03 7.363966561047218667e-03 5.786847414884668632e-03 6.864285626141324904e-03 6.864289025782207947e-03 1.317890169294923079e-03 6.867444940884584112e-03 6.487392015086784064e-03 4.464411309131342646e-03 6.282432562213433047e-03 5.620396084896653668e-03 6.815352709595121593e-03 6.650548008953154240e-03 7.096256716465547051e-03 6.857066435603758996e-03 6.669156560616447231e-03 7.251618425398312535e-03 6.427337029061530073e-03 6.864289971777448422e-03 2.598914077769525106e-03 6.864289971777448422e-03 4.570209859053648953e-03 6.864289968604570663e-03 3.830965681963762783e-03 6.763470292331940498e-03 7.719113908640242577e-03 6.387183073220017993e-03 2.836858954527139449e-03 6.864289971777448422e-03 6.968270175432642738e-03 6.760962056325270537e-03 6.864210069325753401e-03 6.864289676185960504e-03 5.033813979253168834e-03 6.701032703235889655e-03 6.898180901347522945e-03 1.879261237191030181e-03 6.468197033602613062e-03 6.864289971777448422e-03 6.308319025311123589e-03 8.431934726065693332e-04 5.920900544251923685e-03 6.739585675794135256e-03 6.219430907987788873e-03 7.451199757607611558e-03 6.864289971777448422e-03 8.273784166777297874e-03 4.790414272056277463e-03 6.864289960460599055e-03 5.463739697839976352e-03 3.446567075968106145e-03 6.863918175480298797e-03 6.864289971777448422e-03 6.864289971115255032e-03 6.566022232461196477e-03 4.088828744944970374e-03 8.843144466447861937e-03 6.234805054170208631e-03 7.119956210994168519e-03 5.577750603607490622e-03 6.046804948031047136e-03 1.951952263337815643e-02 6.864289317015844979e-03 3.168344962397796460e-03 5.699567903389144742e-03 6.059019815010856236e-03 6.862434762233905923e-03 7.511413546055579864e-03 6.864288851467573171e-03 5.487729802543366182e-03 3.718141826099286094e-03 6.501792061113609127e-03
2.876763189945994240e-02 6.407217810549034782e-03 6.039959757872186141e-03 1.332728697575716152e-02 3.818259004492779909e-03 6.647724593729884522e-03 7.320446603517773501e-03 7.403718376409594570e-03 6.631695530219019682e-03 7.217934923132031388e-03 7.334055959194624684e-03 7.332546424367717731e-03 7.665616813116106661e-03 7.334052662102782082e-03 7.334055959194624684e-03 7.334055959194622949e-03 3.239213933346645532e-03 7.025902734921252862e-03 8.755161188426759458e-03 3.900961480499370859e-03 8.481562464013802857e-03 6.966192003487483263e-03 6.558825010546621634e-03 4.110175416180116177e-03 7.334055906226330870e-03 7.321882903269224217e-03 1.225041503785608867e-02 7.334055959194624684e-03 8.953752733114526269e-03 1.149674306388167103e-02 7.334049779635315978e-03 7.148954186480202706e-03 7.334055959194624684e-03 2.578643601679882821e-03 7.333833819929747033e-03 6.597055767558337308e-03 6.910458312136905264e-03 7.334055959194624684e-03 3.124594517159349268e-03 4.048276365976987388e-03 6.843701399503009444e-03 6.225181086799118878e-03 8.332690079226904786e-03 6.716126062583002362e-03 4.442667996292454756e-03 8.789363871511721854e-03 7.603494772448233553e-03 6.336242033695847070e-03 9.787948288139759756e-03 7.334055959194624684e-03 1.090016908667441192e-02 7.334055959142479764e-03 3.201305030338444640e-03 7.174953903770715791e-03 4.613312184460563632e-03 2.865650137068005785e-03 9.713746865184580762e-03 7.637563973235877296e-03 7.332429454544357565e-03 6.954040869022301910e-03 7.311202654039196218e-03 6.807095210509609730e-03 4.773864736500188152e-03 6.882803481373090532e-03 7.334055919996540669e-03 1.321966521358218516e-02 6.838467291492781285e-03 7.575026621047438631e-03 7.334051275598097580e-03 7.334054948451726452e-03 1.460181959809436639e-03 8.177509815594473375e-03 5.645496272393375932e-03 4.765149659403823852e-03 9.137874790693764626e-03 8.468828774346062391e-03 7.281924958336159943e-03 7.012235384358304208e-03 7.550969560988712338e-03 7.326338174726218684e-03 6.641925602070036100e-03 7.620479583350109852e-03 7.648404611177328505e-03 7.334055959194624684e-03 7.208366862045362949e-03 7.334055959194624684e-03 7.528960690548456430e-03 7.334055955804607251e-03 5.449033442800886064e-03 6.514077915291292473e-03 6.739906951485166199e-03 3.206110218294843436e-03 3.408192751696688828e-03 7.334055959194624684e-03 6.690646441914222843e-03 7.704922677884605553e-03 7.333970588522063100e-03 7.334055641198579389e-03 6.582869111780796298e-03 6.515371082884757054e-03 7.452654672926704339e-03 9.337985722416881559e-03 6.974377489620165946e-03 7.334055959194624684e-03 6.940729091737847002e-03 1.175756217353673711e-03 8.361111319390119451e-03 8.658765029180915188e-03 6.814275308897999907e-03 8.696740902043451765e-03 7.334055959194624684e-03 7.455072648756944954e-03 6.204803020948200694e-03 7.334055947103293276e-03 5.759973990083313775e-03 6.401972494301586339e-03 7.333682211365759318e-03 7.334055959194624684e-03 7.334055958261609734e-03 7.034378153095006275e-03 5.716388262502334304e-03 5.637164643898655812e-03 5.405913478376866803e-03 7.538721325779922967e-03 6.975821551099202836e-03 6.222255474230869304e-03 1.577092628226856030e-02 7.334055259679943262e-03 1.162271375500907415e-02 8.288714270094853578e-03 8.946630116518805576e-03 7.332087826161513486e-03 1.066805294068033649e-02 7.334054762215019840e-03 5.812567722579898080e-03 1.387801699288646051e-02 7.015206202318581552e-03
2.144562276408730570e-03 6.100905743262573233e-03 8.330190432620336594e-03 3.292538760622746880e-03 1.546920396565310343e-02 8.096170410007140841e-03 7.090922429951548693e-03 7.318077839586802080e-03 6.634807970073687555e-03 7.031685638131590296e-03 7.103897205795685690e-03 7.235323826987381454e-03 5.115591786499703968e-03 7.103894012147582773e-03 7.103897205795685690e-03 7.103897205795683956e-03 1.488906396745103347e-02 6.795839159846624351e-03 6.645792486606622376e-03 2.074545176638274008e-03 6.633317442736897177e-03 7.686539468205577652e-03 6.696676648045701667e-03 2.463931701287079990e-03 7.103897154457961688e-03 7.092107479355058523e-03 7.145402620836389593e-03 7.103897205795685690e-03 7.797461822692615743e-03 2.792975567122796699e-03 7.103891224615099288e-03 6.924603044120318171e-03 7.103897205795685690e-03 3.895262150751592663e-03 7.103682044896049604e-03 6.412353466635987639e-03 7.680658995301678678e-03 7.103897205795685690e-03 3.241091594178527324e-03 3.434297066512265965e-03 7.491118968311856648e-03 6.296501116463529280e-03 7.176206821080471920e-03 7.035048465329009175e-03 4.314000054018342009e-03 2.715667569296609154e-03 7.098049263424137910e-03 1.050524427451633019e-02 1.007579661356365966e-02 7.103897205795685690e-03 4.651746533408518749e-03 7.103897205745177482e-03 3.118510635625036664e-03 6.949788121647612268e-03 3.743295869370422656e-03 9.837227766330752798e-03 6.568810322988600722e-03 7.091823241353255661e-03 7.102309310851165347e-03 4.951631336715378411e-03 7.063694964663754829e-03 7.630737268330872562e-03 2.615896687104440118e-03 7.183802545388843011e-03 7.103897167741448845e-03 6.798785904517837264e-03 6.303120356729717544e-03 2.846330137420100253e-03 7.103892690731950475e-03 7.103896226772114277e-03 1.269743159206281448e-03 6.900945010213732980e-03 6.425083420973639464e-03 4.609420519011564119e-03 3.613126804116520256e-03 5.711098975603964324e-03 7.053187447210993756e-03 6.382410349442131300e-03 7.354619011194316047e-03 7.096421797909585084e-03 5.693155572248955777e-03 7.189133044388493210e-03 6.209338679861129209e-03 7.103897205795685690e-03 5.173077891578171418e-03 7.103897205795685690e-03 5.018142928658731253e-03 7.103897202512054511e-03 2.808447015438392692e-03 7.974029887187044849e-03 6.497097543323909589e-03 3.144228554805474345e-03 2.595634981519287163e-03 7.103897205795685690e-03 6.708906781992978775e-03 7.172705128139112742e-03 7.103814514241897290e-03 7.103897005330783200e-03 4.357200119259283314e-03 7.927473852584021596e-03 7.031336258222077584e-02 2.701830874922496548e-03 6.693786867364092188e-03 7.103897205795685690e-03 6.346670370744615999e-03 1.211816456579795998e-03 7.548017900307130157e-02 6.732207969565603620e-03 7.123673223627983823e-03 7.078946340355817338e-03 7.103897205795685690e-03 9.460846038519678952e-03 5.157739370229612319e-03 7.103897194083806828e-03 6.617123955774171541e-03 6.459660012986942132e-03 7.103508709791431924e-03 7.103897205795685690e-03 7.103897204895252317e-03 6.794755508164915941e-03 3.040012358215726535e-03 7.464955830772359441e-03 7.122556883197223195e-03 6.612234476481847721e-03 5.380985131677109776e-03 6.572940228148619994e-03 5.822979389550689278e-03 7.103896528182045145e-03 3.234349379297349249e-03 8.230676904130963811e-03 5.405241529400811248e-03 7.102523494955784167e-03 4.063524122799975699e-03 7.103896046379864528e-03 1.878638226852826854e-03 1.015967293723803351e-02 7.512121162836048541e-03
4.747363569536018277e-03 6.852488037270620946e-03 7.392987505928118146e-03 4.884067246737870335e-03 1.595084060896033743e-03 7.597510501733542761e-03 8.078951224273557205e-03 8.051086817787973457e-03 6.657491132611930741e-03 7.964916663840606453e-03 8.093855206901645616e-03 8.092189299082652373e-03 4.668074344120251747e-03 8.093851568929525883e-03 8.093855206901645616e-03 8.093855206901643881e-03 1.075437657112430709e-02 7.862227809102855305e-03 7.624480041078698055e-03 3.387990049504368065e-03 7.559077382337787282e-03 6.165777696175575411e-03 7.620078545996775317e-03 6.719736722720022308e-03 8.093855148415851283e-03 8.081666292533895915e-03 2.047979096075938990e-02 8.093855206901645616e-03 8.320003549957551148e-03 1.193862615497550024e-02 8.093848387147533491e-03 7.889575648168126176e-03 8.093855206901645616e-03 2.253625952047617377e-03 8.093610054279916713e-03 6.723843687853749834e-03 8.756025966673382580e-03 8.093855206901645616e-03 3.791517607308059201e-03 7.006522585133495747e-03 8.350857474228236266e-03 6.533425092244352604e-03 7.756774044446095376e-03 7.561861979088484349e-03 6.067527403555335493e-03 4.775882177703697634e-03 5.954131408396497703e-03 7.800595183432141016e-04 5.807614388199203691e-03 8.093855206901645616e-03 4.318747388556402715e-03 8.093855206844132594e-03 4.338530441271545510e-03 7.918270372686258413e-03 1.135769243554495510e-02 2.931817718712434375e-03 1.891672148582470171e-03 8.081894507922680534e-03 8.092044582610371031e-03 5.887327722623439744e-03 8.041575674057204609e-03 5.312887920019670335e-03 2.780227111340233172e-03 8.582201024063962000e-03 8.093855163540735267e-03 7.742612776194628815e-03 8.269184338358021025e-03 4.222508042016558452e-03 8.093850025645558249e-03 8.093854091447015911e-03 8.731512762777885860e-04 8.547546413928500467e-03 6.848976522866189257e-03 6.810379035279071416e-03 5.983868786834523577e-03 9.052330445099260325e-03 8.036086394423188131e-03 9.548330218265883504e-03 9.072912204460921101e-03 8.085337733264745530e-03 4.590030795320845791e-03 7.729229370666981271e-03 7.313414869634442435e-03 8.093855206901645616e-03 1.628158759692444795e-03 8.093855206901645616e-03 5.508094194394759675e-03 8.093855203160426476e-03 4.642820925280973995e-03 9.789672532194811788e-03 7.400418332555815104e-03 2.713177711226039124e-02 3.442666717841872358e-03 8.093855206901645616e-03 7.726564358128440099e-03 8.146505515425067276e-03 8.093760999655833996e-03 8.093854855968189710e-03 7.409963118429751562e-03 7.837064899135619614e-03 6.970577131110666097e-03 2.904396757789545151e-03 7.626616442609222835e-03 8.093855206901645616e-03 7.597340083356726205e-03 3.312576828975192546e-03 1.568563857686234133e-03 7.353487997636364709e-03 6.995704701134176917e-03 7.627026230834079573e-03 8.093855206901645616e-03 1.073205975156274125e-02 5.936428934920097607e-03 8.093855193557666916e-03 6.259792305710351265e-03 1.017191369842026204e-02 8.093428666170963612e-03 8.093855206901645616e-03 8.093855205871587633e-03 7.745080528262973836e-03 3.621127329514848159e-03 8.304769676440441895e-03 6.686326111556671267e-03 5.394288155075903195e-03 1.191157268950267419e-02 5.327253143979084407e-03 6.922537826371894833e-03 8.093854435147611673e-03 4.129201340170665820e-03 7.408727598530456468e-03 8.814881424719447217e-03 8.091984974293586763e-03 1.474775935755941701e-02 8.093853885916345303e-03 2.563082901226338729e-03 1.384357080891950725e-02 8.680553781011696862e-03
5.771037305000939997e-03 8.720615112210504047e-03 6.186996819435098063e-03 5.063327294607520949e-03 1.063114256374798026e-02 7.051575343146694250e-03 8.288421585631523120e-03 8.259709762727461546e-03 1.224393895047754671e-02 8.177240563400779705e-03 8.303752885354856450e-03 8.302046761768572258e-03 7.604369014825306493e-03 8.303749152294761030e-03 8.303752885354856450e-03 8.303752885354854715e-03 1.019819495558608839e-02 7.940622280669294708e-03 7.507152479583899946e-03 9.401770926440984957e-03 7.720959485745176182e-03 9.168930053195399957e-03 8.652125659554792819e-03 1.733993332299725923e-02 8.303752825346155317e-03 8.289968766007498741e-03 3.430880804951245717e-03 8.303752885354856450e-03 6.457453745091481720e-03 4.425506270964701255e-03 8.303745888744287762e-03 8.094175751609146777e-03 8.303752885354856450e-03 5.025521181010333266e-03 8.303501375200750267e-03 9.805527600197745317e-03 9.071519703272907034e-03 8.303752885354856450e-03 4.617463508254531813e-03 3.535930281504399281e-03 9.352480117267039650e-03 6.061066017959682722e-03 7.309569540952133050e-03 8.203052013273481879e-03 6.468767555563767133e-03 1.023650689578071635e-02 5.698240024027249190e-03 4.651706922581370918e-03 4.469540797504749016e-03 8.303752885354856450e-03 4.199320108538561261e-03 8.303752885295816871e-03 7.077252518913976914e-03 8.123653663057275529e-03 6.320037556480014550e-03 2.770178022531464852e-03 1.996864319374068962e-03 8.289607546712474823e-03 8.301916635653504989e-03 8.530066301029671019e-03 8.257045870408723579e-03 3.914148706630499880e-03 3.442743525429605052e-03 7.929280451945281902e-03 8.303752840868657004e-03 7.943177822823938375e-03 7.720422338843874188e-03 5.088161057527453186e-03 8.303747654739941295e-03 8.303751740973209713e-03 2.990938495329514227e-03 8.677378230794110733e-03 9.585867275415641334e-03 5.387452703557648812e-03 5.865012655923400840e-03 5.195523896357826139e-03 8.244495913682542074e-03 6.020259281304396470e-03 8.697740283997161537e-03 8.295014529898123504e-03 5.984183968174737120e-03 6.580473925875107363e-03 5.853371810505477411e-03 8.303752885354856450e-03 9.716446334594491113e-03 8.303752885354856450e-03 6.654122281666129818e-03 8.303752881516617695e-03 8.047125061451844072e-03 1.017571986507029465e-02 7.601785195882397768e-03 2.406896924943458579e-03 2.712570613267184516e-03 8.303752885354856450e-03 8.443790796293234105e-03 8.632132460391662987e-03 8.303656228707571516e-03 8.303752608941982957e-03 1.104378771214715484e-02 7.135400575193817999e-03 4.782487853352140016e-03 3.604347708074659169e-03 7.824374610050298731e-03 8.303752885354856450e-03 7.420307431987693998e-03 5.749090898507740535e-03 4.307606380023684678e-03 8.185206196262555245e-03 8.309124701666118634e-03 7.517000933727631916e-03 8.303752885354856450e-03 6.326363936456946488e-03 5.803491940427844137e-03 8.303752871664828172e-03 8.016531866761222175e-03 4.264973595411998379e-03 8.303422242743118548e-03 8.303752885354856450e-03 8.303752884451356953e-03 7.996444695359967644e-03 4.169813328517122872e-03 8.398290069391757193e-03 7.720760450674860401e-03 6.231236580208144790e-03 7.981192692107867345e-03 7.079841892354095910e-03 7.771027026772214449e-03 8.303752335719484512e-03 3.750309587914556295e-03 7.767238511308306552e-03 9.777068343870317507e-03 8.301580536253745646e-03 5.513177400379001836e-03 8.303751530112490203e-03 3.798780855241646031e-03 2.356275286564071640e-03 9.181564257292848183e-03
1.697730306093843573e-03 8.385897403469396577e-03 9.044538572216181960e-03 6.933937725532035752e-03 4.822194027482093991e-03 6.968542154598552155e-03 6.972156175398070387e-03 6.949490594992212625e-03 6.353182316176502267e-03 6.874645743133941077e-03 6.985115492755693094e-03 6.983697782261007354e-03 5.185326950225520315e-03 6.985112352506580267e-03 6.985115492755693094e-03 6.985115492755690492e-03 3.821432882294543455e-03 6.676542391523885948e-03 7.186851497159064961e-03 2.125646286043577846e-02 6.550754328166493758e-03 5.157007928415174511e-03 7.134226635134664936e-03 1.494986338390883081e-02 6.985115442276754356e-03 6.973520765872944470e-03 1.943395347846620450e-02 6.985115492755693094e-03 7.316109376451857861e-03 3.045337358008645690e-03 6.985109607208255661e-03 6.808819261109392597e-03 6.985115492755693094e-03 9.078227610246911508e-03 6.984903922455816365e-03 5.123506376820273663e-03 6.646085186045593354e-03 6.985115492755693094e-03 1.810642512488839714e-02 5.216069550670250979e-03 6.716021326193412529e-03 8.874008081240957607e-03 6.627790065230849091e-03 6.840247882977473944e-03 5.264442142299835363e-03 6.850762804148237406e-03 8.297096205560076237e-03 5.221472311869135123e-03 5.524546674942904488e-03 6.985115492755693094e-03 4.716691793103590033e-03 6.985115492706028828e-03 4.394222614442546034e-03 6.833583211282997019e-03 7.183772013729514128e-02 4.280036193187708102e-03 1.756092325012687232e-03 6.973216636491795864e-03 6.984474305709718021e-03 1.994372631830808058e-03 7.163774864823453659e-03 3.800233140844680186e-03 4.050716968836053263e-03 7.004387775917477778e-03 6.985115455338339156e-03 6.685498144209084566e-03 7.950667633404415527e-03 3.218889010773821023e-03 6.985111024326926335e-03 6.985114530102024509e-03 2.320626572580778042e-03 6.428484897800442431e-03 7.949788792063013435e-03 5.536317108555099606e-03 7.731777883597723208e-03 7.160404878252485047e-03 6.935256129018687980e-03 7.231431299786860237e-03 6.625363726778912658e-03 6.977764788228238771e-03 9.253968955180521053e-03 6.570320583442059575e-03 7.656775751659588083e-03 6.985115492755693094e-03 5.134458521230950492e-03 6.985115492755693094e-03 6.515004848846064206e-03 6.985115489527452502e-03 1.113421492733689122e-02 4.330728615714950214e-03 6.387675510274411911e-03 1.635772572159066574e-02 5.090249313528995116e-03 6.985115492755693094e-03 7.198566830668841864e-03 6.805553256504313225e-03 6.985034821816248074e-03 6.985115189887968271e-03 6.494508396320854138e-03 7.238702220966752345e-03 2.627054219829466890e-03 1.586038305733917381e-02 6.732950730877965487e-03 6.985115492755693094e-03 6.348659544451904987e-03 1.088159571958572519e-03 2.623287000260257282e-03 6.194658016706057133e-03 8.649501857376788033e-03 6.491347128998001259e-03 6.985115492755693094e-03 5.172142100581989151e-03 4.980669064834269098e-03 6.985115481239643695e-03 9.845561584636564056e-03 2.739769268255384457e-03 6.985127135242489779e-03 6.985115492755693094e-03 6.985115491866764406e-03 6.749455437442991243e-03 6.317739375131311598e-03 4.344584136607458277e-03 8.180198096899250412e-03 8.030036127715477895e-03 6.991986375079479142e-03 8.504616366761672680e-03 7.612811017909331714e-03 6.985114826468821064e-03 3.224637317499691718e-03 7.147086709885984608e-03 4.515211525959771273e-03 6.983226061645392280e-03 2.752015437784364766e-03 6.985114352726053827e-03 4.904549663754356401e-03 6.236958802347966624e-03 7.003522221193654411e-03
5.033875289866762692e-03 9.682806114276661449e-03 8.053349459015564718e-03 5.307709180354327691e-03 1.499913175309372125e-03 3.276837637682239804e-03 7.322541317088206506e-03 7.296533490511873318e-03 4.459761198521094983e-03 7.219176135484240038e-03 7.335981940618586591e-03 7.335225119311012364e-03 9.580540422947356194e-03 7.335978642685870611e-03 7.335981940618612612e-03 7.335981940618584857e-03 4.713787929918861197e-03 7.010028214841162834e-03 6.985194716028017385e-03 2.683725859921958379e-03 7.106392985016152415e-03 6.984883056062179095e-03 6.504072917866146435e-03 5.369103903249235026e-03 7.335981887604763226e-03 7.323862433530400375e-03 3.201629216616711654e-03 7.335981940618586591e-03 5.297057622117549297e-03 2.050149208887010535e-02 7.335975759490106878e-03 7.150830227948093074e-03 7.335981940618586591e-03 3.400315315239683424e-03 7.335759743018170284e-03 5.495876489884257525e-03 8.411150333217759859e-03 7.335981940618586591e-03 3.176306287186777232e-03 4.718406179709704225e-03 7.336888804205462383e-03 9.335011940674410591e-03 7.509320108280915368e-03 6.463000873592202912e-03 7.928772087717285422e-03 6.322351150061554688e-03 7.839199976062178818e-03 2.282749162652233845e-03 6.088647393969194924e-03 7.335981940618586591e-03 9.318281492406384203e-03 7.335981940566427793e-03 3.189041259588288029e-03 7.176838103729564489e-03 6.965464776189931109e-03 1.030409319022125396e-02 1.185030663326390281e-02 7.323485927670445907e-03 7.335232359592449257e-03 2.786490046164612471e-03 7.287844104371583344e-03 7.109746217230272954e-03 3.898875031003671415e-03 6.194700112819369331e-03 7.335981901341580465e-03 7.023977312783971291e-03 9.151673200136300687e-03 6.050690971515283213e-03 7.335977277781887372e-03 7.335980929610258321e-03 3.370704589752845492e-03 7.007755242914659802e-03 1.067450430449972537e-02 4.774493527738393230e-03 4.452326278946958787e-03 5.883343608672028657e-03 7.283618033594862519e-03 7.362629401322797786e-03 6.830850967230897228e-03 7.328262963315194424e-03 9.274351894297956991e-03 6.902915316458159076e-03 7.412153702580406497e-03 7.335981940618586591e-03 2.929628158248148186e-03 7.335981940618586591e-03 5.608452939204458879e-03 7.335981937257918944e-03 5.889541018212421028e-03 4.365560799363967480e-03 6.710065441257126624e-03 2.790370265502305214e-02 3.321417947919810473e-03 7.335981940618586591e-03 6.571947448414531927e-03 6.885283862040935017e-03 7.335896547539943677e-03 7.335981622887428368e-03 1.039556042005680865e-02 7.766421787382652916e-03 3.062954563077076656e-02 7.105401272994062156e-03 6.912734311696537744e-03 7.335981940618586591e-03 6.654710660444806795e-03 9.399790071065405829e-04 2.204680418002171599e-03 7.703971071774435783e-03 7.448735472086629068e-03 7.453834028117535537e-03 7.335981940618586591e-03 8.099090512705088216e-03 6.664892041432450738e-03 7.335981928524079772e-03 1.095447204938420835e-02 2.051109822210640463e-02 7.335819923919883676e-03 7.335981940618586591e-03 7.335981955484051353e-03 7.236258359375092805e-03 1.206642581255813231e-02 7.815390796143175875e-03 7.721749090069538607e-03 7.573123924642464339e-03 6.372858124198388027e-03 9.062982424034509571e-03 4.283825862993949525e-03 7.335981240863734439e-03 4.100446254756041561e-03 9.398246973324423520e-03 8.119971365445559364e-03 7.334011215933977819e-03 6.089038159867234644e-03 7.335980743324582200e-03 3.885937659545269859e-03 1.340952258431023225e-02 6.423518622292991899e-03
2.960526318609177018e-03 7.502444739323255868e-03 6.188871848020362568e-03 1.810816680685989680e-02 1.607690899621192805e-03 5.971201609281568540e-03 7.068069919153117942e-03 7.043211500430977649e-03 9.118302966999780601e-03 6.968978127326809491e-03 7.081020982228694582e-03 7.079603351528557416e-03 6.941959945686335814e-03 7.081017798863642985e-03 7.081020982228694582e-03 7.081020982228692848e-03 1.515458906130947529e-03 7.263793570522323988e-03 7.898067788280090443e-03 3.882645678707610185e-03 7.812572967506349608e-03 7.184996636527807810e-03 7.035010057575236640e-03 5.039735841186299484e-03 7.081020931252875530e-03 7.069267606527971683e-03 3.183642469288205934e-03 7.081020982228694582e-03 3.457986809797176930e-03 5.683327887245587934e-03 7.081015016154436695e-03 8.736481463575600584e-03 7.081020982228694582e-03 4.887152661077078138e-03 7.080806507086605597e-03 9.422941800280732957e-03 6.568538479180855219e-03 7.081020982228694582e-03 2.395496622181558788e-02 3.490574579446981910e-03 6.521544445392529060e-03 7.373335853699231057e-03 7.540795785890985412e-03 8.544487286525560138e-03 8.810402847031873624e-03 1.362086688223313261e-02 8.385883672480979115e-03 2.006132012131000772e-02 1.740580353037514405e-02 7.081020982228694582e-03 7.916032169406927652e-03 7.081020982178347703e-03 3.137721732175915816e-03 6.927971050274716464e-03 5.594836812316420459e-03 6.744164614696366265e-03 2.286350850815944968e-03 7.071852255638820875e-03 7.079895879841069037e-03 9.663273897409034238e-03 7.040509817044542616e-03 5.922912798557369331e-03 1.051885029314446936e-03 7.271578104662463488e-03 7.081020944293548239e-03 6.806459417383479288e-03 7.053485428986976981e-03 6.377806017251561911e-03 7.081017380541422372e-03 7.081020006357809614e-03 3.551358555218592575e-03 7.142403567225978286e-03 7.057806493496930622e-03 4.594382569969878739e-03 5.983667903817358434e-03 7.496381644723704857e-03 7.030550903216612607e-03 6.615550680825788531e-03 6.866275770620592321e-03 7.073569352343838171e-03 8.293149894414630560e-03 7.581090003363514726e-03 7.885358966107803430e-03 7.081020982228694582e-03 1.337018676214541887e-02 7.081020982228694582e-03 8.562451185135936532e-03 7.081020978955638277e-03 3.887670451759897040e-03 6.338132744669508142e-03 6.752784829204481511e-03 2.639579629789124467e-03 1.347102520171844856e-02 7.081020982228694582e-03 7.442154501202286575e-03 6.696877417544568750e-03 7.080938577904324384e-03 7.081020675211619625e-03 6.305384436895506567e-03 7.156451317544403404e-03 8.421202034486759830e-03 2.297589825865488031e-02 6.672233527483233811e-03 7.081020982228694582e-03 7.263865729872867431e-03 9.135361211589815593e-04 1.139536049805379026e-03 8.070605511516814809e-03 5.143672557441803829e-03 7.307347482670719860e-03 7.081020982228694582e-03 1.079460119331063575e-02 9.328038560625995582e-03 7.081020970554530343e-03 7.164707320253771612e-03 9.713089491266065426e-03 7.080692966819319457e-03 7.081020982228694582e-03 7.081020981328845811e-03 6.793307111173140303e-03 7.046440150150298613e-03 8.505606750030654528e-03 6.512595316908066125e-03 5.152365327371436279e-03 9.187549520842089659e-03 7.947970994354123728e-03 6.283149866912079475e-03 7.081020306808820039e-03 3.294547497037459468e-03 4.496266471889094271e-03 3.637100977638280108e-03 7.079306372448798852e-03 1.628484156031168029e-02 7.081020457500621958e-03 3.159031467583331507e-03 1.002591164119304677e-02 7.685096343639232289e-03
2.790703323999538851e-03 5.925844806986509290e-03 9.415187302279935666e-03 6.841061501515048951e-03 7.249024728285863306e-02 5.078788245086576780e-03 6.213998928119688833e-03 6.192287671004896923e-03 9.347996938237498887e-03 6.185227687598196869e-03 6.225537639570244593e-03 6.224617964922315658e-03 6.683302534944714733e-03 6.225534840798838121e-03 6.225537639570244593e-03 6.225537639570242858e-03 1.583824671850713470e-03 6.008914213297901659e-03 8.265703688966081347e-03 3.079930898942146583e-02 5.798589468069130157e-03 6.766401047823841254e-03 7.524081069981302175e-03 7.680749012552568963e-03 6.225537594599317437e-03 6.215218038433334424e-03 4.059722870628695857e-03 6.225537639570244593e-03 1.059465049434148848e-02 4.737620980076585539e-03 6.225532394030902292e-03 6.068412258744758717e-03 6.225537639570244593e-03 3.727924171359696046e-03 6.225349075971365297e-03 1.105571885340293249e-02 5.384286377310845174e-03 6.225537639570244593e-03 3.209457529763042223e-03 2.448150047206578903e-02 5.476666806083010063e-03 6.516683819601419396e-03 6.500741074563282616e-03 7.814797192893104330e-03 7.354713045462864078e-03 6.247946465391605343e-03 7.812123541424098941e-03 2.440336735140334612e-02 5.523242032022590564e-03 6.225537639570244593e-03 1.132327705081966236e-02 6.225537639525980521e-03 3.339150012505291438e-03 6.090483334001101784e-03 7.406509438956092317e-03 7.032174124166526430e-03 1.442753053505791121e-03 6.214932507699813882e-03 6.224353187115731073e-03 4.690034025339575967e-03 6.187150611118989382e-03 7.939941115439164143e-03 1.313077946913833102e-03 5.598927424262148053e-03 6.225537606218817070e-03 5.955187546327718982e-03 5.952254906306728155e-03 9.462448369913929389e-03 6.225533688513947353e-03 6.225536781597793695e-03 1.549984960852090728e-03 5.398806880920841399e-03 5.443379662231367759e-03 4.064574552562575174e-03 7.152071368092049325e-03 9.195648219382684604e-03 6.181099178943926312e-03 7.285388063181967751e-03 5.525062727592532953e-03 6.218986267571112968e-03 1.196526807899062940e-02 6.059337197385843490e-03 6.067157597203978216e-03 6.225537639570244593e-03 1.028924519113166673e-02 6.225537639570244593e-03 7.708846485692769958e-03 6.225537636692616769e-03 7.927612594118163200e-03 5.995007632522026189e-03 5.692353540065545926e-03 8.789726295720688698e-03 1.511412205005630699e-02 6.225537639570244593e-03 7.926906065860685885e-03 5.770666141647535531e-03 6.225465172392690739e-03 6.225537369635970875e-03 5.317250584569177714e-03 8.518513471228388034e-03 2.871937630888101497e-03 5.156653781348608835e-03 5.866344857294323971e-03 6.225537639570244593e-03 5.766603495855324168e-03 2.529141629654048460e-03 1.285685969014345714e-03 6.467991149042677697e-03 7.582572578009422540e-03 5.870050716006622836e-03 6.225537639570244593e-03 7.575547851607985703e-03 4.983626818582082008e-03 6.225537629306478193e-03 6.461805533910808946e-03 1.816356268075337409e-03 6.225315759542121401e-03 6.225537639570244593e-03 6.225537638777997249e-03 6.007192937146839037e-03 5.157531904479304742e-03 4.965067239212899580e-03 8.578280957072132243e-03 8.541074993778263735e-03 9.743280721236043107e-03 7.174992403082293066e-03 4.617692495807457220e-03 6.225537045736971239e-03 2.842079421460279396e-03 6.563861589448799494e-03 6.863463410909702300e-03 6.223986321769019343e-03 1.318841584686007012e-02 6.225536623510097983e-03 7.444773044744666321e-03 8.448608043080636093e-03 6.533987392951200006e-03
1.624521569342969943e-02 8.022510315724817875e-03 5.456305413767710034e-03 6.464916651688766558e-03 1.760018054688617523e-02 4.127843417901040993e-03 6.854891942186040234e-03 6.853941948171445551e-03 5.455965651048718529e-03 6.996690687988527980e-03 6.867263904017571058e-03 6.865861783352287563e-03 6.908887640932622788e-03 6.867260816749787625e-03 6.867263904017571058e-03 6.867263904017569323e-03 1.717942865297678642e-03 6.637171093361131195e-03 6.443169650226905631e-03 3.064312760680501860e-02 6.407047761868556006e-03 7.025157138694644067e-03 5.337952535380394506e-03 1.213488594716456009e-02 6.867263854390630480e-03 6.855929920861646674e-03 2.678112617383211682e-03 6.867263904017571058e-03 3.768190047293131905e-03 6.217216517138727909e-03 6.867258117769849644e-03 6.693942093332317170e-03 6.867263904017571058e-03 1.816499072538530152e-03 6.867055903293521092e-03 5.202698963045537806e-03 7.392917457870270062e-03 6.867263904017571058e-03 3.133554578677999816e-03 3.544989460148276813e-03 6.859214854036857489e-03 7.048216540392647673e-03 7.900526976766382783e-03 4.934837838611926507e-03 4.185698157203085468e-03 8.135943777358559115e-03 7.537952087757555236e-03 4.626890056470330838e-03 6.175625043938775052e-03 6.867263904017571058e-03 9.519363808887756559e-03 6.867263903968744664e-03 3.515058673186354041e-03 6.718290628251564513e-03 8.203965400880568887e-03 5.828780717947347825e-03 1.603864405112444443e-03 6.855565806458123468e-03 6.865856284404911990e-03 4.519313161170707485e-03 6.821963382638485465e-03 7.471032787358797798e-03 2.976796805521031691e-03 7.027302826002662130e-03 6.867263867519991793e-03 6.569048484651249763e-03 6.094432650005725781e-03 5.460578194559115132e-03 6.867259509345529853e-03 6.867262957607918154e-03 1.293162368579780239e-03 7.296490593097533853e-03 8.379671843652264362e-03 4.460288245225852398e-03 8.247562291534182161e-03 5.878676159108539925e-03 6.818391730846294976e-03 5.844775746252424409e-03 7.264791134567261457e-03 6.860037219339861631e-03 6.952267008021637863e-03 6.687865239471278180e-03 8.321551505943918653e-03 6.867263904017571058e-03 5.861430397390578716e-03 6.867263904017571058e-03 7.989916022857897551e-03 6.867263900843320265e-03 1.382900774654856856e-02 3.474778574584579116e-03 6.291208677259504944e-03 1.971080218729296448e-03 2.527802737725639258e-03 6.867263904017571058e-03 5.708590169830291688e-03 7.019182171162955015e-03 6.867183968707110849e-03 6.867263606296053480e-03 6.913804946828109796e-03 6.005432047397011447e-03 1.971110149498443015e-03 6.847213818061751583e-03 6.470837143282584698e-03 6.867263904017571058e-03 1.004500444950411353e-01 9.902486157370331884e-04 1.733819218020701824e-02 6.092638939918683730e-03 5.414661710518482024e-03 7.113086376110855369e-03 6.867263904017571058e-03 6.565802744898498709e-03 4.970861052891885346e-03 6.867263892695818495e-03 7.985141154574727437e-03 5.647153625946079933e-03 6.866890519271207256e-03 6.867263904017571058e-03 6.867263903143853293e-03 6.573613941971334987e-03 6.491064630517279395e-03 8.764366362278445954e-03 5.537199054991176136e-03 5.891029528109208158e-03 6.202065107583860752e-03 6.580946703906633347e-03 5.731744381112447578e-03 6.867263248972178998e-03 3.145359341410589819e-03 6.221582763027933179e-03 1.031784787205405375e-02 6.865517549136484349e-03 3.662330458693167749e-03 6.867262783222295892e-03 5.904806646082733611e-03 2.185114377221827279e-03 6.060842603494698104e-03
1.986021420151683550e-03 9.076416198796779730e-03 7.137927168062365747e-03 5.958506787540306972e-03 6.685515640949749386e-03 1.131096699023779496e-02 7.295495404459209979e-03 7.269553455034573168e-03 6.954796342471382051e-03 7.192449340192364794e-03 7.308869084572930212e-03 7.307364880682795140e-03 1.158600895194452328e-02 7.308865798775842672e-03 7.308869084572930212e-03 7.308869084572928478e-03 4.078418727648225849e-03 1.570682776870843331e-02 7.492522768979241118e-03 2.081417711959041537e-03 3.108198960055047477e-02 9.392765005258207900e-03 7.370679514182762113e-03 6.233730396411233526e-03 7.308869031755245958e-03 7.383238349425893035e-03 2.787050870984540685e-03 7.308869084572930212e-03 7.138195842405169016e-03 7.247868618997053460e-03 7.308862926235682941e-03 7.124427104734911732e-03 7.308869084572930212e-03 4.425902971322310565e-03 7.308647708191351629e-03 6.608980128025683347e-03 6.918917159214199239e-03 7.308869084572930212e-03 3.556736138210733669e-03 3.098379559606662722e-03 6.965502298460784884e-03 8.870689127948798436e-03 7.091574186547593139e-03 6.156906774083363565e-03 8.376062275145776045e-03 7.493412627412794104e-03 6.319265358321592141e-03 1.133304928055312846e-03 7.032287184964449052e-03 7.308869084572930212e-03 8.104495166286515562e-03 7.308869084520963968e-03 3.255075158443495372e-03 7.150313423060427123e-03 1.503184661639798362e-03 1.419029864088573734e-02 1.701460386775733311e-03 7.296418939013169999e-03 7.307513325406788177e-03 4.307510098856108700e-03 7.271133416331014739e-03 4.638316641490165641e-03 1.364561335317116854e-02 8.104122659899815409e-03 7.308869045418317500e-03 7.137213586788134466e-03 5.550039670708593366e-03 3.814886049246690031e-03 7.308864810838627997e-03 7.308868077301235340e-03 5.597246583098638983e-03 6.811769236922744081e-03 9.052833459007756864e-03 5.125702995274910440e-03 9.159364094069295456e-03 6.918336975942205279e-03 7.392983277808195391e-03 5.005363223915199403e-03 7.282124632359338566e-03 7.301207199862012887e-03 7.364027295173684526e-03 7.972890776272686594e-03 6.930025938482686776e-03 7.308869084572930212e-03 4.878758160730481408e-03 7.308869084572930212e-03 4.150366693576098415e-03 7.308869081194555375e-03 8.675277675184084325e-03 4.348233874891557597e-03 6.696902926422560430e-03 2.256838683245639913e-03 4.730805569865134501e-03 7.308869084572930212e-03 6.892066463211554694e-03 7.033045037521510126e-03 7.308784007083114070e-03 7.308868767667529853e-03 6.464904679869318445e-03 7.853027233734415774e-03 6.077145658739936673e-03 1.200446708696776936e-02 6.888452318600881558e-03 7.308869084572930212e-03 6.534966431757738628e-03 2.569568195770603660e-03 3.442630239484345024e-03 6.888048228520265125e-03 6.829975764470900927e-03 6.993529956397711092e-03 7.308869084572930212e-03 5.351599494333069557e-03 2.567842922717106929e-02 7.308869073212388365e-03 9.561927012735331466e-03 2.898259437144336259e-02 7.308477549575065867e-03 7.308869084572930212e-03 7.308869083654512960e-03 7.002666820652560069e-03 7.066378659640297141e-03 6.924366413914490731e-03 6.516334204586747211e-03 6.634275593354369352e-03 6.738640881957520638e-03 8.084453249275570796e-03 6.386316602488062433e-03 7.308868387404303564e-03 4.893341779639549805e-03 7.430969129696637920e-03 5.385675764251003986e-03 7.307240175671011161e-03 4.563086805988429695e-03 7.308867891704165509e-03 1.285788475726934096e-02 5.239441725008530705e-03 7.409331583698079357e-03
5.302465558666875044e-03 5.308870776579588217e-03 5.530967076853872573e-03 1.375559638632307437e-02 1.668794148334785780e-03 6.869353128391699100e-03 6.638528619577801701e-03 6.615792017853006080e-03 1.086167794427348419e-02 6.545644760987404803e-03 6.650759500763370018e-03 6.649395753470814172e-03 6.648610505183118538e-03 6.650756527429296273e-03 6.650759500763370018e-03 6.650759500763368283e-03 1.663892818545856592e-02 6.382685708465542229e-03 7.247200863411206763e-03 2.987773954479681481e-03 6.250357109589107542e-03 5.532620264171413289e-03 7.642709982953350793e-03 8.066708585729776004e-03 6.650759453678635469e-03 6.640337372348341025e-03 3.205489942509865027e-03 6.650759500763370018e-03 4.432269517723942676e-03 1.137759517948906327e-02 6.650753896938827597e-03 6.482920807282111474e-03 6.650759500763370018e-03 6.200288243268818264e-03 6.650558057682482913e-03 1.312227625326392415e-02 6.125274245458321200e-03 6.650759500763370018e-03 2.762028347489021204e-03 4.850717371964029072e-03 5.953445372802947284e-03 7.057972127359925588e-03 8.334425015149676125e-03 7.700849465933286807e-03 9.471431219995610912e-03 3.967855678213299923e-03 7.973525402195650452e-03 7.259542655592844673e-03 1.265323525861718895e-02 6.650759500763370018e-03 7.792238857154327493e-03 6.650759500716084925e-03 1.709279180254962005e-02 6.506480605177483029e-03 3.970466476963455463e-03 3.409030192515547300e-03 1.587714087637874874e-03 6.639430483736542994e-03 6.653026168818117723e-03 1.410477011965351191e-02 6.610315712515098426e-03 5.235425819481566087e-03 5.583988608294302748e-03 6.610661950924198206e-03 6.650759465133553212e-03 6.361949876785844005e-03 5.245682890579054722e-03 2.016205125183206590e-02 6.650755259054895105e-03 6.650758584188977245e-03 8.143617798547124823e-03 6.149369627284499533e-03 5.192331752484668876e-03 5.157267074492034170e-03 1.020007728864057162e-02 7.425369466423679433e-03 6.603357455188439695e-03 8.123936443293608423e-03 5.768708796334160935e-03 6.643849012016709091e-03 8.610442611637212501e-03 8.165650288640967022e-03 7.344071615059925492e-03 6.650759500763370018e-03 1.437266096151381366e-02 6.650759500763370018e-03 1.920467325237318335e-02 6.650760382767801314e-03 3.381581064784668772e-02 8.659415920693554550e-03 6.088002958060540100e-03 3.961706416767296624e-03 5.834839694205942381e-03 6.650759500763370018e-03 7.607894609994223997e-03 6.234103448424131548e-03 6.650682088906125292e-03 6.650759215897279232e-03 5.479574635987119816e-03 6.700000699076852188e-03 3.057994523149424899e-03 1.054206358080088911e-02 6.266808965763111423e-03 6.650759500763370018e-03 6.024424056251113588e-03 9.688087198419769721e-04 4.256631581763685272e-03 8.818147055849819699e-03 5.412776875593636877e-03 7.643938369115788577e-03 6.650759500763370018e-03 5.713657405152370444e-03 5.759964701458964061e-03 6.650759489798559361e-03 6.577424565895297753e-03 4.390466068278976210e-03 6.650422744610072837e-03 6.650759500763370018e-03 6.650759499917079966e-03 7.012976192968817767e-03 9.622623977243709853e-03 7.664327124562463935e-03 6.307900768950068515e-03 5.573850692779374651e-03 7.443980939047303673e-03 7.413675826326180003e-03 8.361334370920544060e-03 6.650758866369603332e-03 3.213612189723784231e-03 8.281523147468120016e-03 1.234753029995985449e-02 6.649024075437813021e-03 4.425750171499976543e-03 6.650758415303439745e-03 1.186657045118531643e-02 4.470116992939959094e-03 7.271783164737662293e-03
3.663282958034549171e-03 7.164296733022990950e-03 1.035078508646855924e-02 6.553481211340426819e-03 1.407524790218889557e-02 9.681403659992544875e-03 7.322658371338629235e-03 7.297294957723709542e-03 6.676157709730279159e-03 7.220010632336178874e-03 7.336269422679379641e-03 7.334775412349090612e-03 7.318499068335489188e-03 7.336266124564057127e-03 7.336269422679379641e-03 7.336269422679377906e-03 8.568685267425876079e-03 7.023571263318494767e-03 7.908159338159612833e-03 2.705366131437245483e-03 6.862261243735276461e-03 1.206926791884684047e-02 7.442727344930051211e-03 7.813121184077134740e-03 7.336269369662896077e-03 7.324294986025541021e-03 6.392486491985076118e-03 7.336269422679379641e-03 8.295914372404483705e-03 3.601016065899442873e-03 7.336263241255041971e-03 7.151110549670687024e-03 7.336269422679379641e-03 8.020673212785680434e-03 7.336047246476502456e-03 8.254160838917008747e-03 6.749587235854975775e-03 7.336269422679379641e-03 3.852490562168298972e-03 7.450105669067099735e-03 7.408789890090332862e-03 6.201614037078846328e-03 6.824989606762580339e-03 7.141149084294492674e-03 6.582465650714182208e-03 1.502437867537843690e-02 6.264570938952745971e-03 4.097115462244074746e-03 1.013879857133374342e-02 7.336269422679379641e-03 2.999511945008915582e-03 7.336269422627219108e-03 3.264289786284315081e-03 7.177119349761168846e-03 2.007713070631398245e-03 3.245239439316580966e-03 1.723633639622549609e-03 7.323772174712500638e-03 7.334646350915660466e-03 1.185335573970613086e-02 7.290488303388681715e-03 7.212590255499915989e-03 7.721773209549066168e-04 7.240104962463214840e-03 7.336269383376741240e-03 7.017695255227169270e-03 8.022905193146030733e-03 4.530351724326403713e-03 7.336264724648787483e-03 7.336268411802407234e-03 5.424125812766731648e-03 7.182290422136457762e-03 6.513133025814742648e-03 3.042397957112350990e-02 2.969266688859125477e-03 6.060292595097933714e-03 7.283942178636377239e-03 8.236206166288950747e-03 7.108403614477933063e-03 7.328561411089922449e-03 6.393889804447732209e-03 7.070582155243465387e-03 6.063235425610344863e-03 7.336269422679379641e-03 5.945385895382945818e-03 7.336269422679379641e-03 5.699034335117376948e-03 7.336269419386999384e-03 1.035146184145836409e-02 8.583709933435915498e-03 6.723220532131654950e-03 8.355598843659215944e-03 5.658875729609142910e-03 7.336269422679379641e-03 7.775973507166572020e-03 7.459364046240277678e-03 7.336184026241195782e-03 7.336269104605933587e-03 8.497042737529953566e-03 6.498715267528477196e-03 6.993526312807967805e-03 1.952333721580660000e-02 6.912764520580613400e-03 7.336269422679379641e-03 6.662561309982682756e-03 4.035036904006005128e-03 2.173100689252951273e-02 7.223732252328259051e-03 1.038263868447495721e-02 7.503823022715300738e-03 7.336269422679379641e-03 6.322834456215003542e-03 5.122830853875381951e-03 7.336269410584399242e-03 5.962470507860414409e-03 7.244191988068164265e-03 7.335922586226699925e-03 7.336269422679379641e-03 7.336269421746811382e-03 7.071527431586633813e-03 4.897646195158294330e-03 6.824451146830312273e-03 5.870416868405965022e-03 1.090771790899355310e-02 8.918512651165213731e-03 6.313463139451695044e-03 7.302591045327213107e-03 7.336268722897127531e-03 3.883676701271113630e-03 6.280225889274847727e-03 5.690002608055751143e-03 7.334709272944807401e-03 4.323831822442761666e-03 7.336268225338457918e-03 5.247657051087127773e-03 3.475608864241519318e-03 6.837413798000944488e-03
2.457046528080775779e-03 9.447209617200795495e-03 6.668728739439655842e-03 6.496656306466459807e-03 6.908310670924718531e-03 5.162715261375688466e-03 7.580436845429709171e-03 7.553691055900720215e-03 6.675364457988389004e-03 7.473622740543586600e-03 7.594459981740278066e-03 7.592974359344536496e-03 1.041418724557346964e-02 7.594456567759848981e-03 7.594459981740278066e-03 7.594459981740276332e-03 9.247090797592944292e-03 7.259790268343803248e-03 7.203483016966879399e-03 2.820233216814056407e-02 7.220366266943224233e-03 7.368295664628019687e-03 7.674033783731538244e-03 3.550950264873548208e-03 7.594459926857424596e-03 7.582144892947559507e-03 6.496516308375310453e-03 7.594459981740278066e-03 4.996696187984848297e-03 1.248444378419548938e-02 7.594453582768667665e-03 7.402784591073043735e-03 7.594459981740278066e-03 6.813770939899054663e-03 7.594229955168012476e-03 5.461608731328321427e-03 8.137595386793223390e-03 7.594459981740278066e-03 3.183755939767411378e-03 2.336211716570275269e-03 7.765118138166403339e-03 8.286931365504830380e-03 7.752363852466477578e-03 8.096460251341069253e-03 5.906561335987405709e-03 2.407632644967223554e-03 6.709590220790059498e-03 8.692995923207585268e-03 4.678208414398569819e-03 7.594459981740278066e-03 5.572632897967427952e-03 7.594459981686281329e-03 3.444928776261336340e-03 7.429708828716670953e-03 4.984198378216029256e-03 4.420257315078095911e-03 3.925230866226984278e-03 7.581522909050010875e-03 7.592965477864505909e-03 6.096463646708957101e-03 8.418740614394884872e-03 1.148592850190473073e-02 3.324181342471085182e-03 7.518480787654726293e-03 7.594459941054028558e-03 7.266363758784637195e-03 7.948521084384187196e-03 7.445945348393943723e-03 7.594457747933556005e-03 7.594458935110664360e-03 6.400648659421338815e-03 7.690491155232916619e-03 9.753450055866530466e-03 4.938712195599073013e-03 5.343753607566513290e-03 8.123472310623002651e-03 7.540839490365181322e-03 6.849502586849792220e-03 7.376514272116738678e-03 7.586468124649092988e-03 7.916672720852302794e-03 7.325400844229908344e-03 8.927431954352377935e-03 7.594459981740278066e-03 4.636873406198349819e-03 7.594459981740278066e-03 5.014780539787135928e-03 7.594459978229894243e-03 5.011625471421000781e-03 6.551287759901193442e-03 6.943796944809100223e-03 1.144142990256092826e-02 8.819945782197691209e-03 7.594459981740278066e-03 7.600774005493125297e-03 7.340418717783227416e-03 7.594371579884357480e-03 7.594460292647473021e-03 1.264446870303809201e-02 6.743845341369817878e-03 8.655107401034603520e-03 1.386949125025852513e-02 7.156031016447074802e-03 7.594459981740278066e-03 6.970796724480377189e-03 9.475055072413788530e-04 1.659828352843575232e-03 5.714467456648990307e-03 6.803787301381450554e-03 6.468379300795549722e-03 7.594459981740278066e-03 4.773913962321749485e-03 5.416951947938540742e-03 7.594459969219630353e-03 9.268271504328544005e-03 7.443497915384007617e-03 7.603138330070422120e-03 7.594459981740278066e-03 7.594459980773904384e-03 7.323157036125743299e-03 1.197713405152247244e-02 8.080007234253406764e-03 1.130557063142032144e-02 8.078092167547274924e-03 5.759642782480363203e-03 1.058511958380218415e-02 6.305384895606436051e-03 7.594459257330068297e-03 4.435077014922158070e-03 5.520059538773470185e-03 6.303668106658990786e-03 7.592610406659725496e-03 1.333682898306224121e-02 7.594458742260482356e-03 3.180866911263069419e-03 6.627769972191510824e-03 7.865944739611984218e-03
8.407856160090796532e-03 5.681077932876640174e-03 1.004354341615282947e-02 5.994965304831512999e-03 6.319924718228402951e-04 1.340670201004160074e-02 7.610836858556757969e-03 7.571334598024529079e-03 7.419315101072093514e-03 7.493895626908056266e-03 7.612282316060189902e-03 7.610716471319264875e-03 4.756937506480001313e-03 7.612278893859684287e-03 7.612282316060189902e-03 7.612282316060188167e-03 1.254849488984602530e-02 7.330475866922423964e-03 7.372801526515635785e-03 1.133327521892687172e-02 7.168491444593637872e-03 9.048574554707960321e-03 9.207280205904590231e-03 4.544791379663845783e-03 7.612282261312467921e-03 7.599685578601247764e-03 3.340808469725172619e-03 7.612282316060189902e-03 1.141435082844036684e-02 5.962141777829724036e-03 7.612275902071762718e-03 7.420157839103815219e-03 7.612282316060189902e-03 7.549939136102236555e-03 7.612051749671290210e-03 7.488517851229220881e-03 7.526862662384284190e-03 7.612282316060189902e-03 3.208443053216011084e-03 9.309009247592939240e-03 8.359218269204035656e-03 5.810833894351204697e-03 7.544239428584029704e-03 9.197881664697421869e-03 6.018928954901954162e-03 1.220813358046571491e-02 7.180035453622112505e-03 3.840049196320232533e-03 4.894534974153211954e-03 7.612282316060189902e-03 7.194322122059391630e-03 7.612282316202168345e-03 3.293682117631121457e-03 7.447144530135080959e-03 4.047168708772024004e-03 4.487938148461182927e-03 2.549150602598541406e-03 7.599314881750525268e-03 7.610599583057886704e-03 6.990311017071014661e-03 7.563497939800143711e-03 3.521613464473115612e-03 5.807074132112248835e-03 6.740094464307328122e-03 7.612282275278609532e-03 7.282186248959971950e-03 1.114967698502924986e-02 7.126026686469050589e-03 7.612277542769335312e-03 7.612281266973527742e-03 3.012918203621831048e-03 7.152422543599600523e-03 5.932955866504674609e-03 4.952097102527186316e-03 5.837546343234316717e-03 6.592418639013496694e-03 7.557947155714884319e-03 1.113104874175509587e-02 7.118632669397504178e-03 7.604271620252006994e-03 5.782419154646115805e-03 6.839958999267726873e-03 7.376015033587536920e-03 7.612282316060189902e-03 3.979300934632330582e-03 7.612282316060189902e-03 1.349059988098609900e-02 7.612282312541569611e-03 1.275052616043108149e-02 7.452787929893286284e-03 6.960597799532699387e-03 9.409829029721603413e-03 3.802597221212911278e-03 7.612282316060189902e-03 9.118465060689404100e-03 7.934881265501530015e-03 7.612193706746826598e-03 7.612281986022251083e-03 7.387404126208479624e-03 8.242596791339778031e-03 7.747798236197816699e-03 4.221572370591152208e-03 7.173388283972904379e-03 7.612282316060189902e-03 6.891920488607140155e-03 9.590446317724283598e-04 4.674780009603627697e-03 7.210888309770113573e-03 1.080011053649801087e-02 7.698807335201311372e-03 7.612282316060189902e-03 5.388422713790374380e-03 1.718696708448665122e-02 7.612282303510158575e-03 5.504694202478738717e-03 3.049941916051933117e-03 7.612014658355008810e-03 7.612282316060189902e-03 7.612282315104692935e-03 7.289453936438445442e-03 5.218066574348589892e-03 7.894558545553936532e-03 9.369248832901926408e-03 1.055249085153332766e-02 6.495641386125034639e-03 6.661406519653147694e-03 5.603066810074609251e-03 7.612281833090281911e-03 3.655458006752675126e-03 1.057745433360403504e-02 1.053068058668718901e-02 7.636272642428952422e-03 1.104725402249361749e-02 7.612281073694760619e-03 6.024135313095118315e-03 5.765535692188869174e-03 7.528187009369562838e-03
1.706878348809831494e-03 8.483598676233921471e-03 7.136565323348894631e-03 7.104069602628620798e-03 1.055953954023848519e-03 1.000442684036413794e-02 7.309543979760696995e-03 7.283746624991778613e-03 8.096790161096829863e-03 7.209223206092750351e-03 7.323132874525476767e-03 7.321629774293651402e-03 7.704371989143290501e-03 7.323129582470621485e-03 7.323132874525476767e-03 7.323132874525475032e-03 8.131922341412484850e-03 7.004709661353399584e-03 7.903441841372321405e-03 1.705225240362086975e-02 6.820944652765789130e-03 7.814029285317700135e-03 7.341389155111040579e-03 9.869221984799973410e-03 7.323132821607788306e-03 7.310976565068297989e-03 3.094990134865668700e-03 7.323132874525476767e-03 3.370074072921240040e-03 6.268846980623536159e-03 7.323126704170297707e-03 7.140948874104205944e-03 7.323132874525476767e-03 1.446010762746473971e-02 7.322911066106980657e-03 9.615571639643775287e-03 7.380669905859611572e-03 7.323132874525476767e-03 3.132699996589995931e-03 6.722645688962206045e-03 7.002192635093717164e-03 8.450811799950922257e-03 7.323721028711623407e-03 7.811918520647837504e-03 6.905453895677872780e-03 1.004483256410339254e-02 8.143406984777609020e-03 8.341904373242045806e-04 1.081339296001099758e-02 7.323132874525476767e-03 4.005503455642871191e-03 7.323132874473484502e-03 3.172079324214527145e-03 7.164267780099970936e-03 1.399550205157722898e-03 1.290023608294655830e-02 1.699139545326437553e-03 7.311117513566544983e-03 7.321515218394717903e-03 7.384399815182139497e-03 7.315900053257303262e-03 7.995035537683018931e-03 4.685441774760024797e-02 7.135477989824445810e-03 7.323132835307749611e-03 7.005140318260655655e-03 5.871901105068604541e-03 6.920363921765737211e-03 7.323144803133074983e-03 7.323131865297280094e-03 4.047411947934891063e-03 7.252066503101960854e-03 8.671800724427934648e-03 4.750256611442212409e-03 5.421163308905773033e-03 6.950819072536968193e-03 7.270858595423927880e-03 7.993124446502958627e-03 7.100690746088707088e-03 7.315426522275590704e-03 8.147339524656339177e-03 7.720284341298237936e-03 7.200994974448047918e-03 7.323132874525476767e-03 5.297031047530730008e-03 7.323132874525476767e-03 4.894028223408022037e-03 7.323132871140678249e-03 5.092460999937394213e-03 9.002642874743919596e-03 6.695640898255488319e-03 7.697444648211137011e-03 3.767316236394133155e-03 7.323132874525476767e-03 7.480574037941949313e-03 6.709081495864105404e-03 7.323047631000747376e-03 7.323132557787880546e-03 8.271044477229349753e-03 7.498424092948332252e-03 4.919600342146702998e-03 2.808465690297707457e-03 6.900533656761967220e-03 7.323132874525476767e-03 7.132335038446730238e-03 7.280487086799725810e-03 1.090698512742744111e-02 7.222570608852752275e-03 6.723000540742167866e-03 6.776782872439960845e-03 7.323132874525476767e-03 5.163607991101840967e-03 5.452613401006372457e-03 7.323132862452154390e-03 9.520156280527694928e-03 1.546657632523882123e-03 7.322737827483788257e-03 7.323132874525476767e-03 7.323132873594943339e-03 7.025359682858999498e-03 6.584607676560736388e-03 7.186429271325425056e-03 8.822723940334545670e-03 5.477542914608763899e-03 8.053637081028226438e-03 1.013764874193946036e-02 5.817027487559265318e-03 7.323132175996257924e-03 3.887850601668340136e-03 7.071139271943631399e-03 1.070187589103646641e-02 7.321151371118305058e-03 7.576305596085565648e-03 7.323131679328549228e-03 5.027429367418207763e-03 5.270028323498854826e-03 7.429162027313812242e-03
2.118920107365285244e-02 4.804098867080351665e-03 4.523771039974174360e-03 2.835959908391311266e-03 4.084693646184753626e-03 1.472787667647289158e-03 5.083846891747325659e-03 5.065907171291040081e-03 8.153292575162012987e-03 5.012854897976942552e-03 5.093287875189882533e-03 5.092278218579670418e-03 4.629364103329897118e-03 5.093285585436100986e-03 5.093287875189882533e-03 5.093287875189881665e-03 7.144874700022798251e-03 4.868993868153930100e-03 5.822655888088723586e-03 4.901275689604981702e-03 4.743389594064753752e-03 3.775888502854467949e-03 4.596647489189446475e-03 6.821857275780192700e-03 5.093287838385080271e-03 5.084859635781705661e-03 1.952241528235262348e-03 5.093287875189882533e-03 3.383164142189539359e-03 2.294397572238193565e-03 5.093283583666246075e-03 4.964739178108449127e-03 5.093287875189882533e-03 1.544818724746719989e-03 5.093133605979819831e-03 4.685992758054485438e-03 4.891857252254916931e-03 5.093287875189882533e-03 3.595639271974647531e-03 1.642572433399516491e-03 4.962514876142942385e-03 4.352276677171090444e-03 5.796291775281603095e-03 5.089871280180103229e-03 5.167240035366832754e-03 1.961421811800413435e-03 3.794240105170190638e-03 5.023730630405927669e-03 3.210107807801480459e-03 5.093287875189882533e-03 8.129325455411636966e-03 5.093287875153669313e-03 2.217247456060179520e-03 4.982796139877692168e-03 1.017423334075093482e-03 1.864864960005463510e-03 3.364109757816363122e-01 5.166520585434164654e-03 5.092149277222618800e-03 6.547355845167087719e-03 5.060939219124409999e-03 5.314984813889923367e-03 4.722939927538651571e-03 5.166491199766933516e-03 5.093287848160350274e-03 5.440402637812509837e-03 4.172658072834524098e-03 7.000680529913067864e-03 5.093284615401368759e-03 5.093287173258430334e-03 1.869419223421705601e-03 5.330862145371270157e-03 4.564229917705575970e-03 3.337196948288832614e-03 4.600981145647653307e-03 3.834729872420284714e-03 5.056930396618670477e-03 5.188796478565995719e-03 5.414683262913185142e-03 5.087928014909409886e-03 4.613863487021671421e-03 5.000134497371550024e-03 3.752176201957944154e-03 5.093287875189882533e-03 6.714558559466314233e-03 5.093287875189882533e-03 5.015978826020822852e-03 5.093287872835614710e-03 2.517910153690809585e-03 5.496030533371493512e-03 4.656910814095136138e-03 1.124560725048307343e-03 6.896133895638235922e-03 5.093287875189882533e-03 4.731610579127113261e-03 5.256439953062255754e-03 5.093228587748512178e-03 5.093287654351122927e-03 5.035278283182827684e-03 4.403199715991490057e-03 3.799115801038055809e-03 2.176499205326045804e-03 4.799288728837883787e-03 5.093287875189882533e-03 4.816813018140543405e-03 1.294201179768207730e-03 2.911412779706117320e-03 5.095782536627600084e-03 4.450412782712730511e-03 5.994587361222237891e-03 5.093287875189882533e-03 4.941587001464106503e-03 4.092084708049195836e-03 5.093287866792806096e-03 4.851179690491523935e-03 3.147288307988233003e-02 5.093017036084572860e-03 5.093287875189882533e-03 5.093287874545366842e-03 4.870220153365354028e-03 4.116554269712364121e-03 2.804335978936042719e-03 4.731450433363757965e-03 4.682504713471858510e-03 3.494925230041355611e-03 3.653721744196867724e-03 3.900526579757108286e-03 5.093287389358140509e-03 2.702784308434025458e-03 5.128730043840774508e-03 4.914584389951161258e-03 5.091933941935420163e-03 1.876612929594904684e-03 5.093287043922428356e-03 2.855077698297429564e-03 6.041589252819926439e-03 4.903833198707211946e-03
4.718045640322892503e-03 7.160379754956152851e-03 5.451613535946880744e-03 9.815486874095972689e-03 2.389158931835322884e-04 5.631146974857862038e-03 7.256152936579272558e-03 7.342488693695348873e-03 4.264878615816440968e-03 7.151656116700495780e-03 7.267439744161103936e-03 7.265952494782738219e-03 8.823634306101415387e-03 7.267436476989056274e-03 7.267439744161102201e-03 7.267439744161100466e-03 6.605366346832176362e-03 6.996676171763330405e-03 7.938026757440203376e-03 3.582943117943373709e-03 6.790394425358515715e-03 8.499117372611207991e-03 6.689760322969073685e-03 2.398726931080051063e-03 7.267439691642296057e-03 7.255376129329143761e-03 4.099318698671437777e-02 7.267439744161102201e-03 5.975495987958998403e-03 1.202021349240297958e-02 7.267433620731560996e-03 7.084018248171235384e-03 7.267439744161102201e-03 4.704380253754997243e-03 7.267219622655864478e-03 6.783543004617938361e-03 7.254743236984561444e-03 7.267439744161102201e-03 3.229783337770947890e-03 1.291311366838636399e-02 6.843052979829050003e-03 7.433417862483616100e-03 8.336305985170081381e-03 7.935948807686667508e-03 9.305115824166319480e-03 7.311590810453316193e-03 7.069569483635929422e-03 6.810499604809300105e-03 1.333686773250407354e-02 7.267439744161102201e-03 1.009350782714239780e-02 7.267439744109430860e-03 3.134160706401061761e-03 7.109782834069646937e-03 2.653224270667556978e-03 3.004834309622307457e-03 1.735104320597018234e-03 7.255059744420805715e-03 7.267738335838038952e-03 5.458336284689318391e-03 7.221951718132575866e-03 8.053502242802846114e-03 2.764640355365338351e-03 7.508761809858694077e-03 7.267439705226947690e-03 6.953767750542112422e-03 7.146849848584060048e-03 6.904444817422874213e-03 7.267435113789542066e-03 7.267438742599040616e-03 2.214047289972047045e-03 7.437622037881593332e-03 6.093037751766418146e-03 4.715767200793486054e-03 6.077417363531963969e-03 8.430213838100338031e-03 7.215580713601334358e-03 7.861699170556084651e-03 7.362696087840341075e-03 7.259791942034935983e-03 8.894404136509399122e-03 8.321915019013926759e-03 9.130115044587805082e-03 7.267439744161102201e-03 7.397610634152736175e-03 7.267439744161102201e-03 7.822354133558834244e-03 7.267439740801876977e-03 2.579982351850610475e-03 9.486261405210244871e-03 6.645176542510260707e-03 4.432748814124121660e-03 4.839434707161036422e-03 7.267439744161102201e-03 6.590137405137599068e-03 7.067395648712864430e-03 7.267355148921897899e-03 7.267439429070226935e-03 7.409421109287312943e-03 7.393989747415532360e-03 2.060257490440900452e-02 7.348875823248392572e-03 6.847890014130785657e-03 7.267439744161102201e-03 7.322055708436396408e-03 1.526107957711967745e-03 1.416038550206668960e-03 8.109507888743899828e-03 6.569057254385719628e-03 7.338555051601288425e-03 7.267439744161102201e-03 9.922038322516094772e-03 8.959114328774468380e-03 7.267439732179597871e-03 5.964216427465335313e-03 4.094193959960279114e-03 7.267085057089350125e-03 7.267439744161102201e-03 7.267439743236245656e-03 6.969626635787153426e-03 1.521550416081180260e-02 7.952057094382698060e-03 7.030206677049796217e-03 6.105620762788212773e-03 7.010608159393674245e-03 6.439320991324150485e-03 8.470858741339095527e-03 7.267439050944262367e-03 3.336308886521221519e-03 6.578951490470504038e-03 5.847028252646955214e-03 7.265668013535956510e-03 5.450984220260630779e-03 7.267438558140946851e-03 2.161354582862852133e-02 6.661619570521588873e-03 7.114714479390826796e-03
8.591365739750164016e-03 5.702615706384613417e-03 8.530133743273240338e-03 4.937727628988581099e-03 6.677269531750910231e-03 4.626072452624111105e-03 7.642701471758258334e-03 7.618160619030060407e-03 5.173040675073455746e-03 7.538261353041809422e-03 7.656695045114538661e-03 7.655246641981581709e-03 1.031882381876249311e-02 7.656691602947717987e-03 7.656695045114538661e-03 7.656695045114536927e-03 5.147155374250447953e-03 7.327976365692588992e-03 7.098704985004042692e-03 4.186240034544326527e-03 7.176204984443703035e-03 8.505960131645100980e-03 8.252782458929916812e-03 3.388680601125877191e-03 7.656694990117288852e-03 7.643986888074275760e-03 2.941994668269156017e-03 7.656695045114538661e-03 8.489124572611257691e-03 4.448446790329401747e-03 7.656688593704649715e-03 7.463449281726948666e-03 7.656695045114538661e-03 4.629063033524297155e-03 7.656463193971497355e-03 5.161280606638959413e-03 8.115543617406517640e-03 7.656695045114538661e-03 6.977899377482543568e-03 8.236504536200086463e-03 8.549242799811996446e-03 5.828505711215716846e-03 8.342764762956148689e-03 8.065451956565508618e-03 6.727696616581973002e-03 1.945836471047628427e-02 7.704133351845431424e-03 4.693340294643483061e-03 7.464643540964281156e-03 7.656695045114538661e-03 6.077850960899119914e-03 7.656695045060099569e-03 3.299417801424941316e-02 7.490593787337176609e-03 4.276925840585590714e-03 2.782721498054387382e-03 1.883935401403727741e-03 7.643651964265139528e-03 7.654984780417790381e-03 6.828188667899355406e-03 7.612042389337036856e-03 5.955931064646301579e-03 2.272612232448985650e-03 7.696365265921895765e-03 7.656695005472950039e-03 7.324217743094602398e-03 9.815810107411938185e-03 4.106014982945249345e-03 7.656690151663005789e-03 7.656693989962188619e-03 2.270751154901146096e-02 7.648987892951519471e-03 5.911189010049705712e-03 5.091627799296825387e-03 3.550415098064503040e-03 6.893617699409409182e-03 7.602039117156779609e-03 5.975298369302098865e-03 7.998058722749763413e-03 7.648637643479826512e-03 4.969028808915454051e-03 7.196991157533460040e-03 6.866216924941207465e-03 7.656695045114538661e-03 9.006701428152101216e-03 7.656695045114538661e-03 7.989449132261723305e-03 7.656695041575387918e-03 6.360667631223100235e-03 1.332079879028020587e-02 7.023822421067578252e-03 3.325675584407835218e-03 6.065528539608310878e-03 7.656695045114538661e-03 7.794538586250085097e-03 8.107550502483773167e-03 7.656605918823568800e-03 7.656694713250161537e-03 4.993037148329342381e-03 6.335969676986650222e-03 1.104890656095280574e-02 9.931905608134415642e-03 7.214694970924235770e-03 7.656695045114538661e-03 7.179413658347940340e-03 5.011676107864034176e-03 1.624090357219165181e-03 7.625475677476623894e-03 6.980896545294846059e-03 7.297630509794365838e-03 7.656695045114538661e-03 8.390343131843025840e-03 5.979424627120819360e-03 7.656695032491286391e-03 6.694531839803900992e-03 1.040184996513266770e-02 7.656278631595321051e-03 7.656695045114538661e-03 7.656695044145314828e-03 7.409538119386057699e-03 4.198812783956460196e-03 7.013063120002396844e-03 8.208484494796056824e-03 6.415213557182244258e-03 7.024678738766845787e-03 4.535577952843376087e-03 6.537413385664765479e-03 7.656749993368630429e-03 3.516364186546359211e-03 6.189274335313390586e-03 9.155038743209772262e-03 7.654610528989012376e-03 1.549475049824351053e-03 7.656693795477456481e-03 9.069290377878833076e-03 4.890882099646035389e-03 9.372041265759618531e-03
2.946801217833634572e-03 9.467409505371495934e-03 7.680456029035345744e-03 1.706373815278888414e-02 2.587502872007739659e-03 5.909762350899736179e-03 7.632858218116085267e-03 7.605952086257456064e-03 6.745394494248037505e-03 7.545142707305283261e-03 7.647047838454304816e-03 7.648357412779499542e-03 7.859556778999556015e-03 7.647044400629119699e-03 7.647047838454304816e-03 7.647047838454303081e-03 8.703359962592539453e-03 7.307745718862095757e-03 7.253965413818269821e-03 1.286528888292359481e-03 7.160061235221188564e-03 8.014971817191345049e-03 6.491573727287032296e-03 5.046087820369690030e-03 7.647047783873052104e-03 7.634356586771849987e-03 5.178222488668257455e-03 7.647047838454304816e-03 6.874348379566856855e-03 5.050591566927115604e-03 7.647041395172999613e-03 7.454045841362920595e-03 7.647047838454304816e-03 1.171960225961048672e-02 7.646816219061998432e-03 7.195625925074693695e-03 8.005005201826868519e-03 7.647047838454304816e-03 3.329471042590854968e-03 1.938679426632462007e-03 7.137438716908095677e-03 8.509145738757970673e-03 7.152456545962083446e-03 6.231490841518962272e-03 8.333196869738346627e-03 3.784144876897983616e-03 7.473073290576779000e-03 1.776191267248874994e-02 9.728146402412768054e-03 7.647047838454304816e-03 5.778142838941156129e-03 7.647047838399948123e-03 3.298211931739584470e-03 7.496599959059589181e-03 1.223577847833078568e-02 1.564661906642243056e-02 1.772165618711740069e-03 7.634021447864396126e-03 7.645375671551597578e-03 4.069705268844782224e-03 7.598081873344261945e-03 8.747461695401801893e-03 2.378892179402584007e-03 7.582596831023559469e-03 7.647047797601383076e-03 7.314967267157077187e-03 7.855179539291375773e-03 4.981436940434237973e-03 7.647042942339257569e-03 7.647046784576430958e-03 1.134447188500945121e-03 7.938976565977294911e-03 9.769550008774647784e-03 7.566837493938681491e-03 9.190065381744548165e-03 6.064838228198853390e-03 7.592474606120061358e-03 7.749539228035454835e-03 7.670348972567446293e-03 7.639000567075899216e-03 8.869164826295622764e-03 7.318827622300494960e-03 7.063311655244126387e-03 7.647047838454304816e-03 1.099471789644831075e-02 7.647047838454304816e-03 5.654713458448403819e-03 7.647047834919624455e-03 7.767828278432082137e-03 3.876293514952869248e-03 1.841540426606483663e-02 1.766658746506014283e-03 6.787017182745732832e-03 7.647047838454304816e-03 6.458112108045851139e-03 7.707453367781327488e-03 7.646958824459516857e-03 7.647047507019234455e-03 6.620528577042541878e-03 8.434054659835444820e-03 1.198581450387200403e-02 1.322610409594663500e-02 7.205636113155846310e-03 7.647047838454304816e-03 8.228515570192614093e-03 5.498474673088800564e-03 2.998896553615707991e-03 8.068541675138476629e-03 6.377040685753482263e-03 7.592184418699920306e-03 7.647047838454304816e-03 7.770758175256520239e-03 5.848975919592709453e-03 7.647047825846957358e-03 9.234138448405947164e-03 1.604284323264664044e-03 7.646646943742132184e-03 7.647047838454304816e-03 7.647047837482383488e-03 7.345641088008307215e-03 6.532998468767167374e-03 6.813616497628897928e-03 8.774929622008712654e-03 6.191954658722470181e-03 6.023700759908386972e-03 1.108745339649376029e-02 5.968720149282298604e-03 7.647047109027914867e-03 4.247150615689316254e-03 6.760756607914305411e-03 8.669052493411107119e-03 7.645033131775468872e-03 6.169868558640869034e-03 7.647046590391727919e-03 5.163209787082074197e-03 2.988184349220374472e-03 7.681135032843664813e-03
3.415192583416600675e-03 6.178923543663231849e-03 9.315973977107292608e-03 7.929165737740656930e-03 5.211256803672697016e-03 5.244128981503747011e-03 7.867452172529000240e-03 8.045758592256015140e-03 6.620780353449870655e-03 7.758550228583286322e-03 7.882068071848361349e-03 7.880446812376075416e-03 7.057651863806270291e-03 7.882064528362186726e-03 7.882068071848361349e-03 7.882068071848359614e-03 7.153021169745680044e-03 7.536782152106432167e-03 7.729435724836355645e-03 7.021493796035250482e-04 7.477462600250738695e-03 1.029833750993182015e-02 7.780192353288912892e-03 7.194493491245350543e-03 7.882068030766563663e-03 7.869030514935225484e-03 8.187281052294095515e-03 7.882068071848361349e-03 1.075660847654276962e-02 6.702053456866975158e-03 7.882061430542732644e-03 7.683133775939052570e-03 7.882068071848361349e-03 2.654042974708078258e-03 7.881830179202494249e-03 6.256686255913779769e-03 7.881862364639682927e-03 7.882068071848361349e-03 1.702697498594886449e-02 1.001332445608835338e-02 7.723116155903426809e-03 6.810578105122940158e-03 8.987206108655682729e-03 8.476117944965720283e-03 5.326059552826606716e-03 4.269865679729097085e-03 7.456991616682371454e-03 6.243419704225671102e-04 5.910404391975507786e-03 7.882068071848361349e-03 7.224563147764306685e-03 7.882068071792319372e-03 3.418573315432051844e-03 7.711082176054712654e-03 2.723131418602089352e-03 1.058236485612132870e-02 8.357796613335934793e-03 7.868652895580835471e-03 7.880330644593508405e-03 9.785776511247524720e-03 7.930907057694254816e-03 6.346084269164871915e-03 2.501442231980505106e-03 7.865095930184758111e-03 7.882068029621287081e-03 7.540516369881623306e-03 9.421432645063017308e-03 5.892160535357698729e-03 7.882063133981055333e-03 7.882066985581177507e-03 2.692432346587957364e-03 8.309965532208540145e-03 5.402804122479833333e-03 5.118349314101897606e-03 5.658852893441397060e-03 9.942120091639706711e-03 7.825830068337275708e-03 8.760469869408938834e-03 8.131665880775854754e-03 7.873773469431064043e-03 5.615336931781239257e-03 9.044235246642780279e-03 8.645120017344411559e-03 7.882068071848361349e-03 6.604525490503212679e-03 7.882068071848361349e-03 6.053735476468288627e-03 7.882068068205046532e-03 4.338796708460222577e-03 1.237290501048606689e-02 7.207912227524671325e-03 2.057945060501246981e-02 5.846422416159105864e-03 7.882068071848361349e-03 7.460321597704609557e-03 7.933256410114419496e-03 7.881976322145595529e-03 7.882067730556371887e-03 5.865244795654204341e-03 7.870302507151495305e-03 6.056136128692318245e-03 3.172331137996542601e-03 7.427043016952979311e-03 7.882068071848361349e-03 7.052496897017741448e-03 1.480148399105113031e-03 1.221399185798036427e-03 7.445241481741911999e-03 9.703280879167644826e-03 7.680665678859006050e-03 7.882068071848361349e-03 7.186348416016515896e-03 5.473940551723709309e-03 7.882068058853547790e-03 4.970503856357880688e-03 1.011483943958883629e-02 7.881796163248872694e-03 7.882068071848361349e-03 7.882068070847614988e-03 7.535880857135159733e-03 5.440222561088879985e-03 7.450564216439753938e-03 8.069682199002984127e-03 1.129680471607930059e-02 5.996711517569582733e-03 6.991213160151663226e-03 8.298968266360904136e-03 7.882067320004175481e-03 3.729535606887616518e-03 5.631216781261869087e-03 5.105074694749318215e-03 7.880050198412237583e-03 7.995338215265922546e-03 7.882066785428505293e-03 5.321541870546345025e-03 1.145779939284596004e-02 7.019091315262859093e-03
1.759181503876442159e-03 9.618590092916453824e-03 9.434138217894108905e-03 5.198571360512254519e-03 4.217146261664113729e-03 5.351789818204225752e-03 7.883729396913232226e-03 7.846304992874709658e-03 8.648007681552235745e-03 7.763042170758455499e-03 7.888724940055375293e-03 7.887101232682883906e-03 7.748879921495786978e-03 7.888721393576488689e-03 7.888724940055375293e-03 7.888724940055371823e-03 6.631032528127043212e-03 7.540579053955076029e-03 6.048743350425178113e-03 7.350503993419221435e-03 7.374928459792012836e-03 5.336870845527869577e-03 6.903025798701378606e-03 5.991254102947152216e-03 7.888724883052202277e-03 1.081458316804785776e-02 3.782693419283854764e-03 7.888724940055375293e-03 1.402579051372730701e-02 3.871522058558836236e-03 7.888718293140773233e-03 7.689622637368386492e-03 7.888724940055375293e-03 2.684467642168834878e-03 7.888486000570809134e-03 6.067103563741121398e-03 7.764626763449826961e-03 7.888724940055375293e-03 3.363990767712111626e-03 4.618070001088010919e-03 8.065337351998552382e-03 9.799890541777366362e-03 6.777065312977093546e-03 6.883358885020125773e-03 7.726754983656435559e-03 2.563157048547119385e-03 7.384568305459146900e-03 1.993935227252419465e-02 5.406517768056590990e-03 7.888724940055375293e-03 1.112432994792007281e-02 7.888724939999286478e-03 3.436456671219515792e-03 7.717590119211371544e-03 2.669677479907917299e-03 2.648878150817913189e-03 2.444815312598784887e-03 7.875286587780180869e-03 7.887092975370142353e-03 1.078510556968599425e-02 8.487058685299357641e-03 8.965168146848695452e-03 6.206002375200684283e-03 7.258228898886050912e-03 7.888724897792671539e-03 8.527915135030168098e-03 9.321834157285513803e-03 7.441611994096140360e-03 7.888719898392683796e-03 7.888723852870822839e-03 6.489384540502717187e-03 7.790359977634840442e-03 9.423543498783479300e-03 7.015735294782755871e-03 7.490995088990095099e-03 5.502454260774946281e-03 7.832416974153032577e-03 9.071639674594681596e-03 7.694710634146649693e-03 7.880423332544813850e-03 7.000254136802059289e-03 7.409523643843398191e-03 7.361687721075440248e-03 7.888724940055375293e-03 1.090697354702459092e-02 7.888724940055375293e-03 6.092047363501113498e-03 7.888724936408983077e-03 5.804472912450570586e-03 8.024908581917546135e-03 7.215174495924117290e-03 1.190354595118673113e-03 2.724534201353379960e-03 7.888724940055375293e-03 6.973502752584420476e-03 8.043243342916049990e-03 7.888633112864605612e-03 7.888724598023691068e-03 1.205088305002344727e-02 6.725815316018433215e-03 3.577530713084713012e-03 7.947653763951860809e-03 7.433306235020428233e-03 7.888724940055375293e-03 7.100725175437065488e-03 1.151069311268029804e-03 3.799143743958129094e-03 7.243454800482274081e-03 1.022130774251081391e-02 7.761480609562798963e-03 7.888724940055375293e-03 7.004412225781310973e-03 1.358923596178926441e-02 7.888724927049584404e-03 9.451613708441350056e-03 2.325736590321335340e-03 7.888349766963446974e-03 7.888724940055375293e-03 7.888724939051992152e-03 7.542994149443554668e-03 5.536481958499241129e-03 9.251847533772025386e-03 6.404143519657201980e-03 1.252147962815924193e-02 6.685556338686523756e-03 9.183208639016155958e-03 5.143414080662159910e-03 7.888724187752809563e-03 3.551464745098569051e-03 9.255540097046082576e-03 8.665803166300079310e-03 7.886598431192558961e-03 7.572060908803371349e-03 7.888723652551589416e-03 4.300182993320556500e-03 9.032348168149514217e-03 7.813921625779058494e-03
2.841668252734076607e-03 6.784411787773577882e-03 5.184012139986165883e-03 8.126722131337043090e-03 2.287113046266841046e-02 7.641056941076060198e-03 7.135844150118191877e-03 7.110688092258465182e-03 7.143525727377544009e-03 7.220368040690150480e-03 7.149103586894417148e-03 7.182556068260897465e-03 1.109994934490208564e-02 7.149100372929107980e-03 7.149103586894417148e-03 7.149103586894415413e-03 8.213735070164818186e-03 6.831078045775554330e-03 9.118104534764437732e-03 3.414719680436800308e-03 6.867151846576679576e-03 9.644120486694324548e-03 6.350505090414518966e-03 6.760519439727111918e-03 7.149103535236896005e-03 7.137240695923463378e-03 3.944722277570888481e-03 7.149103586894417148e-03 4.933674448769260340e-03 5.633854619185444876e-03 7.149097563173046482e-03 6.968668468190213072e-03 7.149103586894417148e-03 1.638459752148142129e-02 7.148887579373229550e-03 8.066492407443498838e-03 6.310490163600203893e-03 7.149103586894417148e-03 9.338362327564105406e-03 1.017118671507592775e-02 6.495069646525929163e-03 8.276960959206495355e-03 7.544230729188875807e-03 6.542273807398380284e-03 9.515255215892639076e-03 9.768614312909177852e-03 8.885759435462539310e-03 6.637963194726170281e-03 7.445949456480551593e-03 7.149103586894417148e-03 6.846264124604860626e-03 7.149103586843587148e-03 5.854831050850985326e-03 6.994013813726379994e-03 2.123448726334119588e-03 4.466541620779841681e-03 1.647638916191494773e-02 7.136925182673473263e-03 7.147683517114650741e-03 3.104461611001164793e-03 7.104970094419018126e-03 6.546464963263011992e-03 4.014320502894759730e-03 7.876970585826464227e-03 7.149105383340725699e-03 6.842524880696584239e-03 6.509404473960147923e-03 9.417833109236398159e-03 7.149099700097363667e-03 7.149102601656562306e-03 3.882282100466758964e-03 7.022496848691332956e-03 5.941768728031947278e-03 4.649906247143850181e-03 9.589295924960073228e-03 9.515114747762036182e-03 7.098178798969645778e-03 7.509499252610638345e-03 7.085071457242083683e-03 7.141580652305217457e-03 7.820444441442834724e-03 8.590457457372059624e-03 8.990362934346355500e-03 7.149103586894417148e-03 7.282112899538817873e-03 7.149103586894417148e-03 4.885968043566189800e-03 7.149103583589890357e-03 3.421922134681995142e-03 6.442626463359449676e-03 6.552260288702528752e-03 3.476205184475139164e-03 8.773058866098073713e-03 7.149103586894417148e-03 6.803791425793555801e-03 6.920749135611386181e-03 7.149020369124569306e-03 7.149103572973925652e-03 4.335930225216642203e-03 6.485593634236775512e-03 3.205622007240502020e-03 1.309291096648672673e-02 6.736495118888237259e-03 7.149103586894417148e-03 6.654199336404791575e-03 9.554454336989938977e-04 3.865143101495338747e-03 8.957079314026101732e-03 5.288703509966003087e-03 8.118489326652898741e-03 7.149103586894417148e-03 4.789221481304823010e-03 5.413264635080987028e-03 7.149103575108008493e-03 6.862128687352516375e-03 1.993787397775501416e-02 7.148717341045241272e-03 7.149103586894417148e-03 7.149103585985448067e-03 6.929688058556471991e-03 8.529439528783848076e-03 5.409765812908291435e-03 1.245689268762017500e-02 4.490775525358461397e-03 7.241002305597827281e-03 7.041623260473128636e-03 1.431951146462880249e-02 7.149102904965268582e-03 4.111825938821266763e-03 7.232103293595110172e-03 9.877853407871903593e-03 7.151292017966433961e-03 1.036346609028964208e-02 7.149102420303313048e-03 4.236140034323435805e-03 5.941094695990967178e-03 7.244685627233259095e-03
3.899915435321531319e-03 6.919770607688098193e-03 9.307218448438058303e-03 1.181123927649957960e-02 1.774889390313519333e-02 4.605247941310900567e-03 7.561823016528663489e-03 7.534897849483649691e-03 4.256139625268278055e-03 7.454906471132320515e-03 7.575610682311697576e-03 7.574053627850243012e-03 1.174007801636993593e-02 7.575607276597397591e-03 7.575610682311697576e-03 7.575610682311695841e-03 6.749103717580160443e-03 7.289206103749235229e-03 7.686129883043175785e-03 1.124075091921026550e-03 7.071142681700199641e-03 1.071268560993015803e-02 8.010935103293002901e-03 4.416678373398191110e-03 7.575610627608862432e-03 7.563035758514708579e-03 7.021244454849035442e-03 7.575610682311697576e-03 1.478977424175061638e-02 7.333763689078629314e-03 7.575604299225113976e-03 7.384427660536940080e-03 7.575610682311697576e-03 3.905900972106942162e-03 7.575381226662736278e-03 6.144454287377938868e-03 7.214501454040277498e-03 7.575610682311697576e-03 3.395088541477680067e-03 6.728092566839381609e-03 7.622679256766918751e-03 7.624949419146355434e-03 7.106852099181122824e-03 7.155468851122367795e-03 1.037854512639841027e-02 6.944238963908901628e-03 6.320515925390190332e-03 2.647667330621290577e-03 8.577631487608745539e-03 7.575610682311697576e-03 1.111164731991312431e-02 7.575610682257834412e-03 3.360527456196903042e-03 7.411268571802856302e-03 9.235197779482693129e-04 2.826767256922916964e-03 1.779788518222842489e-03 7.562706277855112819e-03 7.574016415236727202e-03 7.264467321191905684e-03 7.537673043945445316e-03 4.760626666242288342e-03 4.069299640592415231e-03 8.031973838835490195e-03 7.575610642454055216e-03 7.246668785500256366e-03 1.070858305561624840e-02 8.991733829399937636e-03 7.575612529181630604e-03 7.575609638278934556e-03 2.722629525813481145e-03 6.773621763288266429e-03 6.783855690322969020e-03 6.443455240110518983e-03 9.096865708954749927e-03 9.133554197682872133e-03 7.538066226935317277e-03 9.698167931325073210e-03 7.254049608201940461e-03 7.567638922595609080e-03 7.971039226563352356e-03 7.063724217381243606e-03 8.347439926583651720e-03 7.575610682311697576e-03 1.649828342470460382e-02 7.575610682311697576e-03 1.140348382539764331e-02 7.575610678810030738e-03 6.477616701628665166e-03 7.399113893900781218e-03 7.110631649504744328e-03 2.913980824278282391e-03 3.042592384445256225e-03 7.575610682311697576e-03 7.420108351337576999e-03 7.662461985919018052e-03 7.575522500197903394e-03 7.575610356307769730e-03 1.079756212559021371e-02 6.202721749343311809e-03 3.870738327236871584e-03 3.542806229082175878e-03 7.140008570426866104e-03 7.575610682311697576e-03 6.820858247435270146e-03 3.369793388226718402e-03 1.796683404101376801e-03 8.286381578820672597e-03 1.023283843112476714e-02 7.594098143329171963e-03 7.575610682311697576e-03 6.583580368448983464e-03 7.119912634114078029e-03 7.575610669822125699e-03 6.394226199150096837e-03 5.098852006155717501e-03 7.579030313871519542e-03 7.575610682311697576e-03 7.575610681365955827e-03 7.261597590128227378e-03 1.058552332259212782e-02 8.448999146832966364e-03 7.507976017578407886e-03 1.038762903017907517e-02 7.086253456282464759e-03 8.068508547755899943e-03 9.665723593684919998e-03 7.575609959699581598e-03 3.492954297986456628e-03 7.630584553723772714e-03 9.400256941437593744e-03 7.573740992268493746e-03 5.371202396625186087e-03 7.575609445908409664e-03 8.509882987485234071e-03 9.992126847502971060e-03 7.653556604391575577e-03
2.527750648493969077e-02 8.605705349825505321e-03 6.773189673639060972e-03 6.507794405634546690e-03 1.009379341283190646e-03 4.859946680781533114e-03 7.690693671610625802e-03 7.665312055878176732e-03 6.154299970092577676e-03 7.586830575365818494e-03 7.704984255333546632e-03 7.703494974966556240e-03 6.546140466259009472e-03 7.704980791457673867e-03 7.704984255333546632e-03 7.704984255333544030e-03 1.191036722521559600e-02 7.368299073625344565e-03 7.334518515902999948e-03 7.648599811949637582e-03 7.189016694145788922e-03 7.398240716018365630e-03 8.272926495965386706e-03 7.031917017331522010e-03 7.704984199755148845e-03 7.692194700956095539e-03 3.698563284132233564e-03 7.704984255333546632e-03 5.836811016842126561e-03 5.468085908688406771e-03 7.704977763236401170e-03 7.510577239923591462e-03 7.704984255333546632e-03 1.382619194455939060e-02 7.704750881133723070e-03 5.872348774423482264e-03 7.623202625996448184e-03 7.704984255333546632e-03 3.491649684872422110e-03 4.496304558344844764e-03 7.391543928387265053e-03 9.070839838703409486e-03 7.641716190210048019e-03 8.536550983939352258e-03 6.399068447057415336e-03 6.576449359981092514e-03 5.844342741090409292e-03 5.638438716975791194e-03 1.065383530641349913e-02 7.704984255333546632e-03 4.030971013223329062e-03 7.704984255278764065e-03 4.391363645916255935e-03 7.537835430883204658e-03 5.537952849183092399e-03 4.591298848751471616e-03 2.322235667665409255e-03 7.691859037242551600e-03 7.705043902778671225e-03 3.843832883578199040e-03 7.662423067784141818e-03 3.786710412995727016e-03 1.811113304252027481e-03 7.577944937412746038e-03 7.704984215302055489e-03 7.371335854461533339e-03 7.162033192856897927e-03 2.395397054963554172e-03 7.704979327835895404e-03 7.704983193491055961e-03 9.508130922620120547e-04 7.797251217609279389e-03 8.082927286341388268e-03 4.998663282658199342e-03 9.981071908054741856e-03 6.567643122897981467e-03 7.657835744537155008e-03 6.760558941109461040e-03 7.704619516250393353e-03 7.696907774657209267e-03 9.310740448097759928e-03 7.957885270390058913e-03 6.688842196680527298e-03 7.704984255333546632e-03 2.819235867211134297e-03 7.704984255333546632e-03 6.310426424300146289e-03 7.704984251772075202e-03 7.032434879875121281e-03 6.089272067985606468e-03 7.045473082380108824e-03 2.552929698190606247e-03 2.548713979675628488e-02 7.704984255333546632e-03 8.746028766862399412e-03 7.678003144329728809e-03 7.704894960620263349e-03 7.704983921317868668e-03 1.074962189615634965e-02 8.377456082335456300e-03 7.351493501845622093e-03 1.365256345227232153e-02 7.260308587237266666e-03 7.704984255333546632e-03 7.186141461003648506e-03 9.453054765874847713e-04 1.201923995748695878e-03 7.868292974017143671e-03 6.735264967469976882e-03 8.450401126610088479e-03 7.704984255333546632e-03 7.510832128792740633e-03 1.013554276819145922e-02 7.704984242630681830e-03 8.778963457809953880e-03 2.230027228918323584e-02 7.704566542504591962e-03 7.704984255333546632e-03 7.704984254353043627e-03 7.374547931091249633e-03 4.211089868110804921e-03 4.249376725039335015e-03 7.145077866365766132e-03 6.140347713755358629e-03 6.594553969884862921e-03 7.480043531571015959e-03 7.242889580743318637e-03 7.704983520380794329e-03 3.477874256217991424e-03 7.081292249483738671e-03 4.122512387911406173e-03 7.702944018489778048e-03 5.893652866236847102e-03 7.704982997815258347e-03 7.131560129174326079e-03 9.472904056576601783e-03 7.592214960550378727e-03
2.624599163426473338e-03 6.080796354715625220e-03 6.076681006376499598e-03 8.562716858725845370e-03 7.597557075999903861e-03 9.639523895748248680e-03 7.098551149647640453e-03 7.073499772975003035e-03 9.622932758974815995e-03 7.000774744768117376e-03 7.111746681701548896e-03 7.111306524905157064e-03 4.672559280314516131e-03 7.111743484712159530e-03 7.111746681701548896e-03 7.111746681701547161e-03 6.456613422819103450e-03 8.115954919576062743e-03 9.567623859936797912e-03 8.026616574910791155e-03 6.715651021128795327e-03 5.394492934978664667e-03 6.421273159810265627e-03 1.851938935278808068e-02 7.111746630372170648e-03 7.100028690917237033e-03 4.832006064747016577e-03 7.111746681701548896e-03 6.514398326648709187e-03 9.174428267194554773e-03 7.111740689458961352e-03 6.932254408212160796e-03 7.111746681701548896e-03 1.653258999795715820e-02 7.111531275902852577e-03 1.054887625611986013e-02 5.822291194181330141e-03 7.111746681701548896e-03 2.903992922130303311e-03 4.312143612366454472e-03 5.721426966310821233e-03 8.659566073917423015e-03 6.959514680560273045e-03 6.798122701884277454e-03 1.213684370327073984e-02 9.266918259765761709e-03 1.037469427501710138e-02 8.217882047695412211e-04 8.980510230587109011e-03 7.111746681701548896e-03 6.900005071299729863e-03 7.111746681650984309e-03 3.840276386195725679e-03 6.957467314185360185e-03 8.229505087379001410e-04 2.585556456454137213e-03 2.202896578725947567e-03 7.099631914102843243e-03 7.110348527883205740e-03 8.778951835100971129e-03 7.065541731339537376e-03 8.613475091005804232e-03 4.953658995200122504e-03 7.890160054824615563e-03 7.111746646581891713e-03 6.804880151194308072e-03 8.596825001406144945e-03 1.109643389880523440e-02 7.111742286279691683e-03 7.111745701596202188e-03 1.277373145786263754e-03 6.770869878637278926e-03 5.389257087551806678e-03 4.637797827025542594e-03 5.800772964396586941e-03 9.801755713738490722e-03 7.061490438310390715e-03 8.973050845986648566e-03 6.661719545124004938e-03 7.104262718471324178e-03 1.109833860672696827e-02 8.431421086076328064e-03 7.830557888683659790e-03 7.111746681701548896e-03 9.530446758731620643e-03 7.111746681701548896e-03 5.913414251026596728e-03 7.111746678414293879e-03 5.452043033576011929e-03 1.354725150705334002e-02 7.154942628016481773e-03 2.160942971805814537e-03 1.742442755456469206e-02 7.111746681701548896e-03 6.678789154344079264e-03 6.773657778170575489e-03 7.111664131258816496e-03 7.111746373355920352e-03 6.141982654580115629e-03 7.552406283287598464e-03 5.415245339792314032e-03 3.274912837459799039e-03 6.701192478232990447e-03 7.111746681701548896e-03 6.387171234933244381e-03 5.353372244047182975e-03 3.645376584848228525e-03 1.106046447369831744e-02 6.159716441099802493e-03 8.541331891603618290e-03 7.111746681701548896e-03 5.908794395741690485e-03 9.360975095553177028e-03 7.111746669976728996e-03 5.990236177079760922e-03 7.799916387012807706e-03 7.111365029770653524e-03 7.111746681701548896e-03 7.111746680864911713e-03 6.873676382396310368e-03 8.366319438692471772e-03 1.136214470949731270e-02 1.081853628117159134e-02 6.241932927568017569e-03 1.046340517630032878e-02 1.097409784599208751e-02 6.964983720269077132e-03 7.111746003335750466e-03 3.524476284839768003e-03 1.140356351725158035e-02 9.197432831271966369e-03 7.109871397337322145e-03 9.314101122609236977e-03 7.111745521004626640e-03 8.294340883694293828e-03 3.835656461648153086e-03 6.157257584482674247e-03
7.230438964822385670e-03 5.665760681237315410e-03 8.763507545347102787e-03 6.754299461031800476e-03 1.283470314640686649e-03 1.266819959602740429e-02 6.913464003098434077e-03 6.888764884022544749e-03 9.057064240336670791e-03 6.816655404942354411e-03 6.926012628316003013e-03 6.924592941322764775e-03 6.011320469644657050e-03 6.926009514641986477e-03 6.926012628316003013e-03 6.926012628316001278e-03 8.005366393759320159e-03 6.785351937506756484e-03 7.608993397566061329e-03 1.574724561463894390e-02 6.489744518595123857e-03 1.011450951909878028e-02 7.316880080661237670e-03 5.271913695650738869e-03 6.926012578264084674e-03 6.914517327631050127e-03 2.896613137559756260e-03 6.926012628316003013e-03 8.990262838004480644e-03 5.312601311845403101e-02 6.926006792567537818e-03 6.751208103507918244e-03 6.926012628316003013e-03 6.844892043263360766e-03 6.925802848288778631e-03 6.633591235009136597e-03 6.448131798352497134e-03 6.926012628316003013e-03 4.217261744637623017e-02 4.410726676528527006e-03 6.758833159559362799e-03 6.363359899125114495e-03 6.583731180740186491e-03 7.272074678884274217e-03 5.104123464841348913e-03 3.618466362048758031e-03 6.889448118552269837e-03 2.680023285451255642e-03 5.967402145440293612e-03 6.926012628316003013e-03 5.347972109563682228e-03 6.926012628266759417e-03 3.311956526016558450e-03 6.775762500530226919e-03 1.821408732074718956e-02 8.502387889089069867e-03 1.663767770288299315e-03 6.914214248972572717e-03 6.924846978216210418e-03 7.347951976842476834e-03 6.926279076255290740e-03 6.580820370663877442e-03 1.041725282348963944e-02 7.607566872469384567e-03 6.926012591211153438e-03 6.625429190255877412e-03 8.253593355490728908e-03 4.426783225722464264e-03 6.926008535412094859e-03 6.926011673861609021e-03 1.530065971889210327e-03 6.085806498780949730e-03 5.679767304619419595e-03 4.597893192323645323e-03 8.381920769850370254e-03 6.233332656852235212e-03 6.876572998234655593e-03 7.705003603805560437e-03 6.697759493222782239e-03 6.918724122867884498e-03 6.040887215982558220e-03 7.986892401629849814e-03 7.508367546906144670e-03 6.926012628316003013e-03 9.701133532510322968e-03 6.926012628316003013e-03 1.048282257602847593e-02 6.926012625123575787e-03 9.647871397791404555e-03 4.837073257533112784e-03 6.333259954914538005e-03 5.476513414759808657e-03 3.418245490131783994e-03 6.926012628316003013e-03 7.375512924622577154e-03 6.757383608883634103e-03 6.925932007401048619e-03 6.926012328098267792e-03 4.912399055316730816e-03 7.380381142372865327e-03 7.584254007162160097e-03 5.864994259752328264e-03 6.526219645453700674e-03 6.926012628316003013e-03 6.185089943682390429e-03 5.839928015303366519e-03 1.464545440182847026e-03 7.015316314269283079e-03 8.423776641359667638e-03 6.970275322217825073e-03 6.926012628316003013e-03 9.168679111478859889e-03 5.912246645566172909e-03 6.926012616897394766e-03 5.320337083938217124e-03 1.940096528636903227e-03 6.925699382083119922e-03 6.926012628316003013e-03 6.926012627434727925e-03 6.814163520916264802e-03 4.080305253660733260e-03 1.182862576452472364e-02 7.436545556993022152e-03 9.706802449943621042e-03 6.384099947718545852e-03 5.318748033910723066e-03 3.483569306877035664e-03 6.926011967666762838e-03 3.640683024026436249e-03 6.728131719351079613e-03 7.106835893854307994e-03 6.924157020126458888e-03 3.545944443620119898e-03 6.926011497932461902e-03 5.669416251391536966e-03 2.320140634239300018e-03 6.792483786857987822e-03
1.553641364737882828e-03 7.329099267343867907e-03 7.238711533207158218e-03 1.153666619000729560e-02 8.825588401784797152e-04 4.172068536222071217e-03 7.262837629618080180e-03 7.287836617151111258e-03 9.079368884512795460e-03 7.268691783631166768e-03 7.276335076538508265e-03 7.287335445154571878e-03 7.765401845076447956e-03 7.276331805367964624e-03 7.276335076538508265e-03 7.276335076538506530e-03 6.461455064368034837e-03 7.368491016235613998e-03 8.750189084243357313e-03 1.361456634947159038e-02 7.363458994797716234e-03 7.717361723422691382e-03 6.485725679340550304e-03 4.651196787489934176e-03 7.276335023954931883e-03 7.264256665893153303e-03 3.882372373602961321e-03 7.276335076538508265e-03 4.984035461096944855e-03 1.354976638297066167e-02 7.276328945613900860e-03 7.092689138925774642e-03 7.276335076538508265e-03 2.860543253517851357e-03 7.276114687844299940e-03 9.751242046330741570e-03 6.421401743389121286e-03 7.276335076538508265e-03 4.450267175878050777e-03 7.528778762581089280e-03 6.317752115030677088e-03 9.965968776497398027e-03 7.063191331239758626e-03 6.560808778250411602e-03 7.099815371148191813e-03 7.821537141765153370e-03 8.478852792536007571e-03 3.281505478715117559e-03 1.205293973575463640e-02 7.276335076538508265e-03 1.045329908520938739e-02 7.276335076486773606e-03 4.398536272960827317e-03 7.118485194692301260e-03 6.849277735408030449e-03 3.361067799154504425e-03 1.687500599246443030e-03 7.263940242817912459e-03 7.274888613981631350e-03 6.433711742271278240e-03 7.239278692006001145e-03 2.210581560844633413e-03 2.171249742923416891e-03 8.061383730120892654e-03 7.276335037556847483e-03 6.960353193983758596e-03 5.312621187348337375e-03 1.225002717644761360e-02 7.276333883360679156e-03 7.276334073750414383e-03 4.975038367127912475e-03 7.201155345073229422e-03 6.826631646963573531e-03 2.654040186109550212e-02 3.978595047576468507e-03 1.022954202219803800e-02 7.224395367628953964e-03 8.366053389379431507e-03 6.653759163561210124e-03 7.268677911269587864e-03 1.268903717136118763e-02 9.017523841637018270e-03 6.839919348405216863e-03 7.276335076538508265e-03 1.351978509037607412e-02 7.276335076538508265e-03 5.237887222749151687e-03 7.276335073175171746e-03 7.573425047757910422e-03 1.147999719598618608e-02 6.655562091603037071e-03 1.733003648583812195e-03 3.605575632046145642e-03 7.276335076538508265e-03 6.628426544244166857e-03 6.784874147814650043e-03 7.276250377755057869e-03 7.276334775075427204e-03 7.047224782931724163e-03 8.394182574026010785e-03 4.949823882863853969e-03 1.042193127149034643e-02 6.857970936850578576e-03 7.276335076538508265e-03 6.539424209313185986e-03 1.292747145752958220e-03 3.605800467216598894e-03 9.977561913519204101e-03 6.363906868116339134e-03 8.138382670709952416e-03 7.276335076538508265e-03 6.580005419359991926e-03 8.300197270956162499e-03 7.276335064542338582e-03 7.761707270140579679e-03 2.984554024330113384e-03 7.277174039489570437e-03 7.276335076538508265e-03 7.276335075613394980e-03 7.114537955028824023e-03 1.588406232403766910e-02 1.128456891097086821e-02 6.002317692258553501e-03 7.007678358578636225e-03 9.534024488301613004e-03 8.603167850781412440e-03 1.023006611098090102e-02 7.276334382499991503e-03 3.800056030067285474e-03 7.463727933301771665e-03 6.998367786243535685e-03 7.274587992434422730e-03 5.374224679076716228e-03 7.276333888979374769e-03 6.338515104789646006e-03 1.279942562936594620e-02 6.481156404948356167e-03
5.570052808481808226e-03 6.434200080769821549e-03 7.810671524276640264e-03 7.383642652331990665e-03 2.029689718388208181e-03 4.524980691313461832e-03 7.113556422754354139e-03 7.088455386737173985e-03 8.946827723608677396e-03 7.109741126909606239e-03 7.126781307659277830e-03 7.125326808400321045e-03 5.114028466282722132e-03 7.126778103731487221e-03 7.126781307659277830e-03 7.126781307659276095e-03 1.077066242161188632e-02 6.815678655064320857e-03 7.001975692868211282e-03 3.232624413660747237e-02 6.789399564924070846e-03 6.241293102899054916e-03 7.413501748275122712e-03 2.766352941611730995e-03 7.126781256157067347e-03 7.114951722497218738e-03 8.149440684424007902e-03 7.126781307659277830e-03 1.242934262770718085e-02 5.198670355320292140e-03 7.126775302746596145e-03 6.946909773033846380e-03 7.126781307659277830e-03 1.499301548287226317e-02 7.126565446523462806e-03 9.363656058359049947e-03 7.481244186728869955e-03 7.126781307659277830e-03 2.872051448968857782e-03 2.119992957402003393e-03 7.357417198335171847e-03 6.527508250634467615e-03 7.307599706537797578e-03 6.794665698974976069e-03 6.251463552178085012e-03 4.098616818127122710e-03 7.646679471182459345e-03 2.379174544535151738e-03 2.441519672899079840e-03 7.126781307659277830e-03 5.807130662988036623e-03 7.126781307608605689e-03 1.540106234626432806e-02 6.972175785024912857e-03 1.548833934196223745e-03 3.523654589357052506e-03 1.652277352175622171e-03 7.114640936104546509e-03 7.125195277336615444e-03 1.066944569096364356e-02 7.079991424721097590e-03 9.735883751007956208e-03 1.497365256936413185e-03 6.573531307983960029e-03 7.126781269484468162e-03 6.817308818616412726e-03 9.583995866259036392e-03 1.511577542306618768e-02 7.126776763555997540e-03 7.126780325481934034e-03 2.664678260905786310e-03 6.818406077989269502e-03 5.984132739211629054e-03 5.761561421624344925e-03 4.286812116655085853e-03 7.293491101702562207e-03 7.075908515287905771e-03 6.587462179776352317e-03 6.630591473778363679e-03 7.119281532835322612e-03 6.707745024883931054e-03 6.911108922006457302e-03 7.328585316702137913e-03 7.126781307659277830e-03 4.632578025396837454e-03 7.126781307659277830e-03 9.452436025423097479e-03 7.126781304365068306e-03 4.465640679470332317e-03 1.143472482569120492e-02 2.216137249717902574e-02 6.354743551799805872e-03 2.766887098023927075e-03 7.126781307659277830e-03 7.851131952225774702e-03 7.044445530358034273e-03 7.126698349727654709e-03 7.126780998655201163e-03 6.433966414258158323e-03 7.551813776018302671e-03 1.318660166292413664e-02 1.411270323793725398e-02 6.715349914409417774e-03 7.126781307659277830e-03 6.701499036177362839e-03 9.656398968941209450e-04 1.204603416847466755e-03 6.992121118842580321e-03 7.982312230320172744e-03 7.770842155715139594e-03 7.126781307659277830e-03 8.999117923778691616e-03 5.229567756231420436e-03 7.126781295909670466e-03 6.136848006868570252e-03 1.764595935906567575e-02 7.126398395341040221e-03 7.126781307659277830e-03 7.126781306752916906e-03 6.837654913369258999e-03 6.832421084574672766e-03 5.429684435215384290e-03 8.561228648266075089e-03 7.813398205376338376e-03 1.061474532394787382e-02 7.005459005335001009e-03 8.836251458859868332e-03 7.126780627859376563e-03 3.317095585831527325e-03 7.104398756602048857e-03 9.213737192731122350e-03 7.124844279299249496e-03 8.705385514819957010e-03 7.126780144508577941e-03 3.526007223215979394e-03 1.004608772969682248e-02 7.324500361826874299e-03
1.574502111468884880e-03 7.558245933902770983e-03 6.146517560754860728e-03 8.519074569165797570e-03 7.934900453406732238e-03 9.487695946106535980e-03 7.637407666340781734e-03 7.612049624866451189e-03 1.078075659195238713e-02 7.529680840991046301e-03 7.651590937471920185e-03 7.650043051287028044e-03 5.516752896996998147e-03 7.651587497599707591e-03 7.651590937471920185e-03 7.651590937471917583e-03 1.044338246061233925e-02 7.736777001921352204e-03 9.050104245684188059e-03 2.652584830350575556e-03 7.182384108393236218e-03 6.564895743726630040e-03 7.331398827908846769e-03 8.717678460507796365e-03 7.651590883248292861e-03 7.638889618687194627e-03 4.518667407032737893e-03 7.651590937471920185e-03 6.581932468643138592e-03 6.108673662555803852e-03 7.651584490362672679e-03 7.458480749034225241e-03 7.651590937471920185e-03 5.329974974389128754e-03 7.651359184988514896e-03 1.149516955752991065e-02 7.550323264925847162e-03 7.651590937471920185e-03 3.938297399149710137e-03 5.004627456490263332e-03 7.032713295368839962e-03 7.833413550698166763e-03 7.002748854056775434e-03 7.970184858582127219e-03 9.099062904538903623e-03 8.793385542513628556e-03 8.461914827291392577e-03 2.201602606771469427e-03 8.521605179073318478e-03 7.651590937471920185e-03 6.878282195154423323e-03 7.651590937417516655e-03 4.466456488149252516e-03 7.485600406150836293e-03 9.718506630958275230e-03 7.837514914406287087e-03 1.774235042337823877e-03 7.638556674097841254e-03 7.650005127799369697e-03 9.173253610050120799e-03 7.675148808824205221e-03 3.259117748340051995e-03 5.259170003796106302e-03 7.711334642123060697e-03 7.651590897815329674e-03 7.320027350412560731e-03 1.012369050943932522e-02 4.877323786864978805e-03 7.651586079660139747e-03 7.651589882967938655e-03 4.134291789347561280e-03 7.830570088477943960e-03 7.313475615893106317e-03 5.582889560019262468e-03 9.019352525415575209e-03 8.472682545600802861e-03 7.596996807929915635e-03 8.320866812326563333e-03 7.499283182489443512e-03 7.643538877781277420e-03 8.829537394222831612e-03 8.177303462208566909e-03 8.350626306296281623e-03 7.651590937471920185e-03 3.581239820628388110e-03 7.651590937471920185e-03 6.348148215958736643e-03 7.651590933935754901e-03 7.128296146857531455e-03 3.566482256100287403e-03 6.998884063020298536e-03 1.945327636899223849e-03 5.952508794319450944e-03 7.651590937471920185e-03 8.567496480320659080e-03 7.513799519442653646e-03 7.651501870594098337e-03 7.651590605731458695e-03 6.401292063115213843e-03 8.170274894682430511e-03 2.340992185072744008e-02 1.172698184974217857e-02 7.333090141142729890e-03 7.651590937471920185e-03 6.955948162361690924e-03 1.088421645009259031e-02 1.225116590260370581e-03 7.574015815679779710e-03 6.465915521387756784e-03 7.513479575706443446e-03 7.651590937471920185e-03 6.627976140511077432e-03 8.582561106071305221e-03 7.651590924857083059e-03 6.465674503260119589e-03 1.187564794665433828e-03 7.651260009887157071e-03 7.651590937471920185e-03 7.651590936498505260e-03 8.080820305101935747e-03 6.931077180086039728e-03 5.969892884635113507e-03 1.177684492698240735e-02 5.385393002051025620e-03 8.163009365603700676e-03 9.093555943023105478e-03 9.068405167802721240e-03 7.651590207622769452e-03 3.661684804918213798e-03 9.546428236454348321e-03 7.559512008259585726e-03 7.649525934143005038e-03 3.494012738398879266e-03 7.651589688667871300e-03 8.460754152936027575e-03 5.727264039800845051e-03 7.621999687268147736e-03
6.315433395081443760e-03 7.593939704579930929e-03 5.094524240007409360e-03 8.167043928336257391e-03 3.900923435777692294e-03 1.441912756140581800e-02 6.895263394558290987e-03 6.821806920373174078e-03 6.562418847354477801e-03 6.750489906577007183e-03 6.858403763820060048e-03 6.856997058518794069e-03 1.009351158524824169e-02 6.858400680539777049e-03 6.858403763820060048e-03 6.858403763820058313e-03 3.268848543044560687e-03 6.558485464442703229e-03 7.357773840353572931e-03 1.314451128718882242e-03 6.395441115233772150e-03 6.548847360323830670e-03 6.783526943101172470e-03 3.315670026734935608e-03 6.858403714326262099e-03 6.847060252992729495e-03 2.954633650086290614e-02 6.858403763820060048e-03 4.352947342959110136e-03 4.386328431289557121e-03 6.858397985038356022e-03 6.685305582645278272e-03 6.858403763820060048e-03 1.687525968992715543e-03 6.858196031486619298e-03 5.268623242079248196e-03 6.274715563825692018e-03 6.858403763820060048e-03 2.995879567362156725e-03 3.526254878689133974e-03 6.325383294663638502e-03 9.133769489543131642e-03 8.420004290411791867e-03 7.804701377691552339e-03 6.954755026746682091e-03 4.653619140403916256e-03 7.655094057596466967e-03 7.034819135158529649e-03 1.279639884445987405e-02 6.858403763820060048e-03 4.428805376369636913e-03 6.858403763771296104e-03 2.996797559912689826e-03 6.709620317021842278e-03 5.510289384559895892e-03 3.364678678252613214e-03 1.686294477889444020e-03 6.846729565717361160e-03 6.861935338254939246e-03 1.537909185590944500e-02 8.058447594890686891e-03 1.485964848510337027e-02 2.262198929461711142e-03 7.090041072218155119e-03 6.858403727077163996e-03 6.560575120871030112e-03 6.350063331648745334e-03 1.831218544500182871e-02 6.858399380202146074e-03 6.858402818629166613e-03 1.245174813590281884e-03 6.349299700389275311e-03 7.240590003521139850e-03 4.454237690394457529e-03 9.604953465667089366e-03 8.082741120642118748e-03 6.819918713821820563e-03 8.824194890657765036e-03 6.398698022381667239e-03 6.851186407112725904e-03 9.739518916481905084e-03 7.167789782154261428e-03 9.248640757681446042e-03 6.858403763820060048e-03 9.430425624723412850e-03 6.858403763820060048e-03 8.510049171929755588e-03 6.858403760649903202e-03 7.082837668891193983e-03 7.076003608246314407e-03 6.279374544001617084e-03 6.894196875158273979e-03 8.991133990562005796e-03 6.858403763820060048e-03 6.927762331689432500e-03 6.783109604075597543e-03 6.858323929885478017e-03 6.858403467124876869e-03 8.552845739131498953e-03 6.107847032048857941e-03 6.572983179895380834e-03 6.088371409153295853e-03 4.851668788832565193e-02 6.858403763820060048e-03 6.812373960742672090e-03 8.758356189262741023e-03 4.776412411352355669e-03 7.019937233980122135e-03 6.153143090154239783e-03 7.448657415335110943e-03 6.858403763820060048e-03 9.718933930026514914e-03 6.215998307217193881e-03 6.858403752512914724e-03 7.149190198894443161e-03 2.613198277312612280e-03 6.858048082628688882e-03 6.858403763820060048e-03 6.858403762947724858e-03 6.583086552244513286e-03 1.071443245837187808e-02 8.121980936081671376e-03 6.939523443625339981e-03 6.949206857763031049e-03 9.578149295494239532e-03 9.161337690323019534e-03 6.994447582460553738e-03 6.858403109619807918e-03 5.036736908567404462e-03 7.299584893832292490e-03 6.152263039381844836e-03 6.856612879227158737e-03 4.473490079676094820e-03 6.858402644470834759e-03 3.447063636785068462e-03 2.989918213468482303e-03 6.660893104290129679e-03
5.077960368119169982e-03 6.374213684948579726e-03 7.608700273098517250e-03 7.710233004490089220e-03 8.138728456032102727e-04 1.391267422934619989e-02 7.053024330635564686e-03 7.028183540837594674e-03 9.866154532055066914e-03 6.954637144519262501e-03 7.066136249495301794e-03 7.064687752916170432e-03 6.002526380297501171e-03 7.066133072822049221e-03 7.066136249495301794e-03 7.066136249495299192e-03 3.699016350338572671e-03 6.764519120381069783e-03 5.866804201420522391e-03 1.405849459134885090e-03 6.571303563473514069e-03 7.522477790455202665e-03 7.047109114320511576e-03 5.603734225477437041e-03 7.066136221926757124e-03 7.054448284109424844e-03 3.260496496892772468e-03 7.066136249495301794e-03 9.391157525109336893e-03 6.181382990050077533e-03 7.066130295686314303e-03 6.887795183901069228e-03 7.066136249495301794e-03 1.125538396016245724e-02 7.065922225181902293e-03 6.194171595003647966e-03 7.768528536894416317e-03 7.066136249495301794e-03 8.092956381556228040e-02 3.535911107296169781e-02 8.020126823751300496e-03 5.607356150092673505e-03 5.557193145500223183e-03 5.684730917249979781e-03 7.035422223663324350e-03 2.552792320416579028e-03 5.208877390707539017e-03 1.209157810706738920e-03 8.278394292807201779e-03 7.066136249495301794e-03 5.958190701984607957e-03 7.066136249445060732e-03 2.725586803553294371e-02 6.912846336321043332e-03 5.326495258718061182e-04 5.713151000421572145e-03 1.638628332957950970e-03 7.054099170497932052e-03 7.064672801291142085e-03 4.610315053029234895e-03 7.033828318022085010e-03 2.562820482012405192e-03 9.210123100212451799e-03 7.218070010820770536e-03 7.066136211640609323e-03 6.759282950163174840e-03 7.462028083627229164e-03 3.578183031285215275e-03 7.066131843282676128e-03 7.066135275675755958e-03 3.192566172910401689e-03 7.110589594471536726e-03 6.921683970774954002e-03 4.584529041367678762e-03 1.005889880216146587e-02 5.897157981514629214e-03 7.015705929466101859e-03 5.291572757084874422e-03 7.368624921758784585e-03 7.058700362756151724e-03 5.254415142861601148e-03 6.671073712912268736e-03 5.989243259390346873e-03 7.066136249495301794e-03 2.598146000420714641e-03 7.066136249495301794e-03 1.124881888826065844e-02 7.066136246229124535e-03 3.615626424348762982e-03 5.462335356882993230e-03 6.461002159321918049e-03 3.651216987931664090e-03 8.538381779255775628e-03 7.066136249495301794e-03 6.718413213502060985e-03 7.564341412889087103e-03 7.066053997493232201e-03 7.066135943117540091e-03 5.842733415085604037e-03 5.926646406984385253e-03 8.799834927232560999e-03 8.530606438427968882e-03 6.658274199289141229e-03 7.066136249495301794e-03 6.382336188555136521e-03 1.029361160413876097e-02 9.349008197834582715e-03 6.370856145939842938e-03 7.986690394628456063e-03 6.932536832794982708e-03 7.066136249495301794e-03 6.574352894883552130e-03 5.870996129012095999e-03 7.066136237845676953e-03 5.914622989592137857e-03 2.472936207652865620e-03 7.065753094305773398e-03 7.066136249495301794e-03 7.066136248599729983e-03 6.840681442370284866e-03 4.608029680105385668e-03 8.197263737239088993e-03 6.332111250915750493e-03 7.325216215390641800e-03 4.669567830460374415e-03 6.653781399720562310e-03 6.811960053384873495e-03 7.066135575480129993e-03 3.277012537066517715e-03 5.677276672194815632e-03 5.913611546151046304e-03 7.064295484667422464e-03 4.434716479895157472e-03 7.066135096242385887e-03 1.420584226474118448e-03 2.378185816551289366e-03 7.350834323239656062e-03
2.054814780091116563e-03 6.253693075942430568e-03 9.713141962979298522e-03 3.488256876539289845e-03 1.469196087624681252e-03 9.320751554391680516e-03 7.960571492644001601e-03 7.933192973061657660e-03 8.244721954122697510e-03 7.911966139842926612e-03 7.975317800129406304e-03 7.973729617427838604e-03 4.386705798650931271e-03 7.975314214721711606e-03 7.975317800129406304e-03 7.975317800129404569e-03 9.800224011743890323e-03 7.751011314117393913e-03 7.864438028525462879e-03 2.808262214480528995e-03 8.350876192559584729e-03 5.755206120292965383e-03 8.788934309050731170e-03 2.794173224687570688e-03 7.975317746894338908e-03 7.962078897663416727e-03 3.662903881669399286e-03 7.975317800129406304e-03 7.813199994167751433e-03 6.774694083094812656e-03 7.975311080253033938e-03 7.774029989815674745e-03 7.975317800129406304e-03 3.651621868959896086e-03 7.975076237855410061e-03 8.882584654520778514e-03 8.372670263914005692e-03 7.975317800129406304e-03 3.832472418929764972e-03 4.528061751538208293e-03 8.894163712389938775e-03 6.450841362402884305e-03 7.634935593481452162e-03 8.133716672789262706e-03 9.741351039163129860e-03 7.135050491252914635e-03 7.126112094750375499e-03 2.678692668310356153e-03 5.264253346270059489e-03 7.975317800129406304e-03 6.540473478956575562e-03 7.975317800072701663e-03 3.453359881000304856e-03 7.802304468665068916e-03 4.527338231064569063e-03 2.833801676877335807e-03 3.279833977679354369e-03 7.961732027564999772e-03 7.974200875475042152e-03 1.482358511560264575e-02 7.950487332126981305e-03 1.282046273172627107e-02 2.111526640772757625e-03 7.219667110141963183e-03 7.975317757402769839e-03 7.629795694424001788e-03 8.104144153989391308e-03 4.367074063547153086e-03 7.975312716203584312e-03 7.975316701011007578e-03 1.680125416644100709e-03 8.155686182046895452e-03 6.515537296842404021e-03 5.173194551758352432e-03 4.872475430626716821e-03 8.626253932212859382e-03 7.918395012073871364e-03 8.408039658117193518e-03 7.985930026547870264e-03 7.966925067399573471e-03 6.185877321215753864e-03 7.116622905357938324e-03 7.291077122310585246e-03 7.975317800129406304e-03 3.221842087828920721e-03 7.975317800129406304e-03 4.016760654710845729e-03 7.975317796443059937e-03 3.594234048726251303e-03 3.374346054735788240e-03 7.314750715290281938e-03 1.426955618051696517e-02 7.777479756524203862e-03 7.975317800129406304e-03 8.530822137102794800e-03 8.697578013512589565e-03 7.975224964977403047e-03 7.975317455469744382e-03 3.087341554205229408e-03 7.678868889225498942e-03 4.786944607837594068e-03 2.241433860301416184e-03 1.840180530364714934e-02 7.975317800129406304e-03 7.324693824436900869e-03 2.794650866467169800e-02 1.306125064134947347e-03 8.313619525067402274e-03 9.548088670945628631e-03 7.938408190274078707e-03 7.975317800129406304e-03 7.352730976168224408e-03 8.709741982539022376e-03 7.975317786980854612e-03 5.962994180484764394e-03 9.953933428008286677e-03 7.975056631478846109e-03 7.975317800129406304e-03 7.975317799725340634e-03 7.645045350193746883e-03 7.327025802423526961e-03 5.896167240030391297e-03 9.310106788579925602e-03 9.433787749551942117e-03 6.541284581151262170e-03 5.876412950829110020e-03 7.070075655765407571e-03 7.975317039400348432e-03 4.537931309948468189e-03 8.680159435185498540e-03 6.086142641786322117e-03 7.973176508175307611e-03 2.051673286933979046e-02 7.975316498490408329e-03 6.344766297437817379e-03 2.342698691625515802e-03 7.551046231387498198e-03
3.376140920227894450e-03 6.462615854256901875e-03 7.328270640293081152e-03 6.009384926573236967e-03 8.029181264611056842e-03 1.245350304046198911e-02 6.999679831326179741e-03 6.974977451820437227e-03 6.299099373058850149e-03 6.902172378363909469e-03 7.012692530225152904e-03 7.011249371666753577e-03 9.577096935586117479e-03 7.012689377578427627e-03 7.012692530225152904e-03 7.012692530225151169e-03 6.204453990217777097e-03 6.699877871869286752e-03 6.010502585519971949e-03 3.987877091272226671e-03 6.595850345173572341e-03 7.573319227014987769e-03 5.876465510326858016e-03 4.747195030441925083e-03 7.012692479546574383e-03 7.001052346957812970e-03 1.275631450037621392e-02 7.012692530225152904e-03 8.899346576334184189e-03 5.235635102366258467e-03 7.012686621441581968e-03 6.835700626329532618e-03 7.012692530225152904e-03 1.187843431147918814e-02 7.012480124651352363e-03 5.771437265405509991e-03 7.323517172084612926e-03 7.012692530225152904e-03 3.983518455950588177e-03 3.322430429533163726e-03 6.844510230457013546e-03 5.836770260041844634e-03 7.891665189013009202e-03 6.047026211303889801e-03 5.764050736685456290e-03 6.441625310943495213e-03 7.129010548471796486e-03 5.548208014906168533e-04 6.228965942395883054e-03 7.012692530225152904e-03 1.488089171529312534e-02 7.012692530175292614e-03 3.318973134419722550e-03 6.860562003566733451e-03 1.593335170448303625e-02 5.214959750606928089e-03 1.671657441897357902e-03 7.000746537244085556e-03 7.011123601609902702e-03 5.790185026565491770e-03 6.992705503402074467e-03 5.665694896977935269e-03 1.524797542733174506e-02 7.349409683635884337e-03 7.012692492656265666e-03 6.719700132130335644e-03 8.247276490765028875e-03 2.068692787794745684e-03 7.012688059357133352e-03 7.012691578406168164e-03 8.033325774317405781e-04 7.157631601679861552e-03 6.654715537508618627e-03 4.551857545303743431e-03 5.525891301677537774e-03 6.224568270533047988e-03 6.962634667027775559e-03 8.433437462232927506e-03 7.017860963921459909e-03 7.005312805159349433e-03 5.117697145876121990e-03 6.882116905287973679e-03 6.717073612066576729e-03 7.012692530225152904e-03 4.209257101477762060e-03 7.012692530225152904e-03 1.411293203234515944e-02 7.012692526983678974e-03 6.651645114839763000e-03 3.680897613587926376e-03 6.449667390467267100e-03 6.909033268416533112e-03 1.393905516316542616e-02 7.012692530225152904e-03 5.935765461507530073e-03 7.050545280746851190e-03 7.012610900322280988e-03 7.012692226177235852e-03 7.566912621461078202e-03 7.436454495695734787e-03 4.743435377767986870e-03 4.390588931841739144e-03 6.700451405574320285e-03 7.012692530225152904e-03 6.327534395613650456e-03 4.037776398296545610e-02 2.274603798136770952e-02 6.707312080485684086e-03 7.080219884543003522e-03 7.721039891425775063e-03 7.012692530225152904e-03 6.455986395430974786e-03 5.624353870597441699e-03 7.012692518663639005e-03 6.348790804792911122e-03 5.225060381891765728e-03 7.012312452624967600e-03 7.012692530225152904e-03 7.012692529332702727e-03 6.779675083863198268e-03 7.052581939556261392e-03 6.386727427073016737e-03 9.107377134876771044e-03 6.905742564401374031e-03 5.276570348673267734e-03 9.301700982534624393e-03 4.551012208341150868e-03 7.012691861332786929e-03 4.422962655596145848e-03 1.188636116915466230e-02 9.164698693884977890e-03 7.010792470170034915e-03 1.348462511322780048e-02 7.012691385694701587e-03 5.755859892288901943e-03 8.167644102496240607e-03 7.094752836846299031e-03
7.415545484416626552e-03 7.056232675951019072e-03 5.493506229797395952e-03 6.584988338896077820e-03 5.455037483752337053e-03 4.119141331998592455e-03 7.209724964950284427e-03 7.181181820003309201e-03 5.088759968006371232e-03 7.112789508972071524e-03 7.219956836346714570e-03 7.218471293425122483e-03 6.283597936011737876e-03 7.219953590521262406e-03 7.219956836346714570e-03 7.219956836346712835e-03 8.195910792455279176e-03 6.949900288119957754e-03 6.487355420681850671e-03 3.391502418013549788e-03 6.715766191857648441e-03 6.869076983551485917e-03 7.129713415290348313e-03 5.364874521004405795e-03 7.219956784180772864e-03 7.207987813219549761e-03 3.473263028586001493e-03 7.219956836346714570e-03 5.623937072743975633e-03 8.494553836536508640e-03 7.219950752925518092e-03 7.037751204413777648e-03 7.219956836346714570e-03 4.950166096165344552e-03 7.219738153002349355e-03 5.554206216562533431e-03 7.652503926872678171e-03 7.219956836346714570e-03 1.352506255615857668e-02 6.687087254643358895e-03 7.277614715596567203e-03 6.132377743888991692e-03 8.409022242033936667e-03 8.237209440037789737e-03 7.206097758562939742e-03 3.133551580008736397e-03 6.627262454353289450e-03 3.477130945169358729e-03 5.103326971287552166e-03 7.219956836346714570e-03 6.964593866602803232e-03 7.219956836295380632e-03 3.175592223351048245e-03 7.063330001328566206e-03 5.416987949140889859e-03 4.399565489436007594e-03 2.205330958875200732e-03 7.207657793450194562e-03 7.218351666305219787e-03 6.824013960089264468e-03 7.634605949430661731e-03 6.386318775369268126e-03 6.318593164020856745e-03 7.260193647151170181e-03 7.219956797975508184e-03 7.702850489891542064e-03 6.329160627204296653e-03 7.623149973593772513e-03 7.219952214602721845e-03 7.219955841328385554e-03 1.729015962420526499e-03 7.988982192608736627e-03 6.909554791523278387e-03 4.784038871836563886e-03 1.052696999432829218e-02 5.972988462987574750e-03 7.168419973519844259e-03 5.719177504531310595e-03 7.442708506730217818e-03 7.212448150916423231e-03 5.089186915431855203e-03 6.952192833576644609e-03 6.373713396277483519e-03 7.219956836346714570e-03 9.049992454232404920e-03 7.219956836346714570e-03 8.661500619298474410e-03 7.219956833016179937e-03 1.024451449899328216e-02 1.226935215883268558e-02 6.601440210659599225e-03 2.755873219548800410e-03 2.660645788319893849e-03 7.219956836346714570e-03 7.740498372090203437e-03 7.055244819875236724e-03 7.219872793822882870e-03 7.219956523341319529e-03 7.422921201659259463e-03 7.495630164531049897e-03 1.109950879166920167e-02 1.809963037328852706e-02 6.803431971431715859e-03 7.219956836346714570e-03 6.461118065247972025e-03 1.873183109269824578e-02 5.874302965909707769e-02 6.107485574774461703e-03 5.924603473779939400e-03 7.740978235341687899e-03 7.219956836346714570e-03 9.625887032852590078e-03 5.107594188001620371e-03 7.219957927295317726e-03 6.717234930220311248e-03 3.215014763206011390e-03 7.219586006939372747e-03 7.219956836346714570e-03 7.219956835427926087e-03 7.160010145974104838e-03 6.231521272963293744e-03 6.001022139502703613e-03 4.550095751469206834e-03 5.675146691215998337e-03 4.954581221936440148e-03 6.649228566187004481e-03 6.322649544462498154e-03 7.219956147659110229e-03 3.269393601473988883e-03 8.745841336496038357e-03 7.045535709806639152e-03 7.218039782878215259e-03 2.921145839057597265e-03 7.219955657989529305e-03 1.136167182384076671e-02 1.201944723762379645e-02 7.428765090703989826e-03
5.219806285209689645e-03 7.401285973316290914e-03 8.802842454129735511e-03 7.792387851239749273e-03 3.563450957246069861e-03 8.579753651888993166e-03 7.779896195489986732e-03 7.752456222126269218e-03 1.004604250634675254e-02 7.670189198643940706e-03 7.794359926275517929e-03 7.792756464463605239e-03 9.114251293901464226e-03 7.794356422219660824e-03 7.794359926275517929e-03 7.794359926275515327e-03 3.520757872705073798e-03 7.470184662210653873e-03 7.088980579940558184e-03 6.897159804404363360e-03 7.254873998904017018e-03 8.127041771902649217e-03 7.380288696760390309e-03 2.678189909036066130e-03 7.794359870068628092e-03 7.781421391856060792e-03 6.948482711226421256e-03 7.794359926275517929e-03 1.716856077785900922e-02 4.613050801085078964e-03 7.794353358871385258e-03 7.597705056891087064e-03 7.794359926275517929e-03 9.584767194119081166e-03 7.794123845032832794e-03 7.572554635483589799e-03 7.866486856720540655e-03 7.794359926275517929e-03 3.167882121436621512e-03 4.295769213077194407e-03 8.187018251055156598e-03 8.045201814004391758e-03 8.745158490560515224e-03 6.941739359545109553e-03 7.234682566776931903e-03 2.471338842818600681e-02 7.288025905556405094e-03 2.982660325445507608e-03 6.387419378720666022e-03 7.794359926275517929e-03 4.833345762330370013e-03 7.794359926220099585e-03 5.218867545633894267e-03 7.625272222025117688e-03 2.675009638606468381e-03 2.758246125426680982e-03 2.098233192979519646e-03 7.781086130785383817e-03 7.792632974813289842e-03 3.744868438982124244e-03 7.848843472689629938e-03 4.283075595518124300e-03 1.951916204061194095e-03 7.213497107605032661e-03 7.794359884525991350e-03 7.455961671774630380e-03 6.702445199772514087e-03 5.096155374185010883e-03 7.794354941027823239e-03 7.794358852097653216e-03 8.827982187831600594e-04 7.744795190825892045e-03 7.340335931475322137e-03 5.069937444354581831e-03 3.422906224512391616e-03 6.927684394156749699e-03 7.738725461773845841e-03 7.845831617783577058e-03 7.503319143033838727e-03 7.786157637575371118e-03 7.814325788203449127e-03 7.818991756901060020e-03 7.522649346124209331e-03 7.794359926275517929e-03 5.796647883759449560e-03 7.794359926275517929e-03 4.340252423599170670e-03 7.794359922672734059e-03 6.284130686900236962e-03 3.450387134992332488e-03 7.130727884932191660e-03 1.795174257509748626e-03 4.370691964875442030e-03 7.794359926275517929e-03 7.002849307421729792e-03 7.998914967936948672e-03 7.794269197540315205e-03 7.794359588354251439e-03 6.700391336797408524e-03 8.953978923443026497e-03 5.005153829607957884e-03 6.098069604189559727e-03 7.344390185847191922e-03 7.794359926275517929e-03 7.218298409814587376e-03 1.027378759556818932e-03 3.532799425324049947e-02 8.271196138120396821e-03 9.472153714520542209e-03 8.456559516706138591e-03 7.794359926275517929e-03 7.111842351536331458e-03 5.936787496667719766e-03 7.794359913425303980e-03 7.142178959883391416e-03 1.166460725096714335e-02 7.793941830767895859e-03 7.794359926275517929e-03 7.794359925856958644e-03 7.462085914366052737e-03 8.685727692918343221e-03 5.949895812481542298e-03 5.997336007039974319e-03 9.689582600587356292e-03 7.285737960805516340e-03 8.105029966394483240e-03 7.223005745710261993e-03 7.794359437254832004e-03 4.572158345557868556e-03 6.790836874805306067e-03 5.088805607367444597e-03 7.792268776802356578e-03 5.545268215632784964e-03 7.794358654170368411e-03 7.729895587244277159e-03 1.453768647157314443e-02 8.055760124034680447e-03
1.325276089638375426e-02 6.328233865466755502e-03 8.098644041687547840e-03 9.606887313904894851e-03 3.991079313620732490e-03 1.141069190960621385e-02 7.652476550693515164e-03 7.624057313645566172e-03 8.054392959430771437e-03 7.542542138284476921e-03 7.664671347536420286e-03 7.663131689232355326e-03 5.613759937730202799e-03 7.664667901784842120e-03 7.664671347536420286e-03 7.664671347536418551e-03 6.430795290237171537e-03 7.327996444029177825e-03 7.501714235525985472e-03 2.031035791522722844e-02 7.135341255333561492e-03 8.247645252905564175e-03 7.491840321776146137e-03 1.412824976913485547e-02 7.664671292158439439e-03 7.651953071934261032e-03 3.267701527598207770e-03 7.664671347536420286e-03 8.699881488203747848e-03 4.817549803579924787e-03 7.664664889405825750e-03 7.471223893797544584e-03 7.664671347536420286e-03 2.849551574757139532e-03 7.664439194350801399e-03 7.945866547960174844e-03 9.065703943475614951e-03 7.664671347536420286e-03 5.815579850940905821e-03 3.714981350066231224e-03 8.451818591721206586e-03 5.260806302543194306e-03 7.794290765602549832e-03 6.474230023042774375e-03 5.175654467692229581e-03 2.559237932045559452e-03 6.286787696767552787e-03 7.337207415315136552e-03 8.045566871012188245e-03 7.664671347536420286e-03 6.488131125185582666e-03 7.664671347481944765e-03 3.157357168212231863e-02 7.498397055067609722e-03 6.521081145395556458e-03 3.030568193551576653e-03 2.043010462535825664e-03 7.651614848775528319e-03 7.662963982036528551e-03 2.143251815143177447e-03 7.615738972499571692e-03 6.594501387292399548e-03 1.324413169341081718e-03 7.446768098728827508e-03 7.664671306474274415e-03 8.145293454201505898e-03 9.291898041625492807e-03 2.735480974671668664e-03 7.664666444806525480e-03 7.664670291229762691e-03 1.534988425097248569e-03 7.769255977846926779e-03 7.059345811764797599e-03 4.977854123691586793e-03 7.016335298866423209e-03 5.149497333907907676e-03 7.611484981196539774e-03 7.702336130698746695e-03 8.134870619555858648e-03 7.656605522803656624e-03 4.656189975275309111e-03 7.144476038763948947e-03 7.170884795615691150e-03 7.664671347536420286e-03 5.219378957895795014e-03 7.664671347536420286e-03 1.293525602041657556e-02 7.664671343993583255e-03 8.274127571092967232e-03 7.321675330284060229e-03 7.013346133997419227e-03 2.669721470670056215e-03 1.167674984170853289e-02 7.664671347536420286e-03 7.095327740788725732e-03 7.967230503107684478e-03 7.664582128398551852e-03 7.664671015202715459e-03 3.842660828587150194e-03 7.608841785297921177e-03 2.374619312773957030e-03 1.253639375712243924e-02 7.222188284650888843e-03 7.664671347536420286e-03 6.855180623592806513e-03 5.418404423135278480e-03 1.504085774093246591e-02 7.000725876717484378e-03 7.513345011334986168e-03 7.387367573168746558e-03 7.664671347536420286e-03 6.565639589239110480e-03 5.994585524138088158e-03 7.664671334900017945e-03 5.770166717632544719e-03 2.234208135200470725e-03 7.664256249494617174e-03 7.664671347536420286e-03 7.664671347293321342e-03 7.334072546130796476e-03 7.250980737323405208e-03 8.454861409512551620e-03 6.529408676689155665e-03 7.901066200285257121e-03 7.533378822054689374e-03 6.469641420169727070e-03 7.652260673545918830e-03 7.664670616428985277e-03 3.507467539706434281e-03 6.412845428124690564e-03 7.098576377482613414e-03 7.662656611067602229e-03 8.151987626609100840e-03 7.664670096597538292e-03 3.364011143136519215e-03 5.543083289116549142e-03 7.871987452412042285e-03
1.600715454646336328e-02 7.623528290116389321e-03 7.050173876072669994e-03 5.095903367146614911e-03 6.898791726540080740e-04 9.924049323408226306e-03 7.598857389103957916e-03 7.572029878062143914e-03 9.159098180014922305e-03 7.494348668565406664e-03 7.612967768598093155e-03 7.611400819814691764e-03 8.861491449650734167e-03 7.612964346089473762e-03 7.612967768598093155e-03 7.612967768598091420e-03 5.570492764743088972e-03 7.302648812859847266e-03 7.581840707379378444e-03 1.184688608731955398e-03 7.097144121877963993e-03 9.780268310449355407e-03 8.645145367252152213e-03 3.368243142466817355e-03 7.612967713581522862e-03 7.600334338989952684e-03 4.624464931878666252e-03 7.612967768598093155e-03 6.978221104426920833e-03 9.978036440498628049e-03 7.612961354032114943e-03 7.420825271951662395e-03 7.612967768598093155e-03 1.390154560470055305e-02 7.612737181448071475e-03 7.517076362813700230e-03 7.936176860854618140e-03 7.612967768598093155e-03 4.144220270927243856e-03 1.002814589442195016e-02 8.139339585905345717e-03 7.175491642134690894e-03 8.140571222932255213e-03 9.906975991089186570e-03 6.805102699237944829e-03 3.896675846290966611e-03 6.900173162993724317e-03 2.684649154311630204e-03 8.351984994009849922e-03 7.612967768598093155e-03 2.701771563248926353e-02 7.612967768543965445e-03 6.548168681222012871e-03 7.448556440093081175e-03 2.441251061668634360e-03 2.777182991097450204e-03 2.576269637389123641e-03 7.599999836499814372e-03 7.611276782226917073e-03 1.669069362080827235e-02 7.565334807482515696e-03 4.101959369931545106e-03 3.241519185651303789e-03 7.152261533760168911e-03 7.612967727812851651e-03 7.731208025767086212e-03 6.282652784426314384e-03 2.963388391992712121e-03 7.612962918784731484e-03 7.612966719416964026e-03 1.024842045246191977e-02 7.410418478372838083e-03 8.115510727671410365e-03 4.939544927001774527e-03 7.627518661607669490e-03 6.596443969650086364e-03 7.592981623440646713e-03 7.203452306170768371e-03 7.251855034728744813e-03 7.604980600961536510e-03 6.971671581508692359e-03 7.718848024615931197e-03 5.512463623338591245e-03 7.612967768598093155e-03 6.725647614493982136e-03 7.612967768598093155e-03 9.345806102833439585e-03 7.612967765079154542e-03 5.370510968742009568e-03 1.216102812969569770e-02 7.010487398618875030e-03 1.395388025578364090e-03 5.030214591398807396e-03 7.612967768598093155e-03 8.051382033979061909e-03 7.675854038544779531e-03 7.612879151305857080e-03 7.612967438526621264e-03 1.071703412248046008e-02 7.292582741957260965e-03 4.905740703749522647e-03 8.621000000836539362e-03 7.173975948341006388e-03 7.612967768598093155e-03 6.910800582635733859e-03 9.481485680897478808e-04 1.167969635591382081e-03 6.504371700383795342e-03 7.219737221385870950e-03 7.372363218834778256e-03 7.612967768598093155e-03 7.223758171700113591e-03 1.012390359140701024e-02 7.612967756046932523e-03 7.091754234133857727e-03 7.230062493785637152e-03 7.612596556098992495e-03 7.612967768598093155e-03 7.612967767679078290e-03 7.282220185965359270e-03 7.355008108563202383e-03 1.013430415982123980e-02 7.745595440802050327e-03 7.498828478126759456e-03 6.517808831272760631e-03 8.559323284451017186e-03 6.520814692484310990e-03 7.612967042422489131e-03 3.561593691568016879e-03 8.887335443187127301e-03 9.817548732553681504e-03 7.611366586794528384e-03 4.253684988339955647e-03 7.612966526097675497e-03 3.675466204886723102e-03 6.178934987866698675e-03 8.463340648137021235e-03
3.848458352299215755e-03 7.688682813300522050e-03 5.422910510053075700e-03 5.648832438114792173e-03 1.851206374673007452e-03 7.213613424946981045e-03 7.515204594091272859e-03 7.489117571893579364e-03 4.913155618924153895e-03 7.409421427796668118e-03 7.529171202341497157e-03 7.605650964797774048e-03 6.638531207023051946e-03 7.529167817504689615e-03 7.529171202341497157e-03 7.529171202341495422e-03 5.085707722628014793e-03 7.232166327688098820e-03 7.871819742255049476e-03 2.148455244831647213e-03 7.234086327205132595e-03 6.250428068548358543e-03 8.169412101056721179e-03 4.326253120535973953e-03 7.529171147934056799e-03 7.516672905376772969e-03 8.276802569021760037e-03 7.529171202341497157e-03 7.206429421930443148e-03 1.246592905498970262e-02 7.529164858381177418e-03 7.339143651124637076e-03 7.529171202341497157e-03 8.530254618072758907e-03 7.528943153555643641e-03 7.336331925973544124e-03 7.236431429739183241e-03 7.529171202341497157e-03 3.677044676147646091e-03 4.517687075741281567e-03 7.578307314059676107e-03 6.000472361663086382e-03 7.090313930181834333e-03 8.738051052597601773e-03 5.296831527736889887e-03 2.863841821908270392e-03 5.125772766604375259e-03 3.499441069206061378e-02 1.202815955559734772e-02 7.529171202341497157e-03 4.198130339743857617e-03 7.529171202287965325e-03 1.036728946014473310e-02 7.365836395435744650e-03 1.017832449368950669e-02 1.184286346286114906e-02 1.767889284578637700e-03 7.516345348877966244e-03 7.527486484384761367e-03 1.314795545206958079e-02 7.516518152908649095e-03 3.843356043053552072e-03 6.919239576208647408e-03 8.032485128843545874e-03 7.529171162005133568e-03 7.202210202089126372e-03 6.397316531103119930e-03 3.660560627621284140e-03 7.529166379884765468e-03 7.529170164708791704e-03 9.947810720470527061e-04 7.501009618535148769e-03 8.099347961290194811e-03 4.911130878495023784e-03 6.655884911828414789e-03 5.872710779952633464e-03 7.475428331689268173e-03 6.708482590311582588e-03 7.951313793628652163e-03 7.521247967287518314e-03 5.460558803869581049e-03 7.056314881432912932e-03 5.578980118247243471e-03 7.529171202341497157e-03 5.764400940477650871e-03 7.529171202341497157e-03 1.032616220608706392e-02 7.529171198861304461e-03 1.007930592795493532e-02 7.353621311227564843e-03 6.884039061151410975e-03 9.847547116569396394e-03 3.672171969312880511e-03 7.529171202341497157e-03 7.865368185477360219e-03 7.757044442628644072e-03 7.529083560467172455e-03 7.529170875882552211e-03 6.524012254911784429e-03 7.390683715775340362e-03 5.486624451784592217e-03 9.736418113656374398e-03 7.094641053375256960e-03 7.529171202341497157e-03 6.781434497433552061e-03 4.289554537812220215e-03 2.615394224042426590e-03 7.820255819818842935e-03 6.949868084233013464e-03 7.744122038489171037e-03 7.529171202341497157e-03 7.181367025768711082e-03 6.910928240121285912e-03 7.529171189928488168e-03 6.270899580066125259e-03 3.425019936786039866e-03 7.528759582442505136e-03 7.529171202341497157e-03 7.529171201383313104e-03 7.226127443307893590e-03 4.405417287092191179e-03 6.753196737429381820e-03 5.656111650234630153e-03 6.349975211628002339e-03 8.777894798946330596e-03 7.402713067727288189e-03 7.615456263818213417e-03 7.529170484158966350e-03 4.421587978441937974e-03 8.004722275184084426e-03 9.975912622210437661e-03 7.527175939123425391e-03 2.982020936761840824e-02 7.529169973767620844e-03 5.083339420203408614e-03 4.795971533570986441e-03 7.415083089488384849e-03
4.417065859685367565e-03 8.992780092468592376e-03 6.569049904520428591e-03 6.552054537096110506e-03 3.466119179794779469e-03 8.760490840071171598e-03 7.729507514517637741e-03 7.702246512620697892e-03 8.637844387409087873e-03 7.620747354102648877e-03 7.743877146693209368e-03 7.742298665159514162e-03 1.590360655525307684e-02 7.743873665379186720e-03 7.743877146693209368e-03 7.743877146693207633e-03 3.972980490310425161e-03 7.415992478540018966e-03 7.785283441632945105e-03 1.126352834103478730e-02 7.204285080972227563e-03 7.899105485131049931e-03 7.730823407244197081e-03 3.720569942173579132e-03 7.743877090730598954e-03 7.731024692792754123e-03 4.303396609854273115e-03 7.743877146693209368e-03 6.229787821099847488e-03 1.158919601822637653e-02 7.744416792444003272e-03 7.630826234075006181e-03 7.743877146693209368e-03 6.853771219161036363e-03 7.743642595803660114e-03 7.359105785890081644e-03 8.150385505477159703e-03 7.743877146693209368e-03 1.013801576567119681e-02 1.897383217933908866e-03 7.780580315571172974e-03 7.482239288784138867e-03 6.773298690416765938e-03 7.456848800128118571e-03 8.751865448130516367e-03 4.366491099499167708e-03 5.770278247252091409e-03 6.582927762595625889e-04 6.378438672956576912e-03 7.743877146693209368e-03 5.139066836781443909e-03 7.743877146638150112e-03 3.721987045223003245e-03 7.575884595525890497e-03 3.230762017484480313e-03 2.128233996306224882e-02 1.805623197434600260e-03 7.730685692817412975e-03 7.742188428650167119e-03 2.539519302779611343e-03 7.705563678617009284e-03 4.288376586213699104e-03 3.708420650592318766e-03 7.499681921565636532e-03 7.743877105206751869e-03 7.407800814460591826e-03 6.453964524350890367e-03 5.036829479829688615e-03 7.743872206191091713e-03 7.743876079470804301e-03 6.461183887464146992e-03 8.289016912623662151e-03 9.178871645012541547e-03 5.052783697965572418e-03 1.020795371807734636e-02 6.626769502750554097e-03 7.688980338210764723e-03 7.381598938980099903e-03 8.105787387173161301e-03 7.735728112643477754e-03 6.926441710075004199e-03 7.728526513862354896e-03 6.583196553643490788e-03 7.743877146693209368e-03 6.784361295482327879e-03 7.743877146693209368e-03 8.279864847068532999e-03 7.743877143113760998e-03 7.414642403402331439e-03 6.377687398526469577e-03 7.115922599111164544e-03 1.164734576384540525e-02 4.004124397419402473e-03 7.743877146693209368e-03 7.712239107200682432e-03 7.599991060985281446e-03 7.743787005628407702e-03 7.743876811868576071e-03 8.940935595245617235e-03 7.849372393863183681e-03 8.599898863668565402e-03 1.078959103620873855e-02 7.296891142944338451e-03 7.743877146693209368e-03 1.676607296743887893e-02 4.697992122474683833e-03 2.464234791913595072e-03 6.720487479015655949e-03 6.712838100658431728e-03 7.336588207790980393e-03 7.743877146693209368e-03 9.300434452992804510e-03 8.653386733240637368e-03 7.743877133926223982e-03 7.377537705389148118e-03 2.825831323824680615e-03 7.743454171395926407e-03 7.743877146693209368e-03 7.743877145707820514e-03 7.408675263828936111e-03 7.663241366216481942e-03 7.311584194167619795e-03 6.136384315434422441e-03 6.019390748424106007e-03 5.525252481230213258e-03 1.036495828198237719e-02 4.929099582644988833e-03 7.743876408030595654e-03 4.024876491940093844e-03 9.157950462789768084e-03 7.860863389014267899e-03 7.741817280691074346e-03 1.268163789387486903e-02 7.743875882895476237e-03 4.144544452402649203e-03 4.587831211483124963e-03 7.378263569931841660e-03
9.175830025143869029e-03 6.739745369664866537e-03 6.594224959307006320e-03 4.540393839492431506e-03 1.372248561358052968e-02 1.248133644589221290e-02 6.553590434224499869e-03 6.525528808805156587e-03 6.324478789170774433e-03 6.457308782922411942e-03 6.560815283214855437e-03 6.559468456709851084e-03 8.417363770916182208e-03 6.560813021618861623e-03 6.560815283214855437e-03 6.560815283214853702e-03 6.627858058683133366e-03 6.287827839250127900e-03 5.834285310784709418e-03 3.809812414597434169e-03 6.929072774852528156e-03 8.084392606626487898e-03 7.164434831121755526e-03 8.631365526588326981e-03 6.560815235801852226e-03 6.549924437339265000e-03 2.813117123554576687e-03 6.560815283214855437e-03 6.423535821808682052e-03 4.144323972217439471e-03 6.560809755175885279e-03 6.395229132739177827e-03 6.560815283214855437e-03 4.224306952554420479e-03 6.560616572021059009e-03 5.214377907480413805e-03 6.702925766798946590e-03 6.560815283214855437e-03 4.047119520377024521e-03 2.720272014758030443e-03 6.804826497471251623e-03 6.496619518694451458e-03 5.898642183910212528e-03 6.742871110054466516e-03 4.944724930750837681e-03 7.261697764192355346e-03 6.402116376057112763e-03 3.343949556947554188e-03 8.056807508373885554e-03 6.560815283214855437e-03 1.027111868808926708e-02 6.560815283168207855e-03 5.642812797961262693e-03 6.418487599512438455e-03 2.539403134171707571e-03 1.560950560133620053e-02 8.203021820892605204e-03 6.549639019903316303e-03 6.559481597746119781e-03 6.718433388721912515e-03 6.522294693712036261e-03 2.878062906042893471e-02 6.162879381781018184e-02 6.186135423179389692e-03 6.560815248067318646e-03 6.575314626803232219e-03 8.224557838316015959e-03 2.407195110888931278e-03 6.560811180872614355e-03 6.560814379039752592e-03 1.633388053403464751e-03 6.410952819644476566e-03 7.460991598646179654e-03 1.307486682667916879e-02 1.397434325490779818e-02 5.755268333970533536e-03 6.514106375334107954e-03 6.727730137237942706e-03 6.268773793968633080e-03 6.553913696006989642e-03 6.175961835930297850e-03 6.013189196825609144e-03 6.492927200040140602e-03 6.560815283214855437e-03 3.710074337635664923e-03 6.560815283214855437e-03 6.643875337124094740e-03 6.560815280182347164e-03 7.345183721436943959e-03 1.037290144199615530e-02 6.002067184742224809e-03 9.727228743387088955e-03 5.562481275166397676e-03 6.560815283214855437e-03 7.340883654011490234e-03 6.562078291308810242e-03 6.560738941361113179e-03 6.560814999842928819e-03 7.343007986134032425e-03 8.204272100715942831e-03 1.797742601628974464e-03 6.160430990901127370e-03 6.188464118267674591e-03 6.560815283214855437e-03 6.023403277620323522e-03 1.186432847571617342e-03 5.054023064157677804e-03 6.037130901624881453e-03 6.308683145515511792e-03 6.194208692155852257e-03 6.560815283214855437e-03 7.962452284876095007e-03 6.354555277124692564e-03 6.560815272398331545e-03 6.752654716982440727e-03 1.694437138167181542e-02 6.560462907929353639e-03 6.560815283214855437e-03 6.560815282380063999e-03 6.411042703049278993e-03 3.892553074507424521e-03 8.696175819785007671e-03 7.290818307161148204e-03 6.572601039663657739e-03 6.645895111140673675e-03 7.283356017150390861e-03 4.769218159540134123e-03 6.560814657400566158e-03 1.351334602130102418e-02 6.921460462616033094e-03 9.924143978725940424e-03 6.559311833364884006e-03 2.278355533761901135e-03 6.560814212434898547e-03 9.140568964980362934e-03 6.375110047934190276e-03 7.143004543588842882e-03
1.326915128540089375e-02 7.988946645385483145e-03 5.878520636405139450e-03 4.233421615681780964e-03 2.827089968073978263e-03 5.416726677305219902e-03 6.760769350997634410e-03 6.734111655912787715e-03 6.304049579541468572e-03 6.662744500408218293e-03 6.770457635308920613e-03 6.769085832365865675e-03 4.674186204971033515e-03 6.770454591561754845e-03 6.770457635308920613e-03 6.770457635308918878e-03 4.538933634068229549e-03 6.525138290747078962e-03 8.426283376604174619e-03 5.772101163125534749e-03 6.425344199914000652e-03 5.139110933524124007e-03 6.558900950442866223e-03 4.915405690152983668e-03 6.770457586380918338e-03 6.759309652827239119e-03 2.932391767777149053e-03 6.770457635308920613e-03 1.337584405791593552e-02 4.205418641703641443e-03 6.770451930628628226e-03 6.600148527210375309e-03 6.770457635308920613e-03 4.747425988847041138e-03 6.770252566723139812e-03 6.964812303730882372e-03 5.799733324351201771e-03 6.770457635308920613e-03 3.744618236539325185e-02 3.791000366808976521e-03 5.670293620182472946e-03 8.640004456431258847e-03 6.652552164504797749e-03 6.952331080988101604e-03 7.052329637131082678e-03 1.094421653459392955e-02 9.624518290403200060e-03 1.580778754740384037e-03 6.194549374914789033e-03 6.770457635308920613e-03 5.574201776877431291e-03 6.770457635260782904e-03 2.923361429792167322e-03 6.623582054879739896e-03 6.890596941860824276e-03 4.045032025403953735e-03 1.284245791354175943e-02 6.758924337365878644e-03 6.769582044026931957e-03 1.351903070900957460e-02 6.726738553788111190e-03 1.509558078380593589e-02 6.263354558737264412e-03 6.809578784120845669e-03 6.770457599038199811e-03 6.479342960155862717e-03 6.695476214374409402e-03 8.755732723227195591e-03 6.770453974065398714e-03 6.770458174055001346e-03 2.257756357685459028e-03 6.265129006543785836e-03 6.983630254761635618e-03 6.744322640016974825e-03 6.737080134573534065e-03 8.284039338868816674e-03 6.987867503727595263e-03 9.093880193945235238e-03 6.556756878152775712e-03 6.763332823329144816e-03 8.656278284693504771e-03 8.060994534203062140e-03 7.669161734172068486e-03 6.770457635308920613e-03 1.098928707824280149e-02 6.770457635308920613e-03 6.440885510947367242e-03 6.770457632179431758e-03 5.507571587797802787e-03 5.443251074139787704e-03 6.190645513474501462e-03 2.048812556656354200e-02 1.467253984881985128e-02 6.770457635308920613e-03 7.031021521836272256e-03 6.149690266672140290e-03 6.770378825094393489e-03 6.770457341750157378e-03 6.915960424677534100e-03 7.270798084928533148e-03 1.909960911949908861e-03 6.359968443897124485e-03 6.379777711801743086e-03 6.770457635308920613e-03 1.030412293494264477e-02 3.182134789720605841e-03 1.069667465869788333e-03 8.236824500773957253e-03 5.334200436122696863e-03 7.016631223692044658e-03 6.770457635308920613e-03 7.956100531799350020e-03 4.876976550445890138e-03 6.770457624146768681e-03 8.286610915839763211e-03 7.028443167301647899e-03 6.770092109312239072e-03 6.770457635308920613e-03 6.770457634447508977e-03 6.585361163112711351e-03 1.048375163141762427e-02 4.980175671191276049e-03 8.396348463550187477e-03 6.096187839009900057e-03 8.299564571923856091e-03 1.126630022951776583e-02 1.056023430696068945e-02 6.770456990184740842e-03 9.928021242264549115e-03 8.662721695419485848e-03 9.653160271665961467e-03 6.768657545620689227e-03 5.736964297954192347e-03 6.770456530313257934e-03 1.046911476777578724e-02 8.582948409618823202e-03 6.560017229455041357e-03
8.871204728199696965e-02 6.100574607974977755e-03 6.921030005842752388e-03 6.260595723362043750e-03 7.857133089737429812e-03 9.092470015787406171e-03 6.907668524175839507e-03 6.883219916421234354e-03 6.889345783302548536e-03 6.810231182884395919e-03 6.920435893563687407e-03 6.919011497585274284e-03 8.071259716551417926e-03 6.920432782391737134e-03 6.920435893563687407e-03 6.920435893563685673e-03 3.253866217723100189e-03 6.621959599523171737e-03 6.407855709776047459e-03 6.901218640557418068e-04 6.461988317159650212e-03 6.232304268688048515e-03 6.710758205764629988e-03 2.651872315613105092e-03 6.920435843551805619e-03 6.908970647521422287e-03 2.708101075984156551e-03 6.920435893563687407e-03 1.013469313830829381e-02 9.509106227683236656e-03 6.920430062514090243e-03 6.745772094811373736e-03 6.920435893563687407e-03 2.407299902458663945e-02 6.920227465945078676e-03 7.319699986965017349e-03 6.312486968222553313e-03 6.920435893563687407e-03 3.671282275421975261e-03 9.947554330047438109e-03 7.398624127982091417e-03 7.176610446176071717e-03 6.899992395330906657e-03 6.997340057017722471e-03 8.466437480194146867e-03 4.638510253742671174e-03 5.891671150787684656e-03 1.169755019425108193e-03 5.377903053745814940e-03 6.920435893563687407e-03 1.143901956361484569e-02 6.920435893514482843e-03 3.050104735524068831e-03 6.770306748418566944e-03 7.343644089010256497e-03 3.676105845361925251e-03 2.117981316160596952e-03 6.908650991134261156e-03 6.919780432877546683e-03 4.039734416534807200e-03 6.877019375194235763e-03 4.568778454982141274e-03 2.960054799518892221e-03 6.912673804763772370e-03 6.920435856817396501e-03 6.724600087428219894e-03 7.175835882271578911e-03 2.283675345218818403e-02 6.920431465565367833e-03 6.920434939823836423e-03 1.399170936802537034e-02 6.938336083119016687e-03 6.113869777152699907e-03 4.517825900310532342e-03 1.098497128997745834e-02 8.212760962869134623e-03 6.871035926307156143e-03 7.592195168671708912e-03 6.744058414771938841e-03 6.913153253503495979e-03 7.262990820176538215e-03 7.483307576261887840e-03 6.404061375731981073e-03 6.920435893563687407e-03 3.410694851347022098e-03 6.920435893563687407e-03 7.636263623740782887e-03 6.920435890364859052e-03 7.313079375673738752e-03 1.196973087245660136e-02 7.659835754707694164e-03 2.420638579648796973e-03 2.778667712745181741e-03 6.920435893563687407e-03 5.961218397659307291e-03 7.186588284173420736e-03 6.920355337555987932e-03 6.920435593810760067e-03 6.166714632863606362e-03 5.253521223859713464e-03 4.923294362065297816e-03 3.009823860068339043e-03 6.521150245899913142e-03 6.920435893563687407e-03 6.193654132482323549e-03 8.419517231360455810e-04 1.215528862931615712e-03 7.143758723757952928e-03 8.182442602116436411e-03 7.322540706327050446e-03 6.920435893563687407e-03 5.236028404003980653e-03 5.210292857818931388e-03 6.920435882154273195e-03 6.378528320532281769e-03 6.324363755058288843e-03 6.920063617301785812e-03 6.920435893563687407e-03 6.920435892686810711e-03 6.625998348163996896e-03 6.372140373141536862e-03 6.574649931432332423e-03 6.244876348930473824e-03 8.793046790436350596e-03 6.765908271356341208e-03 5.914620769456764571e-03 9.016757547243639537e-03 6.920435233449371767e-03 3.173775132998430185e-03 8.239896302822041774e-03 9.720790552732533341e-03 6.933843590575321583e-03 3.148277119831525885e-03 6.920434764090296724e-03 7.454350251512976457e-03 2.701712349536909610e-03 7.212937807145574330e-03
5.172195820759622684e-03 8.482715395967095964e-03 9.539908494745764911e-03 4.951113090880892263e-03 7.271971843707830500e-03 7.338572803246361589e-03 6.860737353488738713e-03 6.837217015969765041e-03 8.377207461999307964e-03 6.765121955626563800e-03 6.873466500406251109e-03 6.872234621544452693e-03 6.004992560222941617e-03 6.873463418900401141e-03 6.873466500406251109e-03 6.873466500406249374e-03 1.091429759305441102e-02 6.568402737887699822e-03 6.896222101138504285e-03 1.312162928168163168e-03 6.554264968755218156e-03 6.717548184026837441e-03 6.582467144786412726e-03 2.979036789239319742e-03 6.873466450734735077e-03 6.862056699640713478e-03 4.064024679467439193e-03 6.873466500406251109e-03 9.641627554447630005e-03 6.945452588105169994e-03 6.873460708932320473e-03 6.699988196080746729e-03 6.873466500406251109e-03 7.346713383348596298e-03 6.873258311812640090e-03 6.427486982191215129e-03 6.042457879644346289e-03 6.873466500406251109e-03 2.792100066288533307e-03 1.247903349983304350e-03 6.715318101506814741e-03 7.053655984629917351e-03 6.370342095320604033e-03 5.635407393613492757e-03 8.414433113027197653e-03 3.084951668521554446e-02 6.988766211805025330e-03 2.536106917255943199e-02 4.070885261532408358e-03 6.873466500406251109e-03 3.970888417372970929e-03 6.873466500357380479e-03 4.152300127504870639e-03 6.724356287150923608e-03 1.044911956603486285e-02 2.758294493924486057e-03 1.611251149569980275e-03 6.861757641069421952e-03 6.872064791009434813e-03 5.009881711909226765e-03 6.833533080010779394e-03 5.107820972017359726e-03 2.080109799773032994e-02 6.773217450956374452e-03 6.873466463585685415e-03 6.574979593234634920e-03 6.565309935478574888e-03 2.387708529937623836e-03 6.873462098188583454e-03 6.873465553139486948e-03 2.443495799989459441e-02 6.641405930132696089e-03 7.933684350588389791e-03 4.470791136314925494e-03 3.095847409651986473e-03 7.192951740457340787e-03 6.824450593420077101e-03 7.972442682118996427e-03 6.952765916455772889e-03 6.866233288024141228e-03 5.581134215664207594e-03 6.426530788383346196e-03 6.354217409530658195e-03 6.873466500406251109e-03 5.590105360693062818e-03 6.873466500406251109e-03 4.973577441721036344e-03 6.873466497236604272e-03 7.468406048505606132e-03 5.004083153512974350e-03 2.211724548331803555e-02 8.960192466949436219e-04 4.639638448790487507e-02 6.873466500406251109e-03 6.066652257362935285e-03 6.715592805143988202e-03 6.873386491137814872e-03 6.873466207077881703e-03 1.258372946483761468e-02 7.209044720587923054e-03 2.244024728385475478e-03 9.813215674418876780e-03 6.476660952361125261e-03 6.873466500406251109e-03 6.142858917418171985e-03 9.754229282567924899e-04 1.968888995306960349e-03 6.071153206573418233e-03 9.826094136810291021e-03 5.857979038168567403e-03 6.873466500406251109e-03 5.885371176484491436e-03 5.092943601345596531e-03 6.873466489074273218e-03 7.807921463767575343e-03 3.386706215153001930e-03 6.873113655346103044e-03 6.873466500406251109e-03 6.873466499536193611e-03 6.600240774517571879e-03 5.597127151222089890e-03 4.164315256572953886e-03 5.254291235445183658e-03 9.188534968339037365e-03 7.514241828929948616e-03 7.644356754349357873e-03 5.859145866120762415e-03 6.873465844769811872e-03 3.673368661104711979e-03 5.729540468228007562e-03 7.371249659276228085e-03 6.871617469010823237e-03 1.098320700057760224e-02 6.873465378598663314e-03 3.777098356551880469e-03 1.072801404805433408e-02 6.415106454083318969e-03
1.586326347668957915e-02 9.945988707338048601e-03 5.372492019484033723e-03 5.488337936483239296e-03 4.036429558247390387e-03 5.886544226222719875e-03 7.148703727136922897e-03 7.123452600351585021e-03 8.953421210258421387e-03 7.051505079805927938e-03 7.161967081801518670e-03 7.161011973345998531e-03 1.168486674269215465e-02 7.161963862046110199e-03 7.161967081801518670e-03 7.161967081801516935e-03 4.629424814695386713e-03 6.854738761465730724e-03 6.756218811838110225e-03 9.792855576927344055e-03 6.665537474923296894e-03 6.350178694845036269e-03 7.861436110100421260e-03 3.179899389641408034e-03 7.161967030044168528e-03 7.150078339113128019e-03 4.322434387016755447e-03 7.161967081801518670e-03 6.125877908585413562e-03 1.880702826233543110e-02 7.161961047241570573e-03 6.981207404353138336e-03 7.161967081801518670e-03 2.901913929287525725e-03 7.161750154895466826e-03 6.492335710132229182e-03 6.727270236242104476e-03 7.161967081801518670e-03 2.083244163363944662e-02 1.859970761828417737e-02 6.824058704120138097e-03 9.907321546827177472e-03 6.132521456905486688e-03 9.233559684689357852e-03 5.974961666862297141e-03 4.237596229264847282e-03 8.756057520157759996e-03 2.062257631573190513e-03 7.983343493365931826e-03 7.161967081801518670e-03 4.657704479994154156e-03 7.161967081750600199e-03 3.118634862824708719e-03 7.006598253157057983e-03 5.438269964476820373e-04 3.509385773323629373e-03 1.743437277538970563e-03 7.149766781781337691e-03 7.160846078699935682e-03 4.579954931802258412e-03 7.117190425660951600e-03 7.431272710290666612e-03 5.286537794231342159e-03 7.253373995493988050e-03 7.161967043433253508e-03 6.850962110308505756e-03 6.098153883494381207e-03 3.717842902834390863e-03 7.161962521585795403e-03 7.161966094775047698e-03 2.177827134841494108e-03 6.568657143490056957e-03 1.025903650353388041e-02 1.232334767954896756e-02 8.062731322399810038e-03 6.394147155844988155e-03 7.116479423766258403e-03 6.329401816304688899e-03 6.643239731935989684e-03 7.154430269310166866e-03 9.122964752809697292e-03 7.277294909235898501e-03 6.773660089874298032e-03 7.161967081801518670e-03 4.434143713319490046e-03 7.161967081801518670e-03 6.429231003034705828e-03 7.161967078491046114e-03 5.647143728141783281e-03 5.758094231977468544e-03 6.598884093558754667e-03 3.313280129173049038e-03 3.233801861572356117e-03 7.161967081801518670e-03 8.108878224811520014e-03 6.713896624622686486e-03 7.161883714296767532e-03 7.161966771297320795e-03 9.927618985601811136e-03 6.441671431153456195e-03 4.817451163944180652e-03 7.002805674487948967e-03 2.372538191440407007e-02 7.161967081801518670e-03 6.443878481252567417e-03 2.641467728078926349e-03 1.468174730007421958e-03 7.837963625325829187e-03 5.556309869026040092e-03 7.228987764919561805e-03 7.161967081801518670e-03 6.391260246190919384e-03 6.243641557125890855e-03 7.161967069993902153e-03 9.647106615501254909e-03 2.447684865543592672e-02 7.161641180357413740e-03 7.161967081801518670e-03 7.161967080994749955e-03 6.957730732560113776e-03 8.046350789412444124e-03 1.047501324000366975e-02 8.515865333264224443e-03 5.584224174547181008e-03 7.427844167804370512e-03 1.062908029532848991e-02 9.365091502201567525e-03 7.161966398648559121e-03 3.282169746560030087e-03 8.051428867001438755e-03 7.513010443562341892e-03 7.160159247416058269e-03 3.036394086289862394e-03 7.161965913518550039e-03 9.597095977038290482e-03 1.212412558192098484e-02 7.163104209602708453e-03
2.524286427888765803e-03 5.882156450911201102e-03 4.601601239723858254e-03 9.708839843858556307e-03 3.975391413705463110e-03 5.950341775129973712e-03 5.842830899403316826e-03 5.824619808426664651e-03 7.421621711688979224e-03 5.766492876625547992e-03 5.853673970929763014e-03 5.852471404759083604e-03 7.198003461746373469e-03 5.853671339536676947e-03 5.853673970929763014e-03 5.853673970929762146e-03 1.389283380648504394e-02 6.308092935429759213e-03 6.815942336079806527e-03 7.677854830328590188e-03 5.495643859242840649e-03 5.294898946009860864e-03 5.659059471962796239e-03 2.668801500266002394e-03 5.853673928635745767e-03 5.843956943713410346e-03 2.153878456395938445e-01 5.853673970929763014e-03 2.765516724907924034e-03 4.580493968340554160e-03 5.853669038716854088e-03 5.705933999669143310e-03 5.853673970929763014e-03 3.203309006424082724e-03 5.853496673997376706e-03 6.527311060036245123e-03 5.388185954177652885e-03 5.853673970929763014e-03 2.590744864053705614e-03 4.295016201562736578e-03 5.096185492851287163e-03 8.359397554848364484e-03 5.904212857082282578e-03 5.892414914314308624e-03 5.291740004842325831e-03 1.097310445585202889e-02 8.196731175077487733e-03 4.174428678448420700e-03 6.231458311688732599e-03 5.853673970929763014e-03 4.453811996625180181e-03 5.853673970888143528e-03 2.625452183185934645e-03 5.726686725981281964e-03 1.946523898359717479e-03 1.989256058134674602e-03 1.473034215790273689e-03 5.843702313565006523e-03 5.852428354246153042e-03 1.014039392959578331e-02 5.816295369922386098e-03 6.330330531941276949e-03 2.740945543032562333e-03 6.219768743696850281e-03 5.853673939570598617e-03 5.599535734156078047e-03 6.226291094101423819e-03 9.563204603234067361e-03 5.853670247769112572e-03 5.853673164205705666e-03 4.326265721559111217e-03 5.338780362176617257e-03 5.364295146861242612e-03 3.798127721531731164e-03 4.370565569915106294e-03 8.936541690940387472e-03 5.811916922116281206e-03 6.700334621624658496e-03 5.460626801211199491e-03 5.847538594794528949e-03 8.027664314072343113e-03 7.328340387980546156e-03 8.771228691492327645e-03 5.853673970929763014e-03 6.167732384965964910e-03 5.853673970929763014e-03 4.433979504143059115e-03 5.853673968224022868e-03 2.202638222622175720e-03 3.869957936400820857e-03 5.433481350354201801e-03 1.118696362450775222e-02 1.990798882584676570e-03 5.853673970929763014e-03 5.839445365492908907e-03 5.394080133141397962e-03 5.853605832386480495e-03 5.853673717336609593e-03 4.438145821788344950e-03 6.136622019215816869e-03 2.487487679538571712e-03 1.105829175581141653e-02 5.515767153273044843e-03 5.853673970929763014e-03 5.288646840103298705e-03 1.893365264530580752e-03 2.018236000819555436e-03 6.942861364243881409e-03 5.118173310621840916e-03 5.934559346772716286e-03 5.853673970929763014e-03 5.346488969515337739e-03 5.187055862244817524e-03 5.853673961279072177e-03 6.142475646391673365e-03 2.472070094466196407e-03 5.853354466059953500e-03 5.853673970929763014e-03 5.853673970187514737e-03 5.605993957366584533e-03 9.282413662805931442e-03 8.426515248889808810e-03 6.844970654082645385e-03 4.550095068233251175e-03 5.490183505258764557e-03 9.343178768264044989e-03 9.979047793726436577e-03 5.853673412573296049e-03 3.096246928053110904e-03 4.824889371759695685e-03 7.882110997182126266e-03 5.858622642292767545e-03 7.901955015135356947e-03 5.853673015560900868e-03 2.324577639536569949e-03 6.738471996094360858e-03 6.195775299751789950e-03
7.829614232767541718e-03 7.634183640545069358e-03 7.245649640864202691e-03 4.643152453163771481e-03 1.063942882795988754e-02 1.107250787076503699e-02 7.677423646578687352e-03 7.650625602377570875e-03 5.144245232577924348e-03 7.569597641324788372e-03 7.691696280220197343e-03 7.690113126046459018e-03 7.481682492560123680e-03 7.691692822318868354e-03 7.691696280220197343e-03 7.691696280220194741e-03 8.772096879356369031e-03 7.390451941472234512e-03 8.193255059819238087e-03 1.306946139246153993e-02 8.010126101784361546e-03 9.941090958453482895e-03 7.340036061172732981e-03 7.319513081899238841e-03 7.691696224634757446e-03 7.678928765289618798e-03 2.977094534899644984e-03 7.691696280220197343e-03 4.514463735111956359e-03 7.043384967581568443e-03 7.691689799318821887e-03 7.659377536152747398e-03 7.691696280220197343e-03 2.759341515668629116e-03 7.691463308489109203e-03 8.362644349078242681e-03 7.771865892467071796e-03 7.691696280220197343e-03 3.113473990248596945e-03 1.014928478343888121e-02 7.579608366179216988e-03 6.332714542481907190e-03 7.281373972286958249e-03 7.317241685772013331e-03 8.852482758844149036e-03 8.822328441044101355e-03 7.407707176145620145e-03 1.658881855636512451e-03 1.454037628494710480e-02 7.691696280220197343e-03 6.937302733296161865e-03 7.691696280165510186e-03 4.938551072606194720e-03 7.524835719748845277e-03 9.450891975301179554e-03 2.995801256086808636e-03 1.798051099613162066e-03 7.678914953026270106e-03 7.690001467576462052e-03 8.482334416400248711e-03 8.287080124769093115e-03 8.389810009762903309e-03 5.747383099963821081e-03 7.660941209769443240e-03 7.691696239013583701e-03 7.357683025709828642e-03 9.347402492839178637e-03 1.274765198412260332e-02 7.691691362238049952e-03 7.691695220189097987e-03 5.526023897043836480e-03 8.041297603003816352e-03 7.293984552224595796e-03 5.042157565435645590e-03 1.091411312603065425e-02 6.202828197714256933e-03 7.637117253676031260e-03 6.201668193220209388e-03 8.097116032948079717e-03 7.683602013751201880e-03 6.230423840809295143e-03 7.112634443331248071e-03 7.803436526290933976e-03 7.691696280220197343e-03 6.046847067462394337e-03 7.691696280220197343e-03 5.701529091802608369e-03 7.691696276664867701e-03 2.944245011913845626e-03 4.849745634057690824e-03 7.033128002225330633e-03 2.699028396402790818e-03 2.951442249496065602e-03 7.691696280220197343e-03 7.962862911315081796e-03 8.156522536871357518e-03 7.691606808225382591e-03 7.691695946738599972e-03 5.694731685192202207e-03 6.953240216154283997e-03 2.629323269457218074e-03 4.196556960214015662e-03 7.248584413712672384e-03 7.691696280220197343e-03 6.875279648452356680e-03 2.775326355344100507e-02 1.629760203293501020e-03 7.786004016786599903e-03 6.880913596712315630e-03 7.868241389965618601e-03 7.691696280220197343e-03 7.495844562279955006e-03 8.219322581781273590e-03 7.691696267539239497e-03 7.161939977141402493e-03 2.102062893037386689e-03 7.691279384645009071e-03 7.691696280220197343e-03 7.691696279243857674e-03 7.359738751145158443e-03 8.087192514326890097e-03 7.542364979660031235e-03 6.284044822610363422e-03 7.163487662382966685e-03 6.920487178656501391e-03 6.096702314348306784e-03 7.296253655282983197e-03 7.691695551496109326e-03 3.488579279358126808e-03 6.187021345183073978e-03 4.463671445716792252e-03 7.697028406207805096e-03 1.394818086188353429e-02 7.691695024870625653e-03 4.267211298592078067e-03 8.206078405371996717e-03 8.135231848153600884e-03
6.914057119820539270e-03 1.028139910807184844e-02 7.371383994142548246e-03 6.513540434826574875e-03 1.123051974523942356e-02 6.748402960155342085e-03 7.761973672846298779e-03 7.735174646455857637e-03 8.803129239140405210e-03 7.664834569010087022e-03 7.776218214143707647e-03 7.775310051530117533e-03 8.983223312327665716e-03 7.776214718405245925e-03 7.776218214143707647e-03 7.776218214143705044e-03 6.533362243183656395e-03 7.475373833748269643e-03 8.150108933815144660e-03 2.737284240948430029e-03 7.452155285710395684e-03 4.227236215673398946e-03 7.471582849663127232e-03 4.528071322133881901e-03 7.776218157947300744e-03 7.763310341151766387e-03 6.023031435671478799e-03 7.776218214143707647e-03 6.531311144781747936e-03 6.962609387735956001e-03 7.776211662025490738e-03 7.579955584066652013e-03 7.776218214143707647e-03 2.900057307631387707e-02 7.775982686605785107e-03 8.289414589233304667e-03 8.474436731707188017e-03 7.776218214143707647e-03 3.699824209199395648e-03 2.071306702805779040e-03 7.865121024181338447e-03 8.750800962879438927e-03 6.483664900594016990e-03 7.385346445433886922e-03 4.100149346033212482e-03 1.094505538055860457e-03 5.609863144964817583e-03 7.663668409656935326e-03 4.609014878612220992e-03 7.776218214143707647e-03 6.277879969422779996e-03 7.776218214088418540e-03 3.860710801698512534e-03 7.607524068887831260e-03 9.636854936648541967e-03 5.664284915006723500e-03 1.803042309386493130e-03 7.762971526165817100e-03 7.775727233009517569e-03 1.199878091645976454e-02 7.952480197195365558e-03 1.047597215939393041e-02 5.869593271989697464e-03 7.764689646879189069e-03 7.776218172484813430e-03 7.438530054372759388e-03 7.453078329138175182e-03 4.141749557906877072e-03 7.776213236226657728e-03 7.776217142464220307e-03 1.087177998561122830e-03 7.986215597105977143e-03 1.008735269250026455e-02 5.052178496156078946e-03 8.883755330387170870e-03 6.904906231321510275e-03 7.720709487129478327e-03 7.685210758774199333e-03 7.942751652982717875e-03 7.768035001521544566e-03 9.011576743661287373e-03 7.464463305113125044e-03 6.419758834503659986e-03 7.776218214143707647e-03 9.410696347142999754e-03 7.776218214143707647e-03 5.639379276906940873e-03 7.776218210549317236e-03 7.355887132340680271e-03 1.071711588952694964e-02 8.258446870998532863e-03 2.949384820976816684e-03 2.905685605531680218e-03 7.776218214143707647e-03 7.806823013799900519e-03 7.386553102386783642e-03 7.776127696567218701e-03 7.776217877544261414e-03 6.714517297212002980e-03 7.005447635280968172e-03 1.695165536690486320e-03 1.472311013846837151e-02 7.443263810941044660e-03 7.776218214143707647e-03 7.016972195443081650e-03 1.589342454507304070e-03 1.463763503835940503e-03 7.493269450127967336e-03 7.273260576940613481e-03 6.133641158858876147e-03 7.776218214143707647e-03 1.091197186597769007e-02 6.716450720949801272e-03 7.776218201323402933e-03 8.456199322787046405e-03 2.489867745565447002e-02 7.777360559152236320e-03 7.776218214143707647e-03 7.776218213154170202e-03 7.463811480507866018e-03 4.833799141114336097e-03 5.004408182083207139e-03 6.932421523207964176e-03 6.086315514333577592e-03 5.556591945787608434e-03 8.722976342603737387e-03 5.577744139486915005e-03 7.776217473049630048e-03 3.556819421293374445e-03 4.668765914358162170e-03 5.949874584331061797e-03 7.774172878216890036e-03 7.753956041859228106e-03 7.776216944999439669e-03 6.109591818900365207e-03 5.604098344574998808e-03 7.114507938795974068e-03
4.565526887831411994e-03 8.350521786280585418e-03 8.487109609539284991e-03 5.395515670699718019e-03 3.160746852101727761e-02 6.430024818276443462e-03 7.122361955926151400e-03 7.097336021527483017e-03 5.974193149280177667e-03 7.022207125642428681e-03 7.135598078906906123e-03 7.134129632490957516e-03 1.052867092272874797e-02 7.135594871006296913e-03 7.135598078906906123e-03 7.135598078906904389e-03 3.933999825251020821e-03 7.001835776840622735e-03 6.971216631317261186e-03 5.662548373902284021e-03 6.678628300788343707e-03 8.126508752303328309e-03 7.625219597861435626e-03 5.548558937004107426e-03 7.135598027340810112e-03 7.123753066011353531e-03 2.766129488025728753e-03 7.135598078906906123e-03 9.458975303828810743e-03 6.224481437803038204e-03 7.136661994062402578e-03 6.955503963560858739e-03 7.135598078906906123e-03 6.503625472736738501e-03 7.135382007706407570e-03 6.789738942947065939e-03 6.553290481423160695e-03 7.135598078906906123e-03 4.897496794814925128e-03 4.727158528413846934e-03 6.782046198117662808e-03 6.837862889980408920e-03 7.213149494829576916e-03 7.856558572933200479e-03 7.000207188268978142e-03 2.925715208077854165e-03 5.810004599564540934e-03 3.600989631201418576e-03 4.457456359020162823e-03 7.135598078906906123e-03 7.864806586952200612e-03 7.135598078856172401e-03 3.090848281574403757e-03 6.980801288788382117e-03 9.704161041013729949e-03 8.638971267599318202e-03 2.051563777753507775e-02 7.123443344735152886e-03 7.134355902472980238e-03 1.057649077388282503e-02 7.233039344304716817e-03 7.529775985060084553e-03 3.467154540810272068e-03 6.932868875750723692e-03 7.135598040694024480e-03 7.406050754193427288e-03 6.682848393974503108e-03 6.486119708414314448e-03 7.135594850666920896e-03 7.135597095514479606e-03 7.888631567553814825e-03 7.008142572039372659e-03 7.887566795441372861e-03 5.038104587790345756e-03 3.237340252496688497e-02 4.788455694899149129e-03 7.084666951509098823e-03 9.549910478497927041e-03 6.872611547066770181e-03 7.128089015421949955e-03 7.745529627071737547e-03 6.542456318056720163e-03 6.400915312887586577e-03 7.135598078906906123e-03 8.414505440320727003e-03 7.135598078906906123e-03 6.746485072467486854e-03 7.135598075608621735e-03 3.094417314816094548e-03 5.253365230653853947e-03 6.524477634571683275e-03 1.290449476733129038e-03 3.565301545006666854e-03 7.135598078906906123e-03 6.643058284925674496e-03 7.028711592534967259e-03 7.135556162433928651e-03 7.135597770049623492e-03 1.199367189394807444e-02 7.265728140900830009e-03 2.972570822133962804e-03 4.093735902198375291e-03 6.723657661885071996e-03 7.135598078906906123e-03 6.605732139021079814e-03 8.527837326645261321e-04 1.557288047130446018e-03 7.847561825513757472e-03 9.025939958737259905e-03 7.044399305420744051e-03 7.135598078906906123e-03 6.251762054693298619e-03 1.616945699600015260e-02 7.135598067142763512e-03 7.441579891230743100e-03 9.071610776940321891e-03 7.135216374450659496e-03 7.135598078906906123e-03 7.135598077998999561e-03 6.837922820151248748e-03 7.064868219150815740e-03 7.295720210749827642e-03 6.374455846261113494e-03 9.151209570955587055e-03 7.816639172905114064e-03 8.731124357149511184e-03 6.176844338111626281e-03 7.135597398275965626e-03 4.447040732408503831e-03 1.069759930896457302e-02 9.803444031860338720e-03 7.133720656934738891e-03 8.397613632793596988e-03 7.135596914317953073e-03 4.917988291801907164e-03 9.017008382572647140e-03 6.302208076530898054e-03
5.587679596114561269e-03 8.823790087618528510e-03 6.930210935578358725e-03 4.486372892463254096e-03 2.903306249556245489e-03 5.427518294163910344e-03 7.293687020441748207e-03 7.267952718264259100e-03 5.720815435291082447e-03 7.191146970843742894e-03 7.307246808371702790e-03 7.305742785151744453e-03 6.615342186105099831e-03 7.307243523331607808e-03 7.307246808371702790e-03 7.307246808371701055e-03 1.042143972032978302e-02 6.994115260147158557e-03 8.926619667780204617e-03 8.866618920858018033e-03 6.805918543009479606e-03 4.356623262453809126e-03 6.951249409427100352e-03 1.092993705336058920e-02 7.307246755568020356e-03 7.295118871076754739e-03 4.451362032100896100e-03 7.307246808371702790e-03 7.974835030352940210e-03 8.601241464448084947e-03 7.307240651401359505e-03 7.122820337260424642e-03 7.307246808371702790e-03 2.310554203623042292e-03 7.307025481121863682e-03 7.294326525340523101e-03 6.763648225592298023e-03 7.307246808371702790e-03 3.391685789027417807e-03 3.389315828322367243e-03 6.794100333777289627e-03 9.444231886011657251e-03 6.891082484015123751e-03 6.982766721804986067e-03 4.635962706755787123e-03 4.881660226594893362e-03 8.138705723866069067e-03 2.951444854516288574e-03 5.826700321710392462e-03 7.307246808371702790e-03 9.203646490218786794e-03 7.307246808319748689e-03 3.168128347371174883e-03 7.148726339865569060e-03 9.429220301555990558e-04 1.021462184189064065e-02 1.224703864067161994e-02 7.294866554613289866e-03 7.305637593627875397e-03 4.615306271069315874e-03 7.291357798693987730e-03 2.176553854369006613e-02 1.141239648878742893e-02 7.456604669353323125e-03 7.307246770412384809e-03 6.994323894712621906e-03 5.948646151535051142e-03 3.083593528872719414e-03 7.307242199071522538e-03 7.307245801323525303e-03 6.263527633521842261e-03 7.258875314671107450e-03 8.152505360060418108e-03 4.821164244679665596e-03 1.330701145356206518e-02 8.552484456105747743e-03 7.255087398713787154e-03 6.292002406517636058e-03 7.262156213269163260e-03 7.299557114949452655e-03 8.984194379905231440e-03 7.134224721259223127e-03 7.911781918681462175e-03 7.307246808371702790e-03 5.728768350580498193e-03 7.307246808371702790e-03 1.086683670406289430e-02 7.307246804994077354e-03 7.510511336559184264e-03 5.199402621755655311e-03 7.416844363075165980e-03 1.746247625962060387e-02 3.637471799869576149e-03 7.307246808371702790e-03 7.001556278671038427e-03 7.051109898690794374e-03 7.307161749767136782e-03 7.307246491613269938e-03 6.166520764423395230e-03 8.012125835421214995e-03 1.331767119488179614e-02 5.089447243063766578e-03 6.885408613853986719e-03 7.307246808371702790e-03 6.550203110701674492e-03 9.313040036289388238e-04 1.602720379553011602e-03 7.099188238662767700e-03 6.015257706070068280e-03 7.340731441391233104e-03 7.307246808371702790e-03 7.231479175710582227e-03 8.664215176210014746e-03 7.307246796324570401e-03 9.163479540021690975e-03 2.229320338274777200e-02 7.306917413274880042e-03 7.307246808371702790e-03 7.307246807450627074e-03 7.238280805805603381e-03 5.368991528042005995e-03 4.735914029680846245e-03 6.329005077052473303e-03 5.882348450348448554e-03 8.147991437866156789e-03 7.761220345612369551e-03 1.238758649177969587e-02 7.307246111357815210e-03 3.348787655819050312e-03 7.550957548028583086e-03 8.020792362104999310e-03 7.305392449768998916e-03 1.292970562691401863e-02 7.307245615767551071e-03 3.605918919115836015e-03 1.003511943490475837e-02 7.668971751815002735e-03
7.047814988566021913e-03 8.123663132607050058e-03 8.823498133530189441e-03 7.382502918784996856e-03 7.268344076733945953e-03 5.150539718978275339e-03 7.429094734944990952e-03 7.403268125912045722e-03 8.443194977531561993e-03 7.324273068445459438e-03 7.442861010401015387e-03 7.441379801462346712e-03 8.242977862723543936e-03 7.442857664368913821e-03 7.442861010401015387e-03 7.442861010401013652e-03 8.369040689847371400e-03 7.111446156094229989e-03 7.400531733982538933e-03 3.731706524411451762e-03 6.928949941991257785e-03 7.784617878860888331e-03 7.016455575846970369e-03 4.124942997900753715e-03 7.442860956695452820e-03 7.430505946445201300e-03 1.009400532116387465e-02 7.442861010401015387e-03 4.543293165095559950e-03 7.480813040704178095e-03 7.442854739164295359e-03 7.255011814820510989e-03 7.442861010401015387e-03 4.997682721611647859e-03 7.442635576116345998e-03 6.495980878199082188e-03 7.694834976180260112e-03 7.442861010401015387e-03 1.536670202183075193e-02 4.550529946575627982e-03 7.483771007774231952e-03 7.339850255721926467e-03 7.530102079885461416e-03 7.169534555334747782e-03 8.355631432101214701e-03 2.997752866312734885e-03 6.822519403944115116e-03 1.505616478976769040e-03 7.466974511529190020e-03 7.442861010401015387e-03 5.330408954894912295e-03 7.442861010348096780e-03 3.333594892032782763e-03 7.281398582028800713e-03 3.890069117237571986e-03 4.243739077198276262e-03 1.810747712268075170e-03 7.430183623309266107e-03 7.442779810405562163e-03 2.986323774092766378e-03 7.436802845542433114e-03 4.516236602208872908e-03 1.996001903218489869e-03 7.380403447189067684e-03 7.442860970529640088e-03 7.509037852826117541e-03 6.291160089466860637e-03 6.848326398158998893e-03 7.442856297169181054e-03 7.442859984663162225e-03 1.401080780197687132e-03 7.755758282874845692e-03 8.119344829991938586e-03 4.835256767024512931e-03 4.260670895696332464e-03 8.267485239875910566e-03 7.389735808796778389e-03 6.517065493451400238e-03 7.350262285636687681e-03 7.435037731754140164e-03 6.908112405006919601e-03 7.028705682624114028e-03 6.778039593399780294e-03 7.442861010401015387e-03 4.874810687607371469e-03 7.442861010401015387e-03 6.286835728854035452e-03 7.442861006960712657e-03 1.131724755297773381e-02 4.428816487919053600e-03 6.805198139337926763e-03 2.452517969278049381e-02 3.684074553672108884e-03 7.442861010401015387e-03 6.764451381047433508e-03 7.190945908627652955e-03 7.442774373204868142e-03 7.442860687718686613e-03 8.604370610105367342e-03 7.344929741991736323e-03 1.372736475168079978e-02 1.595397781759214442e-02 7.013193551837197497e-03 7.442861010401015387e-03 6.813866872101361633e-03 2.184725900010963534e-03 2.068070356991247305e-02 7.427206169394374828e-03 7.545510003890338636e-03 6.926804758483078375e-03 7.442861010401015387e-03 7.252174728750704000e-03 1.684954260469677043e-02 7.442860998130302295e-03 8.681282807572405016e-03 2.470512511525222582e-03 7.442465968625179736e-03 7.442861010401015387e-03 7.442861009454843427e-03 7.128218451094529319e-03 6.854052946391701352e-03 9.011219026449196132e-03 6.172337976966955214e-03 6.835190968660071961e-03 9.376087663533361899e-03 8.526215757830853809e-03 8.600510966091491974e-03 7.442860300451326072e-03 3.496220106695174801e-03 8.967812257870126647e-03 8.528388615164333997e-03 7.440978543855082498e-03 4.811795392653206611e-03 7.442859795667374455e-03 6.822254942653136790e-03 1.403785885932393347e-02 7.291760576143504861e-03
7.529230632613235705e-03 6.692758843391679452e-03 6.825275263595631005e-03 9.186905595986097697e-03 3.001588007024201012e-03 5.056351566405652143e-03 7.144030035652763726e-03 7.119059553935302639e-03 6.667260997361481104e-03 7.043367965022664240e-03 7.157299727154131826e-03 7.155826673484474466e-03 8.621605023334285092e-03 7.157296509498990364e-03 7.157299727154131826e-03 7.157299727154130091e-03 1.228605898211043192e-02 6.866504723325781920e-03 6.852554476135220077e-03 4.996878162187973725e-03 6.687315952921318342e-03 5.624387012340601420e-03 6.675308758183781839e-03 2.888330249395465368e-03 7.157299675430977420e-03 7.145418811756759636e-03 3.349048669363986416e-03 7.157299727154131826e-03 7.877272546750829774e-03 1.547266120645205377e-02 7.157293696526822666e-03 6.976657749523822172e-03 7.157299727154131826e-03 9.352094844206470386e-03 7.157082941612980670e-03 6.584821196789177218e-03 7.590154326597950939e-03 7.157299727154131826e-03 3.649708060812998939e-03 7.014022672652449331e-03 7.023997755853396939e-03 6.454760775350058821e-03 7.196734374350060269e-03 6.211620962223857179e-03 5.406421886645272623e-03 4.664237250997777147e-03 7.132080599942393351e-03 4.756522598626736729e-03 7.477809533285331017e-03 7.157299727154131826e-03 4.333444765823620329e-03 7.157299727103242845e-03 3.103865557571762988e-03 4.890592395607747805e-02 3.377798011172174729e-03 3.934713207972648924e-03 1.658859203662451428e-03 7.145107382345784741e-03 7.155718425197538785e-03 4.019120756999959403e-03 7.139783187183741837e-03 6.584417958348665577e-03 5.978896753598275833e-03 7.819742970747230182e-03 7.157299688814550316e-03 6.847462598042655668e-03 8.726079261131980055e-03 5.835649221955906824e-03 7.157295142628397958e-03 7.157298740772480121e-03 5.278435673633921806e-03 7.251393530003811747e-03 6.535037323579969727e-03 5.686784317837526546e-03 6.867718697180992711e-03 7.001430410330712444e-03 7.258893639371427099e-03 6.753441780455917559e-03 7.702478392793128334e-03 7.153409042429999080e-03 6.247050348585758001e-03 6.889588187343302639e-03 6.387739169999809286e-03 7.157299727154131826e-03 1.167116701133654247e-02 7.157299727154131826e-03 8.177451204694046946e-03 7.157299723845816398e-03 1.636605103121029081e-02 6.062409964839639981e-03 6.545144407138973712e-03 1.617135798495289867e-03 2.742070439952186758e-03 7.157299727154131826e-03 7.008564567430424809e-03 7.099044030725984791e-03 7.157216413978389861e-03 7.157299426661004917e-03 5.555141490313697181e-03 6.893230169120107866e-03 7.591863932210306254e-03 4.985701679323965504e-03 6.744106472078601616e-03 7.157299727154131826e-03 7.009647428823096750e-03 1.561915002529184852e-02 2.898474571800298272e-02 6.807544181990963540e-03 6.337135205528436968e-03 6.408667002790895822e-03 7.157299727154131826e-03 9.523021461192120521e-03 1.005970537866696796e-02 7.157299715354210543e-03 7.301531353135292703e-03 2.688498849433911767e-03 7.156912200779691133e-03 7.157299727154131826e-03 7.157299726243898999e-03 6.842292506676262397e-03 1.030374478483536867e-02 8.500417408571721289e-03 1.002866613745155740e-02 6.537184817863481504e-03 5.960592277351667474e-03 5.894327786881530841e-03 4.430961296255710689e-03 7.157299045837482894e-03 3.319880379109117676e-03 5.621759618903177450e-03 5.418501009869343236e-03 7.155351355620349907e-03 2.683554699362447615e-03 7.157298559022568993e-03 7.122211724009923015e-03 9.581911044309663825e-03 7.402298934119342505e-03
2.453297101690428330e-03 7.469843607503516558e-03 1.013448730431193955e-02 5.325224062244386658e-03 1.049939677315240519e-03 1.091496527296493928e-02 7.287978309161636907e-03 7.306920896703364074e-03 5.693837613678556092e-03 7.185190066016327974e-03 7.301526831703774451e-03 7.300023985329133491e-03 9.208401266045246336e-03 7.301523549207471903e-03 7.301526831703774451e-03 7.301526831703772716e-03 1.164843130604091559e-02 7.145512182355460290e-03 6.676134193948694145e-03 7.190070776853404316e-03 6.793294278200575492e-03 9.389032441663631295e-03 7.819683315932317649e-03 8.572093050787078783e-03 7.301526779033651847e-03 7.289469894155419655e-03 3.124448805554730715e-03 7.301526831703774451e-03 7.553111537034908236e-03 9.771025599784792168e-03 7.301520679552993449e-03 7.117244726242876601e-03 7.301526831703774451e-03 1.082595465765108164e-02 7.301308195117495355e-03 6.587960184528248060e-03 6.794843213854458511e-03 7.301526831703774451e-03 3.394473935014807615e-03 4.373655434077743966e-03 7.656415926323682439e-03 8.656114446100853649e-03 7.915372790264909447e-03 7.274314156047119277e-03 4.952392440687808199e-03 3.589009429837868199e-03 6.931727037861694189e-03 8.048130918418886642e-03 8.376673039976035781e-03 7.301526831703774451e-03 3.567268726127947442e-03 7.301526831651860248e-03 3.216712298221534750e-03 7.143130450067186783e-03 7.128569447518384944e-04 9.239913568222492268e-03 1.730185176484522061e-03 7.289088775683474908e-03 7.299916560427765003e-03 3.497105788138613319e-03 7.268271295806968957e-03 7.815584744077595097e-03 1.468962310145086785e-03 6.436480403843614431e-03 7.301526793078176938e-03 6.984454051054396137e-03 7.084532407813187022e-03 4.397262641277889170e-03 7.301522156104079710e-03 7.301525825443876995e-03 9.999838268435414131e-04 6.771135140011565884e-03 7.368098381017831877e-03 6.356063401933279011e-02 4.395579354143243529e-03 6.513951282347056788e-03 7.249456377995879865e-03 7.631003427389131816e-03 6.939326469581891602e-03 7.293843155276653889e-03 7.363370083607381593e-03 7.253749126510992962e-03 7.461056556668442877e-03 7.301526831703774451e-03 5.270500721979176975e-03 7.301526831703774451e-03 8.024042506430869789e-03 7.301526828371049729e-03 1.586903166741343227e-02 4.714244293738965690e-03 6.676367384996102598e-03 1.738342991322867903e-03 2.366937581201878846e-02 7.301526831703774451e-03 7.324995857459059428e-03 7.521347724871915372e-03 7.301441839680062121e-03 7.301527182140951991e-03 7.798927771866690124e-03 6.717399757588528135e-03 5.102200782443146176e-03 3.011930538703043447e-03 6.880029535011351373e-03 7.301526831703774451e-03 6.543440234566300605e-03 3.054127216724661018e-03 4.609021230802081912e-03 7.411697085845002191e-03 9.337618118421882329e-03 7.293966627288402463e-03 7.301526831703774451e-03 7.459224876172409341e-03 5.024351180308020935e-03 7.301526819666072018e-03 8.904491053417482732e-03 5.232299039080122970e-03 7.301190970265427835e-03 7.301526831703774451e-03 7.301526830774810947e-03 7.372286994356769263e-03 7.627148799087075416e-03 8.417952856043344964e-03 6.749561409929838614e-03 1.124067521801490853e-02 8.376475063893931358e-03 6.829921583165016359e-03 4.813603948520195179e-03 7.301526136202547528e-03 3.316550298900003413e-03 6.002464835806391001e-03 6.562741320668370737e-03 7.299630829349435142e-03 7.308356729300470069e-03 7.301525640033133813e-03 6.315562438786571572e-03 4.590017099161047484e-03 7.494842473038251622e-03
2.169603780225195632e-03 5.936132295117677038e-03 6.641755487446869381e-03 6.339927667637521198e-03 1.327255212305398363e-02 4.316050243021372218e-03 5.933668630528716494e-03 5.912720917030433142e-03 1.103885301197608630e-02 5.865839353522952528e-03 5.944690585917060399e-03 5.943479848744771289e-03 8.646126641903983598e-03 5.944687913779178774e-03 5.944690585917060399e-03 5.944690585917058664e-03 3.827522772013297343e-03 5.680312656863340491e-03 6.108596353899353390e-03 2.948554923580991131e-03 5.562456509536128912e-03 6.744864698042342399e-03 6.723567815183510710e-03 3.708357940971184017e-03 5.944690542956630047e-03 5.934827503519365249e-03 2.391986846445119750e-03 5.944690585917060399e-03 5.030827636405593023e-03 5.932082452709540842e-03 5.944685577015005988e-03 5.794653464600916203e-03 5.944690585917060399e-03 3.584403802214853035e-03 5.944510528769566399e-03 6.173842645289579281e-03 5.451310502075389086e-03 5.944690585917060399e-03 3.963747288565962028e-03 5.166004996043600979e-03 5.701773771075885691e-03 5.572075660226220167e-03 6.126624873057221789e-03 7.166594289166844205e-03 7.444370395897246910e-03 6.156634259771344431e-03 5.767074167840846761e-03 2.425259985208786870e-03 6.845768941813712427e-03 5.944690585917060399e-03 3.541228585138455915e-03 5.944690585874793862e-03 2.817247432278094550e-03 5.815728863189432302e-03 4.225147082243127516e-03 7.535714503077778868e-03 3.363333527259693406e-03 5.934563877666167511e-03 5.943366852713123476e-03 5.715300623998295290e-03 6.103875013134513368e-03 3.750300700923905536e-03 7.151643539205104240e-03 5.614697690810666574e-03 5.944690554069543588e-03 5.686803410551177947e-03 7.505548030737413390e-03 5.596200333597420480e-03 5.944686790746209204e-03 5.944689766649553266e-03 2.118185069683027888e-01 5.564878719706276011e-03 6.156120518477446908e-03 3.858268308221503642e-03 5.103745759234847544e-03 5.904879976440216907e-03 5.907676609397125370e-03 8.233361145249577795e-03 5.584591723434845743e-03 5.938434760458421308e-03 6.232047003838266618e-03 5.701144338684584721e-03 7.151882171812284049e-03 5.944690585917060399e-03 5.522628601018853521e-03 5.944690585917060399e-03 4.000457868437597674e-03 5.944690583169250607e-03 2.172628515289183517e-03 4.332173571614110139e-03 5.435705051607189753e-03 3.359906510909897899e-03 6.557592461970780315e-03 5.944690585917060399e-03 6.522218316667456779e-03 5.913555619825194669e-03 5.944621531556752367e-03 5.944690669599171987e-03 6.292435406396445011e-03 5.724072901689488020e-03 5.789176710211194586e-03 3.374622173828307516e-03 5.601527217855600121e-03 5.944690585917060399e-03 5.379122676886507852e-03 5.323962893216609843e-03 1.148546473680201038e-03 5.739617112274265215e-03 6.290385317171474748e-03 6.069362119944959368e-03 5.944690585917060399e-03 7.195397114734970734e-03 1.080430733259874800e-02 5.944690576116313380e-03 6.028887343431586256e-03 1.338999890784716177e-03 5.944377292062553650e-03 5.944690585917060399e-03 5.944690585162752325e-03 5.694931196296711823e-03 6.935168736681113048e-03 8.130249438077705171e-03 9.343877094150701557e-03 7.677468856132101636e-03 6.368076688022160370e-03 5.935778759389649314e-03 3.156302429759452570e-03 5.944690019422307382e-03 6.547784024198980563e-03 7.420871869962195923e-03 9.868092540116486441e-03 5.943127896759349375e-03 4.182557285407295829e-03 5.944689615695015333e-03 4.052924402322211420e-03 9.392518552064833826e-03 5.630485057037171170e-03
1.653383770101654257e-02 5.025064604054492283e-03 5.764391654710825270e-03 5.090789447455914413e-03 1.877095476275607777e-03 3.647903568048433028e-03 6.828013847764922463e-03 6.807947291992990507e-03 7.031510704835995489e-03 6.856085048758441339e-03 6.840707739956877580e-03 6.839302056323426186e-03 4.191657425721539293e-03 6.840704664627784634e-03 6.840707739956877580e-03 6.840707739956875845e-03 4.763860526495669080e-03 6.536637413451227771e-03 8.546787424600219701e-03 2.856918021492949305e-03 6.442319765106888606e-03 6.997736006620241742e-03 7.792450027962203978e-03 1.287197677179698248e-02 6.840707690524162714e-03 6.829362953759338280e-03 6.157395957998524662e-03 6.840707739956877580e-03 4.956896832268382382e-03 5.481757069202996928e-03 6.840701976269837788e-03 6.669478003863102931e-03 6.840707739956877580e-03 1.283055261819688285e-02 6.840500543584522239e-03 1.014437613281228209e-02 6.417521739514538831e-03 6.840707739956877580e-03 4.783469673793837307e-02 3.802797975774446608e-03 6.338245266282378255e-03 5.339166440356251687e-03 7.209544192760863716e-03 7.618580386711657285e-03 9.245275108562095792e-03 8.556737049993995078e-03 8.624599872675380030e-03 8.134145749471877749e-04 5.816556472827257886e-03 6.840707739956877580e-03 8.100700018534698690e-03 6.840707739908240270e-03 3.477276178338315100e-03 6.692308182053735913e-03 1.162766590758292518e-03 3.309998971084168132e-03 1.640408318184600296e-03 6.829054795220804337e-03 6.839226125348468049e-03 4.136565830180953529e-03 6.802770758318883899e-03 8.811824117595861219e-03 4.102589229449302675e-03 6.639324137400710001e-03 6.840707703308776359e-03 2.941668048249356307e-02 6.908343091770993531e-03 7.233489150906118395e-03 6.840703419914404525e-03 6.840706797204973259e-03 4.512041316420368695e-03 6.715470004628101147e-03 4.723271453213179899e-03 4.470554723946191904e-03 4.954394613128401334e-03 7.487644622645497558e-03 6.792078673278322855e-03 8.470059673501888209e-03 6.936119559447435565e-03 6.833509008133199607e-03 6.767047969191184766e-03 7.030719484672195985e-03 7.902938157153352808e-03 6.840707739956877580e-03 9.566396571662796541e-03 6.840707739956877580e-03 5.940232678303840330e-03 6.840707736794922507e-03 2.894294844456003768e-03 7.159054244161927420e-03 6.254909422743148983e-03 8.102081661420271544e-03 7.294390219046440263e-03 6.840707739956877580e-03 7.879373605698406641e-03 7.014494479928826305e-03 6.840628112009473384e-03 6.840707443376642383e-03 4.359643632986033232e-03 7.804855921343923329e-03 3.033608746495217341e-03 6.470717014278640732e-03 6.445791499136222132e-03 6.840707739956877580e-03 6.147606717237933012e-03 1.282108178716728948e-02 2.254730568462850939e-03 7.943428814759321416e-03 6.324312911761395019e-03 7.867137644611462907e-03 6.840707739956877580e-03 6.318805120149851261e-03 1.244591395254883090e-02 6.840707728678907702e-03 5.188748862972668990e-03 3.418063342636936536e-02 6.846326396636530712e-03 6.840707739956877580e-03 6.840707739092901155e-03 6.585137569520056570e-03 6.664733388926803899e-03 6.482780747618550020e-03 8.699802291851240627e-03 6.110481941606698067e-03 8.780528337772703154e-03 5.632100847744986316e-03 1.061089374029395432e-02 6.840707087444919052e-03 3.780874354148869559e-03 9.583592456844220592e-03 6.695006159547539117e-03 6.838845767120653105e-03 5.769111668098656637e-03 6.840706623495795141e-03 9.235094261134772775e-03 2.239263052640956281e-03 6.505253637184105729e-03
7.516579211656730999e-03 4.348200651678345817e-03 5.020362869351196501e-03 7.554386576672495954e-03 9.573535146313923855e-03 3.399373354771275096e-03 6.694371253261068543e-03 6.673094253376835212e-03 5.142857653470543980e-03 6.600008246239157626e-03 6.706816859502987005e-03 6.705455275472177110e-03 2.479085215900208097e-03 6.706813844366271184e-03 6.706816859502987005e-03 6.706816859502986138e-03 2.794217363229883552e-03 6.523325765763430921e-03 9.625299803122574008e-03 1.837201892940036043e-03 6.880474457399909753e-03 5.641367923654345279e-03 5.964974638771072986e-03 7.823119298025919821e-03 6.706817213192458813e-03 6.708281242695303057e-03 5.928790877196145337e-03 6.706816859502987005e-03 4.993041937161436274e-03 1.020741180137407084e-02 6.706811208445402454e-03 6.537544561971245748e-03 6.706816859502987005e-03 1.231654582284813504e-02 6.706613718516043696e-03 1.067922271310145152e-02 5.996870889953082213e-03 6.706816859502987005e-03 3.582537320098029467e-03 2.041129667721537644e-02 5.426228496296273997e-03 6.483124968573217121e-03 7.313817582081624455e-03 6.281877602679708170e-03 6.959218377461440230e-03 7.306972687470850332e-03 9.511558136788479667e-03 3.879379092040916195e-03 8.545777183391594506e-03 6.706816859502987005e-03 2.605829835302506114e-02 6.706816859455302059e-03 3.499312512698115381e-03 6.561321876421977693e-03 1.127027870779859307e-03 1.356003409469428919e-02 1.646348526572068453e-03 6.695392290236766575e-03 6.706175995247640360e-03 4.245123531128294943e-03 6.680873697989182444e-03 7.557034102852386998e-03 3.156484526791772296e-03 7.328014509708115874e-03 6.706816823595938837e-03 6.418542087199445752e-03 4.757512173058473133e-03 1.062246910055495049e-02 6.706813219651041984e-03 6.706815936942504136e-03 6.440766102555830694e-03 6.828911677927793772e-03 4.276693485834273667e-03 1.166069659922882445e-02 1.140596225746482242e-02 1.127301982649946827e-02 6.660009419659194269e-03 8.304853802622374007e-03 6.461440887405076224e-03 6.699759032274450916e-03 9.962814331401014661e-03 8.560875710355840898e-03 9.585745106044547825e-03 6.706816859502987005e-03 1.386992084697368129e-02 6.706816859502987005e-03 1.130960550439021398e-02 6.706816856402898243e-03 4.044352309023334022e-03 7.818908982697053353e-03 6.132155069561747232e-03 8.967076259085306200e-03 7.733926080089018225e-03 6.706816859502987005e-03 6.342444246188239966e-03 6.259595213845362167e-03 6.706738790088795886e-03 6.706816571203811674e-03 2.690543678052204762e-03 8.418787560660010230e-03 4.924236451725029148e-03 2.075162898062227548e-02 6.333339957728547839e-03 6.706816859502987005e-03 6.552215292010932050e-03 2.535072368002415193e-03 1.510466507922765197e-02 1.204009468788377196e-02 4.747722624228240505e-03 8.263125759830566158e-03 6.706816859502987005e-03 7.722565979556897213e-03 8.757023301907711568e-03 6.706816848445757220e-03 5.444620456384962649e-03 5.746364058605338797e-03 6.706731766422477196e-03 6.706816859502987005e-03 6.706816858652662854e-03 6.648356600094116990e-03 9.422362415611619871e-03 5.257757133355464747e-03 5.955579075858415811e-03 4.560153822033408307e-03 9.857549298513365241e-03 4.944374633190314061e-03 1.014580571781972980e-02 6.706816221951882213e-03 5.418319144279765652e-03 7.774636204345787387e-03 1.304131055792194342e-02 6.706714202747481035e-03 3.335528867179205111e-03 6.706815764894021037e-03 1.550082769448755254e-02 6.095638882042960817e-03 5.719485016770812016e-03
4.874380493323642559e-03 8.642071497785674961e-03 7.427674965538460378e-03 4.931387948074825861e-03 2.694006551197892715e-02 5.017806212428780818e-03 7.548751894772312045e-03 7.522825056199960829e-03 9.254005277861203707e-03 7.443383394243528912e-03 7.562758485313049450e-03 7.561284439522618535e-03 8.289996467671116240e-03 7.562755085376739531e-03 7.562758485313049450e-03 7.562758485313047715e-03 5.314945518231030744e-03 7.263425784300979633e-03 7.073671501269011667e-03 2.644588095284107227e-03 7.065660003432542094e-03 8.211858129452369662e-03 7.104505147434820971e-03 5.867084190545274712e-03 7.562758434101371323e-03 7.550204428050649209e-03 3.648457495501953619e-03 7.562758485313049450e-03 6.557587518011678829e-03 5.169027506257238037e-03 7.562752113052617457e-03 7.373435419249126099e-03 7.562758485313049450e-03 2.503279140860700455e-03 7.562529418938111758e-03 7.116264168901555685e-03 7.613932270871854799e-03 7.562758485313049450e-03 4.264068832604768315e-03 3.300815524550397388e-03 8.241660302007651137e-03 7.392916540384307858e-03 6.707430411498229925e-03 6.972074192825803915e-03 8.773579552623141792e-03 4.325846401447328883e-03 6.244414080451536272e-03 3.739156925309920255e-03 5.065623353977221667e-03 7.562758485313049450e-03 4.011142510588686441e-03 7.562758485259278227e-03 3.385219205555989406e-03 7.398695049422954716e-03 1.881751743478475049e-03 7.621350604012838703e-02 2.000957847520204447e-03 7.549877084038108047e-03 7.567869203987136716e-03 6.477752110735368607e-03 7.521256905630903204e-03 4.715180366233981749e-03 3.747741594316168073e-03 7.573105259044058020e-03 7.562758507020964430e-03 7.234381233263238384e-03 6.295431331732025300e-03 4.758604239408278404e-03 7.562754429324004823e-03 7.562757443051512825e-03 9.807041035652876333e-04 7.462104361155685005e-03 8.794123037352722522e-03 5.001827193647456066e-03 4.177764530611023479e-03 7.183097008365998265e-03 7.508798099351669808e-03 6.960129036079675501e-03 7.598465699226016924e-03 7.554802046482611382e-03 7.181888144010329690e-03 6.983678310703724142e-03 6.783579965561190549e-03 7.562758485313049450e-03 3.501042305400186259e-03 7.562758485313049450e-03 7.476743523487591921e-03 7.562758481817324040e-03 7.571696517440441344e-03 1.496020610760324422e-02 6.914718677437340852e-03 3.232130739430366488e-03 3.998225128423734537e-03 7.562758485313049450e-03 6.788681980465966631e-03 7.568502282146229512e-03 7.562670452486014439e-03 7.562758157716191823e-03 1.070650738437563081e-02 6.699080525009008108e-03 6.800569760407132458e-03 1.864201474347601572e-03 7.131874833367041026e-03 7.562758485313049450e-03 6.770739738009531536e-03 8.078116508027453208e-03 1.885561259315704334e-03 6.753609821350982714e-03 8.983702714076361937e-03 6.856392607670069861e-03 7.562758485313049450e-03 7.139446434273335855e-03 5.224051730342274893e-03 7.562758472844666353e-03 7.617195366560755923e-03 2.723823506930731983e-03 7.562345800637446797e-03 7.562758485313049450e-03 7.562758484351023852e-03 7.630664631728617878e-03 9.068818119744470607e-03 6.785070153033432097e-03 7.061813626325877565e-03 7.054376685484892162e-03 7.613041228967666087e-03 6.800450056112167414e-03 7.170252601864199327e-03 7.562757763927553840e-03 4.324464693490158614e-03 9.149930250445394153e-03 5.070669347566170160e-03 7.560733485874297430e-03 8.941172343361411187e-03 7.562757251011544696e-03 4.116399126209762879e-03 5.652359296719929038e-03 8.371135481253160621e-03
3.571457426915009090e-03 5.134156601582963095e-03 6.632422183490123066e-03 1.102096293662308164e-02 3.753126117170392062e-04 6.608566808278411829e-03 6.527758055875897483e-03 6.505040268790136977e-03 9.656047720411189972e-03 6.435727101435880990e-03 6.539862782300108826e-03 6.538517042525735304e-03 4.528721175656395120e-03 6.539859842219751702e-03 6.539862782300108826e-03 6.539862782300107959e-03 4.676443752387490597e-03 6.393130974901807193e-03 6.813278705779458183e-03 2.524079891755263289e-02 6.099650069342896740e-03 6.378466638294972603e-03 6.859058364192371048e-03 2.471212324303851977e-03 6.539862735186424345e-03 6.529017925284875436e-03 2.684400511572339592e-03 6.539862782300108826e-03 4.872751958514820285e-03 4.896393284126355008e-03 6.539857271915383921e-03 6.374804201236549533e-03 6.539862782300108826e-03 1.860072853993079145e-02 6.539666404640633035e-03 1.130895256684795458e-02 6.115819356458559487e-03 6.539862782300108826e-03 3.899015483803279156e-03 6.018412480074689964e-03 5.843445504348303635e-03 6.736542723961665667e-03 8.078890641501185535e-03 8.611797737086240162e-03 9.195792576804796142e-03 7.581292472550253160e-03 1.027545324828691049e-02 3.602748110898157385e-02 5.140614224599611426e-03 6.539862782300108826e-03 5.105070673116341926e-03 6.539862782253610431e-03 2.856615694930768595e-03 6.397989633711734757e-03 1.111603750342574819e-03 1.260529313967438496e-02 1.515575590519722005e-03 6.528722207685971543e-03 6.538464792465953010e-03 9.197486494005020427e-03 6.503506446568319693e-03 3.633578078817611880e-03 3.673579160976424198e-03 6.111245482299398728e-03 6.539862747273141388e-03 6.256016999612879111e-03 6.218372525989467915e-03 1.425415613750267117e-02 6.539858748177149531e-03 6.539861881023612683e-03 1.895273356568051831e-03 6.407582802114636204e-03 5.600078381508426933e-03 4.253324876827724310e-03 4.575406075298305529e-03 8.330742807838366001e-03 6.493189865396189510e-03 7.154227906410908985e-03 5.653697362504684319e-03 6.532980671050968129e-03 7.897036825692966763e-03 7.729687047711894174e-03 8.602250144284402655e-03 6.539862782300108826e-03 2.187691407894350182e-02 6.539862782300108826e-03 6.474799940291893659e-03 6.539862779277243882e-03 2.376307489016063132e-03 4.525274006802481458e-03 5.981543799815518259e-03 2.035575033897083028e-03 2.045786814322345798e-02 6.539862782300108826e-03 6.982175117701198801e-03 6.201367410897430828e-03 6.539786656646009826e-03 6.539862498743219052e-03 6.454595280455718148e-03 6.821318167604454447e-03 1.435178375031386996e-02 6.609431178487690586e-03 6.162342307814121754e-03 6.539862782300108826e-03 5.926203020327473758e-03 1.983975835020624495e-03 2.843073740277938556e-03 9.039587113814303437e-03 4.894825473049024649e-03 8.233591378193657120e-03 6.539862782300108826e-03 6.879407986781127873e-03 4.683397211580759591e-03 6.539862771518128483e-03 6.177595782432048974e-03 1.789705655632101719e-03 6.539600139758600973e-03 6.539862782300108826e-03 6.539862781522022897e-03 6.255865734026284410e-03 1.185552616396021858e-02 6.818296559798678498e-03 9.335589360731045769e-03 6.024438898373857092e-03 8.622418830722540853e-03 7.483664853885057394e-03 7.233106714825559419e-03 6.539862158484410944e-03 3.255223918493928281e-03 8.668619058788240572e-03 6.676419954841437965e-03 6.538923400042719741e-03 2.443034229035688162e-02 6.539861714939453237e-03 2.606408965131131600e-02 7.578592692854509323e-03 6.849661773678968057e-03
1.095360174399408193e-02 6.091232282609495077e-03 8.939500816930203569e-03 7.643018437567922554e-03 2.204050865015988805e-02 9.652510833907829504e-03 7.990664659177495327e-03 7.962464879767684744e-03 6.084982542027102086e-03 8.402889350955461065e-03 8.005517360393650875e-03 8.003869671843884606e-03 8.642524595041525121e-03 8.006294590176677231e-03 8.005517360393650875e-03 8.005517360393649140e-03 6.641142137936096625e-03 7.733087329270953852e-03 6.881852810940869945e-03 2.145609230123573120e-03 7.443203624649017205e-03 1.079610406222242594e-02 7.752256282528401619e-03 2.885048827577951346e-03 8.005517302540199678e-03 7.992230342912826080e-03 3.064405387347375609e-03 8.005517360393650875e-03 6.876988172260245676e-03 6.879203114875885247e-03 8.005510615071606897e-03 7.803467514713872781e-03 8.005517360393650875e-03 2.957065274329723041e-03 8.005279089183905614e-03 8.009804091890922531e-03 9.205871716207568098e-03 8.005517360393650875e-03 3.545756903310844262e-03 4.444546041549472803e-03 9.139079143135728570e-03 5.190002983574827471e-03 7.313985877463531800e-03 6.566497477236456215e-03 4.834103347772719661e-03 3.650437645027753298e-03 8.075836626468095580e-03 8.299726316114674476e-04 6.541689273164568059e-03 8.005517360393650875e-03 7.173888613742588662e-03 8.005517360336731128e-03 4.885155970269675768e-03 7.831848891833139217e-03 1.822580353912488802e-03 2.801899798738345920e-03 1.889522265684495271e-03 7.991880061421142295e-03 8.003738499842942902e-03 1.780198032535696773e-03 7.955394564347767483e-03 6.285571546810403594e-03 4.884317971134788904e-03 7.903876925490684741e-03 8.005517317505669514e-03 7.658178935682181769e-03 7.759874601038260766e-03 5.183533500087201401e-03 8.005512265761840704e-03 8.005516257113300116e-03 2.517031455771289068e-03 8.461549565075308227e-03 6.728127045252128846e-03 8.320748138011892919e-03 1.094145784773091490e-02 7.632745573236759083e-03 7.948371646742254451e-03 6.489938251451559878e-03 8.655459764678994500e-03 7.997097451857568609e-03 5.463337484890026970e-03 7.070289843331442441e-03 7.833905248070937438e-03 8.005517360393650875e-03 3.158748813979428416e-03 8.005517360393650875e-03 7.447993813738803745e-03 8.005517356693263656e-03 9.825745319095592276e-03 5.161360824254601458e-03 7.951985114625952783e-03 7.798160669928527744e-03 8.752472020260582131e-03 8.005517360393650875e-03 7.891662589656086788e-03 8.556730030287080374e-03 8.005424173703108021e-03 8.005517013287118122e-03 7.184503241721989716e-03 8.927982847763965904e-03 3.272032779025649957e-02 4.235834423314589064e-03 7.544048252752329729e-03 8.005517360393650875e-03 7.289228023133676425e-03 1.524971180400533019e-03 5.303545890813615368e-03 6.742284295495523314e-03 8.368294689797836985e-03 7.587652570328095800e-03 8.005517360393650875e-03 7.181020914381512979e-03 1.039168332246760695e-02 8.005517347195310884e-03 6.729772086613491737e-03 1.217849476667605402e-02 8.005084376599497231e-03 8.005517360393650875e-03 8.005517359374837369e-03 7.663979329398594789e-03 6.848857981612270496e-03 8.722616282291227596e-03 6.946879067693908193e-03 7.241174016682298299e-03 6.732291410771596915e-03 4.392430232478471488e-03 7.163968693810053405e-03 8.005516596808785398e-03 3.610992932359379307e-03 7.406568288193674313e-03 7.908688301531621376e-03 8.003338251176732657e-03 2.246238333738109858e-03 8.005516053825838599e-03 4.350406481815925069e-03 4.088785812964972413e-03 8.579744148683407859e-03
9.558140517796983801e-03 6.051293208171793295e-03 6.168969971689498670e-03 1.136702318193710294e-02 2.179451818646153960e-04 1.934942262141018787e-03 6.904231379427046462e-03 8.344054479467444968e-03 6.562039879195487660e-03 6.807296638295767810e-03 6.917045506231666967e-03 6.915621907238240530e-03 6.293780223567590343e-03 6.917042396647980068e-03 6.917045506231666967e-03 6.917045506231665232e-03 1.786075818535071786e-03 6.698796049285627580e-03 8.103665361565540876e-03 4.194542680947599411e-03 6.441594016660076236e-03 7.128065302410374789e-03 6.470519254261019454e-03 4.506364728860536711e-03 6.917045456244494579e-03 6.905563943330333965e-03 6.286382220103221320e-03 6.917045506231666967e-03 6.591186994907160743e-03 1.511622072345351897e-02 6.917039678045276002e-03 6.742467301757711085e-03 6.917045506231666967e-03 1.388653207328781640e-03 6.916835998819383623e-03 8.067050295408773053e-03 6.550520868236146821e-03 6.917045506231666967e-03 5.391009728087228954e-03 9.924715322373866069e-03 5.907160895624628989e-03 9.089711018423122721e-03 7.734651889416470534e-03 8.679941069790416547e-03 9.339627967189619712e-03 5.227527201478309772e-03 9.062039129042178884e-03 5.851917029588437919e-04 5.353649399887559085e-03 6.917045506231666967e-03 8.819286285498757413e-03 6.917045506182510975e-03 4.751224452314350109e-03 6.766989994875729705e-03 3.861120286989945527e-02 2.425445633239481716e-03 1.005948866815584500e-02 6.905273848006828787e-03 6.915525364414955301e-03 2.588732847013053284e-03 6.882409177387920247e-03 1.185693828698416649e-02 3.217739200568351266e-03 7.596420271246954146e-03 6.917045469175685420e-03 6.620471764160957770e-03 6.420481496803393147e-03 9.340982918621750994e-03 6.917041772665548371e-03 6.917044552959062016e-03 4.536634286353358018e-03 6.413263547761078459e-03 5.597563533655623008e-03 1.039760425200936776e-02 1.036080355680667718e-02 8.851100010644343680e-03 6.867988871111781017e-03 7.175112290683540589e-03 6.778430097899744086e-03 6.909766434035410389e-03 9.931403072601895088e-03 8.922847460609952333e-03 7.797476670592130669e-03 6.917045506231666967e-03 1.209607016511949490e-02 6.917045506231666967e-03 6.345786849398808195e-03 6.917045503034405934e-03 4.836720105040423490e-03 9.026168300174126219e-03 6.324512696542406234e-03 1.318488264229003733e-02 2.095423831508401100e-02 6.917045506231666967e-03 7.757648984776555241e-03 6.506531604689420357e-03 6.916965099695008938e-03 6.917045220511241349e-03 9.323352499611472013e-03 7.745418859686109200e-03 8.500506498965684429e-03 2.303628081585219756e-03 6.522509951374994529e-03 6.917045506231666967e-03 6.270325665716302600e-03 3.060423378648925632e-03 2.056469228963972787e-03 8.365116090065773113e-03 5.499613373459211890e-03 7.373595482663686945e-03 6.917045506231666967e-03 8.160311528500914860e-03 1.486985482302674057e-02 6.917045494827842034e-03 6.711984178370641006e-03 4.279760629870075009e-03 6.916966673580252425e-03 6.917045506231666967e-03 6.917045505380668875e-03 6.660499042665629123e-03 1.003705417572077312e-02 6.729815192187181203e-03 7.830334614522640665e-03 6.291345869249212810e-03 7.038053935271219690e-03 7.143785619030371820e-03 6.313831829418409605e-03 6.917044846437765161e-03 3.304619187532514216e-03 5.342514764673750999e-03 6.704355929301766132e-03 6.915202576623454347e-03 2.608300570736095565e-03 6.917044377468178906e-03 1.735249192827484702e-02 7.787479693414014505e-03 6.554109918993073283e-03
9.027606714615566894e-03 8.605386860227912799e-03 6.779135239634317099e-03 4.840958082790062372e-03 3.701212114543171554e-03 6.817578758227662433e-03 8.241160168431545599e-03 8.052780785828096005e-03 6.466113923309158192e-03 8.000563823518481305e-03 8.096325586539240490e-03 8.094659357143882752e-03 7.586049903847166473e-03 8.096321946733141608e-03 8.096325586539240490e-03 8.096325586539238756e-03 3.695006599838850710e-03 7.739044234927588278e-03 7.780251684909608376e-03 7.958750106835485883e-04 8.394046735103388376e-03 5.287737861849365131e-03 8.701580286370306366e-03 3.665652668346263895e-03 8.096325528662972476e-03 8.082892748751182091e-03 3.551841789680751371e-03 8.096325586539240490e-03 6.155136940917007790e-03 1.692455145112380099e-02 8.096318764703718668e-03 7.891983696241557447e-03 8.096325586539240490e-03 6.413431318508732229e-03 8.096080359094783713e-03 6.981545697053226363e-03 7.941084372522578053e-03 8.096325586539240490e-03 8.436592624054719061e-03 3.378940402252353804e-03 8.199276633015274013e-03 8.646753948488091965e-03 8.851700318059497682e-03 9.360220758586406190e-03 1.088156803440782326e-02 7.438034281706038323e-03 7.888034823930575173e-03 1.747476994490541327e-03 5.558931686588198216e-03 8.096325586539240490e-03 4.967057653038319150e-03 8.096325586481675426e-03 5.994930717545019806e-03 7.920687160903223945e-03 4.864213881026626697e-03 3.331456066103863703e-03 1.879284737566744605e-03 8.082540751364957268e-03 8.094569534355246926e-03 1.040621656751537782e-02 8.057382111142223982e-03 3.873965735626100013e-03 2.069045355682492399e-03 8.135123519426136832e-03 8.096325543174688957e-03 7.746718540147842780e-03 6.398680521386436101e-03 6.027226873605530041e-03 8.096320529627804019e-03 8.096324470764418996e-03 7.113958607431568673e-03 8.124625024919920196e-03 8.607963080561288269e-03 5.253164451409652116e-03 6.134655414747980026e-03 9.563240271434346115e-03 8.038619975050868491e-03 7.817602410826719750e-03 8.478118973559611166e-03 8.087807006658700310e-03 8.775681423815944598e-03 8.127062721618656324e-03 7.103292206898961271e-03 8.096325586539240490e-03 1.607119530643987687e-02 8.096325586539240490e-03 6.732935889237127297e-03 8.096325582796881637e-03 7.097533286895323090e-03 4.437027895883923108e-03 1.413020536514622040e-02 2.069701640466323819e-03 3.159497605442969457e-03 8.096325586539240490e-03 8.377213615499859087e-03 8.146014584373844486e-03 8.096231342813599297e-03 8.096325235719454075e-03 7.809909945740109785e-03 8.163778563751727599e-03 4.047626416761306370e-03 4.063400289317533470e-03 7.628922146532823856e-03 8.096325586539240490e-03 7.236973973716458002e-03 9.849319065052116948e-04 4.962621410042248812e-03 7.180464010995435582e-03 7.313031055944937270e-03 7.668189283262512139e-03 8.096325586539240490e-03 8.420692972606886109e-03 6.194242277709522890e-03 8.096325573191188660e-03 8.311802417966966672e-03 4.193283237998922559e-03 8.095883587330711742e-03 8.096325586539240490e-03 8.096325585508943115e-03 7.872006523804670614e-03 5.387734084001104609e-03 8.286611497686814654e-03 5.557584291890093654e-03 6.655058889459592071e-03 8.761113739551761037e-03 8.759043003139061270e-03 6.923053463897745931e-03 8.096324814257802038e-03 8.041398358370727140e-03 7.777440420988289416e-03 7.987692935178000372e-03 8.095302127905322151e-03 5.075699398716504614e-03 8.096324265150752278e-03 7.058351660003020153e-03 1.476858170721685043e-02 8.122200829035034625e-03
5.412913597697940719e-03 6.015829378590080607e-03 4.266483404400299440e-03 8.174048994094117518e-03 5.775077171224485099e-03 7.775785774183181440e-03 5.859447817800136904e-03 5.840899011791348371e-03 7.525338787107722222e-03 5.830060512329429505e-03 5.870340229075552731e-03 5.869136461231360888e-03 8.091048789878731856e-03 5.870337590018624881e-03 5.870340229075552731e-03 5.870340229075551863e-03 2.204303965465565906e-03 5.617590684895105470e-03 6.159989547061703492e-03 5.958605517354729000e-03 5.472553473587354889e-03 7.129065705356702268e-03 4.936323065698370628e-03 4.920702575740277390e-03 5.870340299939085654e-03 5.860599441976328990e-03 2.528775992433610759e-02 5.870340229075552731e-03 2.916503802916532717e-03 1.286782569718300691e-02 5.870335282819921958e-03 5.722179683737367052e-03 5.870340229075552731e-03 1.884480671029291820e-03 5.870162423906363953e-03 6.945337023117423118e-03 5.271941562698636424e-03 5.870340229075552731e-03 2.361061101507883498e-03 8.661062979656714012e-03 5.042090309160752494e-03 8.058834243656482973e-03 6.898201870211741714e-03 5.134334277191460703e-03 1.128715480322438694e-02 1.201902625995067073e-02 1.071024933580934542e-02 3.078432753616831830e-02 7.335648098148223224e-03 5.870340229075552731e-03 7.598102404180093715e-03 5.870340229033815284e-03 3.196458391957063706e-03 5.742992467471147444e-03 6.715589953305799858e-03 6.371774926781781714e-03 1.362388643400056290e-03 5.860343811925195108e-03 5.871163723376644598e-03 2.895547440436171960e-03 6.244399924079428732e-03 7.173235116240981278e-03 4.527357633094768533e-03 6.186565620507508863e-03 5.870340197630065891e-03 5.616044707005941362e-03 4.456020147403977685e-03 1.026338020437761976e-02 5.870336558737573873e-03 5.870339420054632162e-03 1.400958637613018915e-03 5.921367261177731649e-03 5.851143206134702679e-03 3.824310527220286995e-03 6.524514150455467017e-03 9.121541908784737071e-03 5.828670156650851350e-03 6.899469276960792062e-03 5.682174304085569998e-03 5.864162984769198499e-03 8.372641830011368774e-03 7.232123955536252577e-03 8.827444457586602553e-03 5.870340229075552731e-03 1.379511809846836572e-02 5.870340229075552731e-03 6.602181833217891753e-03 5.870340226362108678e-03 1.014988480093465505e-02 7.500053826986498827e-03 5.367348212327370180e-03 3.136931133520297604e-03 9.284989022668416192e-02 5.870340229075552731e-03 5.137951924630542247e-03 5.383064529759726442e-03 5.870271896505199760e-03 5.870339974542938995e-03 5.502517878477914716e-03 6.756182002785642710e-03 2.985252816054398406e-03 3.745739278022193908e-03 5.531486975360188837e-03 5.870340229075552731e-03 1.284389000873629658e-02 8.520537222815944200e-04 9.951151567728275509e-04 7.027258099237391510e-03 4.611913486533406048e-03 6.360041667494605033e-03 5.870340229075552731e-03 5.471682598971782177e-03 1.185613131311556191e-02 5.870340219397384741e-03 6.518219186872438106e-03 1.866903052245508579e-02 5.871200857322302590e-03 5.870340229075552731e-03 5.870340228332295712e-03 5.642670580611713026e-03 9.974539571275232996e-03 5.660982699835098893e-03 5.489308002023407518e-03 4.282295389600249830e-03 9.016837840256973144e-03 7.465748606025546935e-03 1.143567904343102334e-02 5.870339669123546093e-03 4.055906115788445419e-03 6.943704874916636731e-03 6.936946030180110405e-03 5.868902518171473237e-03 6.380376292835739267e-03 5.870339270986623358e-03 1.721828717969660708e-02 3.081743040477898012e-03 5.340954962778358094e-03
1.842452077019594977e-03 6.219021312489521162e-03 5.386342574084344859e-03 5.570587388823875982e-03 1.387826615798536459e-02 5.774776584406603533e-03 6.103637916110174130e-03 6.082056258568752961e-03 5.224231724200931182e-03 6.017584178131245298e-03 6.114935698448138897e-03 6.113845446058060844e-03 5.766108619802180757e-03 6.114932951497321911e-03 6.114935698448138897e-03 6.114935698448137162e-03 1.325852882050375381e-02 5.852393190251194144e-03 6.467939200866906248e-03 2.604179924052208751e-03 5.738178713182664863e-03 4.667935497856489334e-03 5.926742207717893701e-03 4.843958493124063923e-03 6.114935654339859368e-03 6.105087160589275745e-03 2.708365898363106466e-03 6.114935698448138897e-03 7.612584428771129209e-03 1.396800427457523669e-02 6.114930546100239006e-03 5.960603290730275006e-03 6.114935698448138897e-03 3.469339625242825065e-03 6.114750484802051328e-03 7.089794897004176623e-03 5.415132332771840050e-03 6.114935698448138897e-03 2.689393002773331903e-03 1.047231697677082456e-02 5.650885123167950254e-03 7.743597928220683976e-03 6.404565860266516961e-03 5.752187884414293288e-03 8.041630902998796529e-03 3.963011025870462681e-03 8.002752111671717142e-03 1.024066253638111421e-02 7.413429826030168771e-03 6.114935698448138897e-03 5.900531822773830495e-03 6.114935698404668461e-03 8.731558748945171880e-03 5.982280746833210268e-03 4.057776001979904006e-03 2.606422072331454794e-03 1.856867626707462944e-03 6.104519970914394980e-03 6.113587313358729777e-03 3.172493571139157423e-03 6.081078509031958255e-03 1.483098539551849261e-02 3.485891709340175650e-03 6.484099205220898547e-03 6.114935666155202343e-03 5.850903059167855691e-03 3.920787640233001393e-03 5.090264032385694547e-03 6.114931802175598181e-03 6.114934855719008494e-03 3.367262922871169014e-03 5.846394081447123768e-03 5.802486715956223055e-03 4.098865174300653919e-03 8.517972436786935136e-03 7.551211622572912875e-03 6.071523525455590174e-03 6.011132335640616622e-03 6.297214810359337556e-03 6.108500721504798829e-03 8.109737000237938684e-03 7.021593463982464013e-03 6.834895025267351265e-03 6.114935698448138897e-03 4.659162074313868106e-03 6.114935698448138897e-03 6.001272845109024631e-03 6.114935695621634242e-03 6.506643893076722272e-03 1.100130215353950155e-02 5.593773745645351687e-03 2.751541078403201175e-03 1.170370055796512293e-01 6.114935698448138897e-03 5.813008124944014920e-03 5.842727841494864058e-03 6.114864518711153260e-03 6.114937160582342539e-03 5.647064127524607444e-03 5.315320674727041714e-03 6.192788488366692858e-03 1.013383675117154013e-02 4.323887874235865514e-02 6.114935698448138897e-03 5.676339579054652182e-03 4.678430556029315388e-03 2.719702601718850584e-03 6.750162207449617036e-03 6.340953370115202242e-03 6.241104342018373614e-03 6.114935698448138897e-03 7.487021839202755852e-03 6.058703438126964748e-03 6.114935688366716221e-03 6.249821557665717446e-03 6.940167854386222919e-03 6.114610645253939179e-03 6.114935698448138897e-03 6.114935697670983647e-03 5.864072966197848846e-03 1.355522342327278480e-02 7.302633322292861884e-03 4.381430467845573440e-03 5.426203244175560082e-03 6.738184147104513827e-03 8.566519594179613367e-03 8.877715884843463690e-03 6.114935115164815346e-03 2.907670686341665145e-03 4.366003179564912663e-03 4.991883343399962890e-03 6.115801916358264145e-03 2.157680018061521390e-03 6.114934700439159619e-03 1.297909955024543864e-02 3.869458873056935439e-03 5.740196322020462739e-03
6.544799914720340721e-03 8.670845127773486177e-03 7.382316767773085438e-03 4.577990152325187717e-03 9.456096658877735997e-03 5.131162322879349869e-03 8.001642798942965387e-03 7.973179434807957378e-03 6.481384118157415899e-03 7.888586428311044133e-03 8.016282592178352803e-03 8.014643521627350803e-03 8.906874710769174808e-03 8.016278988357262297e-03 8.016282592178436070e-03 8.016282592178349334e-03 8.947125315587335995e-03 7.674347537020460852e-03 7.429693999706461077e-03 1.248424505791816998e-02 1.078095048816134216e-02 8.878932197786980340e-03 7.842389716916937231e-03 2.079940559549162127e-02 8.016282534247451408e-03 8.003151960599049972e-03 3.919862542184473185e-03 8.016282592178352803e-03 5.069403847802126349e-03 3.707667103250869220e-03 8.016275837785694774e-03 7.813961005848022931e-03 8.016282592178352803e-03 8.400194847878173637e-03 8.016039954834549078e-03 6.717446882483935067e-03 9.393437620272348382e-03 8.016282592178352803e-03 3.375335607415989175e-03 1.152174796220169044e-02 8.559270547320297490e-03 6.801936123701786407e-03 7.347587136176289037e-03 6.039705927982579048e-03 4.965424156061419396e-03 3.555954212044438491e-03 5.645389770234303210e-03 3.635920554117625433e-03 7.591061194907643486e-03 8.016282592178352803e-03 3.704579506836307677e-03 8.016282592121356729e-03 3.457237353461536239e-03 7.842380587157691749e-03 2.203395186219031434e-03 3.158872621755263663e-03 2.249652623876779219e-03 8.002627367333045930e-03 8.014574065805279632e-03 1.736180175838143366e-02 7.964136743201540372e-03 7.192058010263177766e-03 1.151574589722386549e-02 7.539822677370569201e-03 8.016282549242907673e-03 7.668364624227264059e-03 6.888817888957680241e-03 4.785674228675945545e-03 8.016277470461442844e-03 8.016281487414393669e-03 2.136155475491104214e-03 8.746683115179721552e-03 9.801892447333043420e-03 5.234129421982382756e-03 6.135342752334477928e-03 7.050019410500982416e-03 7.979442588988250318e-03 6.751836788319138909e-03 8.627124620246295200e-03 8.007846753152025876e-03 6.081420971051972914e-03 7.235838632301247464e-03 6.553627272958603006e-03 8.016282592178352803e-03 5.581353902126628443e-03 8.016282592178352803e-03 5.725592131557813089e-03 8.016282588472990397e-03 7.144296593386300666e-03 5.491679845235067012e-03 7.348157435731554263e-03 9.186490891722789640e-03 3.229909914804546343e-03 8.016282592178352803e-03 7.740719039876999344e-03 8.164699613935568270e-03 8.016189280178553922e-03 8.016282244944192975e-03 6.114707636396841083e-03 7.979163327922176446e-03 4.633043065068288315e-03 8.260218453775818731e-03 8.225014187962719284e-03 8.016282592178352803e-03 7.201581737460979737e-03 7.044650729208023349e-03 3.465731330534767632e-03 7.065365390173622244e-03 6.550677556848505216e-03 7.581829474916110777e-03 8.016282592178352803e-03 7.823282909481431985e-03 6.370868185456813118e-03 8.016282578962263122e-03 8.528071150698231587e-03 4.187353647898953667e-03 8.015865125903590127e-03 8.016282592178352803e-03 8.016282591158245194e-03 7.762058617249252210e-03 6.565745435742251744e-03 9.763998118558452413e-03 9.889159494266811304e-03 5.552173027965073490e-03 6.330153739402277074e-03 6.080504152493444552e-03 4.681775754236991438e-03 8.016281827531893805e-03 5.245743511396139605e-03 6.958394242412946178e-03 9.342728628100578289e-03 8.014185350813855455e-03 5.740135697222722641e-03 8.016281283853555345e-03 5.174100992083558587e-03 6.469888266558018741e-03 7.491201926904880390e-03
1.816720824942117622e-03 8.970045735377289720e-03 1.095565416885534854e-02 6.751891124035436752e-03 8.140552883131799145e-03 5.777636914969086664e-03 7.784709159926753164e-03 7.777998617558618336e-03 6.279736230539305700e-03 7.670640488548739928e-03 7.794821203188808181e-03 7.804019135899687050e-03 7.137584541519522568e-03 7.794819082488645828e-03 7.794821203188808181e-03 7.794821203188806447e-03 2.038837401190747231e-03 7.460113481150120601e-03 8.174140492090380475e-03 4.411333992166354204e-03 7.269577860119398605e-03 5.095824304184193992e-03 7.015850774715197066e-03 1.420005986796696838e-02 7.794821146902923374e-03 7.781951212843719705e-03 1.035123572022003842e-02 7.794821203188808181e-03 1.528065499070363140e-02 4.698970940501942181e-03 7.794814635396009848e-03 7.598089017041731452e-03 7.794821203188808181e-03 2.937231335746876264e-03 7.794585107928094121e-03 6.095569060424527695e-03 7.721428059611985285e-03 7.794821203188808181e-03 3.525871158350121076e-03 3.063025195013374408e-03 8.240484180144313706e-03 6.946315941799439432e-03 6.672484575738865664e-03 6.871462740306757792e-03 7.106309807188131329e-03 2.687083130023328308e-03 6.268859251889398986e-03 7.879297858235982666e-03 5.889752276515349515e-03 7.794821203188808181e-03 2.943812030116494879e-03 7.794821203133387236e-03 3.949289358419754738e-03 7.625723492192074474e-03 3.164110193943467982e-03 4.292055070293573395e-03 1.806917184472569713e-03 7.781542824011154248e-03 7.793089302520757149e-03 1.044334401190066645e-02 7.779529140744369589e-03 5.498416951626202212e-03 5.280018953466852384e-03 7.380946962123587606e-03 7.794821161429138674e-03 7.456634536413358355e-03 8.893697490061799188e-03 5.786764207637976054e-03 7.794816283811025447e-03 7.794820128946904417e-03 4.157432379499491695e-03 7.773322371808386207e-03 9.145654884531000117e-03 5.056478083411641844e-03 8.184502671330340026e-03 6.458052097997779746e-03 7.739182928371586903e-03 9.233621188780268343e-03 7.730497648598223977e-03 7.786618416452307893e-03 7.222852256564519721e-03 7.093945995116562875e-03 5.987543718685966326e-03 7.794821203188808181e-03 9.747586097285741019e-03 7.794821203188808181e-03 6.030304193911356810e-03 7.794821199585811808e-03 4.228543112852203162e-02 1.031563078123827297e-02 7.127585993995681421e-03 1.075476910680063861e-02 2.585484361372035033e-03 7.794821203188808181e-03 6.644054242887522527e-03 8.011976507953646673e-03 7.794730469066498031e-03 7.794820865256978960e-03 8.905390488163973661e-03 6.395568987449366978e-03 2.420759531638806347e-02 5.249283393152035654e-03 7.523289953454293660e-03 7.794821203188808181e-03 6.998966803628093453e-03 3.185476128756000239e-03 1.642623651498445860e-03 6.731593582342874568e-03 1.047752653821168792e-02 7.472790930288908395e-03 7.794821203188808181e-03 6.080430646780177542e-03 5.470175470963229217e-03 7.794821190337833557e-03 9.094070906371785890e-03 4.796620252639454199e-03 7.796163499030147118e-03 7.794821203188808181e-03 7.794821202206424736e-03 7.462143272950191170e-03 5.038968844875366289e-03 4.267711986092380047e-03 5.744201390446271663e-03 1.186027937593582202e-02 5.216471048445990577e-03 7.449664891275227172e-03 6.930867549118324873e-03 7.794820603864402106e-03 3.594080968060563500e-03 6.646776389070776538e-03 5.072637641929424179e-03 7.792824509109843104e-03 4.056591616974892199e-03 7.794819931008394216e-03 1.677903283460735039e-03 4.420246836892863240e-03 7.388990777179636413e-03
6.190895435800695089e-03 7.717877705993071887e-03 7.137913900447960189e-03 6.657743838383324390e-03 3.533631343989690650e-03 7.073647037978901889e-03 8.357758063330346029e-03 8.328433930137988869e-03 6.841683530849538251e-03 8.239333448639730995e-03 8.372679487946319693e-03 8.370956203046247060e-03 6.148702691409644629e-03 8.372675723899377503e-03 8.372679487946319693e-03 8.372679487946317958e-03 5.426147140762054011e-03 8.001043727727499139e-03 7.918200425640705212e-03 1.116305260620600133e-03 7.851322824875665157e-03 6.180575213838145759e-03 8.991701478627517341e-03 1.389578726426842631e-02 8.372679434437235377e-03 8.359558318366570526e-03 7.211335347397385305e-03 8.372679487946319693e-03 3.915602634188109811e-03 3.084436023020296468e-03 8.372701403602684014e-03 8.161365734190470858e-03 8.372679487946319693e-03 6.353854716936249009e-03 8.372425890091787781e-03 7.643704774940152276e-03 8.953534248507300647e-03 8.372679487946319693e-03 4.433886555288798180e-03 2.638021650812301996e-03 8.757204798868153256e-03 6.409830559176163747e-03 8.836454421961370889e-03 9.637050211779444112e-03 7.487992875566887828e-03 3.871271738079861031e-03 7.647820974789080670e-03 1.083020628949904127e-02 6.572631394925140119e-03 8.372679487946319693e-03 5.209794793014092991e-03 8.372679487886789187e-03 3.683689288607710621e-03 8.191045952103466476e-03 2.767795339135092382e-03 2.824745865850874539e-03 4.095918975498037858e-03 8.358423519868159179e-03 8.370824567987045217e-03 8.126246704962156522e-03 8.319223570181272578e-03 1.373153053169214217e-02 4.300573791253681742e-03 8.067728230127965000e-03 8.372679443091170584e-03 8.225705171656294903e-03 7.851137948744871947e-03 3.838898121924925327e-03 8.372674140493075595e-03 8.372678334065524960e-03 8.751579691973350797e-03 9.138748818870702506e-03 8.140926931093771246e-03 5.523579184234333334e-03 4.795802154031477728e-03 7.518716832771512280e-03 8.314946649141386620e-03 5.799605220386926802e-03 8.579130459655068264e-03 8.363868600705133202e-03 6.758196354480195366e-03 7.499901520488649366e-03 6.907773130438070799e-03 8.372679487946319693e-03 4.332531373734383427e-03 8.372679487946319693e-03 8.084964163396409290e-03 8.372679484076219272e-03 4.653110093928805070e-03 1.175778312784808710e-02 7.670430815540796136e-03 7.610844883452370577e-03 9.933164407025912510e-03 8.372679487946319693e-03 9.359557385017425180e-03 8.921490897853974131e-03 8.372582027377045016e-03 8.372679126238622913e-03 7.196257476801129135e-03 8.513456079184290176e-03 1.317257481634217728e-02 4.863298934275243381e-03 7.889652302587516278e-03 8.372679487946319693e-03 7.596453518428110743e-03 3.660552432151614483e-03 2.462369883370703685e-03 8.150020937496763387e-03 7.332634762526112765e-03 9.111889666456401971e-03 8.372679487946319693e-03 8.572164816496344666e-03 6.475519676513831827e-03 8.372679474142654885e-03 7.917891259516508795e-03 2.165787903418981732e-03 8.372221055292746947e-03 8.372679487946319693e-03 8.372679486880791819e-03 8.004440110041107989e-03 7.339074351724697229e-03 5.764407969320968148e-03 7.699573846403176200e-03 6.377714979614854986e-03 7.305823023532839224e-03 6.179328801907376864e-03 5.773590789513326563e-03 8.372678689305683430e-03 3.804418653566077509e-03 7.534244783019448596e-03 8.865416890152497814e-03 8.370401661005123436e-03 2.676055414949693196e-03 8.372678121454549260e-03 7.749451912661158536e-03 1.660532914781480320e-03 7.842735963265328597e-03
4.533925979351207183e-03 8.411687157295101580e-03 6.531445495582229206e-03 8.761987554414053456e-03 2.409389321980094558e-03 1.288147330811838763e-02 8.020362731196583814e-03 8.005876662562387211e-03 8.890460489828331744e-03 7.946287331687658037e-03 8.034948902314497515e-03 8.033361350902963952e-03 1.122906456261449880e-02 8.034945290098727960e-03 8.034948902314497515e-03 8.034948902314495781e-03 5.597363296420092629e-03 7.681762288009211063e-03 7.479996861009215355e-03 2.489634886553633141e-03 7.471282736619356754e-03 8.240678737699362946e-03 9.281003879813497573e-03 2.060050837600490604e-03 8.034948844683939204e-03 8.021611408359215906e-03 3.377337695565704647e-03 8.034948902314497515e-03 6.732144997352969111e-03 1.689272834344697841e-02 8.034942132193903172e-03 7.832156072490504758e-03 8.034948902314497515e-03 2.039976197334288002e-03 8.074263994653042148e-03 6.924346058803983878e-03 7.827966609179537114e-03 8.034948902314497515e-03 3.604708962694453539e-03 6.987112290308552555e-03 8.425788827461099667e-03 7.117697531374992705e-03 7.376239510035689610e-03 8.843871611858266854e-03 6.638503124865146460e-03 3.908966321424068614e-03 5.690464673739950227e-03 8.840095084853054558e-04 1.803957117721793207e-02 8.034948902314497515e-03 9.456422439603699714e-03 8.034948902257369602e-03 3.688350188806419246e-03 7.860641957740175170e-03 8.577868527300778340e-03 7.310026604946366288e-03 4.590044762576642179e-03 8.021263545199122658e-03 8.033595284848165166e-03 2.121333783414194180e-03 7.991453214873279684e-03 5.387316314056407249e-03 2.855029927278785254e-03 8.178491841226424863e-03 8.034948859967659673e-03 7.694237042474599830e-03 8.288181226426280870e-03 3.811926951978265084e-03 8.034943785969153596e-03 8.034947794978049285e-03 1.624186563361123062e-03 8.029755449083762764e-03 8.858023080145242464e-03 5.242457632045791419e-03 7.569866838694908409e-03 6.560210536580399383e-03 7.977594677262686215e-03 8.288385791189890189e-03 8.339268688608295760e-03 8.026493419918043909e-03 7.098998947285362592e-03 7.162143280309164056e-03 5.518581206625812648e-03 8.034948902314497515e-03 6.230058080172183252e-03 8.034948902314497515e-03 6.183425824969164368e-03 8.034948898600532616e-03 5.670105138615166157e-03 1.182853376143466924e-02 7.346659902510873502e-03 9.581975118727438859e-03 2.722368663788725992e-03 8.034948902314497515e-03 9.259475948489364824e-03 8.083799501920568495e-03 8.034855403096062207e-03 8.034948553929149168e-03 8.991694066343047104e-03 7.972836226641693766e-03 1.442075060189656685e-02 4.435751922598214769e-03 7.571116481419215387e-03 8.034948902314497515e-03 7.268572385978854834e-03 1.558943065332759302e-03 1.423342684605992739e-03 7.888137310482884121e-03 7.924850376500217064e-03 7.468109470846167296e-03 8.034948902314497515e-03 8.115765730448776596e-03 5.830235114406401471e-03 8.034948889067635575e-03 7.943755938336754044e-03 7.524034462844128232e-03 8.034569635733396567e-03 8.034948902314497515e-03 8.034948901292008130e-03 7.780402183374802820e-03 6.800466103939758512e-03 1.244551578772571700e-02 8.392152549730294217e-03 7.412111697825412779e-03 6.939751832339703316e-03 8.038286175091549288e-03 7.217107454699538821e-03 8.034948135887520076e-03 3.670053426065898652e-03 6.184228016246014897e-03 7.434069981163490479e-03 8.033043724948544032e-03 5.386555471119641898e-03 8.034947590943201240e-03 4.205383902788352793e-03 8.374877221784437359e-03 8.104909233290189668e-03
3.819522868553542998e-03 6.417441422328661917e-03 9.355638922061886367e-03 4.885721185017899426e-03 1.162969387271656219e-02 3.942770155067303571e-03 7.359181813676877841e-03 7.330211278558692277e-03 8.048007587216266315e-03 7.251528032406617461e-03 7.368869223743084070e-03 7.367373595174171209e-03 8.620499410260752671e-03 7.368865910972199201e-03 7.368869223743084070e-03 7.368869223743082335e-03 3.825378979444405293e-03 8.926701925314776617e-03 8.036702994403203612e-03 6.694824572186131202e-04 6.912007982591556257e-03 9.003404004954923198e-03 7.454911041761329467e-03 3.032806655695223681e-03 7.368869170490470813e-03 7.356639457403202007e-03 3.116591191123532518e-03 7.368869223743084070e-03 8.597110914902400189e-03 8.770684851242062027e-03 7.368863014850670842e-03 7.182887474220361543e-03 7.368869223743084070e-03 5.528024920278779702e-03 7.368646030566988574e-03 6.903436093851895647e-03 7.098233346940473545e-03 7.368869223743084070e-03 1.122007957766788487e-02 2.117008053831978456e-03 7.476960777467219453e-03 6.852020307177532875e-03 7.250514871495005939e-03 7.298464881840258968e-03 6.695589964535426410e-03 6.372230003345534348e-03 6.860480884018380597e-03 4.919375374464631098e-04 8.495590219649025443e-03 7.368869223743084070e-03 6.233541020267399299e-03 7.368869223690691084e-03 3.240386108457830872e-03 7.209011943382729985e-03 1.208886574760759634e-02 3.647195361842404341e-03 1.711049711008930194e-03 7.356316511442458593e-03 7.367225210168292307e-03 9.063616855938511074e-03 7.324410436406505499e-03 4.717653434217216474e-03 4.683970352106916341e-02 7.591214760468416312e-03 7.368869184291994973e-03 7.048868932340736533e-03 6.634828714044548048e-03 5.079109611314813061e-03 7.368864509213305346e-03 7.368868211214499656e-03 1.288539068236684536e-02 7.421529029040325326e-03 6.371331133393668550e-03 5.194097969616920558e-03 5.795724086827334746e-03 6.347467822026946378e-03 7.316276293607800428e-03 7.207553909622257081e-03 7.366726693714581962e-03 7.361114680477729919e-03 5.902185562405445896e-03 8.081750937297890736e-03 6.387185298062253783e-03 7.368869223743084070e-03 3.066319524767220205e-03 7.368869223743084070e-03 5.044984604256617586e-03 7.368869220336975341e-03 1.086313425350582916e-02 7.643685672813739507e-03 6.737808152268516884e-03 1.065798275687923104e-02 9.878950802540179335e-03 7.368869223743084070e-03 7.105259374394678508e-03 7.536559835095778086e-03 7.368783447833160589e-03 7.368868904361979173e-03 7.638553856344168502e-03 6.305986305853081980e-03 2.313024572820955495e-03 2.953534457401821127e-03 6.944407416735203301e-03 7.368869223743084070e-03 6.596894000105874359e-03 3.756635141873490309e-03 2.706026060570443023e-02 6.796025811357982345e-03 7.663597537499443682e-03 7.741075826436684751e-03 7.368869223743084070e-03 7.527936065929332135e-03 7.987782635109704973e-03 7.368869211594357600e-03 7.423966588907506686e-03 2.337494591646726259e-03 7.368471179869783699e-03 7.368869223743084070e-03 7.368869222832526850e-03 7.045383260605810917e-03 8.260892861815614246e-03 6.852471142275991939e-03 6.262773490080300251e-03 7.492134263575430699e-03 7.229679712145527584e-03 5.821369187251842353e-03 8.381733540708457761e-03 7.368868520851223902e-03 3.395638472525756672e-03 8.680490343944994788e-03 8.364712263811156789e-03 7.369176823243982384e-03 6.965404957735793143e-03 7.368926570392160189e-03 5.131618690298085303e-03 5.865933252059236588e-03 7.237382414352558878e-03
4.016749696652296628e-03 7.866453994188402424e-03 9.643130193815250065e-03 6.793979491036776681e-03 1.761822255313888865e-03 8.838923302837030024e-03 7.890888081532288281e-03 7.860698086572590407e-03 8.639023226321047855e-03 8.190803200007189602e-03 7.902606011444230499e-03 7.900979882812903324e-03 1.233449101805247396e-02 7.902705292722241731e-03 7.902606011444230499e-03 7.902606011444228765e-03 1.171530558643513881e-03 7.550545817602690932e-03 7.766984115634854337e-03 4.273672512396668559e-03 7.433302847087925116e-03 1.007963926465914491e-02 7.247350845478256476e-03 5.721941490777365281e-03 7.902605954334477809e-03 7.889491025460736162e-03 7.626991394014012889e-03 7.902606011444230499e-03 1.110113682249434103e-02 1.150988173581384173e-02 7.902599352840069397e-03 7.703153371568080901e-03 7.902606011444230499e-03 7.206790866933801901e-03 7.902366651522491417e-03 7.283996885612787145e-03 8.023347410884840158e-03 7.902606011444230499e-03 3.506904891193708598e-03 8.074832178232899463e-03 7.896749763879742229e-03 7.803899760667515513e-03 7.537725337148836087e-03 6.187457585389734456e-03 8.333143020685043409e-03 3.925383178885737991e-03 8.270870571752540756e-03 2.860763571462701486e-03 9.570602274094985526e-03 7.902606011444230499e-03 8.620700200047393819e-03 7.902606011388042806e-03 3.881973393339708395e-03 7.731170060229894739e-03 1.375104191451750543e-03 1.390472950480000844e-02 2.540770476298077722e-03 7.889144014684490447e-03 7.900840775684947817e-03 3.909780627636035011e-03 7.854657249229223329e-03 1.030325134055141631e-02 4.675631306988729113e-03 8.166596340626691708e-03 7.902605969108215597e-03 7.569717681676342222e-03 1.019569734563255045e-02 4.717451254079712240e-03 7.902600957174427468e-03 7.902604922346607649e-03 9.997973812681357382e-04 7.976221565494993199e-03 7.706522220560839062e-03 5.373688030913940407e-03 9.490183954828783006e-03 6.426158658377983598e-03 7.846248497008313089e-03 1.034252948034510705e-02 7.956305347956830337e-03 7.894436546640499694e-03 6.995162150801446932e-03 7.885214529792416299e-03 7.634387498344691325e-03 7.902606011444230499e-03 4.803700916252028399e-03 7.902606011444230499e-03 6.572166649957217333e-03 7.902606007791412868e-03 5.405437670315173943e-03 1.285654269857900225e-02 7.240647827160411575e-03 7.566803616691579297e-03 3.674936392560306485e-03 7.902606011444230499e-03 7.347569163488409417e-03 7.791537771552119358e-03 7.902514022673633176e-03 7.902605670549154443e-03 9.272324940719145134e-03 7.282199335633634217e-03 4.516912601136398135e-03 3.920020243952750116e-03 7.446445110852992905e-03 7.902606011444230499e-03 7.166124415359745141e-03 1.145791459828782860e-03 3.847155298597702226e-03 7.169596011976806134e-03 9.773678896483934883e-03 7.238079816593641358e-03 7.902606011444230499e-03 6.746442983261525216e-03 5.689516534559567983e-03 7.902605998415556873e-03 7.765275683632199763e-03 4.915869997595884167e-03 7.902173612119683249e-03 7.902606011444230499e-03 7.902606010438545381e-03 7.580437969504874585e-03 9.450763168941318446e-03 1.104949085968793404e-02 8.305167749840686522e-03 9.894720918345456181e-03 6.915774945280197400e-03 7.553074095993533334e-03 5.988571597488475187e-03 7.902605428316515981e-03 3.613440775633626218e-03 6.812729613310055526e-03 5.917333682289377221e-03 7.901103161970299618e-03 9.013883303455727872e-03 7.902604721672408170e-03 3.767972371248793934e-03 1.147477556195282931e-02 7.370986303238043560e-03
4.217791564773946608e-03 9.840334594672872637e-03 8.403781038188265842e-03 6.853341177736125937e-03 1.301776195799541486e-02 4.197412866947617185e-03 8.050849224015757880e-03 8.051411149751523319e-03 5.684001055929218879e-03 7.940564133536814201e-03 8.065816210941930547e-03 8.064216711728989032e-03 6.182022404919713769e-03 8.065812584855081360e-03 8.065816210941930547e-03 8.065816210941928813e-03 1.039568072034127537e-02 7.714765382208138567e-03 6.352475534106797640e-03 8.903933810609136832e-04 7.508084713226744963e-03 6.903421342431230803e-03 7.686124796718707408e-03 1.106903536706732236e-02 8.065816152658921920e-03 8.052429077427579809e-03 3.809961761192838092e-03 8.065816210941930547e-03 7.384114923017212791e-03 4.842154547341879708e-03 8.065809414813031319e-03 7.862244324087110450e-03 8.065816210941930547e-03 5.518056457475150126e-03 8.065571907658358741e-03 6.519287939951026213e-03 8.222717445241382872e-03 8.065816210941930547e-03 4.443895261647870694e-03 2.117187735012281049e-03 8.422008440338786192e-03 7.693770238498094487e-03 8.143775267540112259e-03 7.256286227700951656e-03 5.585081853466328412e-03 1.517637441592092386e-03 6.743239342141466031e-03 3.552542787920055919e-04 5.004935098691295874e-03 8.065816210941930547e-03 9.032988107660401902e-03 8.065816210884582324e-03 3.491077718113225117e-03 7.890839643409273962e-03 1.363869775282293244e-02 2.988347915716648914e-03 1.898231643594882256e-03 8.052076190184000518e-03 8.071145380004800252e-03 1.510903573186660014e-02 8.397450176584718082e-03 9.573903139818706887e-03 6.112679584562377873e-03 8.059816872395068540e-03 8.065816167747326404e-03 7.716041972583343594e-03 7.464906274807007330e-03 1.187466337273975978e-02 8.065811057827972433e-03 8.065815099351494530e-03 2.337040970540912258e-03 8.503959096821842381e-03 9.997388053462346810e-03 5.310029929025576051e-03 6.175818073672686460e-03 5.532951333518705203e-03 8.008243339795922261e-03 7.721674922200452706e-03 8.405080367325779706e-03 8.057328324414643472e-03 7.122820953244804465e-03 7.272184027976219545e-03 5.942955069300218107e-03 8.065816210941930547e-03 3.424889353807213967e-03 8.065816210941930547e-03 1.039191219913441350e-02 8.065816207213671526e-03 5.281102196688653404e-03 1.232216834576860265e-02 7.376930048488208533e-03 1.345809395155854286e-02 2.561050276598240451e-03 8.065816210941930547e-03 7.854215044532323470e-03 7.971077635881059636e-03 8.065722322358567786e-03 8.065815861215091045e-03 5.515667202027095713e-03 7.743813866697635967e-03 1.437693784608860175e-03 1.097076413377928022e-03 7.911404870082600072e-03 8.065816210941930547e-03 7.370158023364547194e-03 3.887599028893329832e-03 1.518604133656025271e-02 7.413068673780696255e-03 7.496953110488193024e-03 8.060283240358472392e-03 8.065816210941930547e-03 6.528492953527251404e-03 5.716993589740306143e-03 8.065816197644178759e-03 1.029249688356975202e-02 9.487865208223150368e-03 8.065383774597459712e-03 8.065816210941930547e-03 8.065816209915454768e-03 7.800395428782859811e-03 6.388316089684777620e-03 6.948297651261461406e-03 9.169385789081637220e-03 6.361372206690059719e-03 8.086085339429852081e-03 8.246651981196298498e-03 7.270856320878349953e-03 8.065815441570620831e-03 3.667926518850301004e-03 6.590450432992104278e-03 6.701219544465499174e-03 8.063742207018734232e-03 6.139243561629578738e-03 8.065814894532829030e-03 5.192364249318485656e-03 7.624041482281927740e-03 7.777840994914216391e-03
5.227362097110286113e-03 7.042140155514489859e-03 7.129455474302970851e-03 8.104754933503464237e-03 5.589123771442194508e-04 1.169051309045904610e-02 7.203728494687597697e-03 7.178059882931988461e-03 6.171450856315967119e-03 7.106947119822728740e-03 7.216877457506672318e-03 7.215396084170705784e-03 7.171848432518803523e-03 7.216874213065763675e-03 7.216877457506672318e-03 7.216877457506670583e-03 1.285660202382030159e-02 6.902969224768510347e-03 7.323509728230087959e-03 4.077484368649217199e-03 6.735655765808826190e-03 8.435170697890228761e-03 6.155014218199739845e-03 2.674023591768633860e-03 7.216877405356440268e-03 7.204897626269640351e-03 1.761114112753305039e-02 7.216877457506672318e-03 8.791903841408781409e-03 8.712963954656937487e-03 7.216871376680112152e-03 7.034731804467900945e-03 7.216877457506672318e-03 1.133256417277227202e-02 7.216662232137040917e-03 8.603207634265334566e-03 7.515685370419506947e-03 7.216877457506672318e-03 3.143356995829293087e-03 1.498530254565695434e-03 6.864917326637393243e-03 5.566210018659442302e-03 7.021883042726812137e-03 6.922601416732099798e-03 1.120210460151288730e-02 1.204898818499730399e-02 6.526002880468795460e-03 2.768026886090682852e-03 6.852060673478359981e-03 7.216877457506672318e-03 4.387557294751013789e-03 7.216877457457111268e-03 3.248590470687506750e-03 7.060317425292536413e-03 5.155819757128138683e-03 3.287655563774839751e-03 3.897921506380792878e-02 7.204584824886904430e-03 7.215280692473346157e-03 3.773639804766210342e-03 7.171713145332767221e-03 4.354951366115594573e-03 2.719752360716375366e-03 7.779068139721495752e-03 7.216877418852913305e-03 6.908519264894636726e-03 9.074614285883835646e-03 7.675195693200963752e-03 7.216872870203480499e-03 7.216876462912727788e-03 2.406469048699158477e-03 7.739296839249173304e-03 6.306935242912654026e-03 4.732656846168857220e-03 7.980147379859258566e-03 6.459813004558853308e-03 7.552568331651306199e-03 6.469660839177469175e-03 7.720994886942928077e-03 7.209290667021358429e-03 5.534824142163338213e-03 6.559095855238601322e-03 6.496241046782792739e-03 7.216877457506672318e-03 3.245368618731798646e-03 7.216877457506672318e-03 5.124143254307067866e-03 7.216877454170818156e-03 8.079291179861664354e-03 4.214408312665075471e-03 6.603423887709072675e-03 5.521532573705348855e-03 1.251297393869484943e-02 7.216877457506672318e-03 6.687130616958633818e-03 6.984757797288880174e-03 7.216793450827979108e-03 7.216877144733971350e-03 5.830812657696722925e-03 8.759382190272082397e-03 1.577649491429230361e-02 1.026484151933341159e-02 6.800308280089467812e-03 7.216877457506672318e-03 6.770534155749259771e-03 4.770575724186618648e-03 1.301041735662891545e-02 7.011424050809968687e-03 7.445983566400647506e-03 6.524619835712367096e-03 7.216877457506672318e-03 9.092764540710786617e-03 8.009926808115170813e-03 7.216877445608527522e-03 6.055335205219025164e-03 2.486741674602189426e-03 7.216484052581390203e-03 7.216877457506672318e-03 7.216877456589705295e-03 6.935599279005607437e-03 5.192861026911267490e-03 1.299855044744640739e-02 8.751234022427485312e-03 7.395046402518109727e-03 6.403101165984513045e-03 6.304341349122576099e-03 1.004650029648670312e-02 7.216876769112800030e-03 3.299975742291445455e-03 7.758553925951705565e-03 7.924983288932065800e-03 7.214934468760895656e-03 1.196987384082670233e-02 7.216876279658786253e-03 3.317793276765234299e-03 7.750912560446841272e-03 6.516564093874997916e-03
8.342339561938099182e-03 7.806939549727971196e-03 6.790219767213204541e-03 6.860640656200444991e-03 2.077342496685891885e-03 1.570162584355853583e-02 8.009035384547936315e-03 7.980760664735719531e-03 9.108542871510453068e-03 7.896072338930004361e-03 8.023923192939813945e-03 8.023260926059355008e-03 8.930685321382109132e-03 8.023919585680794678e-03 8.023923192939813945e-03 8.023923192939812210e-03 7.008262505326658467e-03 7.668358632624918715e-03 7.399985754374747114e-03 5.191843786637381775e-03 7.484968600817649802e-03 7.032215557560450581e-03 7.803054778940303124e-03 2.878663859264563724e-02 8.023923135010175428e-03 8.011197970783045380e-03 6.122687310980355971e-03 8.023923192939813945e-03 1.111755004167794096e-02 6.874252559083981334e-03 8.023916432109309133e-03 7.821408731801390499e-03 8.023923192939813945e-03 2.317577113494852323e-03 8.023680158471168528e-03 6.106475063859369279e-03 8.207394516975967044e-03 8.023923192939813945e-03 3.461679641756307008e-03 1.929047222947924802e-03 8.659800545632714841e-03 8.038052173196249400e-03 7.737902472289929015e-03 6.223749585418140821e-03 5.890338097701021923e-03 2.209414152554626306e-03 6.912918065227594694e-03 2.573410031986285429e-02 8.763285631522470601e-03 8.023923192939813945e-03 6.212661887771534636e-03 8.023923192882764094e-03 3.863462942306868618e-03 7.849855435662913064e-03 8.980571644411079746e-03 4.001358648580240727e-03 1.908960663531023222e-03 8.010255240373242991e-03 8.022174618002609128e-03 6.908459353297407429e-03 7.970890950958292587e-03 8.762086418241627622e-03 2.583044921488219983e-03 7.875893574862315866e-03 8.023923149954795622e-03 7.675476446077681390e-03 4.851043956648602544e-03 6.718165247994791270e-03 8.023918065873320363e-03 8.023922088560484639e-03 9.476021718109967160e-04 8.650446799865461195e-03 8.337054402430649561e-03 5.279319356003665982e-03 7.438498666402454038e-03 7.683359608291718060e-03 7.966650685021626696e-03 6.909844818542099608e-03 8.607925507899152201e-03 8.015479325571017027e-03 7.297894553216803179e-03 8.046044069587922690e-03 6.882728719975880413e-03 8.023923192939813945e-03 4.189186200106953702e-03 8.023923192939813945e-03 5.342715812260350611e-03 8.023923189230919642e-03 6.126839069472391625e-03 3.407940137553543570e-03 7.356100307814099695e-03 1.039946536181512744e-03 3.259423936697489546e-03 8.023923192939813945e-03 7.069645215881317432e-03 8.367849972021876304e-03 8.046818171746135395e-03 8.023924111262440220e-03 7.655179437072854275e-03 7.527141464329883784e-03 3.718804497321489579e-03 6.269036565087294198e-03 7.560709924108862008e-03 8.023923192939813945e-03 7.704191626853070310e-03 7.031613748519711417e-03 1.996003218336189940e-03 7.425417207662474151e-03 7.823562756225758280e-03 7.689146741468496846e-03 8.023923192939813945e-03 6.982953250581698697e-03 5.859695846674288673e-03 8.023923179711130171e-03 7.444296006492530024e-03 3.235602653498711057e-03 8.023489036418531353e-03 8.023923192939813945e-03 8.023923191919132142e-03 7.700521067754164360e-03 7.235143660463471543e-03 7.145669066479834117e-03 4.655380929206231685e-03 5.648831340317957833e-03 6.742036115675236613e-03 5.530292062980612065e-03 1.135018938934502508e-02 8.023922427564540369e-03 3.661091473523400610e-03 7.217525148610385959e-03 1.018313351208593662e-02 8.035146917831449687e-03 8.568308353482118750e-03 8.023921883368007046e-03 8.143415426193720275e-03 2.218928366696472018e-03 8.866577086137705094e-03
4.538069815155428011e-03 7.195136352287994329e-03 7.568570307675157212e-03 5.841585899274797690e-03 4.773008034904024574e-03 8.641847339793220714e-03 7.397485161301340859e-03 7.371458678597229627e-03 5.405113806880872465e-03 7.306063064036584856e-03 7.411237301221163670e-03 7.410013021981970080e-03 7.992769682560569092e-03 7.411233969403061006e-03 7.411237301221163670e-03 7.411237301221161936e-03 4.322066426167877305e-03 7.081305149788668860e-03 7.918931638737559953e-03 4.354150022902401884e-02 6.905545217856574707e-03 6.540431898183108814e-03 7.794884251606772931e-03 2.717689105746241320e-03 7.411237247695157994e-03 7.398937368400749538e-03 3.998471494126180047e-03 7.411237301221163670e-03 4.689147255692026860e-03 1.486527330382250364e-02 7.411231056630078994e-03 7.224186231304866382e-03 7.411237301221163670e-03 2.294206496164422938e-03 7.411012825197364241e-03 6.998876002637374055e-03 6.923515870966331053e-03 7.411237301221163670e-03 3.279444553160780484e-03 8.004032844669590682e-03 7.145778095740731514e-03 8.340099983617222518e-03 8.954220499062172378e-03 7.491266635406224061e-03 5.945969967741453546e-03 9.613638720566686918e-03 9.072681967334085204e-03 3.210171083833363373e-03 8.053232830986701771e-03 7.411237301221163670e-03 6.237182462041815367e-03 7.411237301168469710e-03 3.214837232969353781e-03 7.250460904859907726e-03 4.784864128295669879e-03 2.668465133640357968e-03 1.717513748241142162e-03 7.398613012712280078e-03 7.437661949155327176e-03 1.457095478625715888e-02 7.370736697135359984e-03 1.068112782409824484e-02 9.010071050997531207e-04 7.311511053327836643e-03 7.411237261518344513e-03 7.089397034320312103e-03 5.345163436576099922e-03 2.045182743299923944e-02 7.411232579060667708e-03 7.411236279841779823e-03 1.367086431204169155e-03 7.306964137516134758e-03 7.413747438594082972e-03 4.895245784829552367e-03 8.129922593212829049e-03 8.521621780602561813e-03 7.372524612053048959e-03 7.021535825256285807e-03 7.144879635034769375e-03 7.403438172069747372e-03 9.211308873363062075e-03 7.271447615963340556e-03 9.165307925775360159e-03 7.411237301221163670e-03 7.735460682014225903e-03 7.411237301221163670e-03 6.007710709592144899e-03 7.411237297795470781e-03 6.318523213545899214e-03 5.282043503662796520e-03 6.779289407195680794e-03 4.594616367647845478e-03 3.572332765401683551e-03 7.411237301221163670e-03 7.478415483703287903e-03 7.301103756140635108e-03 7.411151032133752627e-03 7.411236980590063007e-03 9.389521320715601277e-03 8.353437682316529680e-03 9.448798108425573647e-03 8.523001458744707687e-03 6.983393231162508472e-03 7.411237301221163670e-03 6.931333614864304896e-03 1.327028844855471018e-03 1.532621650243936023e-03 8.148835321704944040e-03 6.884715582641260344e-03 8.034421205946631200e-03 7.411237301221163670e-03 7.065755525131884110e-03 5.388738233408938566e-03 7.411237289002586826e-03 7.725040821796359987e-03 3.469986813334416300e-03 7.431415794462735425e-03 7.411237301221163670e-03 7.411237300278163652e-03 7.104502024362601732e-03 1.339235984162163648e-02 5.275345252942975453e-03 7.421318000327172849e-03 6.865160866847371153e-03 8.288439407806155040e-03 7.464748167877155970e-03 7.688236399836852197e-03 7.411236594287953783e-03 3.825292467718596594e-03 8.742050034486432281e-03 7.274412449892710825e-03 7.409238055241883399e-03 5.422469675901985496e-03 7.411236091644851295e-03 7.637277185813678287e-03 1.061777261218912853e-02 7.926539382352366589e-03
3.658664035792349827e-03 9.359950253068547582e-03 7.287849763812967625e-03 5.061763999603502776e-03 1.741432581330818992e-03 4.825927170706003841e-03 7.575053283299869669e-03 7.534985648378408375e-03 6.843542731370101835e-03 7.455132491714449271e-03 7.575736277897937750e-03 7.574217244502862677e-03 8.770308515406312344e-03 7.575732875539950388e-03 7.575736277897937750e-03 7.575736277897936015e-03 2.036069994366795227e-03 7.240393171031201704e-03 6.984454705757457867e-03 5.597930384737579562e-03 7.065000466997591738e-03 6.176254310230056867e-03 7.566490184534659623e-03 8.351413041817376190e-03 7.575736223465151346e-03 7.563162219202613536e-03 4.967651378330301126e-03 7.575736277897937750e-03 1.145748943683000919e-02 4.320166245650176699e-03 7.575729894702623417e-03 7.384533442616192378e-03 7.575736277897937750e-03 2.210796189528095937e-02 7.575506818444620316e-03 7.124965754714861384e-03 7.711414682364787707e-03 7.575736277897937750e-03 6.385187394520954601e-03 3.928115258731005623e-03 7.757407154878479850e-03 8.104978139226769532e-03 6.789267856071611040e-03 6.596318171801642677e-03 3.786386943376752242e-03 3.512814069946303044e-03 6.145712687530618598e-03 1.205212495041378500e-02 4.755011154878550916e-03 7.575736277897937750e-03 5.806048107655687601e-03 7.575736277844073718e-03 3.314611675735439252e-03 7.411391307001997421e-03 2.096834274695609512e-02 3.649253862413271744e-03 4.894105529568365011e-03 7.562831105344323436e-03 7.574959224703471140e-03 1.735067744010231408e-02 7.541611161580894646e-03 9.281455093758380487e-03 2.074759189164701242e-02 7.318683942299696911e-03 7.575736260371005587e-03 7.304747689729693821e-03 6.991054175057354915e-03 4.248897881814933317e-03 7.575731446180167944e-03 7.575735233847870863e-03 1.083440110764939332e-02 7.674835434909925425e-03 9.319966703953047604e-03 4.916795226961211823e-03 8.289196126238280657e-03 7.164145787612105978e-03 7.602750681678534066e-03 6.410399416611432637e-03 7.523764322466269458e-03 7.567764059545224048e-03 8.374708569968462857e-03 7.182053386747533179e-03 7.216349365294579682e-03 7.575736277897937750e-03 6.659234860108019516e-03 7.575736277897937750e-03 5.327258102084166287e-03 7.575736274396208461e-03 6.895477061346219454e-03 1.002541803085169048e-02 6.926891462581797644e-03 3.963633818441804173e-03 2.690980333356701552e-03 7.575736277897937750e-03 7.067953089088796319e-03 7.398365889927881016e-03 7.575648093991711914e-03 7.575735950987485916e-03 8.071530923137977889e-03 7.045993280602845174e-03 3.172010513562806278e-03 6.530523549747400264e-03 7.138386714572758640e-03 7.575736277897937750e-03 9.758196952676042452e-03 5.876314748826484864e-03 5.182950410689087309e-03 6.842563616154655366e-03 7.803798206467455791e-03 7.303619933209031662e-03 7.575736277897937750e-03 9.212847067763412640e-03 7.888356510354483514e-03 7.575736265408158573e-03 8.743276509128518337e-03 1.791331920888937111e-03 7.575328292870594192e-03 7.575736277897937750e-03 7.575736276935171425e-03 7.267618926453786946e-03 5.285845781794575211e-03 7.012690768872569154e-03 1.116897449446315436e-02 8.001556134636990739e-03 7.248692557826545528e-03 8.436518937966853982e-03 7.310640774839554691e-03 7.575735555273723811e-03 3.637126831863361255e-03 7.063556132817189886e-03 5.810881763386446450e-03 7.573803978982926455e-03 6.090277989174102714e-03 7.575735041474009231e-03 3.948660139704191462e-03 4.242572457593613185e-03 7.687164589819224514e-03
2.580313132843236289e-03 6.527516156791233343e-03 6.764459437707814014e-03 6.110168185505592681e-03 3.091530520097182655e-03 9.477271680683985525e-03 7.553364801985211659e-03 7.526672634310545805e-03 6.473252560681284906e-03 7.447047504680451117e-03 7.567379239701507720e-03 7.565868330566496817e-03 7.498097143481862251e-03 7.567375837687759753e-03 7.567379239701507720e-03 7.567379239701505118e-03 5.173519655934944068e-03 7.238371182781330390e-03 7.169202143107259069e-03 3.210176316354488961e-03 7.124033411853954688e-03 6.692705410901848319e-03 6.782376077396471727e-03 2.350683372270456761e-03 7.567379185014573920e-03 7.554818331874462410e-03 6.512478078551486860e-03 7.567379239701507720e-03 1.033481742698421323e-02 7.752305271440830883e-03 7.567372863547700522e-03 7.376387333566922222e-03 7.567379239701507720e-03 1.401555925766497998e-02 7.567150033475854819e-03 6.050197372712930177e-03 8.005960012894072428e-03 7.567379239701507720e-03 4.383651910774881422e-03 3.154920800242566950e-03 7.805101452851705840e-03 6.683722121563692720e-03 7.322311507874821809e-03 6.159828528233335550e-03 5.838944761647998569e-03 2.249305162870752356e-02 6.701874998073314126e-03 1.273429504894678897e-02 7.712798875257803610e-03 7.567379239701507720e-03 5.403483478114654362e-03 7.567379239647703537e-03 5.145960185954200593e-03 7.403215563025532762e-03 4.410635393775767625e-03 2.746734497710857145e-03 1.756351004396889282e-03 7.554488298228427892e-03 7.565713140456067735e-03 8.290476421061855269e-03 7.524978799459419547e-03 8.407060750128267715e-03 2.344970598046182929e-03 7.685705460739057290e-03 7.567379200276152379e-03 7.238758355678944281e-03 7.022352377845761558e-03 4.178189251031435777e-03 7.567374412172479282e-03 7.567378196803161046e-03 1.031044102683461618e-03 8.226090592224828343e-03 7.331803226481424345e-03 5.185057125288443543e-03 8.683189592281549338e-03 8.017321280381975446e-03 7.513361200378436584e-03 6.053135860337082244e-03 7.737854499546586995e-03 7.559415796350125484e-03 6.483014687890722300e-03 7.973597280166824439e-03 7.833901825101251964e-03 7.567379239701507720e-03 4.368856915385239785e-03 7.567379239701507720e-03 4.724663500584407733e-03 7.567379236203640794e-03 5.047651040004699427e-03 7.230592198623331419e-03 6.923717120822184962e-03 4.313504740957206304e-03 2.876394857082677399e-03 7.567379239701507720e-03 6.714707177766291585e-03 7.775228839967470926e-03 7.567291153074470929e-03 7.567378911586103950e-03 8.110062646658961968e-03 7.172047861761652460e-03 5.200651683140653132e-03 5.449737613923921753e-03 7.130511967554461865e-03 7.567379239701507720e-03 6.765860056915416233e-03 1.117275326749749475e-03 5.027207541179357086e-02 7.301645332278300198e-03 7.088530149871608184e-03 7.887944986527770097e-03 7.567379239701507720e-03 8.842178808971527804e-03 5.639482284564533744e-03 7.567379227225506585e-03 7.305806649667805422e-03 2.721936018933409154e-02 7.567066747099654607e-03 7.567379239701507720e-03 7.567379238740289636e-03 7.280182291414941283e-03 7.506092606823746433e-03 8.067955174223262471e-03 5.065055893682333596e-03 7.522522896357912610e-03 6.940005128558416475e-03 6.905156660333085922e-03 6.986360920193080207e-03 7.567378569174974118e-03 3.481746187694143187e-03 5.171099230242328856e-03 5.505103492782636651e-03 7.565390522761805160e-03 2.797862243351083127e-03 7.567378004641517678e-03 5.673546723812759526e-03 6.246046500754887966e-03 8.096520969048667110e-03
1.319156804148963018e-02 7.242898500656329980e-03 5.376966298990496808e-03 1.030414224224304211e-02 1.141017728441933755e-03 1.605950627488725649e-02 6.609281374145091481e-03 6.585941667305869086e-03 6.326987641472462016e-03 6.516123924214523022e-03 6.621534491744174994e-03 6.620172850590057279e-03 9.902381152931126126e-03 6.621531514948900306e-03 6.621534491744174994e-03 6.621534491744173259e-03 9.138240537507943267e-03 6.327702141341088292e-03 7.290554819255483203e-03 6.100735575039522435e-03 6.214118514341344067e-03 7.109581486458123149e-03 7.060739498241575506e-03 4.342881245695232213e-03 6.621534443894460352e-03 6.610589591309013954e-03 2.603992830464737628e-03 6.621534491744174994e-03 3.703946604653459308e-03 4.719641092911562238e-03 6.621528912544161552e-03 6.454414723435930416e-03 6.621534491744174994e-03 2.385865611661623295e-03 6.621333933851771165e-03 6.499373948425216097e-03 6.488888383007068716e-03 6.621534491744174994e-03 3.825178553762274142e-03 3.048131113906630153e-03 6.192867411344349544e-03 7.070201533537101568e-03 7.093640303137387602e-03 7.061820486051992828e-03 4.837374915010179792e-03 4.395030889077164611e-03 6.709064468775587618e-03 1.543804857890086930e-02 1.101513359017654986e-02 6.621534491744174994e-03 4.917123184782355889e-03 6.621534491697096333e-03 3.046071321040255166e-03 6.477889589992907524e-03 3.083536913573054015e-03 2.035822915939371203e-02 1.561390202392350882e-03 6.610254786577357371e-03 6.620103951866184409e-03 5.829151861330966050e-03 6.647713017430009232e-03 4.634950948052343755e-03 2.320186678669984917e-03 6.730302010507998624e-03 6.621534456331759806e-03 6.333997138385572163e-03 7.808508396150290118e-03 2.911215571308627126e-02 6.621533664290244967e-03 6.621533579197784111e-03 9.760118830465338777e-03 6.697244439412828806e-03 6.913371441492773516e-03 4.304413311833938001e-03 4.313056668624437942e-03 8.130584733850662257e-03 6.575500034750654359e-03 5.905233044435264679e-03 6.543915115293787513e-03 6.614566407529352821e-03 9.263363459743363323e-03 6.268459124878006036e-03 7.569270022490189737e-03 6.621534491744174994e-03 9.540156942551792849e-03 6.621534491744174994e-03 7.076865714494747980e-03 6.621534488683793185e-03 8.322956565597800643e-03 7.554196844207549354e-03 6.057856996331227942e-03 1.766261670506488746e-03 2.708091073667326723e-03 6.621534491744174994e-03 6.794472337497555262e-03 6.362500377932209933e-03 6.621457415045526457e-03 6.621545512222077635e-03 5.820318776556010140e-03 6.810022308985932103e-03 8.355459621180214014e-03 6.739932396674397884e-03 6.267659271632401545e-03 6.621534491744174994e-03 6.131824634415306008e-03 1.220325240560128296e-02 9.872697717695866435e-04 6.661549733559596863e-03 6.137400282766262115e-03 6.648654952557567915e-03 6.621534491744174994e-03 6.982689649101570493e-03 5.768556764398857784e-03 6.621534480827546282e-03 6.739079075084456263e-03 1.895149887153924420e-02 6.621173279510172982e-03 6.621534491744174994e-03 6.621534490905716351e-03 6.377668258914051189e-03 6.334308955309538372e-03 6.248218494480310692e-03 6.926361710756840338e-03 6.130128538172129569e-03 6.706453460801015641e-03 9.380226844904086120e-03 5.319815663960157995e-03 6.621533939679197060e-03 6.344617093138846253e-02 5.837892859964916893e-03 7.243234655382277398e-03 6.619771900826175795e-03 6.132659770064867281e-03 6.621533411054008299e-03 8.795766616357322820e-03 6.616522001904790243e-03 5.907004238016032652e-03
4.049497457922890571e-03 5.316044804996060934e-03 5.843776191016641919e-03 1.056012020114014544e-02 1.314816567551116248e-03 4.203805764954325272e-03 6.630009174323187038e-03 6.606731227926231076e-03 7.733665002788475858e-03 6.546361789931360448e-03 6.642303195877164758e-03 6.640982540280201789e-03 3.977204339150931973e-03 6.642300209743508439e-03 6.642303195877164758e-03 6.642303195877163023e-03 4.331331292588574793e-03 6.373948871646574303e-03 7.451448257565476165e-03 4.162775120080573592e-03 6.195097711774696578e-03 6.482514467253557011e-03 7.531937692438529959e-03 3.341839879523144513e-03 6.642303148624354586e-03 6.631314846129059311e-03 2.947096289134920177e-03 6.642303195877164758e-03 9.638291922328200145e-03 7.087507679789574293e-03 6.642297599177792583e-03 6.474659846822293507e-03 6.642303195877164758e-03 3.979377940085427126e-03 6.642102008927021871e-03 8.085994663090411566e-03 6.468997389471418426e-03 6.642303195877164758e-03 2.986540908877696830e-03 6.504580569317353934e-03 6.613417181489208117e-03 7.360572579681524258e-03 7.486730981182051874e-03 6.916808384722542870e-03 9.354263347084433924e-03 5.220000874913062819e-03 7.355221941439909865e-03 1.471134155152305093e-03 7.178755762954536560e-03 6.642303195877164758e-03 1.968822063656036972e-02 6.642303195829964667e-03 2.897404777190056794e-03 6.498207746225195119e-03 5.311782384296763818e-03 2.790506989335790698e-03 1.551518168402086107e-03 6.631113242948931050e-03 6.640949099873024938e-03 9.174581905253291828e-03 6.611880769594035735e-03 2.917165804257782543e-03 4.551632362783987647e-03 6.837877935767420166e-03 6.642305527196815974e-03 6.353854675492481320e-03 7.377374745850892243e-03 4.909148410802599734e-03 6.642298952438074194e-03 6.642302282901140983e-03 9.817497309343965750e-02 5.801036749628247363e-03 5.431711374881232485e-03 4.700930455097542850e-03 6.206618927424099007e-03 9.177575218766739415e-03 6.594889281148454824e-03 6.706567943705517461e-03 6.047773832489985145e-03 6.635315517400571309e-03 8.606087719668097796e-03 6.224755378965814677e-03 6.600045066388153352e-03 6.642303195877164758e-03 8.681116432358401691e-03 6.642303195877164758e-03 1.018129935563007356e-02 6.642303192806902831e-03 3.993340539905364077e-03 5.498468517699257006e-03 6.073212190766758001e-03 1.738494298032491545e-02 4.100597562741300703e-03 6.642303195877164758e-03 8.326868073006253243e-03 6.541354451886886509e-03 6.642225877427947872e-03 6.642302933943111318e-03 5.990355565858063690e-03 7.672547256128916734e-03 5.722205149161995429e-03 6.603587212034544608e-03 6.261380958692250136e-03 6.642303195877164758e-03 9.233364982405109500e-03 6.183998880786469379e-03 6.010003746066313636e-03 8.820523478719364749e-03 7.034676020033298061e-03 6.718013338875342827e-03 6.642303195877164758e-03 8.855323154017569545e-03 7.828442453093486034e-03 6.642303184926295206e-03 5.664489746377660180e-03 1.477394694523318820e-02 6.641946039738309132e-03 6.642303195877164758e-03 6.642303222401992231e-03 6.362360084521878276e-03 7.595759675246667279e-03 7.900910451692054123e-03 7.198810410201443924e-03 7.283662345496606794e-03 7.485077204633382858e-03 8.958393831704609955e-03 6.058028814355616819e-03 6.642302562934590537e-03 3.611378948088631632e-03 6.668215358399477537e-03 6.148652901646472872e-03 6.641385830900440983e-03 2.969374552546566546e-03 6.642302111797370942e-03 8.030046294045339178e-03 1.049150389732947906e-02 7.109560978012630962e-03
1.731617692288817166e-03 8.584771852891822860e-03 7.857510210464511979e-03 6.781393104637033556e-03 1.002835195547307004e-02 5.270131704505131263e-03 8.193645998411016457e-03 8.182013495487220830e-03 5.699713331342147644e-03 8.078072917673392514e-03 8.208871805352267043e-03 8.207182203781623886e-03 8.461402427662082643e-03 8.208868114947195233e-03 8.208871805352267043e-03 8.208871805352265308e-03 4.534624691549053385e-03 7.848159317304176374e-03 8.345733768220439663e-03 4.103201892450148401e-03 7.635999148950590662e-03 6.837764122910517349e-03 7.174542089703986325e-03 5.654249208121824542e-03 8.208871746030877228e-03 8.195278106921791150e-03 7.396713475615959016e-03 8.208871805352267043e-03 7.134889448791627287e-03 5.453485141617593623e-03 8.208864888686991795e-03 8.001690676220406598e-03 8.208871805352267043e-03 5.989305458570045107e-03 8.208623169314799989e-03 7.181035207749130074e-03 7.997381196136276946e-03 8.208871805352267043e-03 3.645725393267825690e-03 2.385173136451933067e-03 8.263944562516290990e-03 8.582839827950930131e-03 8.081634343028460538e-03 6.643431660729186630e-03 6.643348820182090955e-03 2.698611088717579355e-03 8.241863526635312062e-03 9.331541687476269109e-03 6.152589385765011923e-03 8.208871805352267043e-03 3.378605251443143019e-03 8.208871805293902271e-03 3.652742366532114177e-03 8.032565649634802740e-03 8.011896803389973593e-03 2.978882810031668014e-03 3.227750285822196356e-03 8.194888108099910098e-03 8.207048489405507213e-03 8.060247328036751827e-03 8.160802592386148802e-03 4.707315592293806993e-03 1.495016407222520948e-03 8.527912558178753558e-03 8.208871761374685050e-03 7.852780948747395059e-03 6.587228785659598670e-03 5.971807403764863541e-03 8.208866553455401727e-03 8.208870674046624127e-03 1.932913170991518333e-03 8.400376321776970717e-03 8.760146222974857233e-03 7.629015210888564699e-03 4.838295236497876239e-03 8.073846739680696008e-03 8.150411257750980049e-03 8.546254942464789894e-03 8.466661114734876439e-03 8.200233296742728828e-03 7.693828339479551887e-03 8.359600999661974743e-03 8.675255558389679753e-03 8.208871805352267043e-03 9.386661521597077298e-03 8.208871805352267043e-03 4.357257687612989781e-03 8.208871801557883832e-03 6.451265170210066825e-03 5.009119821234655177e-03 7.586702856384628865e-03 1.522780727440964724e-02 2.973990079138373079e-03 8.208871805352267043e-03 7.182138290169832844e-03 8.576774865070090764e-03 8.208776251563472404e-03 8.208871449682448793e-03 8.909638198054615349e-03 8.025510554436027927e-03 2.307807048531682753e-02 9.220566756402438216e-04 7.734974699706164032e-03 8.208871805352267043e-03 7.522454737902020336e-03 2.348008298280024331e-03 4.739519941281619686e-03 8.286655804988040178e-03 7.781328489025764877e-03 8.570009024583043894e-03 8.208871805352267043e-03 6.034615340853564242e-03 5.708826024512005451e-03 8.208871791818665720e-03 8.562256004653705233e-03 8.029208105106034471e-03 8.208422737564750535e-03 8.208871805352267043e-03 8.208871804307585340e-03 7.850153005417789820e-03 8.105894832065576802e-03 9.049037337764022706e-03 1.087986472560796558e-02 5.965208514675383530e-03 6.839829379957130390e-03 8.445834783097339732e-03 7.333723633813065725e-03 8.208871022336413498e-03 4.524974612800159758e-03 8.829642182073795670e-03 9.228104221196737136e-03 8.206760716604913006e-03 4.131740534011859971e-03 8.208870465595291543e-03 5.858713175237284521e-03 3.526812060963905194e-03 8.157493756533049784e-03
4.184872656290658174e-03 7.334588892299457805e-03 6.075988532066225328e-03 4.221375130494123620e-03 7.285812892101174720e-02 8.649316432419902612e-03 6.868086317033592764e-03 6.847435924724910167e-03 9.045973518613628292e-03 6.773563345478690600e-03 6.880656356792916144e-03 6.879241862966220533e-03 8.899714564140572340e-03 6.880653263505024687e-03 6.880656356792916144e-03 6.880656356792914409e-03 7.206111487561921679e-03 6.647839636843967323e-03 6.093329401391430269e-03 1.664097263281533873e-02 6.402574361683191495e-03 7.758664889650480206e-03 7.096918343577622752e-03 4.746837469756536032e-03 6.880656307637037124e-03 6.869499449396351126e-03 2.991319986749949641e-03 6.880656356792916144e-03 5.095787589883149331e-03 7.833952640877410098e-03 6.880650559260929541e-03 6.706997369962292704e-03 6.880656356792916144e-03 2.594658199887740161e-03 6.880447950427471572e-03 6.559289093394865891e-03 6.870869156937745720e-03 6.880656356792916144e-03 3.089546127338259167e-03 3.017589797827947579e-03 7.241332515880035368e-03 7.953568001190677167e-03 7.228787066976596551e-03 7.341397475105565507e-03 4.990585436130034504e-03 5.680009553064050039e-03 5.834196523283837095e-03 6.599096785123547380e-03 4.458903164836850071e-03 6.880656356792916144e-03 7.003372823925226552e-03 6.880656356743994340e-03 4.869776444953052841e-03 6.731390181952357984e-03 8.511309225904801698e-03 3.523270547229093858e-03 1.666574934251318502e-02 6.869013111275338972e-03 6.879144976576104936e-03 3.973599809017676170e-03 6.847416509928707165e-03 6.076188687367371083e-03 1.219294790926111517e-02 7.100181624283588046e-03 6.880656319930932192e-03 6.589784458569642768e-03 6.035383792464564523e-03 5.546099008996372738e-03 6.880651964027809618e-03 6.880655408535281403e-03 3.413255865070803207e-03 6.359494490554186939e-03 8.215700716930835271e-03 5.025455350346618756e-03 3.824337172533049615e-03 6.499654427157990078e-03 6.832218817100155911e-03 7.885826692506143001e-03 6.601129240218319913e-03 6.873415645115553765e-03 8.666310155921059036e-03 6.482894177761849841e-03 7.581421260107207988e-03 6.880656356792916144e-03 7.203065033300932139e-03 6.880656356792916144e-03 5.015844277494818995e-03 6.880656353612473256e-03 1.234878328478168988e-02 5.741669670016378776e-03 6.292215649056109514e-03 1.776101010870454258e-02 8.146928825382922928e-03 6.880656356792916144e-03 7.504820577907214858e-03 6.728979171525663848e-03 6.880576263833761488e-03 6.880656060044418841e-03 7.841895976743331817e-03 7.402533281180837497e-03 3.806577813717599169e-03 1.264850145438988459e-02 6.492195295937465589e-03 6.880656356792916144e-03 6.870199870681383339e-03 2.629380122060402322e-03 4.078332638305520036e-03 5.912513813391369333e-03 6.366259736013911257e-03 6.628539785222540767e-03 6.880656356792916144e-03 7.229208112883378848e-03 4.898501010363038970e-03 6.880656345449084887e-03 7.769538285471065502e-03 3.772612029351393118e-03 6.880392974041373531e-03 6.880656356792916144e-03 6.880656355917621515e-03 6.622920766372767352e-03 5.037807463159192471e-03 8.424634663434342474e-03 7.068497830974446346e-03 7.078554374838255843e-03 7.910603748139772781e-03 8.418670772167778996e-03 5.648036500990368490e-03 6.880655700470053766e-03 9.006414601217684057e-03 5.738961329534560118e-03 5.990156149658014233e-03 6.878819000770651330e-03 9.453944645495966290e-03 6.880655233811879858e-03 5.393561604658947753e-03 3.197747077822155753e-03 7.637434871115546253e-03
2.309417098646879968e-03 7.634908389325338607e-03 8.001797554462973527e-03 7.876011459336855480e-03 4.051471605475873497e-03 1.186204853442000308e-02 7.698513025038592437e-03 7.671374843189969137e-03 1.105976793872828767e-02 7.603059923530101037e-03 7.712825107043496005e-03 7.711237663208712900e-03 9.534124478148520501e-03 7.712821810665899773e-03 7.712825107043496005e-03 7.712825107043494270e-03 3.925858031936838542e-03 1.698544439857967506e-02 7.944024881628880194e-03 2.743584589106072384e-03 7.179045390664235554e-03 6.081295296751766839e-03 8.722644537791330449e-03 4.819555447983348007e-03 7.712825051305425596e-03 7.700076510735748107e-03 2.953192495461723615e-03 7.712825107043496005e-03 7.232648548342109074e-03 7.090278610565495070e-03 7.712818608545834141e-03 7.518162308020954337e-03 7.712825107043496005e-03 9.035845814795597994e-03 7.712591495340716773e-03 1.135367743605713436e-02 7.598027956093884004e-03 7.712825107043496005e-03 3.192941634565166394e-03 2.706011660701383714e-03 7.827260845610334306e-03 8.695609153934852689e-03 6.797880433471189567e-03 8.970688106772938680e-03 8.452695339828297100e-03 8.641002847765959921e-03 6.886418220565744541e-03 4.806180972628963655e-03 9.107363892368257677e-03 7.712825107043496005e-03 4.861698748195862271e-03 7.712825106988657926e-03 3.377752281752892209e-03 7.545506186314876289e-03 1.558556466294099907e-03 2.556593519788378371e-03 1.828780808340207606e-03 7.699686414264047402e-03 7.711199007450747663e-03 1.226061280842484502e-02 7.721343441539416444e-03 4.479429092535045648e-03 1.119297792395682577e-02 7.765944587600806005e-03 7.712825065742506467e-03 7.377888651479144050e-03 7.291531917097323831e-03 5.654057484981866825e-03 7.712820167835381449e-03 7.712824044626313998e-03 4.405670463731145049e-03 7.387296201152449525e-03 8.114815312453494550e-03 1.044996932408048980e-02 6.185911832090482121e-03 9.015900699793225406e-03 7.657768524443028628e-03 6.296980564323735943e-03 7.396593251036438950e-03 7.704708623045451385e-03 1.048230310028589081e-02 7.558447451353631809e-03 6.855164032716938062e-03 7.712825107043496005e-03 4.089582202467891003e-03 7.712825107043496005e-03 3.852156656428784402e-03 7.712825103478406809e-03 1.284097290308050185e-02 3.792184473012338158e-03 7.053735264555228632e-03 1.208397042703015893e-02 4.043836929285738076e-03 7.712825107043496005e-03 8.499430166116652210e-03 7.383622745791289244e-03 7.712736864233662483e-03 7.712824777113086623e-03 7.821654877752217197e-03 8.492939247425277879e-03 1.259687937208286458e-02 3.016049154809513546e-03 7.267561554558167256e-03 7.712825107043496005e-03 6.923949352845116395e-03 2.678254969745271635e-03 2.047766206798060356e-03 7.234211672960362723e-03 7.995719619835237046e-03 6.888727527183636894e-03 7.712825107043496005e-03 8.475010850438604790e-03 6.052428921290992601e-03 7.712825094327704911e-03 9.909566172797250327e-03 3.918546573895795651e-03 7.712462567282921816e-03 7.712825107043496005e-03 7.712825106062104821e-03 7.394224674169472440e-03 9.533897374892658094e-03 7.616734633417161608e-03 7.280415030747452478e-03 7.220958374878601663e-03 8.404411029139914960e-03 8.108501733818475332e-03 7.718072572502180512e-03 7.712824371342831553e-03 3.630386874638489875e-03 9.294369870820613777e-03 7.206115303253052794e-03 7.710774945892898830e-03 3.686179536571524990e-03 7.712823848245515222e-03 7.198954800313205060e-03 1.320941482273702353e-02 7.780368508555107927e-03
6.965263958139742209e-03 7.562851142146759416e-03 9.852906117192953075e-03 8.147076065180652166e-03 5.062367535171501641e-03 8.502079611851032573e-03 7.698993476855157253e-03 7.630927252281867294e-03 1.080903181897479616e-02 7.899907391901477699e-03 7.669956514857682005e-03 7.668524333301774548e-03 5.380974970485633002e-03 7.669953066733217230e-03 7.669956514857682005e-03 7.669956514857679403e-03 8.618772602279821740e-03 7.599207555462375065e-03 7.027034033084609416e-03 8.847187736814624785e-04 7.643243483176332363e-03 7.277462344765294605e-03 7.260633295857225715e-03 6.361579080190510500e-03 7.669956459429497393e-03 7.657225851232236750e-03 2.917992039957415743e-03 7.669956514857682005e-03 9.650260182514521640e-03 3.716639875269061970e-03 7.669950052274021948e-03 7.476375669597770841e-03 7.669956514857682005e-03 9.639833220314376547e-03 7.669724201591954227e-03 6.106896110530014507e-03 7.832542969851946646e-03 7.669956514857682005e-03 3.368972970892390381e-03 2.383042039484811400e-02 7.907652611735248652e-03 6.665485804081673279e-03 8.586851235291657197e-03 7.304599243980968402e-03 7.517307289862555815e-03 6.341355008415586712e-03 6.487319973841437250e-03 1.378023666435251307e-03 7.883379881065787423e-03 7.669956514857682005e-03 8.127079765536565290e-03 7.669956514803148370e-03 3.588822269304437016e-03 7.503567568199973233e-03 5.300312788070406407e-03 2.736204627089278835e-03 5.337770970345170028e-03 7.656891023485419209e-03 7.668253135603560373e-03 4.799190370069456035e-03 7.650425715306620120e-03 6.165397253243090972e-03 4.080151906311414549e-03 7.553181999312469537e-03 7.669956473787446251e-03 7.342215856722711896e-03 1.095173180117130045e-02 5.537034083771203222e-03 7.669951615847884346e-03 7.669955458176470724e-03 7.715019095916218587e-03 7.604448306823037226e-03 7.300953584731716822e-03 5.016382174997699277e-03 9.077904901886582265e-03 7.934355689727405972e-03 7.615247605747289469e-03 1.011581662893346230e-02 7.449688862414796144e-03 7.661885125830767036e-03 7.033262244661159582e-03 7.371991769728503639e-03 6.619846584509378809e-03 7.669956514857682005e-03 5.018917366958895905e-03 7.669956514857682005e-03 5.705687799297433881e-03 7.669956511312400749e-03 8.577651918713834547e-03 5.617865360316647710e-03 7.300681006522796029e-03 2.334528305257602826e-03 4.492831080569628308e-03 7.669956514857682005e-03 7.116546546586321846e-03 7.841459019496958144e-03 7.669867234198839492e-03 7.669956182403359253e-03 6.567282132328724174e-03 7.313792397229203907e-03 9.775137110331908255e-03 2.167210468950498369e-03 7.227426693623866145e-03 7.669956514857682005e-03 7.801980142531727766e-03 1.985592792657987857e-03 4.056323058279105720e-02 6.914958625989035476e-03 9.149756526435291401e-03 7.640076283323415929e-03 7.669956514857682005e-03 7.856452025025568303e-03 6.732279584531543695e-03 7.669956502212566148e-03 6.734342386520022518e-03 3.159626186886250413e-03 7.669652832364215640e-03 7.669956514857682005e-03 7.669956513883175071e-03 7.601043115822088934e-03 5.293313009757871605e-03 7.746591332986488797e-03 6.928820428710489449e-03 1.045851413023426817e-02 6.166020872595807598e-03 5.832861978674693318e-03 5.885599538373874166e-03 7.669955783246144160e-03 4.645478657563320395e-03 8.388165563150890014e-03 7.670773755655053809e-03 7.668024226452313345e-03 5.560465446001793335e-03 7.669955263056220038e-03 2.016195880664380102e-03 4.150659941161478732e-03 7.326341869698258825e-03
3.170605204927922673e-03 9.514112855707768449e-03 8.073606735072113086e-03 8.520203701601032978e-03 1.049600527956462111e-03 4.193017802868354536e-03 8.380767677546004449e-03 8.351759467783525723e-03 6.339535969812921251e-03 8.262662386866759592e-03 8.396330409840046041e-03 8.401667227158893941e-03 8.609240695344000036e-03 8.396326635160520496e-03 8.396330409840046041e-03 8.396330409840044307e-03 6.506098918195885733e-03 8.086581954177413101e-03 7.329337211486783819e-03 2.639274740329817463e-03 7.824477301769168502e-03 7.014832557937106597e-03 8.826658341781519132e-03 4.620687869628505549e-03 8.396330349200098117e-03 8.382392757770931735e-03 3.561114272601718748e-03 8.396330409840046041e-03 4.665843267716723169e-03 5.536887947735808987e-03 8.396323335225122642e-03 8.184418516575451413e-03 8.396330409840046041e-03 1.994936195030301042e-03 8.396076095627872521e-03 6.356465839370570824e-03 8.767882030945670785e-03 8.396330409840046041e-03 4.029987469911354252e-03 2.900234602432499083e-03 8.404088354863937377e-03 8.521116811457490198e-03 7.491456518460717570e-03 8.911693406517762206e-03 9.234274983887843374e-03 1.163172953129583062e-02 7.707668839222039936e-03 7.758580657701462033e-03 5.522396170038253171e-03 8.396330409840046041e-03 6.122650277793749256e-03 8.396330409780349002e-03 3.725340117472960341e-03 8.214183800425503557e-03 1.341928546207214051e-03 3.201009471358779151e-03 5.972746657759771260e-03 8.382027639681099984e-03 8.394519806012171528e-03 3.741900142208576772e-03 8.370826026851536233e-03 3.621312138573883933e-03 3.274997498477417307e-03 8.496489775983729828e-03 8.396330364858142423e-03 8.032496936469988441e-03 7.166726860600263795e-03 1.032702241228718697e-02 8.396325034549397687e-03 8.396329252699797838e-03 1.726497268702724061e-02 8.921795763143424915e-03 9.119572641036641572e-03 5.447213329005827151e-03 7.636714705136303689e-03 6.259224139877623237e-03 8.336525696038911415e-03 5.986971080518308820e-03 9.273034736467830608e-03 8.387501742589221349e-03 6.716710943661883745e-03 8.183954746185854653e-03 7.608970079015988687e-03 8.396330409840046041e-03 2.958971337134491241e-03 8.396330409840046041e-03 4.401501181326718769e-03 8.396330405959015128e-03 3.935624936445770300e-03 7.297616487303609616e-03 9.185132353846667611e-03 1.135658599217277036e-03 5.442291824637457420e-03 8.396330409840046041e-03 8.570552832523161899e-03 8.582268629685372088e-03 8.396232673965090335e-03 8.396330049137507023e-03 9.665697874702994935e-03 8.213465021989066472e-03 8.004853567782724624e-03 4.240599698857883300e-03 7.911663117205085249e-03 8.396330409840046041e-03 7.834707219455396346e-03 3.211072185632295184e-02 2.808863738045164898e-03 6.798551194852175961e-03 6.236650264434511447e-03 7.418198965199811548e-03 8.396330409840046041e-03 6.121853158818192121e-03 6.003871212691709765e-03 8.396330395997389853e-03 9.358998637204775373e-03 2.619964712500456872e-03 8.395872502233564169e-03 8.396330409840046041e-03 8.396330408775281445e-03 8.110630974178623803e-03 6.143582634768976827e-03 6.966468055181391540e-03 8.115059871545829417e-03 6.293007154769750602e-03 5.917475444623801484e-03 7.424223859450543479e-03 5.841635329658935102e-03 8.396329608942137285e-03 3.824481672107347442e-03 8.733532078080512989e-03 1.106245782252223905e-02 8.397104206693312492e-03 1.736279298905808385e-03 8.396329039495310786e-03 1.873987391083502523e-03 6.828680670798256518e-03 9.573125504563377228e-03
3.606615134824894386e-03 8.702393346736418331e-03 7.632202031162375021e-03 7.365325449124738091e-03 2.917654244149026771e-02 1.815320311322879757e-02 7.464424728685269995e-03 7.437879699062451694e-03 5.699022169948088357e-03 7.359741996760342173e-03 7.478104788243199186e-03 7.476953794136236529e-03 7.886434411654324669e-03 7.478101426365153272e-03 7.478104788243199186e-03 7.478104788243196584e-03 9.378984947608758754e-03 7.187891897196086594e-03 6.479895472394377361e-03 1.858957841434748237e-02 6.956161084360655382e-03 6.485022440498177873e-03 7.761728261808356101e-03 1.419854772709434367e-02 7.478104734202478503e-03 7.465691744597353387e-03 5.185117536541676043e-03 7.478104788243199186e-03 7.539718297357988000e-03 5.145434918312360127e-03 7.478098487310630080e-03 7.289366059088010774e-03 7.478104788243199186e-03 8.499266362132187197e-03 7.477878286080110425e-03 5.936990001523719147e-03 7.520152288215654034e-03 7.478104788243199186e-03 1.890655242424033045e-02 2.214351138482916360e-03 8.147466262399946299e-03 8.315914236637302406e-03 7.493978811841842981e-03 8.056188969213621404e-03 8.037366540966503145e-03 3.341868764601019660e-03 6.525378265534043619e-03 7.504907093085344885e-03 3.906507800915523174e-03 7.478104788243199186e-03 6.158150699301375743e-03 7.478104788190029911e-03 3.248026134966624026e-03 7.315877795552577952e-03 3.912528502521105643e-03 3.556064170506436500e-03 1.799198943224493419e-03 7.465365923805249160e-03 7.476451610146970551e-03 8.891057961217738170e-03 7.454215829401860706e-03 4.491687277905882618e-03 1.286288011301876116e-02 6.854499646838398824e-03 7.478104748205239259e-03 7.171633516845282025e-03 5.082859798462240238e-03 3.180003026293710088e-03 7.478100117513080541e-03 7.478103763953480171e-03 1.088732566424854744e-03 7.471715975666579947e-03 9.222670009451851281e-03 6.631523244129979532e-03 5.699462433640179945e-03 5.544481778279501151e-03 7.424752110286196582e-03 5.918534119324998267e-03 7.369341285926311880e-03 7.470235292147651973e-03 7.368998479678048885e-03 6.680137316908148215e-03 6.165542904094232189e-03 7.478104788243199186e-03 8.381207761045042851e-03 7.478104788243199186e-03 1.101227847304108755e-02 7.478104784786599596e-03 6.350312835990493295e-03 8.441392457250278258e-03 7.023556732075318144e-03 9.584996593229111808e-04 5.280118885301290921e-03 7.478104788243199186e-03 7.414900439741244596e-03 7.664684927659929509e-03 7.478017740797608150e-03 7.478104527178501548e-03 8.756356067370404256e-03 8.539366787566520303e-03 9.774866987490669207e-03 2.666390361325133695e-03 7.046543753392773245e-03 7.478104788243199186e-03 6.677299063497228564e-03 1.341127019974649873e-03 1.979250612114893167e-03 6.043601482668468569e-03 7.194340911690799700e-03 7.358645798840600903e-03 7.478104788243199186e-03 1.002588160909797382e-02 8.629567297750396701e-03 7.478104775914380664e-03 1.037777523139056871e-02 6.813480027363296755e-03 7.477696422874045498e-03 7.478104788243199186e-03 7.478104787293301040e-03 7.156584531639886317e-03 6.787660143384771118e-03 7.108043943953898207e-03 5.237267307478365129e-03 6.490579116583750259e-03 5.915056867701080391e-03 8.985351630382797106e-03 6.624507535516644882e-03 7.478104075036609913e-03 3.689912247652148408e-03 5.374204924118164417e-03 6.493738493767461581e-03 7.476942122090396263e-03 1.004569890653419714e-02 7.478103567753549737e-03 2.955294762075814582e-03 5.633411100943390426e-03 8.402607358821799835e-03
