1.540715211663673753e-06 3.160720503807735310e-02 8.177490716661047279e-03 3.520238133894202444e-05 5.804699185748932210e-05 3.167921909126037447e-04 1.000120296526443788e-06 1.000133766073277296e-06 3.021940164084521013e-03 1.000037834124061082e-06 9.999999999999999547e-07 1.000000000414234430e-06 5.982815700946372828e-04 1.000000000034676425e-06 9.999999999999999547e-07 9.999999999999999547e-07 1.321936008077153864e-03 1.000215139010413993e-06 2.778860185301999450e-02 2.903815654033571598e-05 1.001771240120469209e-06 7.617182178178868697e-04 2.361725084011382508e-02 9.131037392967072020e-05 1.000000000000079576e-06 1.000000141684588058e-06 1.643690876768232173e-06 9.999999999999999547e-07 1.685946946778005186e-03 4.964532275491743224e-06 9.999999999999999547e-07 1.000000000732909824e-06 9.999999999999999547e-07 1.582466540726451299e-06 1.000000000000000590e-06 5.679551781188418337e-03 6.451770174626310361e-02 9.999999999999999547e-07 1.176609104406888242e-06 7.700279759453776456e-06 6.766232809798009007e-02 7.458127579855661909e-03 2.610630266368504579e-02 8.821524321437995003e-03 3.516916633192407392e-04 3.645202426046356806e-05 3.605371095794498212e-03 1.964282215752495122e-05 7.848963313244476832e-04 9.999999999999999547e-07 7.554005079107775109e-06 9.999999999999999547e-07 4.305596035983317191e-06 1.000000000000038918e-06 1.872402805640700942e-05 2.984438970862136687e-06 1.040178705489104089e-06 1.000000046145628167e-06 1.000017649372843282e-06 2.179205024043382388e-04 1.000032126916157213e-06 3.655941554922648531e-04 5.242606751293323306e-06 8.649802048982146996e-02 1.000000000000002708e-06 1.000072224916726185e-06 7.216273777204941509e-03 1.770695411572079003e-05 1.000000001001875395e-06 9.999999999999999547e-07 1.350188920776558728e-04 1.130897127614854530e-01 2.552471754073835225e-02 3.579489273750690298e-06 7.094292690403887361e-05 4.967864741400962111e-03 1.000000007432473510e-06 5.057104234987880483e-03 1.253307922038127964e-01 1.000000004515689933e-06 1.298999615218967684e-03 4.388747556101592340e-02 5.664019933244955445e-03 9.999999999999999547e-07 1.887799100658953404e-04 9.999999999999999547e-07 3.983691553003114363e-04 1.000000000000019013e-06 4.979794174080140744e-05 5.052539156607638955e-04 1.000036066411538075e-06 4.332722981854220817e-05 2.189988392524546780e-06 9.999999999999999547e-07 2.021075070555637676e-02 8.397344719825956816e-02 1.000000000088262482e-06 1.000000000001191095e-06 1.141047715236478185e-03 1.135525834553018087e-02 1.595694179620054697e-05 1.855847610907313222e-04 1.000000848761797994e-06 9.999999999999999547e-07 1.001091722788563612e-06 2.084620953082706842e-06 5.975650601978318051e-06 2.169496366150987232e-02 3.076427397974248676e-02 4.672423904955346624e-02 9.999999999999999547e-07 5.493893958498266561e-03 1.218665625548248221e-06 9.999999999999999547e-07 1.261576314210394872e-02 7.768348808784623048e-05 1.000000306802391564e-06 9.999999999999999547e-07 1.000000000000034260e-06 1.003934906560624876e-06 2.192536527552711506e-05 1.346370780260704950e-03 2.604856500190002276e-03 6.819425167026450449e-03 2.550565113047937194e-03 2.741597565407719473e-03 2.512048537593703184e-04 1.000000000000013296e-06 1.329309338628752256e-06 5.294824452929260128e-03 2.840223725217421932e-03 1.000015795295827074e-06 2.019621446469698595e-04 9.999999999999999547e-07 3.721157910942653695e-05 6.091093142475277784e-04 3.575897212115545371e-02
1.550991651261988085e-06 3.200288940428750589e-02 1.296425025315705790e-02 7.467746801042261535e-05 5.039935171426312461e-05 4.078863886551116111e-04 1.000009043508402134e-06 1.000000622352526524e-06 4.664326964493496243e-03 1.000292164704313964e-06 9.999999999999999547e-07 1.000000004539373821e-06 8.243117421969326994e-04 1.000000000000042730e-06 9.999999999999999547e-07 9.999999999999999547e-07 7.505611678310834074e-04 1.079981648846223775e-06 2.644613285333246439e-02 1.510075193466175871e-05 1.061892222857791220e-06 7.918400840370422257e-04 2.752572296484559478e-02 8.492345321029070725e-05 1.000000000009907064e-06 1.000000007446822248e-06 1.197512680085819699e-06 9.999999999999999547e-07 2.669188003216329836e-03 7.232825801196317160e-06 9.999999999999999547e-07 1.000000000000498645e-06 9.999999999999999547e-07 1.115946163509092508e-05 1.000000010278093825e-06 6.912287019464316042e-03 6.229086743030258499e-02 9.999999999999999547e-07 1.284752937808854869e-06 1.333865452294300249e-05 6.938585318435371019e-02 7.102492213264724637e-03 2.158513651616309620e-02 1.112646870501556896e-02 4.539607232873534557e-04 5.957166159408369899e-05 4.138002152886462170e-03 1.508203011666859597e-04 6.566064257481665474e-04 9.999999999999999547e-07 1.714024172790115251e-05 1.000000000000000590e-06 1.293850661634629984e-06 1.000000000000000378e-06 1.461701186507240706e-05 1.290250235622489762e-06 1.000824737117251875e-06 1.000000001121405508e-06 1.000030132612911973e-06 2.848236046131097073e-04 1.002053052694679735e-06 3.191678811182952717e-04 6.207495725590375951e-06 7.606993940441481028e-02 1.000000000000336439e-06 1.001398679813058488e-06 1.253797574877015333e-02 2.085746344236900815e-05 1.000000000595085705e-06 1.000000000009774503e-06 7.405121755957662099e-06 9.522860645136640989e-02 2.904330466951909537e-02 1.013287350516177814e-06 1.882981646142367030e-04 4.481255897042461106e-03 1.000014582944619313e-06 7.877832454124118061e-03 1.146747501629552524e-01 1.000000000113615237e-06 1.376357646617351604e-03 4.004605243470230058e-02 7.563253839526717925e-03 9.999999999999999547e-07 2.666925344884072692e-04 9.999999999999999547e-07 4.405416026443984912e-04 1.000000000000000378e-06 5.339962574881911570e-05 6.951630590771039385e-04 1.001980511714384230e-06 8.563810118961336538e-05 1.616157529644623702e-06 9.999999999999999547e-07 2.133237116011999293e-02 8.559403903449641637e-02 9.999999999999999547e-07 1.000000007197706682e-06 1.750498186800869115e-03 8.660687993490278139e-03 1.201266101326837235e-05 1.748171955421716104e-04 1.005910597291647612e-06 9.999999999999999547e-07 1.020757518884444367e-06 5.004825417428416503e-05 3.366023004025160749e-06 2.056843124079717547e-02 4.501420631689373453e-02 4.139883672697985267e-02 9.999999999999999547e-07 5.618290913264997223e-03 1.504037704833692916e-06 9.999999999999999547e-07 1.658198768845146540e-02 3.965532548992015143e-05 1.000000459947273611e-06 9.999999999999999547e-07 1.000000000000030448e-06 1.005028020981360208e-06 3.028630185526606797e-05 1.532167598729295387e-03 3.186922527562680626e-03 1.138221904630248339e-02 2.600077307099233747e-03 2.973662493034230376e-03 7.246714741676063033e-04 1.000000000004104465e-06 1.014410104038213464e-06 5.061294349988672628e-03 5.056104568086128119e-03 1.000468354324303898e-06 3.651983470783089734e-04 1.000000000000001649e-06 5.699096371380996118e-05 1.975691620403584314e-04 3.564335250340824185e-02
3.565882963450713173e-06 3.101784331391328753e-02 8.731539166350775136e-03 3.556438425257608786e-05 3.049599168502149359e-05 1.726142514578856530e-04 1.000002687001570042e-06 1.001201151884732145e-06 4.126177519102443292e-03 1.106080792011844568e-06 9.999999999999999547e-07 1.000000008197734743e-06 5.032149768875637721e-04 1.000000000000004825e-06 9.999999999999999547e-07 9.999999999999999547e-07 2.489697844938022243e-03 1.000673390122659941e-06 2.950679526717307419e-02 1.822569340062636184e-05 1.005573292028484925e-06 8.526786098987418046e-04 2.920623756099971491e-02 8.552021711657090499e-05 1.000000000003313124e-06 1.002465981714045898e-06 1.187291134498409085e-06 9.999999999999999547e-07 1.747434922987992209e-03 4.673845440718513189e-06 1.000000000000004402e-06 1.000000001488049861e-06 9.999999999999999547e-07 1.003054811591288222e-05 1.000000000000001861e-06 6.102828882338217492e-03 6.358810646922534449e-02 9.999999999999999547e-07 1.039789105520451088e-06 7.514741437531709356e-06 6.964110115629031095e-02 7.846434078338905896e-03 2.418980525261435477e-02 1.277708801556564147e-02 3.588554036104652455e-04 4.765933968680803866e-05 3.905633664352320920e-03 5.889325044475990812e-05 4.418954384055086022e-04 9.999999999999999547e-07 9.271399076834481939e-06 9.999999999999999547e-07 1.415736031200326891e-06 9.999999999999999547e-07 9.904431807491234494e-06 1.020578124324208499e-06 1.982065447355171676e-06 1.000000000246155353e-06 1.000008089330429428e-06 5.421707972544449923e-04 1.001387774942172079e-06 5.644527344731462655e-04 1.003736940553823661e-05 8.063766633556083974e-02 1.000000000022845280e-06 1.000126166679632990e-06 1.101432093663983446e-02 1.529014506619099083e-05 1.000000000191715274e-06 1.000000000000001437e-06 3.329770151251287262e-06 9.617815739753830806e-02 2.719869917588112890e-02 1.007094458187062858e-06 1.945215639401626782e-04 5.977514748298211333e-03 1.000000004311645413e-06 4.394134720706176223e-03 1.205418049893034194e-01 1.000000000709690109e-06 1.433496403983630218e-03 4.292332347281422461e-02 7.659929751161157797e-03 9.999999999999999547e-07 1.139443325950667140e-04 9.999999999999999547e-07 5.161210135774520159e-04 1.000000000000000167e-06 3.502250007028911706e-05 8.414768853869425457e-04 1.000206836501719841e-06 3.812296423863886357e-05 2.549589269669349202e-06 9.999999999999999547e-07 2.653006190037366513e-02 8.427245557010636101e-02 1.000000000068041053e-06 1.000000000032201183e-06 9.028638974440236688e-04 1.121622914408420754e-02 6.292172648635790095e-06 2.052721553352271800e-04 1.005407179904538688e-06 9.999999999999999547e-07 1.005293876263772362e-06 2.085197226830910709e-05 2.836193467090626772e-06 1.916560734960778833e-02 3.357849981337743261e-02 3.942971867761654176e-02 9.999999999999999547e-07 8.765228061103334106e-03 1.040034491622431430e-06 9.999999999999999547e-07 1.238699328521924992e-02 1.162730015373952412e-04 1.000023453016777826e-06 9.999999999999999547e-07 1.000000000000086352e-06 1.003507473905981473e-06 1.224529084214080559e-05 6.409781308129008232e-04 3.451671939638166226e-03 8.609279249176428686e-03 2.606142651088252417e-03 2.860348597003885534e-03 3.089338309834216184e-04 1.000000000016586342e-06 1.034973152782004171e-06 4.869904960040648094e-03 2.496488272271592691e-03 1.000197611362350410e-06 3.215797854762240536e-04 9.999999999999999547e-07 1.801088416793299288e-05 4.944381087601433999e-04 3.842554627063693440e-02
2.162178581163217003e-05 2.702091234041137727e-02 1.017522373786592695e-02 4.963343121891017947e-05 2.656120214921147869e-05 2.251744341287964654e-04 1.000004027650337131e-06 1.000120824714584850e-06 4.866240978063195513e-03 1.000811164136684503e-06 9.999999999999999547e-07 1.000015728359945849e-06 8.570117059319362499e-04 1.000000001210352862e-06 9.999999999999999547e-07 9.999999999999999547e-07 7.152523113904018419e-04 1.002997794359201063e-06 2.892579379448952104e-02 1.048810486583903875e-04 1.001579327716934768e-06 6.573476628697119944e-04 2.809585830009625473e-02 1.947413454498801656e-04 1.000000000001294221e-06 1.002690964268348498e-06 1.171923609688253382e-06 9.999999999999999547e-07 1.754532571470196738e-03 5.446898321654688329e-06 1.000000000000335168e-06 1.000000000022713143e-06 9.999999999999999547e-07 7.425523020097128804e-06 1.000000000000020495e-06 6.795591362024215425e-03 6.270941133358165498e-02 9.999999999999999547e-07 1.160470574442798046e-06 1.169015245536140811e-05 6.628575247822172944e-02 7.766219883916495974e-03 2.227178354275936162e-02 1.040408622896317817e-02 3.331666272877503092e-04 6.940579291586036130e-05 4.242902468454060917e-03 4.415883568643189262e-05 8.140290320188721136e-04 9.999999999999999547e-07 1.566270367167418598e-05 9.999999999999999547e-07 6.843897064218211956e-06 1.000000000000004402e-06 2.517029174669230685e-05 1.536294698704217482e-05 1.056792512559442745e-06 1.002352171852724757e-06 1.000015821956275910e-06 7.057890036395137812e-04 1.000067586766970453e-06 7.751621365935210291e-04 6.767960191193946352e-06 9.435739690114831879e-02 1.000000000000006943e-06 1.012094239833134596e-06 8.866259811964498708e-03 1.860399323016457543e-05 1.000000038361212423e-06 9.999999999999999547e-07 7.772534335269615086e-06 1.005389745201818175e-01 2.307622587745481943e-02 1.005630124728635065e-06 1.348678934112573498e-04 5.306990716464978636e-03 1.000037538831465504e-06 5.319411761051534744e-03 1.205552495752334335e-01 1.000002322773319177e-06 1.559948261998146939e-03 4.776044388559624182e-02 6.771122971638286400e-03 9.999999999999999547e-07 2.422483392404400492e-04 9.999999999999999547e-07 5.424344460646574918e-04 9.999999999999999547e-07 2.613292919974657350e-04 5.057300893814157053e-04 1.002180946025213029e-06 2.535103350114058002e-04 2.816608531103273630e-06 9.999999999999999547e-07 2.526498145801982925e-02 8.391209639456155556e-02 1.000000000010069694e-06 1.000000000007286979e-06 1.671086422791708123e-03 8.729323703726256725e-03 3.030869237507643964e-05 1.067633227095867625e-04 1.000002124443116852e-06 9.999999999999999547e-07 1.174954806860080152e-06 3.588682785771826337e-06 2.604462272391868516e-06 1.978960808641771693e-02 2.973176061382491395e-02 4.373877026709754867e-02 9.999999999999999547e-07 5.237070780243668205e-03 1.062665658017332357e-06 9.999999999999999547e-07 1.316026351869687208e-02 1.356257188247076599e-04 1.000012778947401201e-06 9.999999999999999547e-07 1.000000000000538032e-06 1.001979799435379794e-06 2.684091454635380565e-05 1.136290894715590982e-03 3.601825690648379538e-03 6.338676005961037772e-03 2.789586793358657130e-03 3.619277722353774190e-03 5.226608340590578085e-04 1.000000000000085293e-06 1.013859623757746896e-06 6.806697438724228395e-03 2.665590732575333962e-03 1.000017789886272811e-06 6.479485130638262304e-05 1.000000000000002496e-06 1.815137957843785061e-05 4.253102546531363384e-04 3.746781751980933495e-02
1.057945571795370772e-05 3.432664611455645692e-02 9.102626209737861573e-03 4.443242548265928884e-05 4.237292797153882433e-05 1.401191491121603274e-04 1.000000001199249954e-06 1.000003150336599616e-06 2.889585800978772528e-03 1.000167034346780400e-06 9.999999999999999547e-07 1.000000008541478077e-06 1.448124591564780520e-03 1.000000000000000378e-06 9.999999999999999547e-07 9.999999999999999547e-07 3.129613479873394333e-03 1.001793714718742130e-06 2.743325887444177796e-02 1.582006753656161707e-05 1.003032329013932667e-06 5.910284085657804441e-04 2.913823578706647294e-02 6.918794598643094001e-05 1.000000000000004825e-06 1.000009083839156786e-06 1.272439100060270042e-06 9.999999999999999547e-07 1.874411554244028149e-03 3.920127582186336510e-06 9.999999999999999547e-07 1.000000002312371737e-06 9.999999999999999547e-07 3.281712158936636872e-06 1.000000000016587824e-06 4.926735018855698915e-03 5.409026618404216141e-02 9.999999999999999547e-07 1.205058934741432943e-06 1.060571213771876361e-05 6.872025251795628453e-02 9.882533324773696420e-03 2.719919524385386658e-02 1.398194072512479527e-02 2.627567804045450261e-04 3.662367576844203674e-05 3.879313508309131884e-03 2.784790930417701939e-06 5.910494372915587160e-04 9.999999999999999547e-07 6.228945607232027458e-06 9.999999999999999547e-07 1.145751787728381230e-06 1.000000000000024095e-06 1.240377833816197612e-05 1.130874069653975826e-06 1.314159035344642039e-06 1.000000004128198194e-06 1.000006323140147869e-06 1.902075499494783079e-04 1.000327316893319661e-06 3.169055700798926100e-04 4.712186657534952711e-06 8.244760648491680777e-02 1.000000001783188115e-06 1.014564894692780961e-06 8.662177124500871489e-03 1.840964203340045622e-05 1.000001259542078185e-06 1.000000000000000167e-06 2.165738774859716116e-06 9.381426167210114853e-02 2.931141382772736032e-02 1.333614545297208150e-06 9.369744900869405712e-05 4.323399081348880228e-03 1.000000051162598808e-06 5.624171162277531548e-03 1.132008003058040668e-01 1.000000167364270997e-06 2.052800205443040208e-03 4.628758752166162171e-02 6.503641355409203045e-03 9.999999999999999547e-07 2.053689657767062370e-04 9.999999999999999547e-07 2.136262236076242693e-04 1.000000000000094822e-06 4.350204122605232104e-05 7.141106600436614420e-04 1.006641979683394598e-06 7.309862305147291962e-05 3.320359511705066613e-06 9.999999999999999547e-07 2.435061462728699624e-02 8.365348711258492609e-02 1.000000000000039554e-06 1.000000000000070894e-06 1.041266857090731180e-03 9.855534456902934753e-03 1.798468236094899402e-05 2.271475958691836108e-04 1.000091177066480478e-06 9.999999999999999547e-07 1.166768943958453450e-06 4.167218082368454084e-06 4.095625306803414470e-06 2.148891230416250311e-02 3.949263732008412991e-02 4.334757001216545114e-02 9.999999999999999547e-07 5.062599137805965516e-03 2.735077284791568011e-06 9.999999999999999547e-07 1.495968883769415760e-02 5.225660146456875192e-05 1.000005079741196030e-06 9.999999999999999547e-07 1.000000000029360446e-06 1.007093056480571417e-06 2.266278224503751420e-05 8.110769865105465224e-04 2.504755667396696070e-03 9.929289418200868897e-03 2.521846433671260258e-03 3.912555217515793424e-03 2.889783440052697016e-04 9.999999999999999547e-07 1.011960530303423911e-06 4.085031733572807786e-03 2.456103601969206532e-03 1.000003200831594841e-06 1.895017795446781719e-04 9.999999999999999547e-07 1.517104717960060945e-04 1.092958649931056450e-03 4.057929905382711561e-02
2.207593467545983846e-06 3.566645770076168342e-02 7.415236131204337722e-03 3.375791736304936376e-05 1.738013586216996499e-04 1.794000901853712120e-04 1.000000280116530681e-06 1.000066993465888217e-06 2.646106602534570047e-03 1.003193928173673498e-06 9.999999999999999547e-07 1.000000218768236971e-06 7.174527679931119641e-04 1.000000000000033413e-06 9.999999999999999547e-07 9.999999999999999547e-07 1.690035298162401774e-03 1.002884499235693435e-06 2.986050555795242978e-02 1.441961433014948699e-05 1.000334574980744966e-06 6.659325850469877909e-04 2.518437213782306894e-02 3.394071084193829124e-04 1.000000000001383160e-06 1.000000058615721967e-06 1.296378026882850058e-06 9.999999999999999547e-07 7.829839796717723158e-04 6.440187033657065113e-06 9.999999999999999547e-07 1.000007638565050306e-06 9.999999999999999547e-07 2.205939268690174367e-06 1.000000000000019860e-06 5.922508843078625081e-03 6.849762982164102343e-02 9.999999999999999547e-07 1.119452279580619106e-06 6.081373140588435287e-05 6.894783863540904223e-02 8.270996799310590883e-03 2.409934861792427732e-02 9.322944983760407880e-03 3.936470432210403608e-04 6.201805764697623758e-05 3.618278798638693752e-03 1.676990612633841987e-05 1.001116517949060406e-03 9.999999999999999547e-07 4.867211177131212134e-06 9.999999999999999547e-07 1.023174358609733864e-06 1.000000000000752120e-06 2.144461281089516489e-05 3.203750192608524867e-06 1.020127099114698559e-06 1.000000016601429192e-06 1.000001898968978227e-06 3.039538694878328971e-04 1.002312715363426244e-06 2.695690508509454640e-04 8.945682459537273597e-06 8.636525015313373244e-02 1.000000000564637623e-06 1.000000546161677020e-06 7.127432794499773648e-03 2.175195915411564808e-05 1.000000038773290987e-06 9.999999999999999547e-07 4.167813535051756050e-06 1.053947959534970308e-01 3.192429646037752561e-02 1.003485688934797601e-06 8.356412722556165744e-05 4.855369168093988386e-03 1.000601748555643649e-06 4.338148782619771944e-03 1.288780836008611708e-01 1.000001050369250201e-06 1.244991130608930551e-03 4.767084207243905969e-02 5.859493913689400521e-03 9.999999999999999547e-07 1.933966020187845715e-04 9.999999999999999547e-07 9.359580565093706414e-05 9.999999999999999547e-07 4.574608205231517029e-05 7.423187502668410079e-04 1.000023571280145997e-06 5.832194141880951178e-04 1.480155941637405826e-06 9.999999999999999547e-07 2.250325808366164873e-02 7.961936769186833684e-02 9.999999999999999547e-07 1.000000002549551974e-06 1.076883750556362554e-03 1.017877158878145033e-02 9.308461670338251580e-06 4.275107317237608791e-04 1.002026321891182821e-06 9.999999999999999547e-07 1.002684925877539263e-06 1.095251943773368792e-06 2.675334178906570605e-06 1.987992275910815607e-02 2.642364052212156644e-02 4.003294483735756609e-02 9.999999999999999547e-07 6.393661699688193804e-03 1.324430076957196378e-06 9.999999999999999547e-07 1.546518394867796818e-02 8.841302537590948530e-05 1.000016096030397793e-06 9.999999999999999547e-07 1.000000000021979189e-06 1.002127875569110328e-06 2.238441703537961941e-05 1.503964239486986661e-03 2.961496259090997448e-03 5.369273252412896068e-03 2.940131708635272331e-03 2.992893195048269145e-03 3.891379067824299711e-04 9.999999999999999547e-07 1.027097175245239439e-06 3.853417796338290489e-03 1.652693734772123354e-03 1.000382495162112061e-06 6.900105791231739651e-05 9.999999999999999547e-07 5.094474282980725345e-05 4.036176019854668408e-04 3.413401234597016748e-02
4.916682285927228208e-06 3.426722599368482031e-02 1.048729731687816219e-02 3.800567725518943591e-05 5.228066054414351270e-05 2.809709253165909972e-04 1.000001193548661721e-06 1.000432227859848024e-06 4.935766760289125345e-03 1.000495260408711135e-06 9.999999999999999547e-07 1.000000008195281100e-06 6.576393636557344418e-04 1.000000000000796377e-06 9.999999999999999547e-07 9.999999999999999547e-07 1.437891160550540696e-03 1.009740956438418498e-06 2.789105437628106032e-02 1.556958251877341761e-05 1.000441233947166379e-06 6.074112160007945913e-04 2.864910252334382929e-02 1.932750002559083472e-05 1.000000000004057878e-06 1.000035966920400802e-06 1.122347251219831541e-06 9.999999999999999547e-07 1.843927962519660525e-03 3.235402907860781176e-06 9.999999999999999547e-07 1.000001361016605573e-06 9.999999999999999547e-07 6.710515600235093365e-06 1.000000000030701723e-06 7.244170676650156342e-03 6.051976825567767504e-02 9.999999999999999547e-07 1.366196275648253669e-06 7.444931259592530532e-06 6.734606048347151208e-02 8.083991898822619204e-03 2.237403221992746369e-02 1.107357541802683060e-02 2.711251486614158499e-04 4.297497457065442789e-05 3.150482245873142181e-03 1.289384379047792259e-03 6.707486065123806655e-04 9.999999999999999547e-07 6.761284137973019268e-06 9.999999999999999547e-07 2.627672536108196008e-05 9.999999999999999547e-07 8.410711184466783464e-06 1.102758691733044996e-06 1.000029396225061599e-06 1.000000043123162195e-06 1.000000525433477005e-06 1.187956422368714217e-04 1.004086354778950446e-06 3.455240342392918427e-04 1.931342554993190211e-06 8.006532293651447141e-02 1.000000000000052047e-06 1.000102924551718491e-06 1.159422267253464207e-02 2.389641369616490307e-05 1.000000005309930493e-06 1.000000000000000378e-06 2.561847323181334942e-06 1.015901185615973729e-01 2.602700339246446018e-02 1.002228413032948902e-06 3.623902321436850578e-04 4.242410894879898760e-03 1.000011789593870096e-06 6.376310025808845129e-03 1.201562966989866699e-01 1.000000079358770681e-06 1.499003142180280624e-03 4.213641857488870102e-02 7.752930430160391573e-03 9.999999999999999547e-07 2.711183300770140495e-04 9.999999999999999547e-07 2.608201920920890206e-04 9.999999999999999547e-07 8.773549100659394401e-05 5.822943421036425255e-04 1.221645050984498587e-06 8.574049653772946027e-05 1.426353502427535124e-06 9.999999999999999547e-07 2.222312675916716593e-02 8.308643408274823949e-02 1.000000000000001014e-06 1.000000194224523894e-06 2.037769807357464776e-03 8.914807496425470462e-03 1.110658021066857803e-05 3.653119176606046221e-04 1.000000040939755203e-06 9.999999999999999547e-07 1.012902276279935570e-06 3.042086639435958946e-06 5.724530892435198575e-06 2.175360480239655128e-02 3.666000854580941243e-02 3.941233851816330208e-02 9.999999999999999547e-07 5.821417815935352874e-03 1.025710310479073898e-06 9.999999999999999547e-07 1.319494869530899589e-02 5.371205630560105422e-05 1.000000363422323323e-06 9.999999999999999547e-07 1.000000000000000590e-06 1.017619385595917452e-06 1.827542337268709115e-05 8.691530444463828851e-04 3.615986660982952686e-03 9.049982794628728955e-03 3.449351949435147929e-03 3.428210378541506845e-03 3.143819687970566537e-04 1.000000000037810235e-06 1.029531636384786779e-06 5.359987677555292339e-03 2.591579121951556163e-03 1.000010879161283045e-06 3.021303802273142157e-04 1.000000000051885593e-06 1.601834665136759572e-05 7.800404943801409570e-04 3.984381810754097225e-02
3.665905029789518830e-06 3.975081072521250564e-02 9.105600189544984027e-03 4.741530260484804556e-05 5.868361928069980050e-05 2.282760550276668522e-04 1.007220818117075192e-06 1.000001605911914354e-06 3.527852700490202893e-03 1.007741067048045934e-06 9.999999999999999547e-07 1.000000000000030236e-06 7.314867875441038742e-04 1.000000000000000590e-06 9.999999999999999547e-07 9.999999999999999547e-07 2.623748498383744829e-03 1.001324055735305663e-06 3.542157936183710359e-02 4.248928432325656111e-06 1.183415903454651875e-06 4.189300479868375148e-04 2.488537478471066280e-02 5.924243277308664709e-05 1.000000000008103731e-06 1.000094574717713436e-06 1.051786985911568962e-06 9.999999999999999547e-07 1.026136155796459910e-03 4.018821045826119243e-06 9.999999999999999547e-07 1.000001946742945965e-06 9.999999999999999547e-07 2.404298584195782297e-05 1.000000000000007578e-06 7.012998927675839246e-03 5.888828985771264735e-02 9.999999999999999547e-07 1.307043765700643190e-06 1.135617756242322121e-05 5.946220996154881477e-02 9.748962145135420948e-03 2.618202286764109710e-02 9.538128210789465627e-03 3.926071887508374462e-04 3.672080947109308824e-05 4.782679344930575172e-03 1.123513572850048405e-05 5.788405978341746964e-04 9.999999999999999547e-07 2.545262168651396789e-05 9.999999999999999547e-07 1.296340463202111496e-06 9.999999999999999547e-07 1.813105024973828936e-05 1.913733145659596254e-06 1.000246689290688400e-06 1.000000054603074268e-06 1.000002795317974933e-06 5.517133326682452810e-04 1.000502349982718245e-06 5.996220129945875697e-04 4.758195471061023443e-06 7.930474654228571174e-02 1.000000009651625716e-06 1.000000000288806426e-06 7.765112240882563258e-03 1.709153159997378775e-05 1.000000000812155685e-06 9.999999999999999547e-07 2.140429639259995834e-06 1.031335509984151605e-01 2.994830608749519951e-02 1.001019009406798642e-06 1.495816187593416459e-04 4.546065129579916417e-03 1.000000231510508291e-06 5.508818922125733805e-03 1.263598799695773711e-01 1.000000000011154532e-06 1.812337267373528935e-03 4.265270799428574899e-02 8.275794464545030427e-03 9.999999999999999547e-07 1.528082139903630182e-04 9.999999999999999547e-07 3.825474061072055981e-04 9.999999999999999547e-07 7.568012763571465380e-05 7.558369333888027364e-04 1.001853552730405783e-06 3.826828787993613720e-04 1.965093096272242726e-06 9.999999999999999547e-07 2.158694656036241888e-02 8.252573567533166843e-02 1.000000000119174949e-06 1.000000000000302134e-06 1.697778802287072111e-03 1.017332024736945610e-02 1.069712412019107830e-04 5.280680554355352040e-04 1.000054059953884742e-06 9.999999999999999547e-07 1.012596178640770638e-06 5.333114035665524128e-05 1.198982243674468980e-06 2.237104471844790846e-02 2.573429840217883111e-02 4.356097713853687020e-02 9.999999999999999547e-07 5.944313135592275803e-03 1.100521266865854387e-06 9.999999999999999547e-07 1.744675467784526091e-02 1.521495571551282127e-05 1.000012922189726941e-06 9.999999999999999547e-07 1.000000000000103505e-06 1.003788634731298904e-06 3.249647219376689081e-05 1.015019614765362132e-03 2.664912043524222170e-03 6.242128944359883261e-03 3.346075582666450682e-03 4.198400978556856775e-03 4.104287367288791369e-04 1.000000000000001437e-06 1.755310195451277746e-06 6.052748965245739396e-03 2.563465221908544506e-03 1.000041507701450285e-06 1.019380934565943637e-04 1.000000000000003766e-06 6.535456334669445945e-05 7.316708383837870018e-04 3.391226596919066222e-02
1.816450587342942784e-06 2.798577642644875865e-02 9.138791626892434072e-03 5.469669411839400095e-05 3.111713766504755447e-05 3.429558621044170278e-04 1.000001292005190812e-06 1.000003970745565133e-06 4.669607747917687082e-03 1.005328820999464015e-06 9.999999999999999547e-07 1.000002468710606234e-06 7.539708696746702434e-04 1.000000000000173808e-06 9.999999999999999547e-07 9.999999999999999547e-07 1.825585922105535386e-03 1.000675397886247201e-06 3.362842069680633400e-02 7.671617711148990485e-05 1.005134057816727274e-06 5.944522077164293228e-04 2.723107481317554174e-02 8.208900576659860365e-05 1.000000001667952882e-06 1.000000155036504778e-06 1.660672680892455130e-06 9.999999999999999547e-07 9.246966773635536185e-04 3.363372936318729111e-06 9.999999999999999547e-07 1.000000000000789389e-06 9.999999999999999547e-07 2.830185806891641931e-06 1.000000000000002072e-06 9.540072216416691994e-03 6.296354544384898111e-02 9.999999999999999547e-07 1.204778535552202006e-06 7.959947122131763022e-06 6.300192458849861177e-02 9.282552669510578391e-03 1.984494325875130194e-02 1.040120717186662422e-02 2.552888266471403330e-04 2.437091347759412285e-05 4.635547522700228865e-03 2.571736903782540720e-06 1.216470186459285606e-03 9.999999999999999547e-07 7.867668157176001243e-06 1.000000000000000378e-06 9.174474133872876849e-06 1.047488431979666439e-06 5.896753001509528539e-06 1.144753388381807233e-06 1.000040943616485964e-06 1.000000062829020760e-06 1.000012933264011240e-06 1.711175519465349534e-04 1.000476242363611970e-06 2.515000310168198508e-04 8.555589526689167391e-06 9.446527943497742830e-02 1.000000000000188420e-06 1.000000151627647575e-06 6.873089396347685336e-03 2.174787826956227786e-05 1.000000001188735310e-06 1.000000000264478157e-06 3.538877288972924127e-05 1.005235760495907793e-01 2.282079632211157783e-02 1.021761562435796347e-06 1.039732460313275018e-04 4.596047868161934509e-03 1.000000039914383280e-06 5.866107505763540168e-03 1.184415762893491902e-01 1.000324986220970125e-06 1.754462432505686249e-03 5.508514094859324334e-02 8.400411887581605425e-03 9.999999999999999547e-07 9.647725900232738893e-05 9.999999999999999547e-07 1.571003593284307765e-04 1.000000000000000167e-06 4.301223058326111750e-05 4.971736993241573444e-04 1.000251238081605183e-06 2.601988614780754717e-05 3.334659995352111703e-05 9.999999999999999547e-07 2.481745127641219947e-02 7.538323934282974148e-02 1.000000001538246092e-06 1.000000000000081270e-06 8.922277947513001378e-04 9.727224966755076627e-03 3.054205026049812882e-05 4.410071861464490454e-04 1.000110763927952270e-06 9.999999999999999547e-07 1.005530583210915044e-06 4.884725291669576531e-06 1.483337533355951770e-06 2.674491443351124931e-02 2.600044847597039049e-02 4.136122010209312277e-02 9.999999999999999547e-07 7.024695695988811793e-03 1.159584248945385664e-06 9.999999999999999547e-07 1.325966989856901430e-02 8.887095035100242341e-05 1.000012126022914890e-06 9.999999999999999547e-07 1.000000000000061576e-06 1.009891758785128626e-06 1.818182551975533153e-05 9.998778557035344332e-04 3.400492816689663130e-03 5.061405780530343207e-03 3.061936607855436469e-03 2.890240387221597752e-03 6.150876327619536751e-04 1.000000000034741646e-06 1.211989320346182799e-06 6.811520518373744698e-03 3.421657280928824731e-03 1.000001090630248302e-06 1.024224891550613078e-04 9.999999999999999547e-07 4.692605221724579725e-05 5.980403038203724927e-04 3.845459489480584220e-02
3.508558838691442033e-06 3.507917401722335932e-02 1.311470045779766606e-02 6.131712861348098578e-05 3.519499550684810078e-05 2.070796258283024978e-04 1.000046344826356804e-06 1.000004522327039686e-06 4.511543461019740416e-03 1.000007696141266381e-06 9.999999999999999547e-07 1.000000000168719600e-06 1.173625224028467190e-03 1.000000000000576572e-06 9.999999999999999547e-07 9.999999999999999547e-07 7.138206787879554155e-04 1.730985191667738085e-06 2.523132073086369401e-02 7.506689762334903845e-05 1.002220916821237377e-06 9.410197156238971333e-04 2.797262103320094853e-02 9.332642563701071107e-05 1.000000000001257587e-06 1.000003080970459528e-06 4.830673934732366571e-06 9.999999999999999547e-07 3.097135303712681299e-03 4.030379450156558985e-06 9.999999999999999547e-07 1.000000000379866491e-06 9.999999999999999547e-07 4.586896854979077650e-06 1.000000000002255180e-06 6.088464685274958335e-03 5.697607162532996455e-02 9.999999999999999547e-07 1.209189496255553243e-06 5.049635946610588760e-05 7.016686224713197806e-02 8.988437570943186988e-03 2.174648875922598548e-02 1.142846375722103916e-02 3.486265025078805137e-04 8.860666255548366397e-06 3.408943699052851412e-03 7.162011316184545784e-06 4.451952235260206729e-04 9.999999999999999547e-07 7.464187174717597733e-06 9.999999999999999547e-07 1.995848607767952519e-06 9.999999999999999547e-07 3.203845369626091974e-05 2.674385054739499533e-06 1.000000017222694401e-06 1.000001670175847300e-06 1.000000499013951233e-06 3.147553175831463630e-04 1.001030633050900835e-06 3.036644485690759656e-04 7.511172515918957933e-05 8.382250247683105393e-02 1.000000000009764974e-06 1.000018710122868756e-06 8.048385618485075568e-03 2.443978304255285447e-05 1.000000020277027235e-06 1.000000000002228075e-06 9.594351488769628733e-06 9.830882000512658481e-02 2.774515579618552427e-02 1.007743042754619078e-06 6.987002449251190743e-05 3.929414893243101878e-03 1.000000005334168341e-06 4.667777212950511082e-03 1.188354262998311539e-01 1.000000000000797860e-06 1.511986934247693199e-03 4.419040776868673331e-02 6.715016435292276049e-03 9.999999999999999547e-07 1.012107333050547148e-04 9.999999999999999547e-07 1.827738784554344318e-04 9.999999999999999547e-07 1.367759515080265082e-04 4.250704137500755362e-04 1.000171063797913857e-06 1.106778723633165915e-04 2.699749247332614366e-06 9.999999999999999547e-07 2.116862552729429497e-02 8.443565518163295702e-02 1.000000000000654923e-06 1.000000000024496571e-06 2.132630080683738279e-03 8.820734543863383362e-03 4.196214729207328205e-05 4.992102606952637019e-04 1.000000392528441727e-06 9.999999999999999547e-07 2.040705851979417790e-06 4.256427643205265760e-05 8.175367729807696569e-06 1.843995707448319379e-02 4.375280741145187724e-02 3.853051729451006935e-02 9.999999999999999547e-07 6.259844081075780289e-03 6.347907419318851733e-06 9.999999999999999547e-07 1.561746764920642593e-02 9.102479132055139085e-05 1.000000728357911073e-06 9.999999999999999547e-07 1.000000000001316456e-06 1.003157293480878992e-06 1.926165107604493906e-05 1.504201939721877285e-03 2.127476992580156195e-03 1.099983914331273231e-02 3.042993353957390654e-03 3.259311951103236946e-03 2.893627805874268212e-04 9.999999999999999547e-07 1.028021796095320449e-06 4.607213084441905485e-03 1.971873489713759416e-03 1.000013284437966505e-06 1.623859436066151245e-04 1.000000000000001225e-06 1.737931620515116490e-05 4.059017342865766536e-04 4.026356582588291877e-02
5.477430145665799068e-06 3.515567788813370176e-02 1.125371522505970272e-02 4.231789685717313025e-05 2.954968798414690749e-05 3.599673586188678826e-04 1.000363531528542567e-06 1.000001603732439712e-06 3.870781720488684560e-03 1.000015868320396694e-06 9.999999999999999547e-07 1.000000000757329360e-06 9.884721526058968914e-04 1.000000000000006731e-06 9.999999999999999547e-07 9.999999999999999547e-07 2.604706629538010732e-03 1.062710032717235499e-06 2.542858914615449273e-02 3.139350449402035822e-06 1.002712313854605034e-06 5.116438779179288861e-04 2.569020594740132127e-02 2.350769598204370550e-05 1.000000000000023460e-06 1.000005694781353235e-06 1.327316483898618687e-06 9.999999999999999547e-07 2.939775187788594077e-03 4.904939186913245399e-06 9.999999999999999547e-07 1.014917904505920873e-06 9.999999999999999547e-07 6.646881680691929653e-06 9.999999999999999547e-07 7.284863600543534969e-03 5.884862865348434308e-02 9.999999999999999547e-07 3.798947372436131822e-06 2.821890396996380791e-05 6.800213798222781714e-02 9.358076942983337143e-03 2.176417077235070011e-02 9.831882928319241044e-03 4.096755750226223694e-04 2.504065614630719659e-05 4.010022875440914444e-03 2.783059751842423103e-05 4.335113441402193906e-04 9.999999999999999547e-07 1.185647387433959223e-05 9.999999999999999547e-07 1.027237457693464940e-06 9.999999999999999547e-07 1.071213976819818173e-05 1.314141333494458188e-06 1.196447555710815142e-06 1.000000003768637790e-06 1.000001496284909995e-06 1.188781233611266346e-04 1.003706350115464329e-06 7.801623010388993636e-04 1.178782118741552633e-05 8.778165778128600716e-02 1.000000000000310392e-06 1.000009894806410152e-06 9.410705733881629190e-03 1.208785869356617959e-05 1.000000003855489584e-06 1.000000000254572107e-06 1.304607432761351365e-06 9.516063583479948684e-02 2.943298943319755043e-02 1.003792976930150344e-06 1.128687573633263411e-04 5.246637968637201874e-03 1.000000056277713039e-06 8.209503206202544562e-03 1.214011329805753658e-01 1.000000000160359597e-06 1.607220466238381586e-03 4.365293681660201847e-02 7.052601128223363706e-03 9.999999999999999547e-07 1.653880812612824891e-04 9.999999999999999547e-07 3.812802042059881195e-04 1.000000000021101875e-06 4.194119687938416442e-05 7.022278341138530038e-04 1.000537142089445879e-06 8.644360593137256725e-05 2.948023675395871853e-06 9.999999999999999547e-07 2.294763250066462687e-02 8.149638216212548580e-02 1.000000139117191808e-06 1.000000000043723584e-06 1.243357506032883837e-03 8.240909931596996849e-03 3.905715996416439409e-05 5.930474966698218902e-04 1.000006276358677858e-06 9.999999999999999547e-07 1.040316779981250615e-06 3.491148618080436247e-06 7.235833674334260591e-06 2.277926267393248771e-02 4.339688983362013919e-02 3.521724069159792858e-02 9.999999999999999547e-07 3.990828174559934299e-03 1.145822021929823057e-06 1.000000017828646314e-06 1.512129234683628858e-02 1.757639332294209911e-04 1.000028608835990359e-06 9.999999999999999547e-07 1.000000000002033681e-06 1.056202178569891186e-06 1.452842234575154412e-05 7.416521682479329265e-04 3.176162964027787455e-03 8.443872671281934389e-03 3.320968673566575876e-03 4.274522702921122567e-03 6.023892310441762449e-04 9.999999999999999547e-07 1.189613633328719318e-06 4.224216518935882368e-03 2.277089417863251315e-03 1.000036591436023784e-06 3.099733624810079458e-04 9.999999999999999547e-07 1.594520846468925742e-05 7.731461003183408200e-04 3.630990804748229078e-02
1.110944596339676703e-05 3.291272643617238619e-02 1.006167090677864868e-02 7.494020019036558408e-05 1.267370333861262506e-04 2.450594556469764748e-04 1.000000210617910193e-06 1.000035172093827384e-06 4.633907265208516216e-03 1.000103845334409494e-06 9.999999999999999547e-07 1.000000005295154427e-06 1.318223993962525662e-03 1.000000000000010119e-06 9.999999999999999547e-07 9.999999999999999547e-07 5.201017423028917071e-04 1.000869264316132302e-06 2.727727246327616567e-02 7.484508838199019030e-06 1.001436229017612017e-06 1.567790107018515689e-03 2.750550930826855742e-02 9.891409866908862825e-05 1.000000000000282017e-06 1.000063582388331989e-06 1.397502098079978493e-06 9.999999999999999547e-07 2.033998598339074870e-03 8.895780065237939626e-06 9.999999999999999547e-07 1.000000095722899192e-06 9.999999999999999547e-07 1.122829840777997544e-05 1.000000000002306214e-06 6.516712746748064451e-03 5.805190594430101325e-02 9.999999999999999547e-07 1.280125865066552382e-06 5.031539628176924208e-06 6.755675838841419811e-02 9.108161953411063674e-03 2.277591866244476834e-02 1.161171456185257356e-02 2.152194112344001304e-04 2.702357859641550840e-05 3.563281877101668379e-03 6.957193359665726616e-06 4.393442287095940019e-04 9.999999999999999547e-07 7.529320593043770969e-06 9.999999999999999547e-07 1.003507541966113436e-06 9.999999999999999547e-07 3.519970528656641282e-05 3.604160526533436260e-06 2.684603993228238610e-06 1.000000007140891735e-06 1.000002255691941620e-06 1.725169244228677080e-04 1.002291887979188960e-06 1.167833826378152822e-03 1.212094889557677045e-05 8.600880162498258930e-02 1.000000000000333262e-06 1.000353372109078399e-06 1.029566180428623939e-02 2.175944701119504368e-05 1.000000397461986187e-06 1.000000000000002708e-06 1.576950821232049450e-05 9.844712798565116718e-02 2.599819403555326744e-02 1.235224358885965651e-06 1.112688130182858386e-04 4.586019997843292575e-03 1.000008099053232638e-06 6.497213500104979944e-03 1.194009364406158902e-01 1.000000000103013772e-06 1.375847121599867683e-03 4.603931797062145448e-02 6.103501998183028313e-03 9.999999999999999547e-07 2.245949566599996156e-04 9.999999999999999547e-07 2.510664073893175774e-04 1.000000000000000378e-06 5.774816840236169323e-05 5.239838208226535541e-04 1.002803146753635425e-06 6.595243148940518158e-05 4.763771265523507313e-06 9.999999999999999547e-07 2.157941203487930351e-02 8.504181189880821723e-02 1.000000000000398484e-06 1.000000000061287447e-06 1.325134967769420321e-03 9.456653750221642382e-03 5.730627797984182576e-05 8.382636136728979868e-04 1.002764492046643884e-06 9.999999999999999547e-07 1.152917397642671966e-06 3.285825339340370517e-06 2.055366408310770414e-06 1.970995429156125606e-02 3.798113235702479246e-02 4.010650287127150854e-02 9.999999999999999547e-07 5.254386814804832759e-03 1.092737300058019986e-06 9.999999999999999547e-07 1.338651865469548535e-02 1.867538525585963444e-04 1.000225824844888944e-06 9.999999999999999547e-07 1.000000000000121504e-06 1.002402842185119966e-06 2.819856416970851218e-05 1.928126164131100696e-03 2.932091335999280433e-03 1.048379853923023589e-02 2.266901969275600739e-03 3.273169849018325948e-03 3.650321232707466352e-04 9.999999999999999547e-07 1.033038747731637359e-06 4.649056462288141296e-03 1.854700365009052205e-03 1.000003625097946524e-06 1.566347167251517538e-04 9.999999999999999547e-07 7.724790178159032003e-05 1.382527767926598219e-04 4.127378921554341468e-02
7.345121063108181408e-06 3.278685937505468329e-02 6.599101901914787224e-03 4.150362880084479302e-05 5.144246961236738477e-05 1.112091212670345122e-04 1.000001937529459642e-06 1.000121432872401152e-06 4.204067337701284171e-03 1.000079864686137532e-06 9.999999999999999547e-07 1.000000001028581921e-06 5.309694408939144268e-04 1.000000000000014354e-06 9.999999999999999547e-07 9.999999999999999547e-07 6.937736546352038600e-04 1.009632968872732127e-06 2.849299837169683505e-02 4.146314698856822114e-05 1.081319079321320246e-06 4.880927607465217958e-04 2.742444438475146948e-02 4.818394786441474755e-05 1.000000000066994332e-06 1.000000038120556174e-06 2.101696634702648557e-06 9.999999999999999547e-07 1.187603666164583748e-03 1.752505602090021503e-05 1.000000000000002708e-06 1.000008716766561237e-06 9.999999999999999547e-07 7.998239039271714385e-06 1.000000000000021766e-06 8.550188164807841218e-03 6.494006982037044129e-02 9.999999999999999547e-07 6.449174897156418941e-06 1.763821189956164470e-05 6.439814256294201789e-02 9.536552307563454095e-03 2.695208574671256047e-02 1.086884464552886030e-02 5.394065326416488644e-04 7.195188546668187266e-05 4.641980933774363799e-03 1.483159934411152688e-05 5.937329451045274351e-04 9.999999999999999547e-07 9.272846645598815111e-06 9.999999999999999547e-07 3.576212831302385910e-06 9.999999999999999547e-07 8.975659136905322672e-06 1.263520990860614875e-06 1.003215536411613556e-06 1.000008452069851752e-06 1.000001527999499395e-06 4.408193148396100124e-04 1.000168209569055743e-06 7.253567383285168405e-04 6.525830546728091634e-06 9.140481173337072773e-02 1.000000000000001225e-06 1.000001411656568792e-06 8.081641001318208214e-03 1.435303527995547542e-05 1.000000000346532145e-06 1.000000000000011390e-06 7.547695605878564391e-06 1.034525029911078503e-01 2.707018206509444885e-02 1.000442288922215028e-06 9.889700964362193203e-05 4.947791575058731531e-03 1.000000008471148720e-06 4.138231748622027244e-03 1.213048278213399167e-01 1.000000000035812720e-06 1.551952314637522739e-03 4.653537299114094555e-02 8.477633350500946019e-03 9.999999999999999547e-07 2.129455015987431201e-04 9.999999999999999547e-07 1.903291597753938838e-04 9.999999999999999547e-07 5.915196658850264120e-05 6.379501828809450636e-04 1.000080494572867372e-06 5.609356315436808856e-04 3.530664719736060147e-06 9.999999999999999547e-07 2.314322791150946745e-02 7.820857870421631108e-02 1.000000026550566594e-06 1.000000000064773623e-06 1.164661502243900327e-03 1.103128353013860773e-02 2.995713398399474448e-05 3.857690281529631954e-04 1.000000691682966503e-06 9.999999999999999547e-07 1.027061843826571651e-06 1.319676398009794009e-06 5.674691498778096676e-06 2.008107941929905202e-02 2.712893599911067252e-02 4.288658907990513386e-02 9.999999999999999547e-07 6.453033947544515453e-03 1.093136460043788721e-06 9.999999999999999547e-07 1.545989241014151389e-02 6.722650709053386634e-05 1.000001107196040111e-06 9.999999999999999547e-07 1.000000000000035530e-06 1.016717675781521935e-06 2.267083732403902464e-05 9.841652520414909296e-04 2.683064809057414575e-03 5.531096247947178517e-03 3.267226205280452603e-03 3.183093656955305380e-03 5.881786644474509091e-04 9.999999999999999547e-07 2.022060482241739065e-06 5.031250223925717510e-03 1.639684668705477253e-03 1.000857534500524611e-06 3.025237455166655083e-04 1.000004911069731651e-06 2.898118644820308080e-05 1.144185767875820041e-03 3.581445785548793143e-02
1.597963316829524043e-06 3.886755872893072478e-02 1.022126015950932179e-02 2.150491153222700783e-05 1.487184511770349192e-05 1.595708646135240245e-04 1.000000801908737817e-06 1.000077605447953731e-06 4.457078240858333013e-03 1.000044267496495688e-06 9.999999999999999547e-07 1.000007870260757526e-06 1.076158146398944419e-03 1.000000000000078094e-06 9.999999999999999547e-07 9.999999999999999547e-07 1.009465094854044946e-03 1.000106473389200460e-06 2.695816502883591551e-02 1.586061295224840660e-05 1.000815109847289046e-06 4.928505330390475520e-04 2.747543445464137313e-02 5.406988097819861555e-05 1.000000000000002919e-06 1.000000008843659199e-06 1.836149579791411730e-06 9.999999999999999547e-07 8.602451801806963597e-04 1.040789412682442478e-05 9.999999999999999547e-07 1.000000719342973721e-06 9.999999999999999547e-07 5.281911762184637392e-06 1.000000000000011390e-06 6.278972202655629109e-03 6.751184175762718620e-02 9.999999999999999547e-07 1.055371455265138455e-06 7.983324478053922474e-06 6.594555302872848190e-02 9.291947886105596938e-03 2.556210328879377977e-02 1.281274214428305795e-02 2.321987295824541858e-04 3.356761454141064452e-05 3.378376287290269040e-03 7.671320872456990415e-05 2.743406230853744532e-04 9.999999999999999547e-07 6.055109425152618867e-06 9.999999999999999547e-07 1.050829186938780121e-06 1.000000000000016472e-06 3.179388549255161676e-05 4.496939030705612758e-06 1.000603243047658108e-06 1.000000003361818877e-06 1.000003430627867946e-06 1.215605814453394077e-04 1.000581357591382763e-06 2.044847752793039195e-04 7.236098969488844726e-04 8.137734984042938047e-02 1.000000000010807672e-06 1.000015512743437538e-06 8.914128115828822557e-03 1.397904041817700552e-05 1.000000001902105823e-06 9.999999999999999547e-07 1.121347133231459471e-04 1.064321216363949413e-01 3.043526628912270049e-02 1.024045041059387464e-06 3.309402612277425617e-04 4.478002368803587520e-03 1.000024038932403188e-06 4.828845059968387039e-03 1.248740028915139855e-01 1.000000001797934958e-06 1.470207270328606573e-03 4.551955312723591357e-02 6.880360976904986887e-03 9.999999999999999547e-07 2.044589923398937694e-04 9.999999999999999547e-07 9.696228884342694384e-05 1.000000000000013931e-06 1.023545836640847719e-04 5.123737532893860502e-04 1.000286621571277603e-06 5.665942380679547168e-05 1.756179496097095775e-06 9.999999999999999547e-07 2.306593478784975046e-02 7.946186517426177820e-02 1.000000000000000590e-06 1.000000000044835526e-06 1.298243483748817836e-03 1.000530596723896680e-02 1.284787262196785452e-05 2.743425040672831496e-04 1.000003489242044123e-06 9.999999999999999547e-07 1.025296588241923052e-06 1.292970640605171115e-06 1.234512796092735112e-06 1.643937979620428355e-02 3.090501691939888732e-02 3.509332101302534146e-02 9.999999999999999547e-07 6.817224811587706094e-03 1.127345578944659152e-06 9.999999999999999547e-07 1.668689762147529745e-02 3.383362033720543801e-05 1.000000152592767080e-06 9.999999999999999547e-07 1.000000000000551585e-06 1.001137164438775308e-06 2.294263727574552553e-05 1.046606656982085543e-03 2.593223320199279387e-03 7.204489246295174912e-03 1.957919633837183499e-03 3.571360337028338817e-03 2.036922787317937771e-04 9.999999999999999547e-07 1.052769277854814369e-06 3.032102709255966953e-03 1.828683550012321930e-03 1.000011355165136231e-06 9.390294480754666205e-05 9.999999999999999547e-07 6.092721533840446456e-05 4.910432133335071447e-04 3.703501012760493372e-02
7.837015575312986248e-06 4.375511675208351020e-02 8.220887898991261281e-03 4.917137435420902973e-05 1.411509305775855388e-05 8.986036300922226082e-05 1.000000295741923430e-06 1.000011863645586384e-06 3.475389045054082162e-03 1.000036121332951087e-06 9.999999999999999547e-07 1.000006469385338603e-06 1.249913622434961494e-03 1.000000000000114304e-06 9.999999999999999547e-07 9.999999999999999547e-07 1.853435209347215409e-03 1.000486784712855426e-06 2.918770271438346151e-02 1.608025032931910753e-05 1.001559250696218581e-06 8.049758142394106879e-04 2.570822155635734893e-02 4.010419963597363317e-05 1.000000011655600425e-06 1.000000004870584879e-06 1.321504705470451617e-06 9.999999999999999547e-07 1.775283126035115183e-03 7.700306412897458259e-06 9.999999999999999547e-07 1.000000000300131045e-06 9.999999999999999547e-07 4.651909363791574804e-06 1.000000000000041036e-06 6.819734568796386766e-03 5.904586039065317510e-02 9.999999999999999547e-07 1.977785974437578581e-06 7.968028416170137095e-06 6.303077047262178878e-02 1.023115784737781836e-02 1.935446307703118235e-02 1.049589780268087892e-02 3.373348739962188283e-04 2.678488432301161110e-05 3.940255128092299934e-03 4.608477160048342029e-06 6.317580571855191830e-04 9.999999999999999547e-07 1.131963562461568332e-05 9.999999999999999547e-07 1.113809971629264475e-06 1.000000000000006943e-06 7.525426522056358447e-06 2.335727045955916590e-06 1.332887872115381587e-06 1.000000093066758664e-06 1.000233145888635212e-06 4.927661579253966688e-04 1.000497245994505887e-06 4.161746431018852250e-04 7.264773613010838831e-06 9.522014024916239383e-02 1.000000000000005672e-06 2.402488517691097605e-06 6.624695804666264932e-03 1.289119893921180820e-05 1.000000040060972496e-06 9.999999999999999547e-07 7.096889521005919251e-06 9.712497252871353515e-02 3.795874874222391476e-02 1.004688521983702203e-06 1.123765427140783449e-04 5.029087985213802695e-03 1.000000580036281750e-06 5.312347146962632417e-03 1.230440180363467501e-01 1.000000001642772710e-06 1.868869163548854146e-03 4.452044126737079999e-02 6.476154214937137124e-03 9.999999999999999547e-07 2.492075519137589316e-04 9.999999999999999547e-07 1.740707823643403509e-04 1.000000000000004613e-06 1.744073942002108163e-04 1.233538113326847424e-03 1.021865869842286890e-06 3.037710591093173646e-04 3.739729152515760729e-06 9.999999999999999547e-07 1.995159511993452664e-02 7.772540510077872999e-02 1.000002488345997587e-06 1.000000000051735668e-06 1.521151238523451741e-03 1.003867694790411616e-02 2.513632020166753662e-05 1.201022332295752026e-04 1.000012630236882958e-06 9.999999999999999547e-07 1.015386141171306133e-06 1.857762121518615984e-06 1.100679230386375289e-06 2.075125616237645521e-02 2.897788409551099731e-02 3.942496158361011305e-02 9.999999999999999547e-07 4.918877408330146923e-03 1.221393415185803248e-06 1.000000267632006404e-06 2.008176462631553957e-02 6.033223140359255136e-04 1.000000161530609400e-06 9.999999999999999547e-07 1.000000000000026213e-06 1.002557910834352164e-06 5.043559231782980806e-05 1.068113729255047934e-03 2.050920760723282457e-03 6.830960084752338464e-03 2.399831864564658853e-03 3.608490415780347006e-03 5.040889119929889157e-04 9.999999999999999547e-07 1.007252470081230496e-06 4.237491248713580461e-03 1.770061546260249998e-03 1.000014596009239186e-06 1.950387079800270328e-04 9.999999999999999547e-07 1.620439311062289026e-05 5.076589218573722547e-04 3.612018712394560876e-02
6.326768240576127374e-06 3.040143459328873213e-02 9.147249368504700370e-03 4.381848712685940464e-05 2.919063995068186656e-06 1.290032780249729828e-04 1.000077419666063617e-06 1.000012053862957539e-06 2.419638423843564843e-03 1.000000640480469222e-06 9.999999999999999547e-07 1.000001693011527544e-06 5.026008910367572554e-04 1.000000000000111551e-06 9.999999999999999547e-07 9.999999999999999547e-07 6.875528144958332121e-04 1.006261751681917491e-06 2.306619363625915520e-02 1.299029802064762188e-05 1.002352989748451827e-06 6.260870937339823791e-04 2.360020540018934951e-02 2.352260709272444657e-04 1.000000000125219376e-06 1.000000013775330022e-06 1.504661499179517582e-06 9.999999999999999547e-07 1.879455924558135491e-03 5.958011225285666013e-06 9.999999999999999547e-07 1.000000016283181762e-06 9.999999999999999547e-07 9.804437514691410145e-06 1.000000000010829483e-06 5.419191410699737525e-03 6.690907736456584709e-02 9.999999999999999547e-07 2.126810121921559022e-06 2.217268818992547047e-05 7.567882504571035729e-02 7.296396178842323027e-03 2.382490089483848064e-02 9.764447426429156626e-03 3.303295534160271174e-04 4.844266000920095989e-05 3.665322682727750140e-03 5.375650571122809356e-05 4.391022782180005837e-04 9.999999999999999547e-07 1.948082611271975922e-05 9.999999999999999547e-07 1.755803934590898511e-06 1.000000000000001649e-06 1.206467216378971063e-05 3.967898403593442273e-06 2.118916113990125247e-06 1.000000854875917282e-06 1.000032924586699867e-06 1.044630635339183395e-04 1.012720955882153211e-06 4.103348514348064942e-04 5.776120621955993365e-06 8.082726311829038779e-02 1.000000000001920814e-06 1.002027764774370036e-06 7.171237614296006001e-03 1.890538717330654740e-05 1.000000000164710594e-06 9.999999999999999547e-07 3.670181198783997402e-06 1.107086758289140549e-01 2.601161620910747221e-02 1.000308180602190666e-06 1.068250101258957219e-04 3.428570508032485580e-03 1.000007423955358603e-06 5.917194611145122109e-03 1.279973551935186249e-01 1.000000005391555035e-06 1.674428764596501288e-03 4.127133628533757176e-02 6.700624791674624804e-03 9.999999999999999547e-07 1.763343017530864354e-04 9.999999999999999547e-07 4.917848873384195315e-04 1.000000000000002284e-06 6.879335369910924360e-05 4.690234827381784227e-04 1.000197580783854539e-06 2.446234235304835442e-04 2.966253141242997699e-06 9.999999999999999547e-07 1.934409779462536311e-02 9.025221753076675957e-02 1.000000000000196255e-06 1.000000000444882623e-06 1.311499583435906616e-03 8.852735799087395677e-03 3.408460718340769311e-05 1.199313122130370082e-03 1.000000002177558608e-06 9.999999999999999547e-07 1.028973162519705817e-06 6.697304370950370749e-06 1.845454300063836617e-06 1.925676378202307443e-02 3.059941957390661937e-02 4.395887532278169862e-02 9.999999999999999547e-07 9.258713853740885291e-03 1.076143778419933253e-06 9.999999999999999547e-07 1.288355256322249766e-02 1.307367068512208961e-04 1.000002366900975461e-06 9.999999999999999547e-07 1.000000000000624430e-06 1.002314450952958046e-06 1.660524745811438487e-05 8.410917367826851836e-04 2.662800876661354076e-03 6.658373876804674421e-03 2.122976854642310424e-03 3.072300133034097658e-03 3.460471712992426829e-04 1.000000000000001649e-06 2.251098289522834019e-06 6.133308681729677560e-03 2.205887350522867368e-03 1.000152160177197882e-06 4.241929987073369298e-04 9.999999999999999547e-07 6.863251979074339399e-06 5.963750900067890312e-04 3.782298896556943180e-02
3.641248380549148107e-06 2.488245353401497342e-02 9.294129995388346333e-03 5.777262578143540714e-05 2.242530517446669034e-05 2.122606964325823159e-04 1.000009560571825919e-06 1.001895721476201639e-06 5.200918825232954575e-03 1.000010595714393047e-06 9.999999999999999547e-07 1.000001364764030315e-06 7.052489181867988444e-04 1.000000000021932814e-06 9.999999999999999547e-07 9.999999999999999547e-07 1.490492841060973850e-03 1.029789022107138932e-06 2.920778818418922826e-02 3.733116914059298277e-05 1.011398449730004284e-06 8.061872920601939390e-04 3.098314217714769059e-02 2.205058955648193150e-04 1.000000000032235911e-06 1.000000168965752167e-06 1.561302778683724469e-06 9.999999999999999547e-07 1.887396746506722275e-03 4.431183563399380917e-06 9.999999999999999547e-07 1.000000153539342704e-06 9.999999999999999547e-07 4.251253012663246784e-06 1.000000000000035530e-06 7.800164555854172642e-03 5.522471052657856178e-02 9.999999999999999547e-07 1.140308412080158680e-06 2.889497974436802704e-05 6.446467429506866353e-02 7.365919480016605743e-03 3.074551076507529151e-02 1.474979095823644899e-02 9.243332379592158641e-04 8.336437646183949537e-05 6.053208822303918560e-03 3.479616969383702262e-05 4.790149145520607014e-04 9.999999999999999547e-07 1.468126793125611415e-05 9.999999999999999547e-07 2.087448328154617067e-06 9.999999999999999547e-07 7.519959847142416447e-06 5.345207682807241669e-06 1.029301826069642723e-06 1.000000065643801452e-06 1.000201571244761874e-06 1.892455944723785990e-04 1.000060653734954880e-06 5.001122595790240049e-04 5.847686140870090086e-06 7.799005619211052398e-02 1.000000000000352744e-06 1.000000644024510342e-06 9.596803060222503304e-03 1.749922566336023434e-05 1.000000037208298726e-06 1.000000000000000167e-06 2.192084235569340642e-06 9.656109243584785895e-02 2.055687731086319747e-02 1.000555496985433182e-06 2.025603701349808097e-04 5.380065005996629256e-03 1.000040103368130104e-06 6.032880942451384308e-03 1.128034086228193872e-01 1.000000008903436643e-06 1.610882028890576675e-03 4.385018858095677402e-02 7.999934845897026248e-03 9.999999999999999547e-07 5.611246170551621509e-04 9.999999999999999547e-07 2.352644315845689752e-04 1.000000000000081482e-06 5.589959324064730186e-05 5.325141590026998863e-04 1.000014290656802387e-06 6.941746914765371194e-05 1.896665585433770206e-06 9.999999999999999547e-07 2.465001935096600844e-02 8.214600243247875688e-02 1.000000000002873514e-06 1.000000000000114304e-06 6.356258867743722627e-04 1.195414467899924039e-02 1.906546746540791653e-05 1.978803402680698472e-04 1.000022609067938943e-06 9.999999999999999547e-07 1.586824569541716819e-06 7.375924932621515711e-06 1.387861957496957029e-06 2.807089702146314120e-02 3.540518712244704325e-02 4.973571896644047446e-02 9.999999999999999547e-07 4.844772299253349325e-03 8.112325764695351471e-06 9.999999999999999547e-07 1.125043814708517192e-02 3.986945239259435383e-04 1.000151620507958690e-06 9.999999999999999547e-07 1.000000000000058400e-06 1.007374323659406267e-06 2.012712235134589463e-05 1.217512486607853642e-03 2.664049953877224101e-03 1.095243260959295403e-02 3.478678310828121727e-03 2.529719075367258159e-03 6.334697255583448530e-04 1.000000000000263806e-06 1.636936083298878405e-06 4.586019188844382179e-03 2.665434564858147181e-03 1.000195213144076144e-06 3.782392569369085931e-04 1.000000000000803789e-06 2.750840826914495714e-05 1.242878570679391325e-03 4.259944394259152639e-02
4.577417252877993596e-06 3.027195228125131865e-02 1.057858067601851956e-02 5.036723632772290162e-05 4.013125768760690180e-05 1.956419431140294513e-04 1.000000985296670571e-06 1.001469242118842624e-06 3.590588319096265062e-03 1.000055798158473432e-06 9.999999999999999547e-07 1.000000168983549812e-06 8.090227897333135279e-04 1.000000000001048370e-06 9.999999999999999547e-07 9.999999999999999547e-07 1.955165796980999886e-03 1.003489195409393985e-06 2.715574682212495636e-02 9.320038649503110080e-06 1.036433040196674631e-06 5.932751304421792892e-04 2.356548577743146355e-02 6.874300951594939149e-05 1.000000000000033624e-06 1.000000326214031540e-06 1.210964287014842637e-06 9.999999999999999547e-07 1.728418504072406223e-03 3.826865826145598255e-06 1.000000000000068141e-06 1.000066338980452956e-06 9.999999999999999547e-07 1.685358407006250331e-05 1.000000000016150120e-06 6.328154061141238670e-03 6.320949051122164153e-02 9.999999999999999547e-07 1.272551548321286691e-06 7.935109315404162265e-06 6.782670977257782008e-02 8.352184671486974007e-03 2.797157535025647859e-02 8.860494344366044370e-03 4.675378539025337710e-04 5.102862870134988504e-05 4.200264289475665221e-03 1.038219675585835235e-05 5.758213063964475083e-04 9.999999999999999547e-07 5.262985512887953332e-06 9.999999999999999547e-07 2.928906587107310916e-06 9.999999999999999547e-07 7.476051432871906881e-05 1.397946741136923119e-06 1.001419953860362829e-06 1.000000000215919453e-06 1.000079100390089546e-06 1.323032207703416614e-04 1.000464793796172294e-06 3.182806766212445968e-04 2.306263691839779414e-05 8.585309495812994129e-02 1.000000000001173095e-06 1.263934950500017974e-06 6.594208390563277740e-03 4.735665099548177657e-05 1.000000001263590788e-06 9.999999999999999547e-07 2.874412310915836941e-06 1.005732701324836831e-01 2.401376650369704824e-02 1.164332191117533237e-06 1.080224320346991030e-04 4.319534179341156382e-03 1.000000001035631140e-06 7.717704694067859320e-03 1.261997663968702776e-01 1.000007920149860554e-06 1.387229711965771300e-03 4.516290501479512665e-02 6.868233777787744430e-03 9.999999999999999547e-07 1.402832796378056127e-04 9.999999999999999547e-07 1.580897781169760821e-04 1.000000000000024095e-06 5.550782567269520212e-05 4.713910820423077215e-04 1.000373793177882953e-06 6.298594487740289804e-04 1.681699333688225645e-06 9.999999999999999547e-07 2.066993707032727459e-02 8.497751106796572196e-02 1.000000000000042730e-06 1.000000000000424954e-06 1.295847772897591342e-03 8.811316077227283189e-03 1.406847507631197904e-05 3.248559646540656446e-04 1.000068233011260698e-06 9.999999999999999547e-07 1.034794939865784126e-06 1.275766532207661502e-05 3.352866634207423544e-06 2.425940292458811723e-02 3.664056411903197918e-02 4.282480808527159427e-02 9.999999999999999547e-07 4.444900040234005256e-03 1.105582901994392717e-06 9.999999999999999547e-07 1.193256552717207944e-02 3.739218922486380243e-05 1.000000371188644961e-06 9.999999999999999547e-07 1.000000000000008213e-06 1.004576637427614779e-06 2.630747726756909425e-05 1.598347346532578419e-03 2.234838716276292027e-03 7.980372602587550504e-03 2.597248159944838975e-03 2.583139724112734539e-03 3.938143496190925005e-04 9.999999999999999547e-07 2.702941527498396690e-06 6.157730892753198772e-03 2.009334786116023178e-03 1.000005481914793291e-06 2.570850095659290451e-04 1.000000000009319223e-06 2.425520282122346365e-05 5.988548688737789245e-04 3.800653460287978930e-02
2.345232258944527209e-06 3.706235330347947693e-02 1.073247580259844083e-02 2.958933960867974084e-05 1.233069909907896609e-05 2.295914495205464824e-04 1.000008452315207974e-06 1.000128319387769023e-06 3.511039024557487641e-03 1.000463529831606932e-06 9.999999999999999547e-07 1.000000133976880465e-06 9.248347214582070073e-04 1.000000000000003766e-06 9.999999999999999547e-07 9.999999999999999547e-07 3.453010722472397726e-03 1.000966466079713147e-06 2.555968147179367433e-02 2.496316336582844492e-05 1.001010186393879348e-06 6.570197817978609385e-04 2.472719171959901485e-02 3.035206557378579485e-05 1.000000000000006307e-06 1.000000027558093015e-06 1.391112104724586900e-06 9.999999999999999547e-07 1.338246171540853971e-03 5.512101057668191305e-06 9.999999999999999547e-07 1.000000000000004402e-06 9.999999999999999547e-07 7.027738756575453058e-06 1.000000000000020495e-06 5.068764216862306667e-03 6.349566760094323137e-02 9.999999999999999547e-07 1.121864169342963161e-06 4.765158105753845104e-05 6.973389006838533188e-02 8.712059121932666517e-03 1.978060436082780191e-02 9.368480038853248953e-03 2.744674136837443510e-04 7.376711181847638065e-05 3.584210150787156633e-03 5.096461976026393759e-05 3.551086638737215419e-04 9.999999999999999547e-07 8.120015388130939958e-06 9.999999999999999547e-07 1.003796749448254482e-06 1.000000077085163574e-06 1.791639179960286522e-05 1.410815595835074998e-06 5.879671070246654397e-06 1.002462188314391512e-06 1.000007414278249432e-06 3.917487366641379787e-04 1.001144152319978452e-06 4.809758228172036627e-04 7.182784453656604172e-06 8.491310586597537735e-02 1.000000037743980149e-06 1.219617433975694887e-06 1.144154042628096023e-02 1.009634901982649097e-05 1.000000004812801139e-06 9.999999999999999547e-07 2.683634185091492096e-06 1.059611353973519965e-01 3.006521093227305930e-02 1.003411198705287239e-06 1.547867037958399036e-04 3.853413007276595970e-03 1.000221992767522513e-06 5.078369525387843586e-03 1.226686648793575557e-01 1.000000000736573876e-06 1.515114244611893372e-03 4.648760741900474086e-02 5.794786279829342544e-03 9.999999999999999547e-07 1.167508253368290232e-04 9.999999999999999547e-07 1.982396412521835523e-04 9.999999999999999547e-07 5.133308253276532858e-05 7.293269838348498272e-04 1.102414786050888978e-06 2.811457941990018168e-04 2.769754155019651979e-06 9.999999999999999547e-07 2.109559343086492636e-02 8.447870293581315193e-02 1.000000000026380584e-06 1.000000000000150091e-06 1.120242130099435374e-03 7.358219399060984822e-03 2.532938298982784439e-05 5.389182929657391173e-04 1.000010116511508602e-06 9.999999999999999547e-07 1.003366021598926075e-06 1.050787356900205401e-05 1.037920237446736061e-06 1.852885082104550538e-02 3.655921385582476535e-02 3.755025608214055538e-02 9.999999999999999547e-07 6.168423587629106100e-03 1.472876968235873480e-06 9.999999999999999547e-07 1.585581918328248657e-02 6.586342139148521231e-05 1.000000253907166277e-06 9.999999999999999547e-07 1.000000000000041459e-06 1.001169051831288202e-06 1.841970455536047236e-05 9.686703675533709116e-04 2.939033078481451990e-03 7.117395798777467232e-03 1.902902605413550824e-03 3.233860815884000844e-03 4.139967648365891614e-04 1.000000000000036165e-06 1.011265486176614111e-06 4.077472213202900167e-03 1.630189570955470823e-03 1.000132502068199830e-06 3.786835010830921669e-05 9.999999999999999547e-07 8.975546093245105177e-06 6.758105635518964422e-04 3.860657441307229626e-02
1.289831991775223129e-05 3.032259289495397789e-02 1.308329916316480074e-02 3.207631898262981588e-05 3.299863708365845792e-04 5.820663495298540688e-04 1.072952927943271520e-06 1.000075585293881911e-06 3.979723663628738015e-03 1.002333805296144994e-06 9.999999999999999547e-07 1.000000003491671781e-06 9.406439748863428896e-04 1.000001369004855984e-06 9.999999999999999547e-07 9.999999999999999547e-07 3.494458588929852025e-04 1.052755977627517348e-06 2.973768638801226050e-02 5.244415843922308710e-05 1.006992709340997015e-06 6.653827347410243764e-04 2.860304231710098302e-02 8.697673391365489445e-05 1.000000000000607277e-06 1.000000000175262295e-06 1.206626065571501830e-06 9.999999999999999547e-07 3.167262362392074797e-03 5.151250189382276733e-06 9.999999999999999547e-07 1.638743989956829262e-06 9.999999999999999547e-07 1.731573240760389087e-05 1.000000001874378835e-06 6.726925070088238950e-03 6.120507121350688556e-02 9.999999999999999547e-07 1.034240264062794927e-06 7.836847421173430891e-06 7.152395251144874622e-02 7.175438828222139437e-03 2.278190674451826062e-02 1.071576674417633324e-02 3.671839368757794683e-04 7.682088469518508439e-05 3.397126555452511555e-03 8.976780128553929993e-06 4.687570012309199186e-04 9.999999999999999547e-07 3.692371392618492436e-06 1.000000000000002919e-06 1.059421832011466677e-06 1.000000000000000378e-06 4.172188196693413145e-04 1.460612186864468687e-06 1.024326397902607223e-06 1.000000001322205256e-06 1.000007257775652761e-06 1.945424123833304681e-04 1.007646990147440577e-06 2.077535870000442764e-04 1.404388471239693652e-06 7.684094072379077378e-02 1.000000000008140153e-06 1.000000000014574639e-06 9.997723523596915851e-03 1.561717061545045803e-05 1.000000003623346229e-06 9.999999999999999547e-07 1.780912128012069075e-06 9.966778019996586080e-02 2.485991536864756019e-02 1.001433093663812453e-06 7.009681228071986021e-05 5.227436285310572278e-03 1.000001083192681327e-06 5.628203345192763288e-03 1.192144700483643432e-01 1.000000001707926696e-06 1.303055206109542423e-03 4.179823980801900679e-02 6.429712458096387834e-03 9.999999999999999547e-07 1.469985048898685110e-04 9.999999999999999547e-07 2.560080161907660190e-04 1.000000000000000378e-06 8.154484790738310371e-05 2.248346012801637976e-04 1.000193477097958220e-06 9.161987607131017353e-05 1.293650366393890806e-06 9.999999999999999547e-07 2.415506620367469798e-02 8.543066452271444455e-02 1.000000000000003978e-06 1.000000000218849128e-06 1.082409601272143291e-03 8.537709985898683102e-03 1.673333573420008165e-05 1.807190706749170386e-04 1.000004985861863156e-06 9.999999999999999547e-07 1.015952193567965875e-06 1.078702816305995130e-05 6.676503156540048258e-06 1.741963360016305501e-02 4.555996422388143563e-02 4.187272885713751863e-02 9.999999999999999547e-07 5.449663936379027691e-03 1.606975613832587834e-06 9.999999999999999547e-07 1.226761474072352205e-02 1.693641699375236884e-05 1.000001266432215179e-06 9.999999999999999547e-07 1.000000000000194772e-06 1.000497855086668563e-06 1.419570831845081739e-05 8.973825575913270142e-04 3.597413277102569015e-03 1.235905036001769437e-02 2.378396707262999538e-03 2.707688112593301631e-03 2.885709280098298262e-04 1.000002041391673170e-06 1.098409176475257669e-06 7.049537160133492221e-03 2.424514771582361814e-03 1.000009541362277840e-06 2.398423467830834081e-04 9.999999999999999547e-07 2.219001010927801429e-05 8.007714285589978944e-04 3.618520774017542491e-02
1.606735676260593112e-06 2.893397843779572584e-02 1.117585028390715059e-02 1.249256369436112582e-04 1.324289715819130402e-05 1.607131834714973172e-04 1.000377624640106741e-06 1.000001777464632454e-06 3.978674050265620411e-03 1.001076927021327745e-06 9.999999999999999547e-07 1.000073005775243493e-06 7.942418080310153627e-04 1.000000000000000167e-06 9.999999999999999547e-07 9.999999999999999547e-07 9.370819751577388283e-04 1.008739497994411592e-06 2.742786877831526401e-02 1.061969678949171898e-05 1.001389615992905972e-06 8.076722159087045992e-04 2.825291932903749303e-02 2.644770625705742057e-04 1.000000000004244013e-06 1.000587289631381483e-06 3.884555052446973405e-06 9.999999999999999547e-07 3.625838565445808383e-03 7.154553364228035555e-06 1.000000000001627952e-06 1.000000000008810791e-06 9.999999999999999547e-07 2.770383299911765176e-06 1.000000000338905248e-06 6.913637372445345652e-03 5.325171494349714013e-02 9.999999999999999547e-07 1.121734529775352775e-06 8.474582053668926638e-06 6.066441543905484735e-02 8.731617279142976640e-03 2.326198084024589524e-02 1.035173947212959453e-02 3.866120289320099362e-04 1.509450054996640505e-04 5.118257917708128428e-03 4.838676561099948466e-05 7.237888485212671955e-04 9.999999999999999547e-07 5.699806648027544261e-06 9.999999999999999547e-07 1.130645764198107893e-06 1.000000007166270324e-06 1.177332336660251471e-05 2.840855181218021166e-05 1.472427491243101805e-06 1.000000009142488187e-06 1.000147519173998850e-06 2.261992089036238447e-04 1.000815037176679036e-06 2.766502494855185910e-04 2.837534086720764181e-06 8.862589590129364703e-02 1.000000000000636500e-06 1.000407682374628807e-06 7.819865530628173841e-03 2.928988549372303445e-05 1.000000022877920038e-06 1.000000000000009272e-06 1.115387422788329512e-05 1.031818949902423982e-01 2.329219925200278624e-02 1.001090587395868985e-06 1.155869309517735161e-04 6.863215556904499713e-03 1.000012777485841192e-06 7.135742714408017592e-03 1.165054429234881478e-01 1.000000000607476950e-06 1.755579385680901662e-03 5.497125798046498257e-02 9.811122261101298814e-03 9.999999999999999547e-07 6.311605440581723962e-04 9.999999999999999547e-07 2.928656517666208803e-04 9.999999999999999547e-07 8.655634884179350770e-05 1.117944504990879030e-03 1.000347040799796610e-06 3.049791237549500625e-04 3.962309827713722161e-06 9.999999999999999547e-07 2.247925795245589442e-02 7.995885698025770316e-02 1.000000000110672009e-06 1.000000000000001861e-06 8.763848968296904978e-04 1.037919796606038420e-02 5.033380736664404720e-05 7.709294009146815032e-04 1.035316472959697113e-06 9.999999999999999547e-07 1.011133814545478200e-06 2.021775826057921849e-06 5.801324094877267145e-06 2.172508838161449005e-02 3.893284273305337717e-02 4.074195365663496604e-02 9.999999999999999547e-07 6.166833685194356152e-03 1.037187208376023093e-06 9.999999999999999547e-07 1.242454754217008593e-02 3.303135145637825271e-04 1.000124362409657988e-06 9.999999999999999547e-07 1.000000000000032989e-06 1.012197325237539334e-06 2.839053965598673480e-05 1.703341050414612732e-03 1.959724530820531989e-03 1.227889252486989366e-02 3.258276096781328665e-03 3.686635304388266501e-03 4.344031772215616255e-04 1.000000000000048447e-06 1.039974942436368658e-06 5.427008236797007876e-03 4.180252992149676404e-03 1.000031997330430180e-06 1.322025456925864605e-04 1.000000000000012660e-06 1.836479011487120329e-05 7.753560275145155627e-04 3.211153773874701745e-02
2.025075253124705072e-06 4.120355478254233983e-02 9.229916460458365349e-03 1.629663078560453010e-05 1.252549087332795066e-04 1.500584722240576872e-04 1.000000016014499735e-06 1.000011215695817958e-06 3.043029447665460737e-03 1.000900890872821363e-06 9.999999999999999547e-07 1.000000167779686659e-06 6.941294902818383834e-04 1.000000000000018801e-06 9.999999999999999547e-07 9.999999999999999547e-07 1.467067727459143338e-03 1.002522382694326901e-06 2.791743347084399071e-02 6.648382617023121984e-06 1.060605985847324393e-06 4.865091093520300760e-04 2.734340635948166731e-02 2.547953443525180061e-04 1.000000000000211713e-06 1.000000087363204292e-06 6.817500605628136683e-06 9.999999999999999547e-07 1.031894276345495746e-03 4.750565548739133501e-06 9.999999999999999547e-07 1.000000000008909471e-06 9.999999999999999547e-07 2.519343892182077503e-06 1.000000000326458946e-06 7.884936000662404534e-03 7.119426165228892600e-02 9.999999999999999547e-07 1.175905779238189834e-06 1.133007955616419915e-05 6.926929653243731055e-02 8.183615051510249178e-03 2.166127749312234119e-02 8.128551405317022485e-03 3.194908456196338510e-04 2.345266011644399148e-05 3.135870458771323251e-03 1.466792160018297372e-05 3.860270361425891341e-04 9.999999999999999547e-07 6.790028938143248458e-06 9.999999999999999547e-07 1.017792761832115129e-06 1.000000000000913903e-06 1.178339462706234989e-05 3.173964529863116401e-06 1.000805110854969986e-06 1.000000803904268243e-06 1.000001022072555210e-06 2.795642176457317817e-04 1.000239583691330383e-06 5.305751996071926806e-04 2.205094598422146356e-06 8.175217280522849295e-02 1.000000000000294299e-06 1.000000000599940474e-06 7.947639867688030199e-03 9.667817957882137193e-06 1.000000004674645406e-06 9.999999999999999547e-07 1.223790099332948551e-06 1.032385536310718999e-01 3.551390819800458176e-02 1.004360208463661959e-06 7.214090585465503702e-05 3.557941741813785540e-03 1.000002714219932375e-06 4.966367719146264417e-03 1.285651660465762514e-01 1.000000000444899352e-06 1.386055666658562091e-03 4.141780384606522092e-02 7.373744663379820478e-03 9.999999999999999547e-07 1.248241383597094821e-04 9.999999999999999547e-07 1.610570298305503425e-04 9.999999999999999547e-07 4.083987587836613936e-05 2.990646796575548269e-04 1.000022789379579958e-06 1.404179277051672647e-04 2.143888866069637098e-06 9.999999999999999547e-07 2.360700984423745943e-02 8.355650673045529608e-02 1.000000000000062212e-06 1.000000000020094329e-06 1.271190778276871935e-03 8.502853005984146659e-03 3.193693575500792500e-05 3.498863380451498056e-04 1.004021817514990831e-06 9.999999999999999547e-07 1.010197328938226131e-06 2.827827355779470712e-06 2.902626591483077250e-06 1.676937263494773442e-02 2.913950431824057635e-02 3.599382468602928958e-02 9.999999999999999547e-07 4.262038181412606402e-03 1.122449454658086446e-06 9.999999999999999547e-07 1.549881798284876051e-02 3.210052403994903607e-05 1.000002783650952011e-06 9.999999999999999547e-07 1.000000000000006096e-06 1.085015088582837104e-06 1.757949156574692106e-05 1.398418487168781891e-03 2.142195570217002038e-03 6.380103012885959476e-03 2.702552245116962310e-03 3.431415142445935849e-03 2.906096494432799113e-04 1.000000000195347987e-06 1.011794881542970308e-06 5.086539373181577818e-03 2.466559750489676160e-03 1.000009238454103900e-06 8.920888066246617323e-05 9.999999999999999547e-07 3.006975562014750319e-05 7.639751023378320998e-05 3.634537142925348130e-02
3.627000292767697261e-06 2.712005526550756787e-02 8.619581653830888160e-03 3.380714578563858981e-05 5.998487210446927001e-06 2.218216015788465275e-04 1.000000508812410155e-06 1.002181381639545475e-06 5.504284473194811372e-03 1.000085530080579715e-06 9.999999999999999547e-07 1.000000158557624128e-06 6.607632086489139854e-04 1.000000000000016260e-06 9.999999999999999547e-07 9.999999999999999547e-07 1.026181596635680890e-03 1.023918013954557498e-06 2.752844046652087526e-02 1.385666975517409186e-05 1.334220971479339565e-06 1.083110739954925216e-03 2.889612701876253034e-02 1.064466149849377477e-04 1.000000000003700430e-06 1.000000170840065190e-06 1.010744315750391827e-06 9.999999999999999547e-07 9.181205569568212915e-04 3.756126713663450566e-06 1.000000000000010119e-06 1.000000000013327383e-06 9.999999999999999547e-07 2.105258293770334151e-05 1.000000000000182914e-06 7.419878998081753073e-03 6.778340970995097581e-02 9.999999999999999547e-07 2.825211696119963307e-06 7.707719744290292973e-06 7.025254925230449421e-02 6.472794644533095762e-03 2.343586430599356452e-02 1.099688485017932121e-02 6.110506861256783263e-04 6.278445930947265847e-05 4.182780886806220129e-03 6.751931807124507119e-05 8.429592316556870418e-04 9.999999999999999547e-07 8.595599208280395865e-06 1.000000001745147442e-06 1.009878533028739841e-06 1.000000000093356115e-06 6.330989272482259983e-06 1.178774940143733431e-06 1.060783494342788432e-06 1.000208291052862561e-06 1.000001810146595948e-06 2.560072129279981402e-04 1.005621911857139028e-06 6.655693942471804445e-04 8.922331073262551902e-06 9.138007147222400317e-02 1.000000000001849663e-06 1.000051348119302769e-06 9.105218987675373771e-03 1.561372880515390281e-05 1.000000001127925121e-06 1.000000000000000802e-06 2.236686766092962045e-06 1.054684603134575516e-01 2.211327609800557009e-02 1.000140786358999562e-06 6.635876543502854238e-05 4.126826213378991665e-03 1.000000312458651640e-06 3.802035718615104972e-03 1.219732654395878635e-01 1.000000000002178947e-06 1.011928345685589575e-03 4.687947881033775743e-02 7.385582214110441093e-03 9.999999999999999547e-07 1.771241196596786435e-04 9.999999999999999547e-07 4.892679726610978672e-04 9.999999999999999547e-07 1.234068352185154469e-04 4.092448318011240329e-04 1.009202325176889359e-06 1.986415147356676071e-04 3.841995291514146230e-06 9.999999999999999547e-07 2.404323262462366301e-02 7.949749109744293218e-02 1.000000000000092493e-06 1.000000000001573742e-06 5.428192486590782944e-04 9.694604501166392135e-03 1.678841910496743181e-05 4.394965839649846531e-04 1.000000033391861974e-06 9.999999999999999547e-07 1.004079151924132976e-06 1.083533860853093350e-06 2.959045602868065620e-06 2.220051644641013802e-02 3.134678895211694127e-02 4.107911427376483016e-02 9.999999999999999547e-07 5.765165115354159431e-03 1.227723610901295364e-06 9.999999999999999547e-07 1.044487867732934831e-02 9.648613086989915708e-05 1.000001004948069152e-06 9.999999999999999547e-07 1.000000000020907693e-06 1.003868222784116145e-06 1.094742140341350563e-05 1.062118364609107362e-03 4.367631415813236564e-03 5.781395729157636117e-03 2.937540041046864895e-03 2.531555357408440520e-03 4.233859660538724493e-04 9.999999999999999547e-07 1.113876889554940369e-06 5.367972158584048172e-03 1.674494442893923688e-03 1.000000218627034037e-06 8.078197119390924082e-05 1.000000000000024730e-06 3.051983920505792035e-05 5.644231897560643635e-04 4.049247801475889391e-02
1.248492364245650893e-05 2.072850221093355816e-02 1.228474945052554328e-02 3.629408711369166220e-05 3.340560205558071663e-04 1.765355662653960540e-04 1.000056083186705333e-06 1.000015917675029980e-06 4.435061993150409693e-03 1.000015769198852719e-06 9.999999999999999547e-07 1.000001776693023979e-06 4.781569529894521978e-04 1.000000000000005884e-06 9.999999999999999547e-07 9.999999999999999547e-07 1.717598357495875869e-03 1.000373676376358759e-06 2.663142829766704939e-02 6.416468608318500594e-05 1.001782623030119274e-06 5.978371205272385146e-04 3.001808895823888934e-02 2.413027352050115435e-05 1.000000000000030871e-06 1.000025020833083244e-06 1.848123738100081246e-06 9.999999999999999547e-07 2.595561541656126771e-03 3.405632733340764846e-06 9.999999999999999547e-07 1.000000000121800963e-06 9.999999999999999547e-07 5.348416568172340998e-06 1.000000000002009540e-06 6.021425324768949101e-03 5.946292227973463268e-02 9.999999999999999547e-07 1.060710610982099990e-06 5.942547183800247099e-06 7.227423846537153751e-02 4.943417966785426318e-03 2.475040873396787064e-02 1.349492584341546383e-02 3.418344267763189360e-04 3.434605354709806339e-05 4.585920263936947225e-03 1.503893733388189081e-05 5.798930009138733056e-04 9.999999999999999547e-07 7.049027915149335632e-06 9.999999999999999547e-07 1.004149649499629212e-06 1.000000000000325639e-06 3.992833465528810156e-05 3.960470689893895368e-06 1.879772747044511491e-06 1.000019977259257197e-06 1.000005732609932539e-06 3.704609377290703112e-04 1.003217775831401148e-06 4.461165388240361527e-04 3.917383916671858554e-06 8.074160529574793410e-02 1.000000000000048024e-06 1.104286581068378094e-06 9.603334303936224975e-03 2.614677335012752780e-05 1.000000000150367996e-06 9.999999999999999547e-07 1.906990927277723649e-05 1.024194885300988150e-01 1.763273309911729883e-02 1.078477292117852912e-06 9.812650463027962236e-05 5.391910752963871567e-03 1.000003891256492364e-06 8.726807484947654570e-03 1.230618168125878209e-01 1.000000000761466269e-06 8.191325288085310116e-04 4.212132510274819303e-02 6.430506501699243677e-03 9.999999999999999547e-07 1.396394146702464325e-04 9.999999999999999547e-07 1.870291518602781378e-04 9.999999999999999547e-07 9.322898356074411691e-05 5.294524311406852450e-04 1.000183379697196341e-06 7.726479631731949594e-05 2.494695864243810225e-06 9.999999999999999547e-07 2.240231312300352065e-02 9.344191423509193295e-02 1.000000000021916297e-06 1.000000000000250253e-06 7.586393481079423996e-04 9.456580145535145587e-03 3.346017318055593648e-05 1.582845044332171385e-04 1.000000607990160696e-06 9.999999999999999547e-07 1.005188597244830383e-06 4.934414409332405838e-05 1.089699501327555807e-06 2.143725597228388069e-02 4.510191119244598423e-02 4.345005993681123196e-02 9.999999999999999547e-07 4.442804751801137687e-03 1.086628457834924503e-06 9.999999999999999547e-07 7.046154879556750135e-03 5.781072788448993595e-05 1.000004646870882086e-06 9.999999999999999547e-07 1.000000000001156578e-06 1.000600642525054336e-06 9.159987491984885878e-06 1.241490988288537420e-03 2.730178997860744326e-03 1.120827412951455430e-02 2.866098227239639515e-03 1.837339567448555058e-03 2.658479262018409624e-04 9.999999999999999547e-07 1.022869113185417059e-06 5.569104438350879968e-03 2.158676675443222618e-03 1.000001774092427214e-06 1.891464255535748088e-04 9.999999999999999547e-07 2.031269049091371853e-05 6.295401714563334450e-04 3.786984632439060333e-02
1.370989385957038487e-05 2.894974944339067865e-02 9.116402815321856049e-03 4.763058836124700726e-05 1.526555643046030673e-04 2.592740011176688218e-04 1.000000802191645762e-06 1.000001376320902531e-06 3.118562541188537197e-03 1.000004747123212082e-06 9.999999999999999547e-07 1.000000000893954292e-06 7.087265835401950235e-04 1.000000000902393070e-06 9.999999999999999547e-07 9.999999999999999547e-07 1.842429019484247144e-03 1.000669191470065755e-06 3.073756451573618487e-02 2.210630680559922458e-05 1.002860101981217753e-06 6.703960244450742978e-04 2.863256347512248973e-02 8.404873239102474516e-05 1.000000000007360883e-06 1.006529478886803698e-06 1.020972708228394962e-06 9.999999999999999547e-07 1.309705281955369626e-03 5.938526085613696174e-06 9.999999999999999547e-07 1.000000000000155809e-06 9.999999999999999547e-07 1.131503629518540125e-05 1.000000002393905646e-06 5.250781518174457707e-03 6.526622137883839048e-02 9.999999999999999547e-07 1.232398308293581462e-06 2.408835496298072814e-05 6.890898626694799689e-02 7.739903901199968184e-03 2.293144743322982765e-02 1.113485337362203099e-02 3.101493410076061196e-04 2.688029075541604096e-05 3.633222845348429465e-03 2.040048586880703087e-04 4.034424356026917254e-04 9.999999999999999547e-07 1.316954145292923060e-05 9.999999999999999547e-07 1.016864613481048453e-06 1.000000000002948900e-06 3.510246128516954364e-05 1.246794830076260660e-06 2.337153756766773829e-06 1.000000003136745071e-06 1.000000591842945888e-06 3.697505578260249165e-04 1.000654676721783375e-06 3.097631727366025370e-04 1.671994669623218336e-06 8.570177810426357623e-02 1.000000000000340462e-06 1.000012850510153102e-06 9.001583350951816720e-03 1.961369954023169354e-05 1.000000003140836451e-06 9.999999999999999547e-07 7.085070920463580146e-05 1.050024321490691248e-01 2.293998807307321905e-02 1.006431988139519672e-06 5.853952378054940619e-05 4.340222487098270056e-03 1.000904782297991490e-06 5.594833301510876607e-03 1.277119370134586485e-01 1.000004399987750667e-06 1.172524867197479283e-03 4.448883628994498157e-02 7.621632408415931863e-03 9.999999999999999547e-07 2.121227855492578576e-04 9.999999999999999547e-07 2.277119303266601801e-04 9.999999999999999547e-07 3.530608462716487163e-05 4.354799969453100063e-04 1.031664469958131244e-06 9.613684213450156692e-05 1.766442948787242249e-06 9.999999999999999547e-07 2.313090723415182903e-02 8.514154360979153680e-02 1.000000000013055274e-06 1.000000000000377308e-06 8.298827595963505482e-04 1.033326373219688524e-02 9.042885254722556732e-06 1.550446142735878213e-04 1.000010301525285734e-06 9.999999999999999547e-07 1.018729074120899229e-06 1.032705519859362026e-06 6.572303442715928494e-06 1.959231162749160496e-02 3.214255231852868738e-02 4.142622922701207078e-02 9.999999999999999547e-07 6.375951709226370702e-03 1.481924861613267129e-06 9.999999999999999547e-07 1.185931615827864709e-02 1.968425526084673918e-04 1.000007124887033617e-06 9.999999999999999547e-07 1.000000000000001014e-06 1.002209638474354686e-06 3.049865131857826909e-05 1.025126667010670557e-03 3.302813706823991193e-03 7.687376531920401927e-03 2.400350400952938699e-03 2.534068367242617390e-03 3.047123702725859813e-04 1.000000000007217946e-06 1.006473845446374197e-06 3.745682334019953801e-03 2.638085430022371093e-03 1.000001059617205471e-06 3.352174484965410252e-04 1.000000000000124469e-06 1.156444897373133107e-05 4.845695563403952630e-04 3.739751323384715720e-02
2.539583208017551658e-06 3.247026858993393855e-02 7.783141461360463219e-03 5.191505187686809683e-05 5.783846146179385042e-05 2.174098725524076378e-04 1.000007116196343018e-06 1.000142141951893130e-06 3.491733408523666187e-03 1.000151685440467658e-06 9.999999999999999547e-07 1.000021759791183412e-06 1.168948516436387310e-03 1.000000000000000378e-06 9.999999999999999547e-07 9.999999999999999547e-07 1.378611897930978993e-03 1.003155139889630009e-06 2.860122095834358516e-02 1.634962788767650930e-05 1.012605481316655570e-06 6.528378804035929895e-04 2.766894002629595797e-02 1.877079646051642823e-04 1.000000000000042730e-06 1.000002375309661899e-06 2.714538854677599814e-06 9.999999999999999547e-07 1.089370843585169262e-03 8.232707738262511478e-06 1.000000000000001014e-06 1.000000000291925837e-06 9.999999999999999547e-07 5.344069317816610680e-06 1.000000000605628512e-06 5.994921427152600027e-03 5.739129415312718002e-02 9.999999999999999547e-07 1.752881760093613964e-06 1.836571897830851417e-05 6.473455202012635967e-02 8.637600030817304056e-03 2.109789559404707388e-02 1.021869114794295846e-02 4.559698907869125738e-04 4.431607755436235355e-05 3.589287112857230972e-03 5.357716142032946057e-06 3.267754766391580616e-04 9.999999999999999547e-07 6.632569228605927988e-06 9.999999999999999547e-07 1.050262732566886163e-06 1.000000000000000167e-06 5.217400002561217454e-05 1.837891760594953593e-06 1.973258802000369807e-06 1.000127514642792159e-06 1.000000328324192205e-06 5.799832773662284618e-04 1.216166672655899872e-06 5.788984707223332905e-04 4.729609674813258084e-06 9.608022388566642147e-02 1.000000000001229423e-06 1.000016785902753701e-06 5.677195014388217512e-03 2.418323692545993209e-05 1.000000084615090175e-06 1.000000000000001437e-06 6.402734706899394855e-06 9.985038790257760866e-02 2.612685307771552348e-02 1.293570270877095346e-06 9.520906885563994247e-05 4.976335475169834169e-03 1.000001199208838689e-06 6.152942463420876980e-03 1.267913855023827252e-01 1.000000000093180567e-06 1.530653590638162385e-03 4.989842733648364170e-02 6.714185983503559094e-03 9.999999999999999547e-07 1.825883769324387874e-04 9.999999999999999547e-07 2.733798893516521905e-04 9.999999999999999547e-07 1.011031758584281996e-04 4.655534276071631719e-04 1.012047384608198826e-06 3.711402181290446127e-04 2.132770748860386759e-06 9.999999999999999547e-07 2.279961531057439830e-02 8.530324083190182760e-02 1.000000000000001437e-06 1.000000000001116979e-06 1.420683116952201454e-03 9.409566486157082757e-03 3.270314820391909594e-05 2.773068910780623615e-04 1.000117234034451593e-06 9.999999999999999547e-07 1.151077050081662076e-06 5.635466856315979930e-05 3.635167261981729903e-06 2.229768867386150433e-02 3.444674289039988818e-02 4.050245632326159723e-02 9.999999999999999547e-07 5.583947325083724392e-03 1.062471033904510537e-06 9.999999999999999547e-07 1.192743619897738798e-02 3.004617674724629095e-05 1.000002753114049904e-06 9.999999999999999547e-07 1.000000000000003766e-06 1.001042313372358114e-06 2.943930043835389336e-05 1.559736552555864931e-03 2.552211840324588102e-03 7.000188287136626178e-03 3.335738608903744684e-03 3.411396987260694336e-03 4.451122062173444734e-04 9.999999999999999547e-07 1.016911553929983347e-06 7.788185307463449218e-03 2.739406208049599036e-03 1.000094088009945341e-06 1.541159944413325004e-04 1.000000000000981242e-06 4.306829147775999365e-05 3.611958093871520006e-04 3.265354448572826279e-02
4.609882779781323525e-06 3.359332471924825203e-02 9.912567787528010418e-03 2.745566745584551060e-05 2.801700467187128243e-04 2.695483513585768243e-04 1.000255845813152689e-06 1.005884641991626400e-06 2.377150573589722777e-03 1.000004821937514462e-06 9.999999999999999547e-07 1.000000016723721057e-06 8.872966999378203599e-04 1.000000000074155148e-06 9.999999999999999547e-07 9.999999999999999547e-07 6.564464223393721163e-04 1.012360893439652826e-06 2.645522366557455721e-02 1.305550623738241362e-05 1.000887908380032124e-06 7.058111485489370219e-04 3.032935084674417969e-02 1.148506424539558928e-04 1.000000000000015625e-06 1.000029809731599070e-06 1.615093703386879894e-06 9.999999999999999547e-07 1.773138511596939566e-03 3.233449765943116375e-06 1.000000000001469133e-06 1.000000180744238907e-06 9.999999999999999547e-07 2.996220091335269548e-06 1.000000002687263861e-06 6.686728069293494843e-03 6.239806264580778639e-02 9.999999999999999547e-07 1.218763920266295798e-06 5.218225382415255605e-06 6.827150685346294878e-02 8.889041921787662129e-03 2.319983877362702743e-02 1.302320820104938860e-02 3.353411979438596677e-04 4.166105504145029947e-05 3.147014750819993045e-03 1.379857509095298869e-05 4.375012423440536495e-04 9.999999999999999547e-07 8.906972552379088725e-06 9.999999999999999547e-07 1.031841004585236341e-06 9.999999999999999547e-07 2.623626448173849591e-05 2.191937901197168394e-06 1.681896091819245873e-06 1.000000000128222320e-06 1.000008822295069414e-06 2.274853741174321373e-04 1.005310518528778919e-06 3.293868299232731510e-04 1.081261230057776093e-05 7.380873910842425389e-02 1.000000000001259704e-06 1.014843160879107413e-06 8.482014053232579329e-03 1.946444843881355610e-04 1.000000028234500916e-06 1.000000000000000378e-06 4.969843032578889923e-06 1.049643674075778910e-01 2.805048020203801742e-02 1.000842405121774112e-06 1.389092272122410951e-04 3.349769277411682438e-03 1.000034313777369587e-06 5.531207721479911195e-03 1.186150610053582216e-01 1.000000021738101471e-06 1.801911031007631149e-03 4.558645697733964414e-02 5.306182494909328362e-03 9.999999999999999547e-07 2.720665440772276683e-04 9.999999999999999547e-07 2.239713060292378133e-04 1.000000000000000167e-06 9.252353952253878180e-05 7.225185460087388831e-04 1.000129869307945390e-06 1.025225127004304423e-04 2.196323819240159833e-06 9.999999999999999547e-07 2.621674071717800675e-02 8.676659717932591609e-02 9.999999999999999547e-07 1.000000000001560401e-06 1.510712599419197213e-03 9.560192235508602546e-03 4.132487322022234652e-05 9.447604118801782123e-05 1.000025449676290002e-06 9.999999999999999547e-07 1.017570403021510301e-06 2.152325152048495488e-06 2.146618674419845788e-05 2.002940788870478245e-02 3.435214607250334368e-02 4.072202678236244017e-02 9.999999999999999547e-07 6.220806064058614915e-03 1.065985059753917929e-06 9.999999999999999547e-07 1.620211952334072239e-02 2.917867497110487635e-04 1.000000644042542827e-06 9.999999999999999547e-07 1.000000000000027695e-06 1.000634303407251137e-06 1.511027112676828986e-05 1.659468943977342572e-03 2.338112139268488064e-03 8.219765699293992908e-03 2.202448207244898839e-03 3.709469581231702052e-03 6.221845402385581172e-04 1.000000000002835186e-06 1.001338727493592813e-06 6.394580704542697155e-03 2.895388551096425046e-03 1.000005984975513932e-06 1.930329672203006958e-04 1.000000000000002072e-06 1.965967493816761039e-05 6.100202370258629844e-04 3.745744624535712886e-02
2.199355674260645590e-06 2.646688661823331373e-02 9.764434237357729612e-03 3.589551199920265904e-05 9.834824456218037672e-05 1.867984894411203734e-04 1.000145519430831890e-06 1.000318206288850044e-06 3.042745670395609597e-03 1.000000771113214105e-06 9.999999999999999547e-07 1.000024986980982696e-06 6.200041634914094926e-04 1.000000000017318390e-06 9.999999999999999547e-07 9.999999999999999547e-07 2.683357717913972991e-03 1.015996210261489349e-06 2.909743448167800145e-02 1.057621253219484446e-05 1.005474702603129889e-06 8.067497296642627642e-04 2.930778519923753211e-02 5.145701251536595320e-05 1.000000000311219130e-06 1.000086528764643755e-06 1.982438992086874087e-06 9.999999999999999547e-07 1.052649530170315754e-03 3.627120152503215298e-06 1.000000000000041036e-06 1.000000005173293702e-06 9.999999999999999547e-07 1.017913107208933290e-05 1.000000063799841008e-06 6.162991941605782537e-03 6.393202821117220658e-02 9.999999999999999547e-07 1.299722213495258075e-06 3.842078117381480931e-06 6.793774628155395401e-02 7.320555944280397222e-03 2.407971959981109605e-02 1.235692725341722316e-02 2.977705601593613229e-04 2.569505804330712335e-05 3.638278597673510507e-03 4.778490173851695420e-05 5.616470007298076782e-04 9.999999999999999547e-07 7.748184011420766488e-06 9.999999999999999547e-07 1.001945733653380121e-06 1.000000000000022401e-06 7.575485898932120819e-06 1.666319502679086485e-06 1.140086554641718970e-06 1.000000090705781802e-06 1.000007602526597209e-06 6.985903913680324012e-04 1.000108323241624597e-06 2.996765035629172440e-04 3.178369608646893255e-05 8.599304327225951172e-02 1.000000000000035107e-06 1.000006341293895426e-06 9.049925014053369909e-03 2.631854685947719618e-04 1.000000003118349844e-06 1.000000000000032777e-06 1.604111544874457643e-05 1.044965162350034865e-01 2.131181451908294167e-02 1.068046253765871678e-06 1.124404555721784525e-04 4.538942190544499253e-03 1.005963727081994493e-06 5.996847937461954881e-03 1.234825758665835244e-01 1.000000325160371258e-06 1.258708940720131009e-03 4.311546225058872361e-02 7.203461213516534727e-03 9.999999999999999547e-07 1.478063022059758209e-04 9.999999999999999547e-07 3.994760142062539119e-04 1.000000000000000590e-06 6.361380103887600700e-05 7.292066485453280482e-04 1.002374606355705479e-06 7.917080256891538103e-05 2.977026256502290532e-06 9.999999999999999547e-07 2.445814716124151966e-02 8.473356583419616728e-02 1.000000000000000802e-06 1.000000000008218504e-06 1.180714533090899574e-03 1.176191067346568468e-02 1.948919818502973359e-05 8.188020910771716680e-05 1.000000076857541680e-06 9.999999999999999547e-07 1.287090413812944089e-06 1.026117990373081426e-06 1.342800475437247946e-06 2.278044970359835095e-02 2.905171587959643267e-02 4.463438130451109070e-02 9.999999999999999547e-07 4.140107743156428398e-03 1.156410906903898949e-06 9.999999999999999547e-07 1.199710563023634498e-02 5.494456988772545116e-05 1.000012719479387649e-06 9.999999999999999547e-07 1.000000000000034048e-06 1.003586788844017878e-06 2.751398466882530336e-05 1.126220146185062795e-03 2.642258262500101710e-03 6.404264147136594365e-03 3.227578520099930182e-03 2.503546882933935756e-03 3.285417136821317408e-04 9.999999999999999547e-07 1.218761938885567948e-06 6.962702399448580416e-03 2.005189609005572637e-03 1.000019577717925781e-06 4.481702799956261042e-05 9.999999999999999547e-07 1.736463700381108341e-05 6.784803038884675268e-04 4.029918086744761069e-02
3.133455278446934736e-06 3.216870112028125811e-02 1.072763445495128476e-02 3.066357709714349081e-05 4.593035809399223241e-05 1.890990311549774964e-04 1.002306629966997516e-06 1.000904338067615129e-06 3.204364888884700131e-03 1.002102470796296064e-06 9.999999999999999547e-07 1.000000000072008555e-06 9.733158320176162493e-04 1.000000000061473583e-06 9.999999999999999547e-07 9.999999999999999547e-07 8.849584480229578509e-04 3.463094912947592805e-06 2.491387368276858430e-02 2.135143959909733383e-05 1.000447954744557291e-06 7.412053729041181635e-04 3.091305267689184802e-02 2.219768532562251936e-05 1.000000000000334109e-06 1.000000054209479869e-06 2.253621591029033729e-06 9.999999999999999547e-07 2.122800241939244020e-03 2.296928928847507509e-05 9.999999999999999547e-07 1.000002413639123125e-06 9.999999999999999547e-07 6.090910644763390626e-06 1.000000000039736811e-06 5.505849560852853902e-03 6.751952314145695522e-02 9.999999999999999547e-07 1.105104812647933937e-06 2.447835309786062415e-05 7.140048108379851155e-02 7.342155773834212369e-03 2.364754732141085766e-02 1.134017818991713521e-02 3.984015200073138976e-04 6.010166546039780449e-05 3.175361119391800074e-03 6.179002593604568949e-06 9.287456738092935435e-04 9.999999999999999547e-07 8.749185221661596773e-06 9.999999999999999547e-07 1.013573678526858454e-06 1.000000000000038707e-06 1.577409805439196642e-05 1.266920463457550790e-06 1.167894140492173358e-06 1.000000056885836955e-06 1.000041768393998071e-06 3.538765194876090014e-04 1.000461263479791624e-06 4.989509703000487078e-04 2.262040151939136097e-06 8.369577493506344390e-02 1.000000000000513892e-06 1.022890112794884628e-06 7.911064989060271821e-03 1.202220667922712939e-05 1.000000007843486295e-06 1.000000030787931075e-06 1.493461933862350325e-06 9.997946310420877114e-02 2.718904467155157031e-02 1.005092918083781570e-06 5.800912004423988168e-05 4.568884068217284739e-03 1.000004004215676479e-06 4.202734214750008211e-03 1.294200052760134945e-01 1.000001176910802655e-06 1.211192933526300790e-03 4.284105064321966361e-02 6.221205245293200299e-03 9.999999999999999547e-07 3.594228041174998833e-04 9.999999999999999547e-07 2.410803157179256689e-04 9.999999999999999547e-07 1.808320395413036278e-04 6.322041964293850531e-04 1.000300202986207312e-06 9.820495289478083263e-05 5.906733345547376265e-06 9.999999999999999547e-07 2.445920271997107515e-02 8.236809699293004550e-02 1.000000000005323769e-06 1.000000001467307082e-06 1.128995518822601893e-03 1.031339955887039875e-02 8.773016090242582521e-05 3.036100702816158154e-04 1.000009370484591000e-06 9.999999999999999547e-07 1.000976215640587978e-06 3.650182538540965239e-05 1.228150593214769627e-05 1.772829529068680257e-02 3.742090203011734506e-02 3.612981282418852719e-02 9.999999999999999547e-07 4.994584368301540137e-03 1.100739784667454557e-06 9.999999999999999547e-07 1.230821717802010710e-02 6.637652445658929806e-05 1.000000409001806571e-06 9.999999999999999547e-07 1.000000000000009907e-06 1.001121224403012718e-06 1.596160398881779364e-05 1.042235619031020750e-03 2.533387357498766059e-03 8.638797885294388287e-03 2.415548067715272192e-03 3.184914047876673173e-03 5.168164321767550152e-04 1.000000000000074282e-06 1.059031545774773328e-06 5.670347978776852163e-03 1.763503805221222197e-03 1.000024110586598437e-06 2.402089492513432754e-04 1.000000000001260128e-06 1.676856375035747825e-05 4.928198556356101333e-04 3.813666300165281103e-02
1.077829469694296115e-05 2.481724768347460044e-02 1.049239204074625849e-02 5.417182424448889868e-05 3.910777833390083336e-05 4.079071784707293479e-04 1.000001201966726932e-06 1.000036842614512854e-06 3.502556386692023439e-03 1.002543584793143712e-06 9.999999999999999547e-07 1.000055956429141690e-06 5.514495799663413078e-04 1.000000016735694291e-06 9.999999999999999547e-07 9.999999999999999547e-07 2.450933301982764941e-03 1.003858199797216950e-06 3.024621282479131659e-02 5.591430699943497493e-05 1.003194136318264047e-06 9.434141245141706251e-04 2.864197511133024371e-02 3.569044375154768609e-05 1.000000000000125316e-06 1.000000486989230956e-06 1.074793484943593370e-06 9.999999999999999547e-07 1.262931210147667620e-03 8.195190487891817926e-06 1.000000000022734531e-06 1.000000216014184305e-06 9.999999999999999547e-07 1.456089804098882995e-05 1.000000000000036165e-06 6.614357264964539421e-03 6.697194403600373325e-02 9.999999999999999547e-07 1.827707488873392340e-06 3.784063910243125204e-05 6.681473219257459684e-02 6.952968841736142935e-03 1.988369710308687116e-02 1.082121197244662048e-02 6.256604491939653321e-04 3.163258709532228635e-05 3.590316035749992456e-03 2.833195414966544303e-05 4.246297737570403088e-04 9.999999999999999547e-07 1.289626503308987209e-05 1.000000000000022613e-06 1.825711461140802406e-06 9.999999999999999547e-07 1.925743471762230081e-05 1.246687142989960027e-06 2.054050098898339835e-06 1.000000047295325468e-06 1.000000211039386588e-06 3.265556681664449901e-04 1.000201701581793367e-06 8.911744867515689582e-04 1.088099833784568351e-05 9.228505018302518570e-02 1.000000000103445971e-06 1.005527335558669367e-06 8.251569699352504991e-03 2.023176610004461857e-05 1.000000001550732416e-06 9.999999999999999547e-07 7.599598882422738915e-06 1.040971852083100030e-01 2.028147113896651768e-02 2.376676705780504580e-06 1.136291565626915552e-04 4.490265641358267071e-03 1.000544941008215652e-06 4.868675367597267989e-03 1.256730892368159991e-01 1.000000029276649385e-06 1.234980630460846178e-03 4.781910277910377677e-02 5.943633668081507032e-03 9.999999999999999547e-07 2.262107256599593316e-04 9.999999999999999547e-07 2.542224344685533851e-04 9.999999999999999547e-07 1.076227197189013186e-04 1.428366908486130432e-03 1.000181282816642932e-06 8.162012407172222382e-05 3.301036822619214314e-06 9.999999999999999547e-07 2.337712832828294646e-02 8.231701360543658419e-02 1.000000000000034260e-06 1.000000000116654391e-06 1.477781337131520243e-03 1.134620479276442391e-02 1.923840382789962513e-05 3.296333289592391549e-04 1.000002214153114062e-06 9.999999999999999547e-07 1.070822328662502667e-06 1.053920979647614877e-06 5.997475488624203764e-06 2.503397069398299868e-02 3.417188528127564767e-02 3.931148906849542268e-02 9.999999999999999547e-07 6.428404850846902024e-03 1.224041913015856614e-06 9.999999999999999547e-07 1.092522373214999294e-02 8.916848856647179521e-05 1.000000572753126128e-06 9.999999999999999547e-07 1.000000000000188843e-06 1.003180660536866766e-06 1.588766428827898173e-05 9.122600477410714283e-04 2.516794659681833614e-03 7.701539678352554118e-03 2.591689267300821119e-03 2.397964283990435159e-03 2.642275509508675729e-04 1.000000000001282151e-06 1.028978992430998358e-06 4.987521168920424491e-03 1.912665976629553295e-03 1.000006035679703424e-06 1.141563030100076112e-04 1.000000000000032354e-06 3.695000877305956656e-05 3.074322909001499498e-04 3.670061508059699329e-02
1.324305042562321502e-06 3.924902718961793130e-02 7.328976196541899142e-03 5.566061359080271183e-05 2.170128082955554083e-05 2.534149498099042127e-04 1.000000004411822306e-06 1.000008481080053416e-06 3.022467966072848490e-03 1.000338257540884270e-06 9.999999999999999547e-07 1.000023151290115322e-06 1.008738369322704923e-03 1.000000000002542324e-06 9.999999999999999547e-07 9.999999999999999547e-07 1.207266315759200062e-03 1.001403142804908963e-06 2.528630028207786568e-02 5.352773601060498561e-06 1.037825262809282583e-06 5.272252565505323183e-04 2.547901346657337543e-02 5.623447770113142261e-04 1.000000000000158985e-06 1.000000011154140403e-06 3.312065288591037030e-06 9.999999999999999547e-07 1.130600992532505020e-03 3.153552805112482987e-06 9.999999999999999547e-07 1.000000042546403485e-06 9.999999999999999547e-07 2.312281945082418589e-05 1.000000000001490097e-06 6.253853152138014182e-03 7.347480537589762273e-02 9.999999999999999547e-07 2.666004958816161094e-06 8.831971648023428887e-06 7.051829824496815002e-02 8.420426758028226946e-03 2.140804336118420220e-02 1.052474083635602728e-02 5.105087022436541897e-04 1.260583127053647675e-04 3.454759073631942512e-03 3.270159332699551036e-05 4.668111464892052333e-04 9.999999999999999547e-07 6.045940511198240538e-06 9.999999999999999547e-07 1.000990999937465245e-06 9.999999999999999547e-07 3.985404235971762151e-06 1.185987750583651214e-06 2.001538591914333248e-05 1.000043786804110157e-06 1.000003049423124195e-06 1.086118079381600941e-04 1.000258019577238606e-06 7.091897563500857956e-04 6.184993617095100732e-06 8.549923001409777401e-02 1.000000000000057129e-06 1.002398179493820832e-06 7.432122536455349968e-03 1.736833054987043474e-05 1.000000001216922661e-06 9.999999999999999547e-07 2.294527531269216542e-06 1.056139516484117524e-01 3.241200684457419545e-02 1.001773033401072847e-06 1.142360489830850122e-04 4.715130071122489511e-03 1.000236102289390140e-06 4.607431860687432289e-03 1.265039632339475251e-01 1.000000000251910730e-06 1.405105677947223342e-03 4.202235782955306836e-02 6.058958732289360799e-03 9.999999999999999547e-07 3.357108058921187406e-04 9.999999999999999547e-07 1.763656072713179718e-04 1.000000000000000167e-06 6.354755055719311723e-05 6.869276666331256996e-04 1.000039594134359764e-06 3.844671754592503905e-05 3.135593756429516750e-06 9.999999999999999547e-07 2.447660660406263816e-02 8.162978355189651203e-02 1.000000000060049297e-06 1.000000000001501744e-06 8.565257700375474145e-04 9.928272085464633773e-03 9.003307822419527931e-05 2.447949043986260317e-04 1.000015015159358343e-06 9.999999999999999547e-07 1.698561402374024856e-06 9.394146893396741909e-06 2.194505493503425811e-06 1.622984652212567172e-02 2.627494206685103070e-02 3.941035848831581784e-02 9.999999999999999547e-07 5.246295699714226442e-03 1.198950956618970437e-06 9.999999999999999547e-07 1.496279961418798578e-02 2.118901013715899205e-04 1.000120225967250170e-06 9.999999999999999547e-07 1.000000000004947262e-06 1.006961923875301718e-06 2.069192224884727971e-05 7.933570388985156617e-04 2.588387907087816037e-03 5.932402180094486881e-03 2.352201206345926401e-03 3.008962720551886828e-03 3.671864586700665858e-04 9.999999999999999547e-07 2.055709246656311138e-06 5.385553405047870633e-03 2.241520740956633173e-03 1.000037138377221035e-06 8.817611685720539425e-05 1.000000367741729297e-06 2.276570720668587866e-05 4.058388888743813799e-04 3.836619459054164266e-02
1.665918641952477975e-05 2.836929665177940693e-02 1.268739759607777871e-02 4.877737520304505607e-05 6.450671354311925283e-05 1.449776657295646194e-04 1.000001183077127549e-06 1.000019773334021303e-06 4.537704714712292864e-03 1.000176670972964344e-06 9.999999999999999547e-07 1.000003135988124917e-06 7.401918117174576418e-04 1.000000000004194038e-06 9.999999999999999547e-07 9.999999999999999547e-07 1.658426309092635121e-03 1.004571924960447581e-06 2.770084165780334687e-02 1.099934652542892662e-04 1.003314463167251783e-06 8.289389499293593321e-04 3.041409428336744672e-02 1.000369647730382219e-04 1.000000000014203638e-06 1.000000825667750889e-06 2.120240110294730687e-06 9.999999999999999547e-07 2.151823114443988764e-03 4.695869097439191911e-06 9.999999999999999547e-07 1.000000000752264527e-06 9.999999999999999547e-07 1.009050011983607944e-05 1.000000437135649314e-06 6.896950738501040484e-03 6.277699944171361013e-02 9.999999999999999547e-07 3.202286114095602123e-06 1.644631631270217789e-05 7.154684196551931719e-02 8.491340567781644616e-03 2.535416659144728094e-02 1.149538445925359087e-02 3.183864027224251074e-04 5.907302703780265582e-05 5.017188975782986213e-03 4.174983273177860273e-05 7.400262391570018930e-04 9.999999999999999547e-07 1.479942796696903125e-05 9.999999999999999547e-07 1.009967334721966575e-06 9.999999999999999547e-07 2.805877657857011684e-06 4.109372324114955047e-06 3.207463035331372895e-06 1.000004536046457108e-06 1.000005028219624191e-06 3.559629086357155286e-04 1.026657918602563014e-06 4.556544247498872245e-04 7.173681765278399667e-06 8.024385754075519239e-02 1.000000000000068564e-06 1.000619203574715551e-06 1.192784313861445025e-02 2.893466211564083297e-05 1.000000000506584950e-06 9.999999999999999547e-07 4.663884843145754580e-06 9.095283911493835804e-02 2.538373718501343856e-02 2.391588994758094270e-06 1.667458624108657738e-04 5.563988593776033297e-03 1.000000343666484521e-06 7.319220053464583001e-03 1.097692286090897473e-01 1.000000002015252273e-06 1.703457102859155456e-03 4.348587711459846877e-02 8.282604382173078608e-03 9.999999999999999547e-07 3.282660435439031473e-04 9.999999999999999547e-07 1.833528621239640852e-04 1.000000000000000802e-06 9.129941835419179180e-05 6.431783218384087885e-04 1.000084863600600362e-06 3.541668020864368162e-04 9.625299814726016024e-06 9.999999999999999547e-07 2.338378041615186975e-02 8.220930132427094195e-02 1.000000000000008002e-06 1.000000000018629809e-06 1.286254181763355365e-03 1.131035256172220095e-02 2.476970975503450367e-04 2.444885531560629004e-04 1.000000068715673373e-06 9.999999999999999547e-07 1.067886768647788819e-06 1.008492287248208855e-06 2.657492659911679474e-06 2.098461511105823366e-02 4.236572758201884170e-02 4.040685626316443263e-02 9.999999999999999547e-07 4.963880993631426645e-03 1.185716167508920289e-06 9.999999999999999547e-07 1.350925046915006124e-02 1.551968824952967786e-04 1.000022858964748367e-06 9.999999999999999547e-07 1.000000000010466741e-06 1.018361735870315622e-06 4.154413526228488033e-05 1.079885452485551895e-03 3.777887064611637393e-03 1.109456209068054693e-02 2.519272885311514120e-03 3.170011071955897760e-03 3.226603512361539351e-04 1.000000000186675852e-06 1.170774641966905786e-06 4.803003644137209850e-03 1.797334336746518949e-03 1.000096259690528626e-06 1.045080387207322509e-04 9.999999999999999547e-07 4.625273447098056606e-05 8.792019590807740280e-04 3.973999987727955263e-02
2.076902679880648773e-06 3.486766666704843587e-02 1.296656129082036403e-02 8.766041188795428317e-05 1.928865922402277482e-04 9.357740421080731072e-05 1.013113252717122963e-06 1.000396672577465542e-06 4.229587149883919442e-03 1.000369281498939930e-06 9.999999999999999547e-07 1.000012488067665166e-06 9.556590410811016071e-04 1.000000000000008849e-06 9.999999999999999547e-07 9.999999999999999547e-07 2.076428626690527118e-03 1.000174048609548687e-06 2.485653020169000665e-02 5.959226773956417675e-05 1.006140940347061219e-06 9.436882629934553908e-04 2.669013364688711115e-02 6.829904554636997060e-05 1.000000000000008637e-06 1.000000033579313542e-06 1.292810356252533571e-06 9.999999999999999547e-07 2.354875411264249416e-03 4.051519665611579554e-06 9.999999999999999547e-07 1.000000000020037154e-06 9.999999999999999547e-07 5.194313008057659375e-06 1.000000000000568949e-06 5.798665951739294736e-03 6.479395080074321078e-02 9.999999999999999547e-07 2.885000484550613736e-06 1.034975731094077486e-05 7.016080837974593420e-02 8.796660840380455745e-03 2.175085993986263302e-02 9.470178473221402271e-03 3.282446671018324842e-04 6.232890047922550413e-05 3.671970405561725791e-03 1.093490086577169209e-05 6.032405847405390882e-04 9.999999999999999547e-07 1.248005548528261883e-05 9.999999999999999547e-07 1.004776688561378105e-06 9.999999999999999547e-07 5.442778164762296909e-05 1.588526326488916004e-06 1.004041132183738135e-06 1.000002317402078065e-06 1.000025397117988586e-06 1.285862035979537142e-04 1.002812752081717551e-06 7.182305949979646753e-04 1.026538448483161954e-05 8.095215872372076016e-02 1.000000000006854569e-06 1.019166545041223400e-06 1.106691118291629541e-02 1.871198724889466252e-05 1.000000002896159973e-06 1.000000000003760781e-06 1.301438430875935710e-05 1.013179108356040276e-01 2.867029358633325226e-02 1.950224351918643981e-06 9.251931336599099256e-05 4.689482675883801209e-03 1.000007801501228553e-06 7.406630996291125105e-03 1.185514924418571980e-01 1.000000000000090376e-06 1.494481585801543102e-03 4.169876331989401386e-02 7.002955495996690712e-03 9.999999999999999547e-07 1.418964431197655154e-04 9.999999999999999547e-07 2.374665161706856814e-04 9.999999999999999547e-07 1.051410724897175046e-04 2.331698249734714024e-04 1.091721725432352081e-06 8.570366772184057687e-05 5.602794252825522404e-06 9.999999999999999547e-07 2.244427622771110256e-02 8.397199829561287354e-02 1.000000000008809944e-06 1.000000000077607019e-06 1.275042834482240572e-03 1.082748029752945811e-02 1.109472599502317674e-05 9.548956975584683830e-05 1.000154616045878568e-06 9.999999999999999547e-07 1.129571837883951265e-06 1.010984185098639374e-06 1.793798119290075050e-06 2.020044049861257490e-02 4.516554945482905564e-02 3.535217518171367146e-02 9.999999999999999547e-07 4.633659707942523222e-03 1.317421335890029477e-06 9.999999999999999547e-07 1.517106011995577979e-02 1.146344140114912823e-04 1.000023859272249518e-06 9.999999999999999547e-07 1.000000000000007366e-06 1.000714717212163255e-06 2.267453468455634177e-05 1.469855169230353635e-03 3.148687253391946154e-03 1.010831117635445364e-02 2.805519222074796728e-03 3.577938885785908723e-03 2.948689021990968939e-04 1.000000000000001649e-06 1.120384356552255215e-06 3.678849291532901647e-03 2.353927144255022440e-03 1.000004803595857093e-06 3.274071391979300289e-04 9.999999999999999547e-07 2.285228033811678231e-05 5.832323659952906494e-04 3.179478370112334001e-02
1.486201287921354886e-05 3.459633227534090333e-02 8.790004462289020132e-03 2.438823728179384070e-05 2.395963174387945712e-05 1.998121782752962491e-04 1.000000092890627269e-06 1.000241332064116982e-06 4.816419433644371015e-03 1.000005399768587272e-06 9.999999999999999547e-07 1.000014463563433408e-06 5.560502727827844154e-04 1.000000000000000590e-06 9.999999999999999547e-07 9.999999999999999547e-07 7.944209117790550353e-04 1.000498968670513671e-06 3.094493176748326288e-02 9.645473283469925392e-06 1.004281216907310254e-06 8.842213097014769508e-04 2.552760839288470765e-02 3.977530576008680296e-05 1.000000002154787186e-06 1.000003474486950410e-06 1.356432922149040148e-06 9.999999999999999547e-07 1.187236875750821621e-03 4.100410802592040202e-06 1.000000000000001861e-06 1.000000005632062629e-06 9.999999999999999547e-07 1.251275723891133373e-05 1.000000000000017319e-06 7.605654696375068607e-03 6.552632239683432724e-02 9.999999999999999547e-07 1.032775854840951207e-06 1.022836201889425699e-05 6.495370376215643671e-02 8.218587886831699510e-03 2.403684634490404343e-02 9.304504737503336079e-03 2.445428094657346664e-04 3.727662100904618206e-05 3.371046412184211614e-03 6.962063090202095661e-06 6.932974912808722657e-04 9.999999999999999547e-07 1.028380124927401970e-05 1.000000000000000590e-06 1.037105034147509132e-06 9.999999999999999547e-07 4.533318998260046695e-05 2.024003859491080627e-06 1.600266986814186327e-06 1.000042533614306599e-06 1.000004465745377299e-06 3.316670993376298181e-04 1.015273934137179674e-06 2.446037804521099235e-04 3.278056938748766740e-05 8.255210749344039922e-02 1.000000000000287946e-06 1.000084741803904556e-06 1.424723701903518429e-02 5.813512102954407812e-05 1.000000004212792645e-06 1.000000000000000802e-06 4.762987049548923829e-06 1.106063084113357436e-01 2.801745722525065402e-02 1.001513884017766549e-06 1.293084486638992620e-04 4.025419715953195733e-03 1.000017216985698742e-06 3.949137896162183657e-03 1.210458099913607061e-01 1.000000000723307223e-06 1.510590338874497280e-03 4.165625504665915191e-02 7.009374876565177721e-03 9.999999999999999547e-07 2.536240641939068461e-04 9.999999999999999547e-07 1.995287474180930788e-04 1.000000000000004613e-06 6.903245797793743305e-05 9.941709382429463927e-04 1.000524650979404551e-06 6.678257405737877972e-05 2.523839621208910434e-06 9.999999999999999547e-07 2.360707366344903455e-02 8.330525267994311200e-02 1.000000000000376037e-06 1.000000000000176561e-06 1.068698013367347247e-03 1.034080812083976522e-02 4.922419713341154715e-06 1.916117450224986691e-04 1.059594482523209796e-06 9.999999999999999547e-07 1.003592194421447457e-06 1.515219139968534515e-06 1.759160417298316654e-06 2.019294619308924579e-02 2.919419329899857266e-02 4.158240386499116592e-02 9.999999999999999547e-07 5.318806382757068803e-03 1.184062793049226216e-06 9.999999999999999547e-07 1.491334669547083984e-02 1.838149377164240942e-04 1.000002046282077183e-06 9.999999999999999547e-07 1.000000000000022825e-06 1.004734067005768196e-06 1.684471668516171396e-05 5.149560302898380281e-04 4.451167154721775987e-03 5.840936905633378751e-03 2.780059060477677209e-03 3.203490309429081126e-03 3.506159518954475867e-04 1.000000000041899498e-06 7.201914598090312602e-06 5.352224892417480236e-03 1.921260306624708635e-03 1.000042340793625209e-06 1.404792948958195637e-04 9.999999999999999547e-07 1.484827509235314716e-05 3.989011725386514516e-04 3.568104557493888968e-02
1.724573489140120260e-06 3.189521441240029259e-02 9.241413154737589467e-03 7.885415607040504075e-05 1.289644612543723644e-04 1.543410750555482074e-04 1.000006069396157786e-06 1.000000085079477470e-06 3.729028215292252892e-03 1.000008311419304318e-06 9.999999999999999547e-07 1.000010416840374679e-06 9.278570275134787222e-04 9.999999999999999547e-07 9.999999999999999547e-07 9.999999999999999547e-07 1.303602769793162867e-03 1.000059256334002850e-06 2.806424300696962540e-02 1.786340205762807756e-05 1.000974400488660211e-06 8.141451377581611663e-04 2.631499357370987655e-02 7.451346786516007618e-05 1.000000000000002708e-06 1.000000185209712113e-06 2.137014685124715276e-06 9.999999999999999547e-07 1.063483953129879976e-03 4.315622421391243395e-06 1.000000007231018582e-06 1.000001061910760628e-06 9.999999999999999547e-07 7.047081111128190419e-06 1.000000000000057977e-06 6.232013185389440567e-03 6.375568181891470843e-02 9.999999999999999547e-07 1.977577699845655270e-06 4.863220834296200072e-06 7.058414546960646574e-02 6.897968677965957661e-03 2.338466326433297215e-02 1.002131059342464131e-02 3.137937880329493153e-04 3.639381716983575420e-05 3.225556653560719949e-03 1.054223335043207119e-05 7.023524083018872549e-04 9.999999999999999547e-07 6.224349947820613017e-06 9.999999999999999547e-07 1.043139112576527487e-06 1.000000578020079062e-06 5.298755303951728076e-06 2.804152946696566065e-05 1.000666265015565425e-06 1.000000008795332369e-06 1.000022584916530234e-06 1.411963979788798129e-04 1.000754947053460441e-06 9.385963393847637651e-04 1.612426598671869729e-05 7.840816637482003748e-02 1.000000000000056071e-06 1.000000179159308973e-06 8.462407260364733161e-03 1.271218535937229720e-05 1.000000016835715753e-06 9.999999999999999547e-07 3.438061317775388706e-06 1.072734788590054417e-01 2.794675183549685804e-02 1.009328664481138878e-06 7.826491243360839979e-05 4.159295324526410438e-03 1.000000001981902680e-06 4.485939109185343478e-03 1.271173462248347263e-01 1.000000000013220021e-06 1.172319374755847890e-03 3.938920192524959785e-02 6.339921632276862042e-03 9.999999999999999547e-07 1.350947609455055182e-04 9.999999999999999547e-07 1.706035921428737624e-04 1.000000000000000167e-06 9.908901156866390010e-05 7.722774378039931782e-04 1.001492238656278661e-06 1.590755410103963170e-04 2.305392118310339722e-06 9.999999999999999547e-07 2.172104282076288417e-02 8.659868761041533691e-02 1.000000000231543187e-06 1.000000003597656566e-06 1.168188616902124779e-03 9.883437042570816788e-03 9.221198779119375559e-06 1.453867766573640249e-04 1.000025768755878692e-06 9.999999999999999547e-07 1.020043339370263045e-06 1.106203929057925379e-05 1.659306061424099449e-06 1.966255488086561184e-02 3.229255190371074780e-02 4.278479065504410539e-02 9.999999999999999547e-07 6.927941259281176350e-03 1.113558802537731742e-06 9.999999999999999547e-07 1.450929337122574755e-02 2.685849791317538541e-04 1.000013052577765699e-06 9.999999999999999547e-07 1.000000000000002496e-06 1.203028604464335373e-06 1.540837339448303619e-05 1.199684941555102888e-03 2.989736489139267935e-03 6.834707820719761878e-03 2.495903116938515132e-03 3.035815105108434411e-03 5.254859432389500686e-04 9.999999999999999547e-07 1.037218759421064490e-06 6.551295003998584832e-03 2.330726200335530695e-03 1.000017035418298984e-06 6.399759763273837236e-05 9.999999999999999547e-07 2.488707772573571641e-05 5.635351245054301536e-04 4.114880910806705677e-02
3.796680565618059737e-06 4.037210307034681811e-02 7.016274611126797033e-03 8.221747901114367322e-05 6.094433058964716212e-06 1.875150539970389327e-04 1.000000186862343274e-06 1.000575436580307187e-06 5.000568648529188191e-03 1.001980334054714858e-06 9.999999999999999547e-07 1.000000046349079975e-06 1.054370537366286888e-03 1.000000000004027596e-06 9.999999999999999547e-07 9.999999999999999547e-07 1.311335819404129245e-03 1.008909772813697614e-06 3.462930607413253897e-02 2.576849649384592391e-06 1.070666752706767959e-06 7.853898134083252313e-04 2.506587884180273493e-02 2.598807770140835398e-04 1.000000018850151107e-06 1.000029073989626564e-06 1.433764789922398766e-06 9.999999999999999547e-07 1.424537354240511949e-03 1.257478057770633699e-05 9.999999999999999547e-07 1.000000008560197082e-06 9.999999999999999547e-07 7.610429899591146146e-06 1.000000000002152054e-06 1.213235940857914502e-02 5.255906369957225044e-02 9.999999999999999547e-07 1.032246094937036300e-06 5.533141996308984633e-05 5.353693975695429652e-02 1.436146115745293161e-02 2.942729821677585525e-02 1.305241341711987219e-02 5.642137910955906605e-04 4.150221944905049440e-05 6.823447865186132652e-03 1.066225778366999737e-05 6.908804589712804140e-04 9.999999999999999547e-07 1.980343982859418943e-05 9.999999999999999547e-07 1.003692383609273788e-06 9.999999999999999547e-07 1.002070826077532604e-05 1.164253693612873298e-06 1.001042087562683903e-06 1.000003787357589815e-06 1.000994968535388973e-06 2.092191206878458022e-04 1.001686507065432183e-06 1.113782955849827901e-03 1.360565673336552064e-05 9.135604047671580519e-02 1.000000000654482620e-06 1.000457352495177026e-06 8.015010189030341223e-03 1.941831457810372534e-05 1.000000008081060190e-06 1.000000000000732638e-06 3.070024447000207032e-05 8.312826502804616935e-02 3.155540672225959353e-02 1.008460233600221116e-06 3.041034321263059960e-04 8.721102992471479673e-03 1.000000091943446228e-06 5.204309893219417546e-03 1.081568036029881413e-01 1.258843335908640078e-06 2.868446169793993292e-03 5.338558894487117207e-02 1.146432069488539235e-02 9.999999999999999547e-07 4.248723576091124822e-04 9.999999999999999547e-07 2.320713740217419442e-04 1.000000000000580172e-06 1.539181085807420936e-04 2.265390896984025894e-04 1.145484165021096552e-06 1.504408247591200519e-04 7.366090001721939015e-06 9.999999999999999547e-07 2.196097490538942085e-02 6.743814488548249830e-02 1.000000000000058612e-06 1.000004447450381916e-06 1.046528599058048955e-03 1.169049013057373021e-02 2.669262042721182485e-05 6.040634044857025884e-04 1.000984334631660374e-06 9.999999999999999547e-07 1.098929193978281647e-06 1.135622827286944572e-06 5.325193717212145580e-06 2.418886358680161219e-02 2.308191734819853638e-02 4.116457551018379291e-02 9.999999999999999547e-07 7.736306497988736271e-03 1.290597141273081392e-06 9.999999999999999547e-07 1.895498389912759693e-02 1.248716986190445363e-04 1.000001685292662409e-06 9.999999999999999547e-07 1.000000000000583349e-06 1.008670588005157168e-06 7.266606861034988966e-05 1.977707912407024055e-03 4.971027301599238030e-03 7.004484656716851096e-03 4.313500359854045493e-03 7.018601760456570290e-03 6.629310511613177625e-04 1.000000000000010754e-06 1.157826916183958584e-06 6.294777492487199991e-03 3.262579582508701257e-03 1.000022741093693035e-06 2.392472785739648347e-04 1.000000000000018589e-06 5.271264915973834683e-05 2.388647543531649303e-04 3.869557374653122966e-02
3.458065945177685069e-06 2.741598994153598978e-02 1.265740360887401481e-02 4.480223447406036862e-05 5.641752214160565353e-05 1.406731469254839995e-04 1.000009002338030096e-06 1.000017117681914146e-06 5.065180122297796746e-03 1.000007399771182001e-06 9.999999999999999547e-07 1.000000294300660872e-06 7.000527537399656771e-04 1.000000000000212137e-06 9.999999999999999547e-07 9.999999999999999547e-07 1.002123472501719771e-03 1.000020382190523319e-06 2.692203666501298207e-02 2.312627836101225460e-05 1.021610787889630178e-06 5.690824835266831538e-04 3.008800160123048517e-02 5.398251569993157587e-05 1.000000000000878328e-06 1.000000005715607817e-06 3.088782833090829733e-06 9.999999999999999547e-07 2.422404908275702876e-03 3.590482751025920453e-06 9.999999999999999547e-07 1.000000000075526283e-06 9.999999999999999547e-07 3.978870629270796650e-06 1.000000000000242630e-06 7.985776795186087101e-03 6.184498141782914654e-02 9.999999999999999547e-07 3.260126718927303788e-06 5.873026086120736399e-06 6.784891512777563305e-02 6.538023284579429044e-03 2.426494856808311673e-02 1.007471512894089934e-02 2.884920471719628439e-04 2.760936841972380849e-05 3.635609183927978900e-03 2.900018349530973340e-05 6.103913087650891843e-04 9.999999999999999547e-07 9.431358372057088545e-06 9.999999999999999547e-07 1.081800513382663036e-06 1.000000000000058612e-06 2.455603222759126218e-05 1.129618254817362752e-06 1.255459807465823104e-06 1.000000002203818959e-06 1.000002673949355179e-06 3.593038157888222357e-04 1.000214025477262961e-06 5.569941356509701662e-04 7.056374373908232775e-06 8.124365928480266341e-02 1.000000000000839576e-06 1.001449372420930915e-06 1.137076414585883044e-02 3.431200997033456853e-05 1.000000006406000868e-06 9.999999999999999547e-07 2.224208551278111007e-06 1.026488325890938247e-01 2.164033542085352924e-02 1.853457002223755405e-05 5.671478046975003212e-05 6.135832952171052859e-03 1.000000005974408994e-06 6.185443774602958703e-03 1.247841691975308948e-01 1.000000000062863352e-06 1.175017012433574558e-03 4.020566194356262751e-02 7.756644759676268111e-03 9.999999999999999547e-07 2.433609292144426966e-04 9.999999999999999547e-07 2.656434667005168056e-04 1.000000000011744914e-06 3.597921832137705169e-05 5.354993709250369322e-04 1.030543880846072473e-06 2.118055260322954092e-04 4.929079983668428295e-06 9.999999999999999547e-07 2.362521279935926241e-02 8.588144365351642329e-02 1.000000003579961413e-06 1.000000000023262232e-06 9.244384335280642247e-04 1.008319278740861524e-02 1.641313250077388930e-05 3.236443426749523720e-04 1.000000001477177134e-06 9.999999999999999547e-07 1.005098475601153253e-06 1.940124603641815770e-06 2.234605872551758828e-05 1.959671229844405296e-02 4.352286977567385723e-02 4.123882167569106749e-02 9.999999999999999547e-07 4.566017025638425750e-03 1.092556494610439358e-06 9.999999999999999547e-07 1.184639418905445059e-02 4.403214288161545563e-05 1.000000027763355568e-06 9.999999999999999547e-07 1.000000000000853552e-06 1.032632693175731998e-06 1.403809434839133996e-05 7.420098071965849267e-04 3.110883200780758823e-03 1.151596312738182616e-02 2.958576370565873647e-03 2.641236936204631111e-03 2.700987662047463255e-04 1.000000000000002708e-06 1.007868555186399219e-06 4.404292947656233623e-03 1.871830909778000006e-03 1.000000337948962364e-06 9.930807809274324195e-05 1.000000000001242552e-06 1.414092750838671611e-05 4.321811048962896943e-04 3.446860739863657347e-02
2.559136352551716955e-05 2.934465081787403923e-02 9.175707073976432579e-03 3.804914875451794127e-05 4.976613983665753002e-05 1.406129452076211042e-04 1.000006112649965118e-06 1.000016479377204858e-06 3.331237179668487900e-03 1.000068843649734959e-06 9.999999999999999547e-07 1.000000046680156779e-06 6.589579498782826379e-04 1.000000000000000802e-06 9.999999999999999547e-07 9.999999999999999547e-07 5.987395092030364406e-04 1.001215241037033931e-06 2.284774031621299509e-02 3.956808765347785093e-05 1.009236215868012667e-06 6.231799731838097607e-04 3.107752604604396840e-02 9.846488318829102633e-05 1.000000000000040401e-06 1.000000000755474570e-06 2.551038361154680434e-06 9.999999999999999547e-07 1.447154977478853259e-03 3.540750961928655090e-06 9.999999999999999547e-07 1.000008735301234122e-06 9.999999999999999547e-07 6.152005974242030767e-06 1.000000000000004402e-06 5.576295780464137104e-03 6.538526112484671637e-02 9.999999999999999547e-07 1.467719768914423387e-06 3.858700746056170946e-06 7.462826076702330780e-02 6.922356785757090639e-03 2.667252846207110797e-02 1.184125446536088075e-02 2.416311383709925792e-04 1.200598888624388158e-05 3.086996440814043959e-03 3.460902780962091214e-05 4.444517745358207922e-04 9.999999999999999547e-07 8.036815775367905389e-06 9.999999999999999547e-07 1.003641453614986295e-06 9.999999999999999547e-07 8.479881576891681736e-06 1.501287496663697206e-06 4.617657404341034864e-06 1.000000001343685165e-06 1.000000226005037868e-06 1.982885023914733352e-04 1.000793265960543874e-06 8.135152836886498347e-04 2.831403523184845754e-06 8.244842914147040847e-02 1.000000000002761494e-06 1.000062133921685062e-06 8.006881396322522090e-03 1.224137543132786162e-05 1.000000000175715457e-06 9.999999999999999547e-07 3.457527263337328160e-06 1.049654963056056156e-01 2.793899335563029482e-02 1.000602991105428653e-06 1.378268129689644099e-04 3.507860919532349367e-03 1.000000055874399783e-06 4.791548089905914819e-03 1.251827597241437218e-01 1.000000000001156155e-06 1.097825700552616975e-03 4.243610943020841020e-02 5.818716456559090699e-03 9.999999999999999547e-07 1.259751665333922594e-04 9.999999999999999547e-07 2.614029262198650080e-04 9.999999999999999547e-07 4.986031334909286889e-05 7.334031634251920919e-04 1.000352476769039811e-06 2.380034037764972344e-05 3.071954232445910729e-06 9.999999999999999547e-07 2.575309467241454486e-02 8.667221846256126239e-02 1.000000000003370722e-06 1.000000000000010331e-06 9.200552081291650790e-04 1.000598372735049188e-02 5.605967271856827607e-05 3.282893602636906250e-04 1.016462972107383732e-06 9.999999999999999547e-07 1.008826660578782399e-06 1.382806686023669517e-06 1.442548781591537087e-06 1.765658599865846390e-02 3.284379165236898934e-02 3.842100263756961093e-02 9.999999999999999547e-07 5.863585837467683894e-03 1.023545251659384612e-06 9.999999999999999547e-07 1.289226225721726467e-02 2.177794688558348291e-04 1.000002846460943374e-06 9.999999999999999547e-07 1.000000000000015201e-06 1.006222609910586419e-06 8.829249443078170120e-06 8.431066931008628779e-04 2.952182948995493109e-03 7.041149740233376350e-03 2.491308228136207645e-03 2.644005777721807147e-03 3.975392942275522376e-04 1.000000003246646748e-06 1.455900835861941222e-06 4.479686491470298570e-03 2.121207396150312594e-03 1.000011139788545979e-06 8.084415049568987168e-05 9.999999999999999547e-07 2.263943176015403849e-05 2.903955499261136938e-04 4.213394444566907066e-02
1.230237442940371839e-05 3.301154956772797688e-02 9.675821942785229474e-03 5.243974120829146399e-05 1.961377648340019951e-04 1.178222920229715436e-04 1.029470848542460624e-06 1.000081857569016093e-06 3.683345199771429629e-03 1.000009218710983509e-06 9.999999999999999547e-07 1.000000006409589958e-06 1.057355555916342314e-03 1.000000000000058188e-06 9.999999999999999547e-07 9.999999999999999547e-07 2.249435157227642080e-03 1.002376622043080131e-06 2.410051036835029331e-02 1.186408078594505722e-05 1.001377910708599997e-06 8.067239728481402292e-04 3.166165903765510298e-02 1.014494591041896937e-04 1.000000000003093107e-06 1.000000000776129680e-06 1.062250836096415154e-06 9.999999999999999547e-07 1.994080627684935349e-03 7.704768513473173711e-06 1.000000000000000167e-06 1.000000028764223251e-06 9.999999999999999547e-07 2.426217931023021688e-05 1.000000000000005037e-06 5.259344867179239005e-03 6.444003835813592873e-02 9.999999999999999547e-07 1.279515304728258411e-06 2.281431420288907108e-05 7.486932494689327311e-02 6.289260673649789239e-03 2.489831450252587286e-02 1.296936279572811872e-02 2.360060813272244721e-04 3.981757481009572959e-05 3.045860893640367495e-03 3.845033342753064788e-05 4.437430991968971936e-04 9.999999999999999547e-07 4.900376450737146977e-06 9.999999999999999547e-07 1.026482041898357224e-06 1.000000000000141197e-06 4.231369447024269179e-05 2.234243237474271287e-06 1.006216849767598857e-06 1.000000004039013036e-06 1.001164601000344809e-06 3.292867065381824298e-04 1.000623113481976874e-06 3.452170202408440334e-04 2.525818913902504204e-06 7.599474872258710212e-02 1.000000485680599993e-06 1.000000029030339615e-06 9.120522079730141590e-03 1.352752875987997777e-05 1.000000000776781472e-06 1.000000000098482146e-06 1.519441481365082454e-06 1.058608897779350216e-01 3.073799126568867168e-02 1.016940331122051130e-06 2.076428925095387564e-04 3.278443357018549515e-03 1.000000473698556413e-06 4.224254246065804221e-03 1.166501911112724915e-01 1.000000004437713350e-06 1.043658805186361855e-03 3.924038919479205106e-02 6.450249461775783323e-03 9.999999999999999547e-07 1.871320828712506163e-04 9.999999999999999547e-07 2.211241203630397720e-04 1.000000001110810185e-06 4.718753700757299257e-05 4.967973666281118696e-04 1.002913321050735264e-06 1.414657169934176964e-04 1.275593236357167683e-06 9.999999999999999547e-07 2.602465328555290600e-02 8.503708327802997347e-02 9.999999999999999547e-07 1.000000000000328604e-06 1.602735339539023947e-03 1.017465842346518788e-02 3.260563195361734236e-05 1.179144102892530350e-04 1.000014543466803968e-06 9.999999999999999547e-07 1.019483218241040213e-06 1.137689443421875495e-05 4.660831019413656471e-06 1.581374249471384497e-02 3.539726031955135049e-02 4.376399673620457592e-02 9.999999999999999547e-07 7.384966816620440293e-03 1.064925820232358103e-06 9.999999999999999547e-07 1.318342394574072499e-02 8.289234633483719779e-05 1.000001762299835046e-06 9.999999999999999547e-07 1.000000000001879097e-06 1.008000000410194048e-06 1.607489787967152821e-05 9.725088482399377827e-04 3.099415457266264679e-03 7.353462833068071837e-03 3.235866239864376194e-03 2.804431812628739931e-03 3.375037745798444488e-04 9.999999999999999547e-07 1.526917534275718984e-06 5.119160150793301660e-03 2.319334051510280569e-03 1.000002878356305910e-06 7.798564629194030011e-05 1.000002703784558463e-06 3.191115780738547228e-05 3.895326571589899822e-04 3.972850225446265815e-02
1.060400517070365011e-05 3.100736490430648293e-02 1.058815131692664516e-02 3.135952726642080067e-05 1.079116852974285225e-04 1.888464798810396373e-04 1.000001807518205703e-06 1.000000836481952029e-06 2.957164069502243343e-03 1.000295717061117456e-06 9.999999999999999547e-07 1.000000953722999501e-06 7.717893802757936489e-04 1.000000000000075552e-06 9.999999999999999547e-07 9.999999999999999547e-07 1.097570402648972293e-03 1.000700916474256866e-06 2.629936156718145138e-02 5.009548491663509933e-05 1.002251256150760769e-06 6.460620216483282940e-04 3.156270361686745740e-02 7.637276038426199097e-05 1.000000000034046444e-06 1.000000470655440413e-06 1.076372433630389693e-06 9.999999999999999547e-07 1.217706029919694366e-03 5.115818786285425926e-06 1.000000000000419448e-06 1.000000000003465167e-06 9.999999999999999547e-07 2.441887080418808671e-06 1.000000000000481705e-06 6.905568818784056130e-03 5.928903158795993666e-02 9.999999999999999547e-07 1.785082512387056735e-06 2.902577456634314348e-05 7.109084757705577684e-02 8.812492174863389288e-03 2.555566915343616963e-02 1.368310139826997215e-02 3.486091380526953562e-04 3.792191565262573443e-05 4.019399316459673459e-03 3.235769296560909802e-05 3.862734097124532746e-04 9.999999999999999547e-07 9.168870683864597084e-06 9.999999999999999547e-07 1.212893783428691913e-06 1.000000000010197808e-06 1.997210104172706305e-05 8.253667748117064784e-05 1.071689465981890388e-06 1.000000003997849776e-06 1.000014439322263136e-06 3.755628622226735961e-04 1.001362066767886921e-06 8.597758421591001742e-04 9.222130737451140952e-06 8.499675166993993225e-02 1.000000000006451169e-06 1.219749819834526855e-06 7.336937290583916277e-03 2.728635351073067041e-05 1.000000002237954599e-06 9.999999999999999547e-07 1.245094847041451669e-06 9.691001094670757821e-02 2.934970550580687926e-02 1.000430570330512596e-06 1.132767811566892782e-04 4.114975243092575466e-03 1.000033068992628859e-06 4.981689308181404090e-03 1.199042213898039028e-01 1.000000218912973725e-06 1.376092517566176749e-03 4.587438814528050496e-02 6.787586462751950440e-03 9.999999999999999547e-07 2.814763901676575818e-04 9.999999999999999547e-07 2.899567628052913308e-04 9.999999999999999547e-07 7.137073202645306098e-05 6.178574417376371140e-04 1.045663246249555471e-06 2.246608933341756023e-04 9.972263396268763553e-06 9.999999999999999547e-07 2.502840608121199850e-02 8.261088324461136889e-02 1.000000000000072800e-06 1.000000000067251618e-06 1.330716588716052704e-03 1.136646390311208017e-02 1.513351356289474959e-05 2.356579853739399790e-04 1.000000001155079303e-06 9.999999999999999547e-07 1.015196136231290602e-06 4.061208789795976113e-06 1.546087726488928016e-06 1.661063447904242291e-02 3.204553122752898386e-02 3.783611761693205650e-02 9.999999999999999547e-07 6.506361256607220284e-03 1.049977932653631713e-06 9.999999999999999547e-07 1.545758575345357322e-02 9.665878827939462141e-05 1.000000126232178919e-06 9.999999999999999547e-07 1.000000000000005249e-06 1.003534270661545455e-06 2.008625022899942068e-05 1.123677882732514264e-03 3.824892611905167036e-03 6.983896345241714411e-03 2.568357882415721067e-03 2.456732611315961060e-03 3.053669288258089665e-04 1.000000000001748866e-06 1.009377279493658722e-06 5.900336855951030489e-03 1.717009667220137240e-03 1.000009095501205083e-06 8.460893110987343486e-05 9.999999999999999547e-07 5.556670729238488081e-05 5.217286745282204456e-04 4.393486768499039324e-02
2.533318768711413503e-06 3.581139803660134818e-02 1.049264541214535960e-02 4.597048174734439735e-05 2.703528663890630341e-05 1.242633485240416844e-04 1.000043757786179529e-06 1.000780858086458169e-06 3.574441393568925963e-03 1.000143261689776918e-06 9.999999999999999547e-07 1.000000600560333908e-06 1.103180799588394240e-03 1.000000000007634051e-06 9.999999999999999547e-07 9.999999999999999547e-07 1.975655562745438996e-03 1.001032288641597228e-06 3.030032586744834180e-02 1.750907352524383092e-06 1.016800018498788703e-06 7.216444671141501125e-04 2.838131067351974679e-02 1.220678162624048042e-04 1.000000000219515531e-06 1.000000006259558400e-06 2.538002935097654688e-06 9.999999999999999547e-07 1.018111328320234210e-03 5.226467079835277367e-06 9.999999999999999547e-07 1.000025141728309413e-06 9.999999999999999547e-07 1.692253360324873228e-06 1.000000000004646566e-06 7.794351081367528744e-03 6.153338705252331398e-02 9.999999999999999547e-07 1.104502555197488935e-06 1.589430839558211966e-05 6.832649347274648288e-02 9.787833715596438999e-03 2.442692475624936438e-02 1.101585353724195658e-02 3.098950184428377248e-04 3.855676606781864520e-05 3.530284040543906193e-03 2.413635848435097617e-06 8.380940414134665714e-04 9.999999999999999547e-07 6.975976554430455442e-06 9.999999999999999547e-07 1.055500617658224760e-06 1.000000000054273167e-06 2.753289147921792672e-05 1.020216713734286457e-06 1.000628504934065219e-06 1.000026306273416606e-06 1.000016407639346047e-06 1.905730983001012739e-04 1.000173412946990966e-06 2.873878827288056377e-04 6.332861550178734575e-06 8.506865922027902205e-02 1.000000000000206419e-06 1.000004069527329676e-06 7.592622492349185119e-03 1.446925564267202951e-05 1.000000020576995059e-06 9.999999999999999547e-07 6.797879572420777775e-06 1.010718798756459758e-01 2.854333330622123299e-02 1.000382404490003161e-06 1.290765900742975791e-04 4.643306152860563439e-03 1.000000689369515389e-06 4.957157757767969262e-03 1.186333609746538370e-01 1.000000000145170179e-06 1.655977320669661280e-03 4.493560308573267548e-02 6.093826753441720576e-03 9.999999999999999547e-07 7.578606164337079636e-05 9.999999999999999547e-07 1.675520975988786972e-04 1.000000000000001225e-06 8.260887213013405378e-05 6.078217473438282410e-04 1.000063314341934787e-06 1.276894237479245838e-04 2.948704694818962819e-06 9.999999999999999547e-07 2.421516074692778298e-02 8.070891361392182328e-02 1.000000000006172919e-06 1.000000000193764882e-06 1.115068792930709249e-03 1.017796250392780273e-02 2.524476066802417871e-05 1.010443717571518266e-04 1.000000000004598497e-06 9.999999999999999547e-07 1.015402154609431767e-06 1.825300959840635544e-05 7.030942672090701655e-06 2.102056966507362748e-02 3.331383749781677978e-02 4.029163547161392078e-02 9.999999999999999547e-07 4.274623344637141706e-03 1.189611587408317959e-06 9.999999999999999547e-07 1.592555258777428664e-02 3.152619006295573714e-04 1.000046693630344800e-06 9.999999999999999547e-07 1.000000000014294271e-06 1.106137293730589797e-06 2.920982408700843229e-05 1.037707541198846064e-03 3.176440428684990710e-03 6.500510263722347921e-03 2.261932765700215391e-03 3.392951283350972413e-03 4.305510617064383988e-04 1.000000000000083387e-06 7.686184391271071734e-06 5.149855546073586580e-03 2.198886028308331530e-03 1.000005635850011500e-06 9.251472332675210735e-05 9.999999999999999547e-07 3.830034682137065674e-05 3.265010267958584297e-04 3.766722908872587733e-02
3.109821532870235756e-06 2.808317916375204989e-02 9.780116477202803471e-03 3.381481681839939554e-05 2.789505173618728767e-05 1.578803251030911757e-04 1.000059245087998502e-06 1.000000196317021381e-06 2.987519987787514222e-03 1.000029477067809273e-06 9.999999999999999547e-07 1.000000502389806126e-06 6.452637022644091462e-04 1.000000000000115575e-06 9.999999999999999547e-07 9.999999999999999547e-07 9.467003115585254786e-04 1.000227298584345474e-06 2.489845842209852458e-02 6.243672714781300090e-05 1.005685244669327983e-06 6.864909657920449659e-04 2.834350749818036891e-02 1.262506907966295673e-04 1.000000000006380866e-06 1.000000000751913855e-06 1.022893209261108087e-06 9.999999999999999547e-07 1.796737479805587262e-03 3.554667326753354797e-06 9.999999999999999547e-07 1.000000012121757173e-06 9.999999999999999547e-07 1.170239807872529143e-05 1.000000000001120579e-06 5.291651030529132688e-03 6.971840983700064442e-02 9.999999999999999547e-07 1.135922985658645883e-06 2.901232433410461662e-05 7.334103265540316274e-02 6.744781271795857562e-03 2.424117867586311412e-02 1.172052371972327756e-02 2.456743748775173540e-04 3.118364929844097107e-05 3.482302041461549091e-03 2.256794200428859838e-06 6.517919417602848625e-04 9.999999999999999547e-07 6.310935745203448387e-06 1.000000000000000167e-06 1.064921796672681630e-06 9.999999999999999547e-07 1.858628396454151843e-05 2.455191770936970713e-06 1.161818213768891296e-05 1.000000000067134727e-06 1.000000713038841225e-06 8.139840913502907399e-05 1.000452125141907950e-06 2.890001245335073444e-04 5.075522706950753758e-06 8.231635691747209160e-02 1.000000000000012448e-06 1.000335478155816506e-06 8.653017641518595884e-03 9.400846779861129506e-06 1.000000005131323432e-06 1.000000228422213672e-06 5.787721163569297922e-06 1.053251266828573868e-01 2.454953709818534502e-02 1.162971718502963746e-06 7.100275288231129957e-05 4.044219134027349921e-03 1.000334243902975236e-06 4.627298466462129514e-03 1.238240642283462284e-01 1.000000000012662462e-06 1.321209482033026180e-03 4.197917535782123150e-02 5.694981200358142405e-03 9.999999999999999547e-07 1.879340521057070443e-04 9.999999999999999547e-07 1.969466318506685827e-04 9.999999999999999547e-07 4.061721511664470629e-05 3.499124351695115571e-04 1.000131448217441518e-06 2.363318890854105431e-04 1.744820566590322743e-06 9.999999999999999547e-07 2.387032336626011136e-02 8.833279432859272862e-02 1.000000000000000590e-06 1.000000000000038071e-06 1.234880194464279581e-03 1.062091309615806854e-02 3.569368348804599850e-05 1.591658993416040211e-04 1.000000057275280681e-06 9.999999999999999547e-07 1.002457618491295553e-06 1.141666303560435817e-06 3.653952551732856733e-06 1.848870475954192405e-02 3.464390941741456176e-02 4.338232814743404192e-02 9.999999999999999547e-07 7.073011622071423594e-03 1.178668081280196149e-06 9.999999999999999547e-07 1.170248168128140698e-02 1.451765734057692441e-04 1.000005881555278384e-06 9.999999999999999547e-07 1.000000000000002072e-06 8.649130570006358307e-06 2.633763545879051947e-05 1.162974563693398378e-03 2.620480220352749620e-03 7.710680224537368871e-03 3.122778871616817449e-03 2.003175317989621014e-03 3.766846105564212446e-04 1.000000000000002284e-06 1.099366347239446063e-06 4.606225307760435442e-03 1.624855557099663412e-03 1.000014116356851931e-06 1.543499628911821752e-04 9.999999999999999547e-07 2.224535514323572005e-05 3.681764293696066078e-04 3.863700789959468446e-02
1.063511289676077473e-05 2.777183014408665662e-02 1.425588195871778548e-02 2.132701926050210937e-05 1.411124795372733750e-04 1.881776656899001600e-04 1.000146672091803830e-06 1.000022957270209344e-06 3.316567206895237353e-03 1.003942545115646992e-06 9.999999999999999547e-07 1.000000049112491719e-06 7.896841956815101905e-04 1.000000000000002284e-06 9.999999999999999547e-07 9.999999999999999547e-07 8.039942644710972985e-04 1.000220384671807886e-06 2.654134435383835935e-02 7.989905148262286779e-05 1.002949220681119516e-06 6.028780679713457253e-04 2.821081089475111631e-02 9.105763064076436060e-05 1.000000000002232098e-06 1.000000046483607230e-06 1.035633802761668852e-06 9.999999999999999547e-07 2.481667799347324344e-03 2.107463397638146828e-06 9.999999999999999547e-07 1.000000058928323076e-06 9.999999999999999547e-07 6.126692304587944380e-06 1.000000000002984264e-06 5.530978388518434201e-03 6.216792613756293856e-02 9.999999999999999547e-07 1.713223045415012705e-06 1.224982277303344799e-05 7.156965549070327948e-02 6.440353939079415148e-03 2.226914695690532936e-02 1.160121522185065569e-02 2.689607303061150611e-04 6.843771204392047082e-05 3.857353203009599579e-03 5.708273079206077517e-06 5.041314042449342950e-04 9.999999999999999547e-07 7.986633008815958903e-06 9.999999999999999547e-07 1.057337075325023212e-06 9.999999999999999547e-07 3.267627616431285030e-05 3.358464531558258547e-06 1.008029693791497185e-06 1.000000001294886962e-06 1.000006393749791617e-06 1.538570109173446388e-04 1.001270627445270096e-06 8.107685842408375804e-04 2.639447235594817468e-06 8.202241106932775527e-02 1.000000000163992310e-06 1.094848241154477063e-06 9.576095184677307914e-03 1.162241656418672444e-05 1.000000000477251352e-06 1.000000000000023460e-06 7.443359808620081970e-06 1.001073593533157724e-01 2.319206857455942059e-02 1.053624956986227419e-06 7.485706180815362531e-05 4.857908305036166656e-03 1.015561205889917219e-06 7.292501162011308727e-03 1.224678963991205766e-01 1.000000000000614689e-06 1.089238714704078657e-03 3.991738149343728587e-02 6.533908562428340609e-03 9.999999999999999547e-07 1.485503236979716175e-04 9.999999999999999547e-07 1.954428231343477819e-04 9.999999999999999547e-07 3.204386488442892482e-05 6.895745669181813260e-04 1.030256513272021050e-06 1.005246619320758987e-04 2.224753874129881951e-06 9.999999999999999547e-07 2.310345861386457755e-02 8.789079388886439359e-02 1.000000000000037224e-06 1.000000000000267194e-06 1.387320597274668572e-03 9.827329318764375238e-03 1.149977177480695631e-05 3.491412403071654665e-04 1.000054457899763110e-06 9.999999999999999547e-07 1.006636489042158248e-06 1.005316069022205061e-06 1.037750327665786061e-06 1.984947008456704187e-02 4.670011743272798471e-02 4.021018842529269777e-02 9.999999999999999547e-07 4.537760455033017400e-03 1.149186621295453569e-06 9.999999999999999547e-07 1.253684476997283734e-02 5.018560165451710906e-05 1.000000521278696331e-06 9.999999999999999547e-07 1.000000000000151785e-06 1.009690669990478376e-06 1.046382538325755132e-05 6.813263258027723495e-04 2.891707020306794312e-03 1.132169665803935479e-02 2.227978997195346512e-03 2.575137877015696523e-03 2.490409231518852444e-04 9.999999999999999547e-07 1.065165811891172840e-06 5.286311643821228236e-03 1.770661724886264492e-03 1.000002976834988301e-06 6.708078934526441877e-05 1.000000000000000167e-06 8.932377135332215620e-06 4.478197241676039374e-04 3.714388268782805452e-02
5.993586046636326812e-06 3.139727171579378279e-02 9.615113477208569320e-03 3.880874095309756186e-05 1.166125432665693183e-05 1.884323668199261470e-04 1.000000137072927977e-06 1.000014253148199308e-06 4.189088205396014099e-03 1.000238694761679703e-06 9.999999999999999547e-07 1.000208363159985173e-06 7.389351666333555772e-04 1.000000000000009272e-06 9.999999999999999547e-07 9.999999999999999547e-07 2.045391297093455876e-03 1.002341410956314379e-06 2.530939305798609110e-02 1.909055460938422749e-05 1.011795749077374268e-06 9.556309668603861973e-04 2.470104346321673819e-02 4.031118288716945979e-05 1.000000000000582925e-06 1.000000775072814036e-06 5.002683469177718991e-06 9.999999999999999547e-07 1.204270525389727073e-03 1.044171899844740281e-05 1.000000000000001014e-06 1.000009080369700305e-06 9.999999999999999547e-07 6.108102473345096455e-06 1.000000000000061788e-06 5.994050634816898600e-03 6.970549212532470285e-02 9.999999999999999547e-07 1.102141574466613126e-06 5.783739074866629336e-06 6.696033328420268604e-02 7.394447974920301779e-03 2.498576125662293340e-02 9.621979823359161355e-03 3.208518779307850178e-04 1.797080673579175847e-05 3.881857729541110524e-03 2.437047819435393881e-05 5.315102585185802527e-04 9.999999999999999547e-07 7.594612210544703303e-06 9.999999999999999547e-07 1.548132645520839493e-06 1.000000000001723879e-06 2.061545205714334451e-05 1.126554311780659982e-06 3.509340714496908341e-05 1.000002516155964788e-06 1.000006045307624545e-06 5.671767106081881428e-04 1.000866400142006879e-06 5.117396167581338097e-04 5.097470452565309653e-06 8.186816415495473676e-02 1.000000000315889457e-06 1.001299761014931423e-06 1.162478968413461003e-02 2.603754130213130732e-05 1.000000004799991036e-06 1.000000000011496098e-06 1.172470386323094765e-05 1.042579844872974920e-01 2.807579707698626414e-02 1.468439422647813187e-06 1.707830928137389886e-04 4.538847222343623047e-03 1.000000006836142198e-06 6.043952142693538414e-03 1.206645685115115690e-01 1.000000004704624443e-06 1.107185821486964721e-03 4.204272212738738301e-02 6.474495167476260540e-03 9.999999999999999547e-07 3.270862218736579879e-04 9.999999999999999547e-07 2.388187579086868087e-04 9.999999999999999547e-07 8.504269123060194857e-05 3.638700851304634129e-04 1.001934092383315119e-06 2.498471775712110803e-04 2.109344805549008720e-06 9.999999999999999547e-07 2.248782053451029231e-02 8.233890813666557007e-02 1.000000000026735703e-06 1.000000009057208063e-06 1.394343385990729324e-03 1.041471701137759373e-02 8.822331852899355838e-05 9.901096383825615786e-05 1.000002086537272473e-06 9.999999999999999547e-07 1.024911569413751730e-06 1.630838043775460522e-06 1.890447481266225961e-06 1.949444198045404558e-02 3.295139213395492650e-02 4.693271456179610307e-02 9.999999999999999547e-07 6.403294869170816396e-03 4.306175436600555463e-06 9.999999999999999547e-07 1.329106054602004032e-02 9.351863834069267726e-05 1.000000873032111494e-06 9.999999999999999547e-07 1.000000000000006519e-06 1.003907111509432187e-06 2.518467192258393609e-05 8.575909220236422031e-04 5.138219691819008624e-03 7.175996199343413762e-03 2.436132721386529646e-03 2.659611995998025467e-03 5.237010637625172989e-04 1.000000000020577773e-06 1.007785363529075904e-06 7.108819250058167477e-03 2.460352861184956965e-03 1.000000836338537704e-06 2.538928232115907199e-04 1.000016541113008942e-06 4.570870875556942855e-05 4.321191610477183613e-04 3.571955444082877684e-02
4.061908310842401257e-06 3.272147977082513759e-02 1.195147935131056494e-02 6.130147374318034700e-05 1.793443141464426199e-04 2.876359989159134800e-04 1.000008352426040178e-06 1.000055470668262410e-06 4.789410124138898835e-03 1.003449591019865676e-06 9.999999999999999547e-07 1.000001524493331236e-06 9.444131040960134513e-04 9.999999999999999547e-07 9.999999999999999547e-07 9.999999999999999547e-07 1.259111764509437134e-03 1.007033161873019882e-06 2.763831633649383931e-02 2.687928236026009994e-05 1.600076582334478178e-06 8.279430859521245793e-04 2.777767319619663805e-02 4.217572591731077466e-05 1.000000000012026764e-06 1.000000003350983420e-06 1.080401169641059699e-06 9.999999999999999547e-07 2.883109634858486113e-03 7.381365482052638124e-06 1.000000000005130222e-06 1.000000000853465694e-06 9.999999999999999547e-07 1.971052381184671751e-05 1.000000000008808886e-06 5.362431096920772591e-03 5.960897820829848259e-02 9.999999999999999547e-07 1.204668715732665497e-06 5.182235610474929168e-06 7.118500513057023082e-02 8.212685068174307296e-03 2.089601122640164996e-02 1.062762574676606557e-02 2.608673187149562495e-04 3.743934728179590930e-05 4.224247283681780742e-03 4.361813793171658699e-06 5.729839504759433929e-04 9.999999999999999547e-07 9.201883353508527250e-06 9.999999999999999547e-07 1.881278544893129944e-06 1.000000000245438551e-06 5.310600851750384372e-04 3.000836003589616646e-06 3.417891631860166778e-06 1.000000000552245743e-06 1.000038970196306525e-06 2.437501668594192284e-04 1.004951425042775577e-06 3.395550677913216665e-04 1.035408856424898715e-05 8.391336960137285583e-02 1.000000000005655594e-06 1.000257184125965539e-06 9.615188658657788240e-03 1.304608639141995448e-05 1.000000000302437515e-06 9.999999999999999547e-07 2.186279654632637714e-06 9.546460271472917425e-02 2.648103362117018578e-02 1.086250489168753053e-06 8.628696079059007974e-05 5.245868261874002403e-03 1.000143543690803063e-06 5.768825019659811967e-03 1.167377721974303811e-01 1.000000000382952232e-06 1.468710953502445210e-03 4.470567194074463735e-02 7.454461758063279583e-03 9.999999999999999547e-07 2.235007921971701793e-04 9.999999999999999547e-07 2.353025714153074096e-04 1.000000000000030448e-06 1.338853526416121560e-04 3.688248795232304143e-04 1.004666720438505432e-06 9.423817302815639286e-05 8.641014451425147808e-06 9.999999999999999547e-07 2.416111173972936357e-02 8.705875105818901283e-02 1.000000000000027060e-06 1.000000000311918144e-06 1.268355447546722862e-03 9.048618284788981919e-03 2.758937728943738299e-05 6.316525227694080196e-05 1.074647020410529706e-06 9.999999999999999547e-07 1.089856870502244131e-06 1.156664520235213934e-05 3.462289563640304283e-05 1.750516840449771461e-02 4.238009474847070218e-02 4.049019362787674436e-02 9.999999999999999547e-07 6.127498956834347317e-03 1.060989431627407654e-06 9.999999999999999547e-07 1.310004951448071227e-02 1.428690275830031596e-04 1.000011471157343313e-06 9.999999999999999547e-07 1.000000000000006307e-06 1.001641513965766635e-06 3.444508887546955813e-05 1.187463776527460969e-03 2.871132936619261514e-03 1.082620166524434456e-02 2.298119266736749385e-03 3.934311769807380399e-03 4.748484161448233445e-04 1.000000000000003766e-06 6.360651808255857089e-05 5.235201381091869957e-03 1.816871750607661597e-03 1.000002686361619498e-06 1.024794241973621113e-04 9.999999999999999547e-07 2.377671234603695205e-05 7.063796351879776626e-04 3.750540400324714474e-02
1.758977987073966279e-05 3.469527112578534023e-02 6.192993094494850248e-03 1.163456231246763134e-04 1.234043364558256401e-03 1.341046745179008595e-04 1.000000967235880221e-06 1.001655379654047187e-06 5.394766417000055637e-03 1.007914480680661200e-06 9.999999999999999547e-07 1.000026126030921644e-06 8.341958986818686457e-04 1.000000000000004190e-06 9.999999999999999547e-07 9.999999999999999547e-07 2.423393695878598049e-03 1.042572028761186736e-06 4.533047794390605151e-02 1.770084231908557477e-05 1.013408838006542258e-06 4.210241282493588726e-04 3.214095567740937048e-02 5.274845879976025191e-05 1.000000000012156995e-06 1.000015651971750162e-06 1.694724376479141514e-06 9.999999999999999547e-07 7.557110526573621425e-04 1.262533210536801882e-05 9.999999999999999547e-07 1.000000099009132282e-06 9.999999999999999547e-07 7.934739127202219562e-06 1.000000000000018378e-06 1.848634004993953209e-02 5.002480642353453882e-02 9.999999999999999547e-07 1.177301629710161972e-06 2.535719475683286136e-05 5.216764039298616568e-02 1.328408253113774751e-02 2.244852031336129483e-02 1.424798471257614739e-02 5.816479880084807165e-04 1.820196314663211475e-05 5.581923643484707279e-03 6.023312190414168576e-06 1.146876119520915316e-03 9.999999999999999547e-07 1.506355089314153384e-05 1.000000000000017107e-06 1.009250054711548438e-06 1.000000000000009696e-06 7.507224753861587722e-06 1.882027351776431002e-06 2.024562637219090103e-06 1.000001218828746067e-06 1.001351534280232813e-06 4.790457096225749401e-04 1.001614344710086793e-06 1.198505185835548222e-03 3.743745103039962240e-06 8.581799004363170613e-02 1.000000000442589493e-06 1.000215680789510402e-06 7.640573152410796119e-03 7.261763662384409493e-05 1.000000176133248193e-06 1.000000000607677908e-06 7.456652130426978870e-05 8.710530589080539565e-02 2.793578631634339657e-02 1.002905752323613670e-06 6.608034628839391952e-05 1.130999140635360889e-02 1.000001895261358527e-06 6.772633176043452510e-03 1.044458763348292685e-01 1.001199227038929310e-06 4.380907812081902448e-03 4.696396053823138211e-02 9.775856746388996918e-03 9.999999999999999547e-07 4.793368278416659518e-04 9.999999999999999547e-07 5.136090680226439902e-04 9.999999999999999547e-07 4.350085575352875432e-04 6.616599322754265506e-04 1.000043887326231793e-06 2.395298303161007226e-04 1.449879325230252933e-05 9.999999999999999547e-07 3.102255834895806599e-02 7.027612247437536874e-02 1.000000000056460842e-06 1.000000000290580537e-06 8.101661167571891711e-04 1.122093233491559990e-02 1.181566118456524629e-05 1.390873137320481961e-03 1.000252413608118667e-06 9.999999999999999547e-07 1.796776229503571416e-06 1.303146815783379137e-05 3.565016088873915741e-06 3.262273726707522192e-02 2.670770413625962389e-02 4.033506940305384841e-02 9.999999999999999547e-07 3.366302022971497370e-03 2.501457647058120749e-06 9.999999999999999547e-07 1.658214549516722966e-02 1.479947892241600981e-04 1.000019023648450129e-06 9.999999999999999547e-07 1.000000000001928861e-06 1.041064236306723488e-06 6.394883557754325117e-05 1.774282746174427657e-03 4.540422693339939836e-03 5.350575154605173925e-03 5.586896355279777869e-03 6.090457823379752909e-03 8.077738813922296203e-04 1.000000000000000167e-06 1.068953210742139931e-06 4.395591151994551402e-03 3.368458045718824082e-03 1.000076484412457608e-06 2.230655291190758308e-04 1.000000000000004190e-06 1.234919907331646569e-04 6.167846250548971593e-04 2.841102326361932134e-02
3.231890900787071431e-06 2.707247539779239487e-02 7.288086542783346090e-03 8.181513935996990918e-05 1.639942733978229784e-05 1.992701787745949080e-04 1.000032334266958671e-06 1.000039968199199587e-06 6.120476197709136083e-03 1.001466288169043809e-06 9.999999999999999547e-07 1.000111823071648369e-06 8.617736918919404734e-04 1.000000000000015413e-06 9.999999999999999547e-07 9.999999999999999547e-07 2.015793735953136639e-03 1.097966929187205618e-06 4.078374781885695660e-02 1.067396863823599209e-04 1.102955969959544665e-06 3.822536335505448586e-04 2.336911106051370313e-02 1.261291780533177205e-04 1.000000000128171286e-06 1.000075450357250179e-06 1.913982389161536569e-06 9.999999999999999547e-07 1.151388544671730612e-03 3.378697131600892514e-05 9.999999999999999547e-07 1.000000002799521561e-06 9.999999999999999547e-07 6.431680121123255966e-06 1.000000000179897259e-06 1.586833188443038598e-02 4.539707536028833590e-02 9.999999999999999547e-07 3.090494291618672731e-05 2.523725435333597071e-04 4.641732059306585140e-02 1.571825326656373090e-02 2.225771670187241813e-02 9.812972866533606689e-03 1.266827365396155057e-03 1.279547885255090769e-04 7.962908363933384609e-03 4.395440995767477179e-04 1.273143716371485153e-03 9.999999999999999547e-07 2.749806833171827779e-05 1.000000000000246230e-06 1.005689627317942206e-06 9.999999999999999547e-07 1.459783350254322595e-05 1.510239035887087395e-05 4.277142959558770792e-05 1.000003569694764254e-06 1.000171831841796338e-06 2.077817622145175307e-04 1.019171772080618276e-06 4.950739038283958693e-04 2.604783655149981721e-06 9.862148572394836832e-02 1.000000000067419542e-06 1.008121045805400572e-06 6.523921904773887989e-03 7.926327934621180138e-05 1.000000600640763709e-06 1.000000000006658904e-06 1.787631042486897403e-06 8.795248307509739849e-02 2.223872820932250652e-02 1.922425745117637749e-06 5.126043879246868938e-05 1.631459008324087634e-02 1.000023265524322674e-06 1.092561426637901449e-02 9.614431801910755526e-02 1.000000007647933916e-06 5.323703759906322705e-03 6.120200044279876933e-02 1.136652848400009075e-02 9.999999999999999547e-07 5.051432633735371703e-04 9.999999999999999547e-07 2.358960098032286830e-04 1.000000000070889624e-06 2.409205713756069477e-04 7.335436958809691882e-04 1.000004738601770523e-06 1.102305963295974845e-04 5.194048660429098913e-06 9.999999999999999547e-07 2.083580129390031482e-02 6.515232057553071998e-02 1.000000001394855272e-06 1.000000004688246003e-06 1.398841626725888044e-03 9.056832273018273691e-03 2.361495871465424233e-05 5.691778580315212969e-04 1.000003384169913063e-06 9.999999999999999547e-07 1.294035792372813129e-06 2.251074307980623602e-06 1.573975952215877884e-06 4.177693716992522677e-02 2.581059331260030301e-02 4.980915514369912284e-02 9.999999999999999547e-07 5.075055533827399143e-03 1.794683240886887251e-06 9.999999999999999547e-07 1.316067011500922368e-02 1.732128175387739367e-04 1.000004683594470488e-06 9.999999999999999547e-07 1.000000000009987108e-06 1.034352832252200881e-06 1.189710790303657577e-04 1.711426975671025358e-03 3.752814089510050563e-03 7.659316888289648649e-03 7.480362863195448228e-03 5.219301293499773939e-03 1.189300499197235971e-03 1.000000048006979892e-06 1.651371929140047692e-06 8.982545734502835055e-03 5.343510980451313987e-03 1.000054712370938390e-06 7.681149063057291935e-05 9.999999999999999547e-07 1.468987639035506201e-04 1.180053955366017334e-03 2.854551996433768793e-02
3.063119728371132503e-06 3.258647934530738838e-02 8.505835013197123734e-03 4.158830552968690691e-05 3.361427947222454446e-05 2.669362689592755396e-04 1.000011709087807854e-06 1.000001193010999723e-06 3.209956037089697553e-03 1.000060308483668706e-06 9.999999999999999547e-07 1.000000000502717185e-06 7.013731781402727508e-04 1.000000000000191596e-06 9.999999999999999547e-07 9.999999999999999547e-07 9.435984550254676367e-04 1.022943288214362323e-06 2.684319504824581037e-02 5.391400858813739575e-06 1.031630798634959313e-06 6.940130364212949597e-04 2.808938594865459729e-02 7.682930148221780422e-05 1.000000000149639972e-06 1.000000637573883922e-06 1.017231003730553525e-06 9.999999999999999547e-07 1.103822216040073381e-03 3.274997007871126620e-06 9.999999999999999547e-07 1.000000036924563864e-06 9.999999999999999547e-07 2.012368344408104644e-06 1.000000000035615573e-06 5.664443884373625455e-03 6.283605035984851650e-02 9.999999999999999547e-07 1.093268448211755355e-06 9.430288571792586825e-06 6.928252980863355837e-02 6.947498185458375955e-03 2.226370153591090972e-02 9.972522240013291517e-03 4.329710973659103498e-04 4.981257655323372067e-05 3.847544840665208937e-03 4.908382069563799226e-05 2.666791923356294914e-04 9.999999999999999547e-07 4.331990780797369075e-06 1.000000000005780531e-06 1.000741246646990361e-06 1.105581231159654113e-06 5.508600434139782715e-05 1.992818940636494325e-06 1.025108201085386570e-06 1.000000008157699519e-06 1.000001461638950900e-06 3.506886310420724790e-04 1.000369078449793177e-06 7.027197712945822171e-04 2.812065047950742483e-06 7.953973646661377517e-02 1.000000000001815782e-06 1.000071286850195120e-06 6.743750709570561774e-03 1.339315551764289911e-05 1.000000000475446113e-06 1.000000000225258414e-06 5.831827845888307071e-06 1.086266441023213403e-01 2.605867004061298425e-02 1.022623160448000076e-06 1.046143433150276364e-04 3.496094358092281893e-03 1.000073455995242452e-06 5.043874627952828898e-03 1.278857634487339245e-01 1.000000350065518376e-06 1.309565983836606749e-03 4.230396683627766358e-02 6.395285587228022837e-03 9.999999999999999547e-07 1.668714133816842659e-04 9.999999999999999547e-07 1.828238598344860083e-04 1.000000000000064329e-06 4.689096614888045610e-05 3.775231151425245267e-04 1.001183436295148729e-06 6.785449660496520579e-04 1.777544223431558985e-06 9.999999999999999547e-07 2.155270235713298288e-02 8.841800254696660644e-02 1.000000000062958855e-06 1.000000000008127024e-06 1.099264133642742459e-03 1.011021128852837049e-02 2.194864252268778577e-05 3.906686400460655665e-04 1.000000000006796971e-06 9.999999999999999547e-07 1.066548243712183883e-06 1.627074901419761326e-06 1.458459957961297693e-06 2.118389961804229005e-02 3.184669368015297791e-02 4.540549455273366203e-02 9.999999999999999547e-07 6.327194725044366086e-03 1.046676418584545566e-06 9.999999999999999547e-07 1.384178170456748513e-02 1.474237847396697449e-04 1.000001931407117781e-06 9.999999999999999547e-07 1.000000000000029813e-06 1.000904423220677361e-06 1.572199919799928113e-05 8.267850094853826598e-04 2.619920430041644197e-03 5.986949164242268313e-03 2.298979630245948352e-03 3.133246274683282317e-03 3.073898123123339687e-04 1.000000007264021526e-06 1.005339852847790480e-06 8.060522457603445240e-03 2.238997001068511114e-03 1.000001229604191638e-06 1.039823338713375946e-04 9.999999999999999547e-07 2.738625597814259803e-05 2.317053136374703701e-04 3.904871195212732127e-02
8.997086779635686594e-06 2.851316029276496772e-02 7.912783862924970685e-03 5.972682751220050404e-05 4.916261671093968892e-05 1.226362663912245864e-04 1.000206115781221052e-06 1.000013832843531892e-06 6.469725057227749404e-03 1.000315683603320403e-06 9.999999999999999547e-07 1.000000004571002878e-06 1.112967516957746655e-03 9.999999999999999547e-07 9.999999999999999547e-07 9.999999999999999547e-07 1.289423510517482283e-03 1.004222897331754644e-06 3.239296163328940492e-02 2.428386228398251099e-06 1.026795678600932873e-06 1.116981455550675488e-03 2.313329403265408299e-02 7.799873264866696203e-05 1.000000000112765451e-06 1.000000025284045027e-06 6.211246676109490279e-06 9.999999999999999547e-07 8.345066520011459399e-04 3.547548638692256097e-05 9.999999999999999547e-07 1.000001369036033361e-06 9.999999999999999547e-07 7.261084332083753081e-06 1.000000000010270653e-06 7.530722028584881100e-03 5.551489588492342087e-02 9.999999999999999547e-07 1.397185974063693159e-06 1.316842746306757394e-05 5.871261585526774823e-02 1.108997415371463721e-02 2.527321108177929890e-02 1.031967925722131543e-02 3.235826815911592652e-04 3.438032302941356101e-05 4.027188240088964456e-03 4.468487186736281241e-06 6.757013843280613606e-04 9.999999999999999547e-07 1.482768435108971860e-05 1.000000000000000802e-06 1.380925007589520702e-06 9.999999999999999547e-07 1.381004882310638701e-05 1.752878246500113928e-06 3.611583731551214981e-06 1.000646624118251662e-06 1.000046085180484243e-06 3.197606163256573814e-04 1.019167285783835116e-06 3.947614404841014884e-04 6.457670669585780278e-06 7.842861597528243134e-02 1.000000000000269947e-06 1.028530810852057480e-06 8.927728136544991686e-03 6.202557949165368137e-05 1.000000020766312005e-06 9.999999999999999547e-07 2.347607089194098412e-06 1.123371082626869744e-01 2.352205451516176798e-02 1.026892564550733612e-06 2.469029756713982896e-04 4.358517810599235424e-03 1.000000475825509294e-06 5.751995343680520005e-03 1.089471644786431104e-01 1.000000000034706918e-06 2.562127797502998516e-03 5.374000250967760073e-02 8.507584924516822800e-03 9.999999999999999547e-07 2.768180713869619527e-04 9.999999999999999547e-07 4.001584008851536453e-04 1.000000000001072934e-06 5.114802751001954335e-05 9.802182658980101385e-04 1.017594486708715130e-06 4.110905219718074340e-05 6.614493683917650936e-06 9.999999999999999547e-07 2.085978512949153429e-02 9.113591544505109110e-02 9.999999999999999547e-07 1.000000000000144797e-06 1.954978924924222726e-03 1.015117950100624840e-02 2.517947971973170590e-05 1.675234669864431286e-04 1.010567478472057271e-06 9.999999999999999547e-07 1.007151350081511240e-06 1.186159687753762925e-06 2.372009291912443629e-06 2.702613634866888465e-02 2.571695519258976326e-02 5.656736696780563511e-02 9.999999999999999547e-07 5.683961448004466385e-03 1.048693024337700720e-06 9.999999999999999547e-07 1.304735734707252424e-02 8.355175825003852239e-05 1.000009604075191815e-06 9.999999999999999547e-07 1.000000000000054165e-06 1.008236764008941381e-06 5.128642926912841202e-05 1.857927426365101531e-03 2.658628945050930427e-03 7.852058882980159776e-03 2.789256905718869636e-03 3.373209466776212577e-03 4.977030693431359985e-04 1.000000000081537252e-06 1.080092459204334951e-06 4.825437540140168832e-03 1.781856955035500401e-03 1.002762404203526929e-06 4.310801550263022061e-05 9.999999999999999547e-07 3.437655035417013226e-05 1.516337849367608832e-04 3.517149308847533629e-02
1.930799889409398260e-06 2.441362333403344215e-02 1.570812926999798700e-02 5.270967081670069652e-05 1.309512443386952460e-04 6.052463711910735771e-04 1.000062602052355992e-06 1.002100500067734069e-06 2.918940008509238095e-03 1.000010799264089262e-06 9.999999999999999547e-07 1.000011629108572788e-06 7.639778234663700644e-04 1.000000000000016048e-06 9.999999999999999547e-07 9.999999999999999547e-07 1.591703253211096706e-03 1.001176759555596986e-06 2.646284762601076174e-02 2.555937429888201982e-05 1.000525768310640943e-06 9.553497023173334983e-04 2.892978942195619310e-02 4.040152370984367500e-05 1.000000000000117057e-06 1.000000860163864774e-06 1.278049828158341584e-06 9.999999999999999547e-07 3.554642752318272134e-03 4.456603623615826771e-06 9.999999999999999547e-07 1.000083641514181416e-06 9.999999999999999547e-07 7.112360312900790637e-06 1.000000000815799621e-06 7.016393273013399323e-03 6.780104519421459308e-02 9.999999999999999547e-07 1.303742042548732026e-06 1.241477425817858221e-05 7.348749850411243068e-02 6.366593761321968394e-03 2.406402561166969684e-02 1.038525694822567055e-02 2.934812861244369192e-04 2.707033107435916791e-05 3.917324263317317409e-03 4.255344879728509240e-05 6.175728726841065537e-04 9.999999999999999547e-07 1.604075882676331237e-05 9.999999999999999547e-07 1.612305816401706360e-06 1.000000000000057341e-06 9.477512134746606508e-05 3.553430051706422510e-06 1.041153638659306773e-06 1.000006670806528265e-06 1.000016608825603498e-06 4.377571921733136020e-04 1.007706229043734370e-06 5.003789859512503295e-04 5.177240644935330848e-06 7.758839688780541644e-02 1.000000000000006519e-06 1.004020656331136318e-06 1.033044096437028304e-02 5.911086274151982115e-05 1.000000000720021159e-06 9.999999999999999547e-07 1.168605586008418511e-06 1.049027420941315014e-01 2.028265230125981047e-02 1.003548971799049043e-06 9.591798624018192546e-05 4.934939247085243057e-03 1.000000059155167817e-06 7.685016397484096227e-03 1.181394191504894636e-01 1.000000000087635678e-06 1.112534892342528087e-03 4.459031864267323092e-02 7.404384988024252656e-03 9.999999999999999547e-07 2.055592114925920363e-04 9.999999999999999547e-07 7.920160474887025194e-04 9.999999999999999547e-07 6.345963359823475415e-05 3.758510401216432211e-04 1.000011679576344373e-06 2.423311396958744779e-04 2.695111757673220111e-06 9.999999999999999547e-07 2.272866824818449080e-02 8.343679583852120496e-02 1.000000000001157425e-06 1.000000000054907171e-06 9.564574100570161956e-04 1.041935299585755592e-02 7.208349739262797425e-05 1.883041495300038083e-04 1.000011086159462146e-06 9.999999999999999547e-07 1.190361845756384377e-06 6.685221992436182273e-06 4.339401492290498656e-06 1.682306604756067872e-02 4.433611467940334894e-02 3.928321284462701207e-02 9.999999999999999547e-07 4.157955609480436243e-03 1.134575611081888022e-06 9.999999999999999547e-07 1.148818836274523997e-02 3.915604638711860222e-05 1.000000422327037095e-06 9.999999999999999547e-07 1.000000000001355419e-06 1.001626847412635012e-06 1.702063597911327149e-05 1.420105719700430393e-03 3.121878440182142712e-03 1.070485030857924041e-02 2.175113898210706987e-03 1.820402757261151833e-03 5.143629170779951201e-04 1.000000000000029601e-06 1.033671451545713298e-06 4.487846073861419781e-03 1.954482573565616884e-03 1.000003278030184218e-06 1.189097272327535728e-04 1.000000000000000378e-06 1.643553589492456060e-05 6.423485926756718287e-04 3.908000833904307775e-02
1.140001501182028581e-05 3.357419921201942187e-02 1.008109231144177498e-02 3.820897185284772028e-05 2.357075302199285486e-04 9.973228454509468037e-05 1.000242805862672060e-06 1.016667477752897746e-06 4.251093180994603912e-03 1.229341178932410593e-06 9.999999999999999547e-07 1.000107383879851619e-06 5.075931444534177370e-04 9.999999999999999547e-07 9.999999999999999547e-07 9.999999999999999547e-07 2.334021116449190927e-03 1.000380687954612397e-06 3.055570375152567159e-02 7.851569300086299642e-05 1.103410642325904137e-06 4.347227299823724174e-04 3.044173671400052933e-02 1.474945182350506786e-04 1.000000000000001861e-06 1.000000007737863192e-06 1.399800121451958401e-06 9.999999999999999547e-07 2.495540736990457028e-03 3.112677383016963191e-06 9.999999999999999547e-07 1.000000189020116932e-06 9.999999999999999547e-07 6.967315662459264271e-06 1.000000000000060941e-06 8.783217709922160402e-03 5.950525593166676452e-02 9.999999999999999547e-07 1.015440951180519504e-06 1.072983719341514174e-05 6.728489209244437053e-02 7.267176844010530060e-03 2.068468525109057321e-02 9.457359698891252414e-03 2.745116066588965814e-04 5.511885329989860474e-05 2.891466932276925018e-03 1.594435456692245733e-06 4.664190531790572214e-04 9.999999999999999547e-07 1.193963030828050622e-05 9.999999999999999547e-07 1.463205248009621452e-06 1.000000136321348866e-06 2.236947838140570857e-05 1.153322545542460626e-06 2.601595705458498709e-06 1.000000000214880779e-06 1.000028617829790005e-06 2.831557989860212740e-04 1.001153678723512610e-06 4.191807596158206653e-04 5.435634449333093187e-06 8.301954543548882570e-02 1.000000000000007155e-06 1.000387292467316597e-06 9.701069407570520400e-03 2.206460289186902790e-05 1.000000000034723435e-06 1.000000000000000378e-06 1.283803435554232889e-06 1.026128545893790905e-01 2.698515988474123328e-02 1.002805866200801499e-06 1.326293466191326409e-04 4.928930211650383621e-03 1.000000988443632598e-06 5.239504631293741971e-03 1.208083496248083116e-01 1.000000018751316550e-06 1.387107252954092838e-03 4.474671675825554057e-02 6.564102463842234197e-03 9.999999999999999547e-07 9.146329501116400463e-05 9.999999999999999547e-07 3.500477943260834018e-04 9.999999999999999547e-07 1.379643598517485198e-04 5.269223446547668379e-04 1.000134296902558990e-06 3.930587857463201172e-04 1.702112789859933145e-06 9.999999999999999547e-07 2.617100771632293113e-02 8.423811801475654393e-02 9.999999999999999547e-07 1.000000000072320687e-06 9.403341729190941092e-04 9.269254678358025343e-03 2.167033177194450274e-05 5.152205054902138587e-04 1.000146613089201637e-06 9.999999999999999547e-07 1.004558295473421854e-06 1.632956614560934472e-06 2.363191958695601597e-06 1.965360819319504626e-02 4.013088495182808024e-02 4.062078282420215208e-02 9.999999999999999547e-07 5.888090427957179580e-03 1.965766625170874754e-06 9.999999999999999547e-07 1.247027402251417796e-02 8.794941767374009789e-05 1.000000066048889665e-06 9.999999999999999547e-07 1.000000000000006519e-06 1.000553235501120870e-06 1.350782415699108746e-05 7.442659471332343938e-04 2.946188809284536712e-03 8.037699653279948078e-03 3.818547812115217783e-03 3.280474787874848933e-03 2.771415546518987455e-04 1.000000000000458411e-06 1.058219821331618794e-06 5.403645593325252967e-03 1.774864477431337866e-03 1.000086392980217382e-06 1.032150358485024776e-04 9.999999999999999547e-07 2.313904666781814559e-05 5.457468770093489886e-04 3.272452566185765632e-02
3.454337917366248909e-06 3.373500756121153299e-02 9.895056881434572196e-03 4.467957404978846838e-05 1.911883073889362244e-05 4.228409191617706325e-04 1.002589643892525348e-06 1.001006484560021172e-06 3.610208289361549212e-03 1.033920901545778131e-06 9.999999999999999547e-07 1.000003018173661551e-06 1.014203482815014077e-03 1.000000000000003978e-06 9.999999999999999547e-07 9.999999999999999547e-07 1.634249180587521444e-03 1.020672538196815453e-06 3.059064988643627608e-02 3.342111740924876343e-05 1.025222510250684341e-06 8.958288636591580680e-04 2.997422437380064392e-02 7.441206602627856593e-05 1.000000000003582904e-06 1.000000232686563352e-06 1.539732792628065402e-06 9.999999999999999547e-07 1.415262511328978538e-03 9.643174098554426382e-06 1.000000000000090799e-06 1.000029780209461704e-06 9.999999999999999547e-07 1.276812485345126785e-05 1.000000000065542305e-06 6.751747278828500003e-03 6.776045540545630463e-02 9.999999999999999547e-07 1.098768866837803571e-06 4.458150906226570834e-05 6.740381257765329370e-02 7.315122089899199487e-03 2.441451937954746201e-02 9.927850869909287182e-03 2.249990249021384078e-04 1.523420634783005504e-05 2.995472172722745286e-03 1.251931157228837891e-05 5.622388403360827893e-04 9.999999999999999547e-07 1.020164221034056685e-05 9.999999999999999547e-07 1.003551917403199729e-06 1.000000000000046965e-06 4.772013309823205175e-05 1.080553066203353211e-06 3.796856707425159498e-06 1.000000007675551425e-06 1.000014628985035868e-06 5.670562483272455125e-04 1.006604336782880452e-06 6.075464731698132677e-04 7.578289996856233060e-06 8.066523869730675422e-02 1.000000004440330259e-06 1.000136461328860311e-06 9.403742821190249138e-03 2.564453101041761382e-05 1.000000000137663561e-06 1.000000000000000802e-06 2.581689231102219719e-06 1.014094785403803350e-01 3.101136285143015620e-02 5.904128828250010145e-06 1.180462729498402076e-04 4.325563303679862658e-03 1.000078996912546714e-06 5.533724299072164017e-03 1.259895444802645592e-01 1.000000006416131593e-06 1.303567543078901127e-03 4.020626215240976492e-02 6.053215706526106528e-03 9.999999999999999547e-07 1.643928328656908233e-04 9.999999999999999547e-07 4.041313732512182466e-04 1.000000000000403989e-06 6.656783666162684903e-05 7.552035417779844268e-04 1.001939578398553872e-06 4.347796154459125412e-05 2.444186838984602681e-06 9.999999999999999547e-07 2.410464020854505632e-02 8.221909070386836105e-02 9.999999999999999547e-07 1.000000000201842824e-06 1.467106663675683126e-03 8.631071300738216157e-03 1.813225051191033401e-05 7.953128977518104503e-04 1.000000085082008405e-06 9.999999999999999547e-07 1.049019409523852641e-06 1.165683738655835588e-06 1.743835115218771608e-06 1.980630184475958705e-02 3.318409134912048836e-02 3.867938226145488378e-02 9.999999999999999547e-07 5.663156508460632892e-03 1.204880770148426868e-06 1.000000000000000378e-06 1.536376500293245434e-02 1.035336982461781887e-04 1.000000698568365830e-06 9.999999999999999547e-07 1.000000000000398484e-06 1.000622752335458240e-06 2.450339934817994078e-05 9.843286894816551721e-04 3.655701040764323256e-03 6.744604344417926001e-03 1.955431084334459217e-03 3.907614618248130868e-03 3.977217234518863652e-04 9.999999999999999547e-07 4.382202874538859698e-06 6.235709770444808515e-03 2.643972958693813647e-03 1.000038834125004069e-06 2.526011675137975138e-04 9.999999999999999547e-07 1.501275536394394499e-05 4.734869476411544711e-04 3.320078946524204072e-02
4.689000941984752291e-06 3.322020695104034582e-02 7.879367681564140163e-03 4.294084851137782420e-05 2.922088523477179911e-05 1.607349337460274076e-04 1.000050594251456867e-06 1.000001146202658015e-06 3.485549662708723080e-03 1.000080466915376901e-06 9.999999999999999547e-07 1.000000000784323030e-06 8.260614458616277874e-04 1.000000000007980487e-06 9.999999999999999547e-07 9.999999999999999547e-07 1.005076714203727122e-03 1.002045026356987077e-06 2.802151807448500370e-02 7.057946541674730312e-06 1.001719609875997620e-06 6.182878556400484222e-04 2.571656603219654377e-02 2.965799666396289172e-05 1.000000000018827803e-06 1.000058906062545520e-06 6.394537133136171829e-06 9.999999999999999547e-07 1.289928893917016229e-03 5.116201477978658047e-06 9.999999999999999547e-07 1.000000033842290590e-06 9.999999999999999547e-07 3.158268127839229238e-06 1.000000000000009272e-06 6.473519529735418353e-03 6.320075710867641139e-02 9.999999999999999547e-07 1.388656881790570694e-06 5.018682519842338396e-06 6.865503287498075924e-02 7.664793047398761605e-03 2.397158338372816500e-02 1.102079135785289689e-02 2.225483315492881708e-04 3.128694007499885485e-05 3.264893992317523773e-03 2.695921489883807451e-05 7.523012546702685221e-04 9.999999999999999547e-07 1.082887616146080711e-05 9.999999999999999547e-07 1.004706852075007061e-06 1.000000000001445628e-06 8.248945647391423930e-05 2.693341530119722807e-06 1.070104758283397989e-06 1.000000000240370753e-06 1.000001673967855198e-06 2.321675432987259694e-04 1.007794213521562850e-06 4.882219974917079933e-04 5.691215922022590985e-06 8.575086782831937982e-02 1.000000000828327238e-06 1.000050580318760360e-06 7.022569313269009031e-03 1.546571422110926198e-05 1.000018274742023907e-06 9.999999999999999547e-07 1.214235601351849554e-05 1.103973589377982428e-01 2.669995101952054792e-02 1.313388309923823092e-06 1.460006479977928734e-04 4.303869337381807485e-03 1.000000134955549108e-06 4.865941238486941496e-03 1.270674145805118782e-01 1.000001440677543868e-06 1.138027521870158855e-03 4.547565325996621305e-02 6.995753615820253686e-03 9.999999999999999547e-07 2.897022004946674979e-04 9.999999999999999547e-07 3.232749821152224490e-04 9.999999999999999547e-07 1.172217125228969476e-04 6.217211143679427345e-04 1.000213675134823635e-06 6.020928182295943169e-05 5.315464677890423750e-06 9.999999999999999547e-07 2.152958813598820562e-02 8.277046671406537715e-02 9.999999999999999547e-07 1.000000000003083155e-06 1.500311150392733689e-03 1.000016218627652366e-02 4.272173567826820922e-05 3.727121491164642176e-04 1.048637505128662188e-06 9.999999999999999547e-07 1.172441450296740842e-06 2.526240938143331642e-06 1.064823267206759440e-06 1.986422423395777306e-02 3.101372296661947595e-02 4.120516088215844808e-02 9.999999999999999547e-07 5.304560889998395125e-03 1.094134962177952111e-06 9.999999999999999547e-07 1.404211325787071973e-02 5.856079134530566493e-05 1.000000524612304821e-06 9.999999999999999547e-07 1.000000000006802265e-06 1.030930745225633467e-06 1.524808330744608087e-05 9.052543226853502047e-04 3.380706365924276372e-03 5.930516383386277846e-03 2.812949306492662331e-03 3.489407879617956090e-03 3.459838864926875366e-04 9.999999999999999547e-07 1.019754767230646109e-06 5.057500601476291012e-03 2.617636841626083937e-03 1.000000290997277270e-06 9.016329632618419574e-05 9.999999999999999547e-07 1.496264524309407954e-05 2.975913030677102954e-04 3.764345592739896246e-02
8.371373819698110170e-06 3.506910017909480731e-02 1.214326650681815320e-02 3.466634268153081919e-05 1.884505408950273354e-05 1.394046391766500935e-04 1.003362876703835684e-06 1.006656609822376318e-06 5.102911841913927368e-03 1.000007338928069963e-06 9.999999999999999547e-07 1.000000300768801815e-06 1.021008291602668993e-03 1.000000000000017107e-06 9.999999999999999547e-07 9.999999999999999547e-07 1.066757006926215452e-03 1.011351222792746023e-06 2.774136267782995047e-02 8.782920152734717705e-06 1.000969291073481079e-06 1.369020449653410949e-03 2.623412034870001991e-02 3.211505539029228774e-05 1.000000000000078305e-06 1.000001434850700886e-06 1.179931563876505416e-06 9.999999999999999547e-07 1.697964943433768765e-03 4.138334848783533464e-06 1.000000000011607694e-06 1.000000005125362861e-06 9.999999999999999547e-07 5.696554618125134859e-06 1.000000000000027272e-06 7.143665214775008973e-03 6.304001270794816481e-02 9.999999999999999547e-07 1.151184790727026352e-06 5.793454490109569186e-05 6.697914867978883857e-02 8.802127054276721874e-03 2.234772869325611644e-02 1.009763266942018643e-02 5.725431611180947875e-04 2.409624613426878352e-05 4.735359717076175964e-03 6.476702526723734833e-06 1.210041456148294075e-03 9.999999999999999547e-07 8.454262410753873202e-06 9.999999999999999547e-07 2.070249943276812595e-06 1.000000000000285828e-06 7.604780196341026652e-06 1.834938073553148238e-06 1.000038186367666494e-06 1.000053989169226412e-06 1.000020321057461316e-06 1.034736775491986891e-03 1.000270714660303097e-06 4.836064476917131599e-04 3.808219971832464766e-06 8.124530131565145530e-02 1.000000000000029177e-06 1.000211829652556299e-06 8.965427546183502711e-03 2.286552384783718076e-05 1.000000015369347773e-06 9.999999999999999547e-07 2.298674787743352544e-06 9.857217466338204226e-02 2.848426638086912557e-02 1.002270615979648391e-06 6.897522776633226648e-05 4.398890547878311214e-03 1.000000053697693033e-06 7.163661400595702430e-03 1.208014137445090619e-01 1.000000000910128386e-06 1.552953331028831445e-03 4.236858152418925688e-02 6.989898472901634116e-03 9.999999999999999547e-07 1.563288237626475434e-04 9.999999999999999547e-07 1.953455908599261250e-04 1.000000000000000590e-06 5.485750994709958240e-05 6.964701753298359679e-04 1.000800025688203470e-06 6.364013512329210647e-05 4.043600866515572956e-06 9.999999999999999547e-07 2.243097372986278815e-02 7.985694441988989978e-02 1.000000000000000167e-06 1.000000000106819703e-06 1.039124966456115217e-03 9.597534616768646151e-03 1.555852664925868703e-05 3.082600915448578281e-04 1.000048586809108758e-06 9.999999999999999547e-07 1.172579568767994400e-06 1.002919896880970940e-06 2.286627104039225578e-06 2.191026759030666182e-02 4.289335910796815421e-02 3.906584618659390828e-02 9.999999999999999547e-07 5.203196126124418411e-03 1.067708984823614541e-06 9.999999999999999547e-07 1.598116137552667987e-02 6.817306816099933211e-05 1.000002156192374675e-06 9.999999999999999547e-07 1.000000000000122563e-06 1.004391330490804099e-06 3.126257323555017999e-05 1.149078124429433762e-03 2.640031148642140845e-03 9.256718534182587638e-03 2.781645024524830642e-03 4.010927857304373394e-03 2.583294498731133842e-04 9.999999999999999547e-07 1.770976922127378507e-06 4.615072389070659815e-03 1.616963034309512820e-03 1.000003701460848749e-06 1.091602502091183763e-04 9.999999999999999547e-07 2.105019820932504151e-05 5.659460006612555610e-04 3.458694398867724618e-02
5.210930845177714636e-06 3.780054624395101648e-02 1.118508717454126493e-02 7.009902018862929974e-05 4.946013110221648946e-05 1.932056955931411694e-04 1.000475641404777815e-06 1.000212091129725315e-06 5.198265592525282836e-03 1.089794336128969156e-06 9.999999999999999547e-07 1.000009867772894760e-06 1.079372363253799320e-03 1.000000000184082661e-06 9.999999999999999547e-07 9.999999999999999547e-07 1.159592696951309470e-03 1.004546226548249116e-06 2.755845167344918301e-02 1.100560195438147728e-04 1.019600642571164213e-06 9.500626546456151676e-04 2.773418371319831544e-02 1.539900019754167457e-04 1.000000000166103963e-06 1.000000041389584120e-06 1.353610158338756607e-05 9.999999999999999547e-07 2.583918411023386052e-03 5.655676655344140626e-06 9.999999999999999547e-07 1.000000124237623004e-06 9.999999999999999547e-07 4.349522253959601687e-06 1.000000000000173385e-06 7.670125612511510121e-03 5.905068537463591116e-02 9.999999999999999547e-07 1.788466203993454256e-06 9.425061159114089416e-06 6.570140902015149387e-02 9.298456551156764407e-03 2.462861181102543248e-02 1.242236295822824951e-02 3.971672224834879323e-04 5.458485875445647948e-05 3.497838713649692368e-03 7.064083489382043603e-06 2.931007043322864732e-04 9.999999999999999547e-07 1.120483641874878605e-05 9.999999999999999547e-07 8.581601492342342806e-06 1.000000000000077035e-06 1.289730659007849850e-05 1.663648238355466388e-06 1.455533462915880549e-06 1.000000033597611783e-06 1.000005839719159837e-06 6.709772302552619158e-04 1.000371293418858569e-06 4.575631801159444267e-04 1.638768368549281968e-05 7.742116420128077048e-02 1.000000000000014778e-06 1.176872391685057186e-06 1.015910070849990708e-02 1.670367989338886823e-05 1.000000003756593829e-06 9.999999999999999547e-07 1.193170961722713791e-06 1.026680082839263458e-01 3.105982679908012370e-02 1.003953546392238815e-06 1.203208001236741033e-04 3.826505619575080053e-03 1.000000406922865635e-06 5.632639069233396842e-03 1.162115051737860338e-01 1.000000000387464165e-06 1.528324195305898582e-03 4.267992704828092038e-02 7.000248566410750481e-03 9.999999999999999547e-07 1.126954373871273484e-04 9.999999999999999547e-07 2.983251706062287436e-04 1.000000000000039765e-06 6.768824300725196860e-05 1.142923667257465760e-03 1.000231842733765017e-06 1.211048406580938211e-04 3.304269490315923738e-06 9.999999999999999547e-07 2.203654619519918034e-02 8.357082887559405537e-02 1.000000000000142892e-06 1.000000000011262528e-06 2.072577129474817946e-03 9.397600030618121630e-03 3.856754815902430089e-05 3.674278615140623774e-04 1.000032738275140780e-06 9.999999999999999547e-07 1.022835526816059800e-06 1.707060656763807022e-06 3.921359831052301669e-06 1.727137565958145049e-02 3.923754298281773717e-02 4.237487488877199338e-02 9.999999999999999547e-07 4.548850650259384648e-03 2.444037290310275133e-06 9.999999999999999547e-07 1.633797228309504315e-02 1.330262574518109380e-04 1.000000254324390143e-06 9.999999999999999547e-07 1.000000000000565137e-06 1.001377595898313588e-06 2.544797733372129256e-05 1.710537498818502601e-03 3.396570206780120168e-03 9.836044474343717467e-03 2.585855681027477652e-03 3.556184231676526482e-03 4.952426654899573163e-04 9.999999999999999547e-07 2.138547454958770487e-06 5.571414786035504274e-03 1.663260150574203669e-03 1.000015591511155027e-06 1.083512152373777593e-04 9.999999999999999547e-07 1.280442354852273288e-05 8.277293005334060254e-04 3.275993165870864920e-02
2.879262883876767702e-05 3.210991379663891143e-02 9.783398347767233855e-03 4.874048660612983173e-05 1.473996640246432504e-05 9.393231846397499330e-05 1.000006083319878073e-06 1.000168509681594899e-06 5.444861090367676508e-03 1.000027127172614935e-06 9.999999999999999547e-07 1.000001704174109100e-06 6.927213617000485850e-04 1.000000000056311552e-06 9.999999999999999547e-07 9.999999999999999547e-07 1.491087775974940651e-03 1.017683267697268824e-06 2.723521404484455580e-02 1.410121077466281228e-06 1.064159676673525405e-06 8.634840001844038991e-04 2.541307965715835018e-02 3.388427169032743810e-05 1.000000000000485728e-06 1.000000100569664068e-06 1.267185141803473758e-06 9.999999999999999547e-07 2.760909282695670451e-03 4.445333514073533310e-06 9.999999999999999547e-07 1.000000000046662788e-06 9.999999999999999547e-07 4.195143482272492029e-06 1.000000000000240936e-06 6.257298315930213961e-03 6.428075478042140356e-02 9.999999999999999547e-07 1.095265455878474245e-06 5.480822780475893760e-06 6.517034306375336927e-02 7.098247262599961978e-03 2.286564543383859741e-02 9.790064999008845498e-03 6.795176020795641895e-04 8.107855829366329215e-05 4.184180093371204015e-03 1.478262108967736137e-04 5.375743093162718960e-04 9.999999999999999547e-07 9.724944233046644090e-06 9.999999999999999547e-07 8.256431499717113625e-06 9.999999999999999547e-07 3.062030495658503074e-05 1.753691883627466473e-06 1.208007274832368517e-06 1.393545476706288558e-06 1.000002356570831839e-06 5.402703627044710879e-04 1.002657231253274412e-06 7.222307849838671082e-04 7.322225669598794491e-06 7.534508536765728570e-02 1.000000000000017954e-06 1.000124332436916670e-06 9.289541039994277105e-03 2.072998419539421008e-05 1.000000000150426865e-06 9.999999999999999547e-07 1.224538411740653006e-06 1.101666822364115311e-01 2.624590856340011658e-02 1.084687581929832873e-06 8.915823381490498066e-05 3.789737153307522546e-03 1.000001574290371523e-06 5.018803194281201002e-03 1.224023037213018278e-01 1.000000000001377654e-06 1.322041301945993093e-03 4.212046513219906002e-02 6.340744143453770285e-03 9.999999999999999547e-07 3.451436103955006496e-04 9.999999999999999547e-07 2.946346835000140181e-04 1.000000000000047600e-06 6.502931264248001020e-05 2.192318134378499171e-03 1.000222450106871086e-06 1.464217830751430454e-04 4.011628495766471197e-06 9.999999999999999547e-07 2.201357246271204784e-02 8.355692991971695738e-02 1.000000013029181028e-06 1.000000000002757682e-06 1.581451378069658907e-03 1.071992487980169204e-02 3.205099763375625859e-05 1.412503205184553279e-04 1.000000195478297403e-06 9.999999999999999547e-07 1.033978993925862173e-06 2.505680261755603227e-06 2.230059283930949182e-06 2.401862947940314880e-02 3.350466401093681046e-02 4.452284777986924985e-02 9.999999999999999547e-07 7.407886931130004508e-03 1.126940994897145968e-06 9.999999999999999547e-07 1.322117558726505597e-02 6.044520772860987505e-05 1.000002743408672068e-06 9.999999999999999547e-07 1.000000000000000378e-06 1.001938982657727910e-06 2.400075840328052187e-05 1.539803860454915180e-03 3.179724210029311309e-03 8.490700398703320689e-03 3.207430004606698533e-03 2.943871759952070271e-03 3.014488603588951886e-04 1.000000000007165853e-06 1.663707457283651534e-06 5.346415072704469376e-03 2.863010230936618820e-03 1.000005236829203429e-06 5.607586174013386182e-05 1.000000000000013931e-06 5.300908465136354897e-05 2.369094862853083445e-04 3.740909180838905557e-02
3.722673601812575867e-06 3.257983388048481255e-02 1.019909471229876567e-02 3.997674453549170847e-05 1.504100562948886300e-05 1.400120550224551934e-04 1.003463076196324345e-06 1.000011118306965638e-06 5.807652937523816346e-03 1.000482450066435616e-06 9.999999999999999547e-07 1.000047354460751402e-06 8.727929494736766033e-04 1.000000000000000378e-06 9.999999999999999547e-07 9.999999999999999547e-07 4.148974151134346834e-04 1.019600379467312256e-06 2.885559192104703019e-02 2.836792152395903712e-05 1.092904549012140136e-06 7.303039253641992927e-04 2.744718698743744620e-02 6.366464040202667485e-05 1.000000000325126352e-06 1.000000000529695185e-06 1.713463239767842502e-06 9.999999999999999547e-07 1.754833058905935599e-03 1.042136191891691994e-05 1.000000000000042306e-06 1.000000001128612276e-06 9.999999999999999547e-07 5.431161957056221542e-06 1.000000000054495090e-06 7.719022939587620244e-03 6.908166260953328697e-02 9.999999999999999547e-07 1.016568293999138894e-06 2.225086138784650405e-05 6.542988615963715726e-02 9.481242416309852011e-03 2.472094101809229824e-02 1.156865294096995345e-02 4.416003733091468874e-04 4.780855698356364144e-05 3.240347145582269089e-03 5.190237051525115579e-05 4.965261278489257373e-04 9.999999999999999547e-07 4.075895498253172844e-06 9.999999999999999547e-07 1.788549094280668503e-06 1.000000000235126137e-06 1.888068799021624516e-05 3.004523574720100780e-06 1.000290864500304540e-06 1.000000003957410941e-06 1.000002771008923017e-06 1.483950105781908888e-04 1.000050771073401972e-06 2.767205462624372416e-04 1.997641512204032923e-05 8.192679462591392903e-02 1.000000000137511095e-06 1.000006178285470563e-06 1.213225146359560996e-02 4.365265464793242911e-05 1.000000004781841873e-06 1.000000000223880927e-06 1.809673845465183827e-06 1.030872504937973971e-01 2.992046419481573377e-02 1.064359833589221542e-06 1.408305471877869077e-04 5.066942745295547994e-03 1.000000882047301262e-06 4.458951184030720410e-03 1.185487276237721099e-01 1.000000000028514895e-06 1.573786150048128848e-03 4.563452620552062994e-02 7.902635324193336974e-03 9.999999999999999547e-07 2.262892278343642911e-04 9.999999999999999547e-07 1.274623424066185823e-04 9.999999999999999547e-07 1.028411924829667807e-04 4.839955962817243853e-04 1.000010083649920124e-06 2.914870512229038985e-04 2.165643554504913676e-06 9.999999999999999547e-07 2.499616908970851009e-02 7.992894313207649093e-02 1.000000000005186973e-06 1.000000000005308522e-06 1.377216387003994289e-03 1.168850136457744507e-02 2.503874564063443789e-05 1.251683078657035437e-04 1.000009477732596812e-06 9.999999999999999547e-07 1.009392633635586508e-06 3.039896171752625286e-06 1.348276032839285513e-06 2.033517506821749463e-02 2.920266439619685628e-02 3.997503678173598002e-02 9.999999999999999547e-07 5.047724577868651329e-03 1.195913010542546447e-06 9.999999999999999547e-07 1.590203190683352544e-02 2.156648026833305159e-04 1.000006331243654901e-06 9.999999999999999547e-07 1.000000000000109646e-06 1.000916759553683985e-06 3.831960165565061747e-05 1.011742374483593160e-03 3.819573376764941013e-03 6.640478681493857012e-03 2.623020525262845151e-03 2.525172405297178638e-03 3.776021605172719944e-04 1.000000000000001225e-06 1.785188654102976125e-06 3.836059376429846665e-03 2.122663552913686517e-03 1.000059320229336279e-06 8.993322455237659247e-05 1.000000000025403955e-06 3.495851099333674845e-05 3.390931488223588967e-04 3.438138313959086118e-02
1.349749084799823626e-05 3.607888353318350338e-02 8.190872529219328166e-03 4.708293363498042381e-05 1.251734913671611716e-05 3.015542725885568087e-04 1.000015126628038487e-06 1.000018691935948001e-06 4.296560978819118255e-03 1.000006800295325295e-06 9.999999999999999547e-07 1.000001220243870460e-06 8.709015369605033934e-04 1.000000000000542903e-06 9.999999999999999547e-07 9.999999999999999547e-07 2.647712274283658702e-03 1.002252237390161990e-06 2.650284665678406468e-02 5.900469774572070305e-06 1.073894953615135030e-06 8.162442320807515757e-04 2.528489372176142072e-02 9.008851159243586319e-05 1.000000000000104775e-06 1.000000985087141725e-06 1.171880450291734511e-05 9.999999999999999547e-07 1.075969762957310148e-03 6.312933943749144036e-06 9.999999999999999547e-07 1.000000000043000429e-06 9.999999999999999547e-07 3.291257752115744720e-06 1.000000000000019013e-06 7.183827739110246365e-03 6.499092904644959701e-02 9.999999999999999547e-07 1.286421263136562705e-06 2.242340545929434554e-05 6.768494880653540269e-02 8.205436200994946361e-03 2.248242652976892297e-02 1.042015674135700343e-02 3.006385233135368089e-04 3.624339191368486672e-05 3.556181516863285517e-03 1.843747831348348606e-05 4.576468808279586151e-04 9.999999999999999547e-07 3.004711926834309141e-05 9.999999999999999547e-07 1.022556751113344535e-06 9.999999999999999547e-07 1.003572551591876374e-05 1.223739964171805334e-06 2.110698701787075105e-06 1.000000003468827726e-06 1.000014938770150240e-06 3.235967089715381575e-04 1.002779399356646055e-06 2.987629678431810839e-04 3.151846643213275723e-05 8.702350397845896868e-02 1.000000000008671878e-06 1.000076935134505065e-06 8.430174269164647516e-03 2.393973173256657019e-05 1.000000002630727164e-06 9.999999999999999547e-07 5.693119386410895243e-06 1.030204616900882303e-01 2.975572062945675347e-02 1.206974780479072983e-06 4.103531479518768846e-05 3.718358928741223417e-03 1.000020863894629142e-06 5.095784617781685087e-03 1.267416288812636127e-01 1.000000000000344697e-06 1.414524794547968554e-03 4.512056278420533556e-02 6.918927130167747304e-03 9.999999999999999547e-07 1.195695772837477075e-04 9.999999999999999547e-07 2.506836922284589328e-04 1.000000000000107740e-06 9.580570724322657033e-05 6.520087356628796087e-04 1.003105903677187702e-06 8.435924108056002541e-05 2.388586919233996210e-06 9.999999999999999547e-07 2.186186137820231648e-02 8.289367631406094339e-02 1.000000193697346257e-06 1.000000000003345947e-06 1.241759391018737186e-03 1.134409294021975628e-02 2.004853413070159095e-05 2.203639794824752748e-04 1.000004078311231381e-06 9.999999999999999547e-07 1.306902574744289918e-06 2.891681274645078090e-06 4.012764358030555470e-06 1.914637243733061447e-02 2.880940259880124601e-02 3.827272486612609548e-02 9.999999999999999547e-07 6.912314308895142236e-03 1.077834167333507403e-06 9.999999999999999547e-07 1.365281819532716996e-02 2.131353192915659903e-04 1.000000997197210523e-06 9.999999999999999547e-07 1.000000000000006307e-06 1.002896992333547871e-06 1.532034578341763155e-05 1.323217254718333027e-03 2.691817202924200007e-03 6.727141345829482956e-03 2.743529323803425672e-03 3.321016923939268395e-03 2.857215210308678213e-04 9.999999999999999547e-07 2.391500505246774922e-06 4.295858622672421925e-03 4.258597701581210912e-03 1.000053683805592473e-06 1.134348472063838353e-04 9.999999999999999547e-07 2.786297857207625464e-05 5.029426439704015638e-04 3.835011489776280619e-02
3.575980701529369676e-06 2.562950500015730507e-02 8.672220578374429528e-03 5.578784551841312327e-05 4.506151844269163737e-05 2.331389574049860228e-04 1.000005461712884281e-06 1.000000403425786139e-06 3.881151900342353842e-03 1.001120160931640850e-06 9.999999999999999547e-07 1.000013499836040689e-06 5.452816434189457261e-04 1.000000002998139352e-06 9.999999999999999547e-07 9.999999999999999547e-07 7.350301888735767328e-04 1.005587770367987803e-06 3.322290969206641298e-02 2.613012590003482518e-05 1.002652544540439590e-06 4.083434205889438029e-04 2.658629559225073741e-02 6.426824864541870962e-05 1.000000000008539741e-06 1.000000172801416990e-06 3.430143791173753268e-06 9.999999999999999547e-07 1.282852249839220617e-03 5.140005879599167985e-06 9.999999999999999547e-07 1.000000000104479775e-06 9.999999999999999547e-07 9.791120402850280735e-06 1.000000000000001649e-06 6.909937582483869842e-03 6.049537547619927846e-02 9.999999999999999547e-07 1.503459213066946567e-06 8.186548455335471212e-06 6.781804710843414297e-02 6.431793336035478842e-03 2.786353042930844043e-02 1.151753675393364131e-02 3.599192247523066036e-04 5.576274213868333106e-05 3.782077775756829876e-03 1.035775819558557191e-05 3.603854314787365964e-04 9.999999999999999547e-07 6.904963037620943360e-06 9.999999999999999547e-07 1.136778463644458429e-06 9.999999999999999547e-07 2.467266023367328549e-05 1.234830060062626022e-06 5.321705167240948703e-06 1.000000003380204362e-06 1.000000951551610000e-06 3.597451925182340669e-04 1.001931396561042921e-06 9.639844749726992788e-04 6.307771810990148485e-06 8.803304104560863430e-02 1.000000003570697625e-06 1.000328873249022604e-06 9.774567613365823041e-03 1.978177235650025443e-05 1.000000000194341924e-06 9.999999999999999547e-07 1.364247627815688147e-06 1.037228222666250477e-01 1.978696860106211181e-02 1.038470993588995169e-06 8.837930660233912761e-05 5.669916570934674209e-03 1.000005704693665879e-06 6.348366557159066531e-03 1.260899247081989361e-01 1.000000000169622749e-06 1.139397938965571637e-03 4.453871448975383479e-02 7.756516165939890926e-03 9.999999999999999547e-07 6.290163229642380994e-05 9.999999999999999547e-07 2.726445990391510748e-04 1.000000000000000167e-06 1.665871628892007131e-04 3.509073591149281359e-04 1.000001617850362843e-06 1.158602054473171366e-04 2.692471752920697362e-06 9.999999999999999547e-07 2.228632266499670778e-02 8.195967203825840763e-02 1.000000000984146784e-06 1.000000001995969779e-06 8.118053952801335734e-04 8.412434149836148581e-03 1.870196622640707718e-05 2.533794317164935286e-04 1.000000000260733425e-06 9.999999999999999547e-07 1.020202625126755181e-06 1.035171048538180661e-06 1.137369777974505541e-06 2.190559002045039741e-02 3.181926662121868643e-02 4.275160862493994351e-02 9.999999999999999547e-07 5.761224050595758171e-03 1.608783016498687225e-06 9.999999999999999547e-07 1.031904044776233396e-02 2.433377313033095399e-05 1.000022395003011609e-06 9.999999999999999547e-07 1.000000000022747025e-06 1.002765792028353959e-06 1.893029925556773759e-05 9.683455918813187093e-04 3.720542430708314793e-03 7.667016550362576281e-03 3.374525855175705170e-03 2.535075187335509000e-03 4.466174416672929722e-04 9.999999999999999547e-07 1.516218105905996091e-06 6.125381147667605629e-03 3.895716877758982274e-03 1.000004713275029061e-06 4.866178583536699947e-04 9.999999999999999547e-07 2.138062288768925487e-05 9.931967560672027781e-04 4.116991260943949488e-02
2.672058764444504391e-06 3.317674190063215484e-02 1.066611290610562993e-02 7.334045649002440955e-05 3.561649868935823147e-06 1.819183018183985500e-04 1.000016746894035579e-06 1.000003373469396451e-06 2.777816336624351883e-03 1.000004335671957282e-06 9.999999999999999547e-07 1.000009594794635306e-06 7.486642041836433139e-04 1.000000000002933653e-06 9.999999999999999547e-07 9.999999999999999547e-07 2.812535738908967554e-03 1.002117487208867438e-06 2.744686115572601143e-02 1.122636481818398388e-05 1.001342722785031849e-06 6.792066356731738365e-04 2.845826651592231124e-02 5.266475701304203737e-05 1.000000000001777877e-06 1.000046944639905218e-06 2.289975202718751218e-06 9.999999999999999547e-07 2.100994790514303448e-03 6.650679343123359171e-06 9.999999999999999547e-07 1.000000000622606229e-06 9.999999999999999547e-07 2.171039744794578117e-06 1.000000000000141409e-06 6.495608904238145236e-03 6.592359289662121091e-02 9.999999999999999547e-07 1.061663811126048719e-06 3.976474692089820617e-05 7.051393940337662147e-02 8.031267254135965664e-03 2.858995454313699447e-02 1.087366091184534429e-02 3.040344072109906317e-04 2.036175389471949360e-04 4.986977448924727330e-03 2.459946217287419657e-05 7.869414110476352598e-04 9.999999999999999547e-07 9.934970226746288492e-06 9.999999999999999547e-07 2.189790405254100153e-06 9.999999999999999547e-07 8.724215492556646465e-06 7.483483112182240991e-06 1.248459483494261381e-06 1.000000000184370440e-06 1.000010712578454319e-06 2.817212090812569415e-04 1.001736962762093873e-06 4.100664601667448786e-04 2.923209504214467031e-06 7.876316436484621930e-02 1.000000000004801573e-06 1.402773091374084104e-06 9.165629037007818475e-03 1.970897863844095043e-05 1.000000001746874330e-06 9.999999999999999547e-07 1.576988527773531337e-06 9.988578780573804938e-02 2.931279448593511472e-02 1.001408857244776959e-06 1.455801160544187593e-04 4.389067801079789277e-03 1.000000293776758712e-06 4.971930239909148376e-03 1.193923986020035133e-01 1.000000002724488629e-06 1.647723044154158004e-03 4.521377193198421879e-02 7.858334907701245570e-03 9.999999999999999547e-07 2.409491884866036171e-04 9.999999999999999547e-07 2.524499530741175870e-04 1.000000000000863293e-06 1.409591122738130934e-04 7.837048351685789102e-04 1.000847453365064521e-06 2.069718272863555982e-04 2.393643434426585752e-06 9.999999999999999547e-07 2.348606844461788301e-02 7.930326159801068253e-02 1.000000006318680665e-06 1.000000000681375069e-06 1.365006324903102024e-03 9.654072043962047198e-03 2.155438400851071709e-05 2.953026501191099670e-04 1.000000046776827167e-06 9.999999999999999547e-07 1.055921375379273885e-06 4.138408936747491610e-06 1.999519291796895237e-06 1.779024426306306805e-02 3.628326036138142252e-02 3.844039073389092509e-02 9.999999999999999547e-07 6.744059873531205000e-03 1.038658729910722843e-06 9.999999999999999547e-07 1.495542638258711560e-02 1.376337272218647735e-04 1.000000444995880224e-06 9.999999999999999547e-07 1.000000000000053741e-06 1.001500701929997247e-06 2.065501456112123774e-05 9.684451530408267174e-04 3.105383877567758234e-03 8.868978317404832903e-03 3.739548078037674937e-03 2.887010886384239628e-03 4.358505191380455360e-04 1.000000000000002496e-06 1.064324510704081413e-06 4.175312282227771135e-03 1.496161426493634004e-03 1.000288080199003339e-06 1.893603323757340215e-04 9.999999999999999547e-07 2.548919631409897899e-05 5.169316419497132099e-04 3.607497882598011130e-02
3.492584066060318396e-05 3.412688286160339701e-02 1.183500269643760448e-02 1.666786813213027126e-05 2.099486600145749791e-04 3.740401098578535169e-04 1.000013356708231475e-06 1.000000978165176621e-06 3.830946996108032868e-03 1.000095817178748445e-06 9.999999999999999547e-07 1.000000020999746027e-06 4.913510055867725866e-04 1.000000000002379270e-06 9.999999999999999547e-07 9.999999999999999547e-07 1.628122934567120600e-03 1.015198066183963708e-06 2.573401075146148145e-02 1.423589016921766688e-05 1.487388561430774753e-06 5.563770932391699005e-04 2.896027724209594700e-02 8.313157067483155566e-05 1.000000000000011178e-06 1.000001077502193073e-06 3.564514916922349243e-06 9.999999999999999547e-07 1.677060878440554421e-03 9.401662549327635424e-06 9.999999999999999547e-07 1.000000012935718142e-06 9.999999999999999547e-07 5.082877667634162190e-06 1.000000000000600925e-06 7.687143616098419258e-03 6.158804871645363194e-02 9.999999999999999547e-07 1.305452526569036083e-06 6.798769458354215610e-05 7.039274366391592985e-02 9.701012266697830663e-03 2.473109411264017704e-02 1.154043528051393666e-02 3.765797121443851159e-04 3.114932057318578403e-05 4.251779005626509476e-03 1.261705360598058889e-05 4.955760972874315422e-04 9.999999999999999547e-07 4.922215577573877669e-06 9.999999999999999547e-07 1.002491711147747995e-06 9.999999999999999547e-07 6.429327108746100585e-06 1.526791304396319881e-06 4.995269783351050716e-06 1.000003343798327611e-06 1.006757089871652303e-06 2.794131764397494782e-04 1.001886646048039199e-06 6.397539888181564367e-04 3.833645705150071485e-06 8.480994546057599170e-02 1.000000000002537877e-06 1.754265781206205453e-06 1.058184947069072332e-02 1.236062454240366049e-05 1.000000000266187682e-06 9.999999999999999547e-07 4.056021029100345356e-05 9.686370535573664287e-02 2.795838554264864356e-02 1.001350410246701901e-06 6.731856899812359643e-05 5.054368554418273499e-03 1.000013474228346234e-06 5.089541079846223760e-03 1.156926347696465712e-01 1.000000000127504248e-06 1.426175803414516568e-03 4.875044014243543056e-02 7.828243077473999792e-03 9.999999999999999547e-07 3.361886518061505172e-04 9.999999999999999547e-07 1.720204847090017731e-04 1.000000000000013296e-06 4.694918329259456307e-05 5.897950716467563990e-04 1.000202199598864581e-06 5.086470574004812702e-04 5.195263278210290363e-06 9.999999999999999547e-07 2.255699736752886375e-02 7.797694844826971727e-02 1.000000005443427121e-06 1.000000002772717415e-06 1.165459160071544761e-03 1.014372254533712527e-02 2.698877823513725214e-05 3.013405164623759428e-04 1.036391857090111750e-06 9.999999999999999547e-07 1.000664436855262468e-06 1.178114554296276728e-06 3.938038902274773370e-06 1.870988735332604694e-02 3.956850713302001443e-02 3.678478844403457182e-02 9.999999999999999547e-07 7.256873586422326119e-03 1.597191974163334671e-06 9.999999999999999547e-07 1.435406156878389454e-02 4.201176680066367710e-05 1.000000735838209591e-06 9.999999999999999547e-07 1.000000000000065812e-06 1.003138248961934467e-06 1.325413546011527458e-05 1.212580186942816040e-03 2.424620143157454801e-03 9.128190095279696895e-03 2.606129363111318355e-03 3.489935063188549878e-03 3.064409083758451923e-04 1.000000000000005249e-06 1.214480923483838897e-06 4.044693367751837909e-03 2.107420509465172346e-03 1.000002057179620647e-06 1.095022254785259967e-04 9.999999999999999547e-07 1.957259266551730122e-05 5.685459550281908060e-04 3.791458885911705434e-02
7.819185109321101414e-06 3.420774322634204112e-02 7.685139965321123937e-03 3.924029997321925532e-05 5.518787854655208896e-05 2.956079499580774013e-04 1.028875808953374042e-06 1.000394681773164329e-06 3.397603640241761425e-03 1.001373927718210066e-06 9.999999999999999547e-07 1.000166089627858609e-06 6.779859488664424306e-04 1.000000000000104563e-06 9.999999999999999547e-07 9.999999999999999547e-07 2.961774704391243167e-03 1.003352508390910033e-06 2.646365759188602784e-02 2.999277992090757062e-05 1.006282415917737600e-06 6.373961914233228655e-04 3.085859931404347917e-02 6.199830825688343685e-05 1.000000000000011813e-06 1.000000004741069942e-06 1.228599577003490653e-06 9.999999999999999547e-07 1.305817064074070184e-03 4.538014094979216770e-06 9.999999999999999547e-07 1.000000000010505281e-06 9.999999999999999547e-07 1.050250768292330101e-05 1.000000000043005088e-06 5.349005098995164922e-03 6.770802542704958127e-02 9.999999999999999547e-07 1.055065134809769653e-06 1.781289826708287277e-05 7.269695113265338404e-02 7.578095622048871584e-03 2.235834602598682497e-02 1.158697661491076523e-02 1.709137078024968923e-04 1.789207470293590545e-05 3.543372603275651584e-03 7.198092467372063933e-06 3.489761994714268172e-04 9.999999999999999547e-07 1.099665337535404543e-05 9.999999999999999547e-07 1.048536315539220027e-06 1.000175433907141267e-06 7.159783045315328185e-06 5.087951571598060328e-06 1.159796452553348139e-06 1.000000141747532347e-06 1.000028847315732684e-06 2.927100324743663572e-04 1.006862702175207136e-06 1.931994518384159846e-04 3.304038720968302040e-05 7.460937376444042035e-02 1.000000000000076611e-06 1.000490469722285364e-06 9.429243975545238687e-03 3.147100801132047263e-05 1.000000006209249725e-06 9.999999999999999547e-07 3.300752161490734696e-06 1.033994063595524704e-01 3.159072112600568721e-02 1.002671858422850846e-06 1.018050839127424961e-04 3.949234065206971150e-03 1.000000046576537332e-06 5.826287101884340680e-03 1.195463344328555888e-01 1.000000000000801248e-06 1.460381886582729286e-03 3.775272357193532047e-02 5.701949259680831952e-03 9.999999999999999547e-07 1.861788486850444470e-04 9.999999999999999547e-07 2.404115192207117264e-04 9.999999999999999547e-07 4.745079079771089204e-05 4.280542348085989205e-04 1.000005494414132810e-06 5.172523587613140868e-05 1.813200061890288557e-06 9.999999999999999547e-07 2.615083905499507311e-02 8.626939714262385484e-02 1.000000115940801243e-06 1.000000000024091901e-06 9.496884091938290673e-04 1.162545884912241298e-02 3.344362829163119677e-05 2.693571905745131096e-04 1.000002494137856414e-06 9.999999999999999547e-07 1.014097260281192672e-06 1.032394477025902727e-06 1.057704186373725964e-06 1.880350459069301747e-02 3.027670773246209784e-02 4.412542977788995457e-02 9.999999999999999547e-07 4.556969722363713240e-03 2.231219681645900790e-06 9.999999999999999547e-07 1.397083798136913337e-02 6.120890441427989138e-05 1.000001025355996903e-06 9.999999999999999547e-07 1.000000000000026848e-06 1.002858167306509185e-06 2.177121637545117869e-05 8.159888566956505305e-04 3.388361468708105204e-03 5.675565626099791407e-03 2.436321864543761206e-03 3.197177196921052213e-03 3.683165598388860669e-04 9.999999999999999547e-07 1.560064720273740327e-06 7.530396456474625425e-03 1.328840223238843396e-03 1.000025380475976094e-06 1.090854502634689961e-04 1.000000000000000167e-06 3.733697803738430561e-05 9.809566502567625568e-04 4.210936687862237848e-02
2.561851197137151451e-06 2.670679684547278346e-02 1.042011239268261086e-02 5.198338243277251608e-05 1.146009015073554409e-04 2.717832086962346607e-04 1.000000150720484818e-06 1.000021058566004466e-06 4.828234845351998296e-03 1.000135850099239639e-06 9.999999999999999547e-07 1.000000000055060484e-06 6.666170280999593077e-04 1.000000000000034048e-06 9.999999999999999547e-07 9.999999999999999547e-07 2.188944788172442202e-03 1.123054476927067104e-06 2.822146537713528594e-02 8.025303063551120978e-06 1.001734683160226663e-06 6.874863549398735644e-04 2.815942543710733478e-02 1.347915569773085306e-04 1.000000000000089317e-06 1.000036882385268614e-06 1.234309770349592579e-06 9.999999999999999547e-07 1.881631943444819158e-03 8.462784195647388179e-06 1.000000000028029334e-06 1.000004294634491913e-06 9.999999999999999547e-07 7.657935009936852561e-06 1.000000000047214842e-06 7.679275998634405367e-03 5.754912148803110333e-02 9.999999999999999547e-07 1.379132712791008633e-06 7.748046099424900330e-06 6.537394612343211397e-02 7.381379981027559947e-03 2.831842724341096865e-02 1.163365214134546612e-02 4.554418099524732604e-04 4.094987117472743331e-05 4.355274430743419356e-03 1.267651865395884466e-04 3.912420584265671655e-04 9.999999999999999547e-07 8.042974343172857091e-06 9.999999999999999547e-07 1.003850177767523909e-06 1.000000000830214004e-06 3.053526337731366999e-05 1.061205832458582664e-06 3.313699140761209859e-06 1.000000004665045982e-06 1.000001391721187381e-06 1.902827739182777489e-04 1.003049082157052962e-06 5.769116205176430664e-04 3.545592027727579671e-06 8.469115158483099537e-02 1.000000000000009484e-06 1.005962688813756569e-06 1.010913442372349605e-02 2.637655254206490392e-05 1.000000000700883508e-06 9.999999999999999547e-07 2.994391110312005239e-06 9.574290930465201299e-02 2.037067241675500143e-02 1.035632928400938490e-06 8.297489315741371919e-05 4.742238201543713325e-03 1.000000181706408408e-06 6.766002098598285046e-03 1.160527811209669247e-01 1.000000000026046641e-06 1.343115289481329293e-03 5.023916186630857789e-02 7.030975952257474335e-03 9.999999999999999547e-07 3.854308116442244059e-04 9.999999999999999547e-07 3.238324304808572044e-04 1.000000000000000167e-06 3.746290270355126029e-05 8.413392433361226034e-04 1.005686746447928972e-06 3.434188943694998033e-04 1.880790855743239250e-06 9.999999999999999547e-07 2.346043300403740511e-02 8.453425145037400668e-02 1.000000782218685099e-06 1.000000000150302140e-06 7.300174801106501434e-04 1.094495771755917696e-02 1.163485944065876422e-05 2.940928086255798282e-04 1.000002905943026355e-06 9.999999999999999547e-07 1.015606081738465344e-06 1.285781859574749320e-06 2.771270793780756980e-05 2.217088944065780456e-02 4.173645387315869787e-02 4.186034742005339399e-02 9.999999999999999547e-07 7.913780058147027591e-03 1.545587750130594377e-06 9.999999999999999547e-07 1.092979892878780460e-02 5.145615451253732355e-05 1.000000500031457184e-06 9.999999999999999547e-07 1.000000000032686956e-06 1.039659097656413622e-06 2.304815701128325783e-05 1.147161867105747938e-03 2.988072857809863109e-03 1.104944340850426074e-02 2.958488573662663382e-03 3.596926787945816956e-03 3.369288170994099536e-04 1.000000000027692426e-06 1.076443246119180016e-06 4.838358440605696094e-03 2.387688706483552005e-03 1.000001054305482399e-06 1.274901945179075465e-04 1.000000000000000378e-06 2.707010189354473219e-05 3.342259975357323538e-04 3.797716187728127774e-02
2.732561992513514232e-06 3.685590631947965184e-02 5.543249185141137757e-03 9.465619434497230824e-05 3.960203914423844672e-05 1.914830732232016138e-04 1.000004712093407300e-06 1.002662880725133019e-06 5.709939756246584265e-03 1.000541754591280714e-06 9.999999999999999547e-07 1.000146913871630775e-06 1.075500990701403793e-03 1.000000000000247500e-06 9.999999999999999547e-07 9.999999999999999547e-07 1.959556347820201778e-03 1.017405617192847735e-06 4.700930927519001573e-02 4.195984824563446806e-05 1.274763952070247357e-06 5.293757238596287105e-04 2.438594816476100102e-02 1.304608482461712415e-04 1.000000000006616976e-06 1.000943419298953373e-06 4.580371647687793689e-06 9.999999999999999547e-07 6.240709618323731942e-04 8.535143978941425345e-06 9.999999999999999547e-07 1.000000000005830083e-06 9.999999999999999547e-07 1.378406031933872554e-05 1.000000000000069411e-06 1.163145903695205277e-02 4.243480284591810009e-02 9.999999999999999547e-07 1.037288111994107271e-06 7.670404894349536402e-05 4.137930452422605709e-02 1.857054460754747893e-02 2.364059350346593702e-02 1.279030907423608227e-02 9.123034212334579958e-04 1.489897769363847000e-04 7.022720101868208838e-03 1.619833250614146589e-06 1.356841185539809768e-03 9.999999999999999547e-07 1.970779402317538541e-05 9.999999999999999547e-07 1.235141674919253112e-06 1.000000000000003343e-06 9.899124303884938918e-06 2.343389741323980185e-06 2.286536941539865032e-06 1.000000158507054779e-06 1.000017663607317511e-06 1.069971670739800770e-04 1.001281821435496131e-06 1.069077451559610542e-03 4.696748312937074440e-06 1.055461492025808884e-01 1.000000000017442692e-06 1.000693325867252087e-06 7.269403251998614486e-03 1.217426598434672607e-04 1.000002782484692463e-06 1.000000028194672156e-06 1.728365947629954152e-05 9.474836719065722612e-02 2.278208121293166452e-02 1.042906536119263927e-06 5.052716687834301191e-05 1.301314959922276505e-02 1.000000586771790338e-06 6.262107548725082996e-03 1.038447684442476149e-01 1.000000000218945266e-06 3.587451097401099520e-03 7.934479891152704245e-02 1.019373134310702818e-02 9.999999999999999547e-07 1.910338011923419206e-04 9.999999999999999547e-07 3.448939462092865207e-04 1.000000000001367701e-06 6.442485648050716787e-05 6.775556727542618451e-04 1.000003348703061304e-06 8.090855106810028257e-05 1.057032010990002188e-05 9.999999999999999547e-07 2.385438182221738534e-02 6.169019882155049594e-02 1.000000000635650324e-06 1.000000000008326924e-06 1.126300531111244178e-03 1.006878566995133596e-02 2.180477892112911418e-05 8.674695083176125554e-04 1.000226710594321389e-06 9.999999999999999547e-07 1.105568345733624445e-06 2.179909971109397800e-05 5.303796887927468231e-06 3.033527406720940706e-02 2.126345269179730213e-02 4.170603663742482314e-02 9.999999999999999547e-07 4.156704949293881998e-03 2.092527304132512612e-06 9.999999999999999547e-07 1.416939006254269544e-02 3.217034065802446300e-04 1.000442518387642358e-06 9.999999999999999547e-07 1.000000000064330837e-06 1.031657991099510046e-06 7.635916155344768107e-05 1.023335361866527845e-03 4.491563941054929794e-03 4.688867938650846494e-03 3.834797643097051338e-03 8.484412594369491328e-03 7.537643198196567352e-04 9.999999999999999547e-07 1.178383977101188271e-06 3.999698553957991773e-03 1.586450474882011635e-03 1.000019698655001943e-06 2.708704015080661475e-04 1.000000000000000167e-06 1.508062817944419941e-04 1.023347106630287471e-03 2.653529827080322590e-02
4.509918674508057549e-06 3.713632344638037597e-02 9.636510904923459991e-03 3.782208059139400961e-05 6.064904513727991520e-05 2.065035051102274326e-04 1.000003066718876928e-06 1.000005707804913609e-06 3.886900720796241260e-03 1.000365988000656512e-06 9.999999999999999547e-07 1.000002986853863196e-06 1.029115345841926646e-03 1.000000000000539938e-06 9.999999999999999547e-07 9.999999999999999547e-07 8.781606055729526857e-04 1.004031749806498096e-06 3.219177703014360070e-02 1.989665463768976021e-05 1.002924801827121143e-06 5.710625219980993697e-04 2.715904731769872363e-02 6.232237614933248374e-05 1.000000000041163215e-06 1.000000422915820073e-06 1.185725141485551016e-06 9.999999999999999547e-07 1.513486774998318860e-03 1.039263708266056868e-05 9.999999999999999547e-07 1.000000000139701522e-06 9.999999999999999547e-07 6.772843690327382114e-06 1.000000000000001649e-06 7.026201148431982131e-03 5.744174355631680856e-02 9.999999999999999547e-07 1.641866634351870817e-06 1.206191085459726269e-05 6.186310577416174322e-02 9.019473445633521477e-03 1.998572209830987850e-02 9.868156952858494688e-03 6.461833009323278204e-04 6.217437474030483189e-05 3.517492293964303955e-03 6.196852661829499395e-06 8.736639451832577249e-04 9.999999999999999547e-07 1.044609483095961793e-05 9.999999999999999547e-07 1.005360252113489880e-06 1.000000000000021978e-06 2.325798705614153452e-05 1.956953310502221399e-06 1.333405135303808385e-06 1.000000020623198801e-06 1.000003327055167738e-06 7.760803206484486122e-04 1.001453166079279115e-06 6.733816452996362317e-04 1.694346766074776711e-05 8.827183221669127056e-02 1.000000006278903786e-06 1.027316316371080046e-06 9.883416353597693563e-03 1.637470040611965790e-05 1.000000000512335456e-06 9.999999999999999547e-07 3.943519817565277405e-06 1.022756124930876420e-01 2.953025994067407303e-02 1.032938713595332263e-06 1.898785388540806735e-04 5.145307617129770902e-03 1.000000005553000573e-06 5.645418748276326455e-03 1.261374690368187168e-01 1.000000000795696776e-06 1.545752655923914856e-03 4.708326471252125694e-02 5.704159814217520108e-03 9.999999999999999547e-07 1.072822009676630640e-04 9.999999999999999547e-07 4.790750234688054884e-04 1.000000000000000378e-06 5.093824237279595221e-05 9.794984456119922717e-04 1.000078217475428830e-06 5.299204915907317802e-05 2.011841135953382786e-06 9.999999999999999547e-07 2.189331961627345724e-02 8.082103014530485352e-02 1.000000000000001861e-06 1.000001293844740757e-06 1.646975906816865697e-03 1.044216917666123540e-02 6.356919698694516189e-05 7.210030862556871716e-04 1.000173845005800336e-06 9.999999999999999547e-07 1.002130243188063995e-06 1.536577277184945496e-06 1.571130848823939111e-05 2.310850366650423621e-02 3.378929379371317654e-02 3.840005150354506430e-02 9.999999999999999547e-07 3.913975556300181360e-03 1.088242526361516322e-06 9.999999999999999547e-07 1.458346250088935273e-02 3.796084765938201560e-04 1.000003761526719331e-06 9.999999999999999547e-07 1.000000000000016684e-06 1.001901138328666773e-06 1.818657708682460411e-05 1.032463021323762158e-03 3.646459857581036464e-03 6.297463903571264357e-03 2.889634991985480170e-03 3.836676830593921568e-03 5.518591666374582025e-04 9.999999999999999547e-07 1.012459039303909925e-06 5.541606533196108061e-03 2.420232181243315954e-03 1.000166115441883726e-06 1.059675844554046836e-04 9.999999999999999547e-07 2.042714279433328932e-05 1.315965611130688693e-03 3.328252152415062115e-02
6.810335369873253399e-06 3.015827126598523075e-02 1.022930191778604128e-02 4.565983543644873741e-05 7.216224967471103209e-05 1.532640252636629217e-04 1.000000047592570505e-06 1.000480396121116000e-06 3.607355891105244305e-03 1.000011470704990873e-06 9.999999999999999547e-07 1.000000015948077528e-06 5.940467992899080068e-04 1.000000000001157637e-06 9.999999999999999547e-07 9.999999999999999547e-07 1.642651622100688635e-03 1.004237443366178312e-06 2.600966883450553727e-02 1.959605203769543169e-05 1.001916527673033337e-06 6.316601337956682634e-04 3.001621876601306971e-02 9.110735405934489216e-05 1.000000000000003978e-06 1.000115783261536392e-06 1.054455943006907746e-06 9.999999999999999547e-07 1.130883751605500772e-03 6.119950948698598261e-06 9.999999999999999547e-07 1.000345778141894554e-06 9.999999999999999547e-07 6.208402305391615443e-06 1.000000000000008849e-06 6.590045819746947510e-03 6.061221929905594163e-02 9.999999999999999547e-07 5.951078827508502713e-06 9.050100281879186776e-06 6.788418841483205568e-02 7.364336440160189519e-03 2.100386525300968615e-02 1.207395976811614750e-02 3.853061329065412145e-04 8.122489265123265562e-05 4.400850376201153984e-03 1.233543109355047794e-05 4.835635104013838144e-04 9.999999999999999547e-07 1.291205216624679059e-05 9.999999999999999547e-07 9.797156588078168065e-06 1.000000000000006307e-06 7.724193077719534022e-06 1.065071470717926524e-06 1.117375436219209511e-06 1.000000070201310929e-06 1.000000228705095783e-06 3.751183621763615151e-04 1.002135692324524146e-06 4.274505189333578279e-04 2.447878324200929379e-06 9.031339810057258111e-02 1.000000000000225901e-06 1.000332487180272520e-06 7.102615738844347305e-03 1.201172396987128492e-05 1.000000007212839984e-06 9.999999999999999547e-07 6.505868385998987085e-06 1.015066189377400035e-01 2.466126593726169353e-02 1.296632909105246863e-06 1.305289286274451306e-04 3.967920959960322819e-03 1.000040793767346011e-06 4.948316860570238680e-03 1.303347469159260030e-01 1.000000014840405132e-06 1.301719985103398820e-03 4.310203434277404266e-02 6.789478216548040616e-03 9.999999999999999547e-07 1.462449905951733985e-04 9.999999999999999547e-07 2.880189338284203180e-04 1.000000000000000167e-06 8.242747659518496377e-05 8.241128547839019717e-04 1.000028027945300500e-06 4.129005063807120277e-05 2.820575082838298101e-06 9.999999999999999547e-07 2.348394413503843842e-02 8.641309145889254639e-02 1.000000001507360518e-06 1.000000000000075552e-06 1.789432873649342629e-03 9.818064409009917559e-03 4.131745882433595117e-05 2.255804279004277560e-04 1.014016309332915634e-06 9.999999999999999547e-07 1.003284161306062254e-06 1.028636957379100082e-06 5.578827044884666739e-06 1.994192831025794199e-02 3.104576567459473718e-02 4.005006111028952542e-02 9.999999999999999547e-07 7.167518611582997246e-03 1.322698198537501148e-06 9.999999999999999547e-07 1.411065753111439419e-02 3.290138763927623593e-04 1.000000820236948114e-06 9.999999999999999547e-07 1.000000000000006519e-06 1.007749405306788630e-06 2.018636182257238778e-05 9.915215557773999957e-04 2.399156862633704430e-03 7.398942518318498730e-03 1.876132982953862376e-03 2.587146027097512839e-03 3.139750317868040663e-04 1.000000000072422119e-06 1.024793339326225418e-06 5.719516618477101140e-03 3.263462807135703286e-03 1.000011072070116213e-06 3.857396558223453515e-05 9.999999999999999547e-07 7.339774239867895213e-05 6.898756809788886800e-04 3.856080150599539708e-02
6.605547026820818784e-06 2.700988704700571508e-02 1.005720496244537354e-02 3.073195981693806759e-05 1.284924591366824113e-04 2.083987308079492508e-04 1.000071941363217397e-06 1.000009324663818982e-06 2.834371170091465678e-03 1.000075056630055192e-06 9.999999999999999547e-07 1.000000006316525177e-06 5.385371565047727483e-04 1.000000000000002496e-06 9.999999999999999547e-07 9.999999999999999547e-07 1.405372824830483213e-03 1.001226379145119739e-06 2.799372183879885248e-02 3.973320725096143576e-06 1.003831096229310204e-06 6.327578353418851411e-04 2.764898764981984017e-02 4.321411515592617312e-05 1.000000000084331402e-06 1.000004428703017153e-06 1.057156453670686533e-06 9.999999999999999547e-07 1.248534145119693534e-03 5.937667948607282930e-06 9.999999999999999547e-07 1.000000003160002266e-06 9.999999999999999547e-07 7.053162067983775632e-06 1.000000000000159197e-06 5.996541122257318182e-03 6.642456602734829463e-02 9.999999999999999547e-07 1.262966453465637076e-06 1.765090280678109473e-04 6.898071385950890755e-02 6.995306881393965372e-03 2.382428446208965239e-02 1.065161662890734724e-02 2.853351689137945233e-04 2.763352202805636969e-05 3.012125080390056203e-03 1.146714391805683640e-04 3.578988992074864602e-04 9.999999999999999547e-07 7.440284424734193737e-06 9.999999999999999547e-07 1.015515785640165730e-06 1.000000072759942083e-06 1.027802179571309966e-04 1.554621678632809824e-06 2.158236639768129677e-06 1.000016485834672128e-06 1.000053921281786468e-06 4.908164049687281866e-04 1.000136598470884834e-06 6.835280582514277484e-04 2.261371843043826009e-06 8.598736927478187186e-02 1.000000000002178735e-06 1.039306545834262940e-06 9.981217278365921153e-03 1.355303894590903217e-05 1.000000007190658097e-06 9.999999999999999547e-07 1.057862616911997394e-06 1.059096603075604104e-01 2.273029389351780352e-02 1.003298648820976477e-06 8.497117704147503700e-05 3.408468473971065088e-03 1.000060322500147147e-06 3.934886741800867546e-03 1.313674812529260771e-01 1.000000000001534355e-06 1.274215956622853181e-03 4.644867356109763645e-02 5.720356411918893318e-03 9.999999999999999547e-07 3.342778992816948578e-04 9.999999999999999547e-07 2.090200593470793624e-04 1.000000000001514238e-06 2.881839690332044566e-05 7.382468370491011671e-04 1.000076707321242604e-06 9.975008562677995720e-05 3.645163909226549659e-06 9.999999999999999547e-07 2.351067989899505162e-02 8.451870944384419493e-02 1.000000000015268147e-06 1.000000000000001225e-06 9.392047441064416266e-04 1.263920745572902696e-02 2.816068680255530272e-05 8.433559966461574538e-05 1.004417008961038013e-06 9.999999999999999547e-07 1.035365098700585072e-06 1.403553512620949609e-06 1.337427717307198266e-06 1.850548243041526264e-02 3.132225669834906578e-02 3.997474748453271748e-02 9.999999999999999547e-07 6.042855237641668251e-03 1.332565149129995476e-06 9.999999999999999547e-07 1.112257781079584347e-02 9.632189821115665844e-05 1.000004800634504760e-06 9.999999999999999547e-07 1.000000000000000167e-06 1.003035141844139129e-06 1.595328750433316748e-05 9.608917145770943949e-04 3.794630609310287346e-03 6.740606693166993103e-03 2.159386863873034856e-03 2.246727304024049871e-03 2.653929990778980852e-04 1.000000000000033201e-06 9.358414676488629937e-06 4.427979084424642046e-03 1.245660359101745948e-03 1.000048484718300951e-06 1.803190501967991024e-04 1.000000000000025577e-06 1.315868059542420079e-05 7.316870196731373220e-04 4.228572172657165534e-02
1.868573782261467812e-06 3.404470927624676097e-02 1.200512154680446683e-02 5.681361025440926797e-05 1.578696422641551311e-05 2.081242224759149030e-04 1.000000532470696188e-06 1.000040492711161118e-06 7.056665347257628194e-03 1.000614574630123619e-06 9.999999999999999547e-07 1.000000662991246263e-06 1.002484667873939196e-03 1.000000001265414450e-06 9.999999999999999547e-07 9.999999999999999547e-07 1.840051180236821444e-03 1.392466790528550071e-06 2.648184852056397962e-02 1.612938009133244602e-05 1.027279692809654143e-06 7.546592961675576815e-04 2.757473485451385556e-02 6.079314245685029717e-05 1.000000000000215736e-06 1.000005270853461305e-06 1.151477841757069884e-06 9.999999999999999547e-07 2.776732838752443439e-03 4.396543741258312357e-06 9.999999999999999547e-07 1.000006589544419025e-06 9.999999999999999547e-07 3.267824932639604418e-06 1.000000000000302134e-06 6.575755780524880807e-03 5.855522471720119027e-02 9.999999999999999547e-07 1.216780753587694434e-06 2.618470833087620109e-05 7.102568053497018696e-02 8.497853161387737900e-03 2.399284618244299297e-02 9.733042929050791936e-03 2.878283561839816243e-04 1.831134138931485276e-05 3.104327880946222695e-03 3.129893188565202968e-05 3.475641604976428128e-04 9.999999999999999547e-07 5.963000129778640394e-06 9.999999999999999547e-07 2.046852084691749869e-06 9.999999999999999547e-07 1.085386528735105062e-05 1.312466184904224056e-06 1.017151684987186241e-06 1.000000001159752384e-06 1.000003830346840806e-06 1.152902551511522704e-04 1.001555879020824950e-06 4.211390208367267202e-04 6.170858668310566392e-06 8.053797411009797069e-02 1.000000000000101175e-06 1.000333052139583424e-06 8.528341314014638991e-03 1.404748524947871246e-05 1.000000009776625968e-06 1.000000001799574603e-06 1.397585802106424530e-06 9.616832492121214770e-02 2.891255393375817898e-02 1.036307864222200116e-06 9.614754159620955709e-05 3.968070528536492107e-03 1.000004494025352706e-06 6.308737651466974142e-03 1.193884902614203852e-01 1.000000000110531190e-06 1.325038054455268373e-03 3.887659400174766494e-02 5.604242612810063709e-03 9.999999999999999547e-07 2.594445390541983646e-04 9.999999999999999547e-07 1.030586058622635313e-04 9.999999999999999547e-07 5.310897032988606202e-05 3.219845541942409394e-04 1.000136678219548426e-06 2.373681769882392040e-04 1.470869284231960540e-06 9.999999999999999547e-07 2.367249871242799522e-02 8.773311103580239134e-02 1.000000000000021131e-06 1.000000000009499853e-06 1.677345198460426920e-03 9.140263399647593698e-03 6.059061575168540615e-05 2.844370752461327983e-04 1.000004149253479556e-06 9.999999999999999547e-07 1.002164488162440428e-06 5.179877361132722110e-06 4.221888773684544764e-05 1.949741064954794642e-02 4.683291894128160937e-02 4.109794171544203095e-02 9.999999999999999547e-07 4.609223918512427541e-03 1.078493376770254104e-06 9.999999999999999547e-07 1.452405769869680348e-02 9.013131488842868113e-05 1.000501657825727072e-06 9.999999999999999547e-07 1.000000000001655481e-06 1.009482899311258501e-06 1.457510210005162412e-05 1.634983234440352557e-03 3.487184141369395734e-03 1.078210551856625954e-02 3.138370949568117414e-03 3.132773707684578194e-03 3.002972837339205154e-04 9.999999999999999547e-07 1.231821566085318126e-06 3.754407980727111904e-03 1.417439212726065217e-03 1.000049309355358902e-06 4.721366475372741611e-05 9.999999999999999547e-07 2.289569314199724282e-05 5.145710230069040162e-04 3.519740825181884303e-02
1.706635383192311398e-05 3.394552867913723515e-02 7.717428248317834312e-03 4.944397526082134757e-05 6.326241172278557656e-05 2.175324559534522846e-04 1.000012799152416705e-06 1.000001228699185850e-06 2.922281946567289491e-03 1.000097377464153385e-06 9.999999999999999547e-07 1.000003488626112045e-06 7.867775317226777211e-04 9.999999999999999547e-07 9.999999999999999547e-07 9.999999999999999547e-07 1.449900039526242149e-03 1.040440469563341468e-06 2.879957574031345030e-02 3.182341885118571281e-05 1.012359121878208506e-06 6.440237313170981033e-04 2.274224879166690874e-02 5.093659530694757156e-05 1.000000000594802160e-06 1.000000417743953364e-06 1.436792467734163311e-06 9.999999999999999547e-07 1.068384124787016354e-03 5.579900709835764512e-06 9.999999999999999547e-07 1.000000051839600691e-06 9.999999999999999547e-07 4.681932344553434840e-06 1.000000000000001437e-06 7.361798653949412109e-03 6.630893847502243588e-02 9.999999999999999547e-07 1.159013726507857731e-06 2.823197451150591630e-05 6.444204657588485652e-02 9.199784655520909168e-03 2.241238615846164253e-02 9.993358303557140290e-03 4.761370215064719084e-04 2.305935166017472873e-05 3.913716808349139605e-03 2.048334281562828502e-05 3.835421417792406998e-04 9.999999999999999547e-07 1.023188892317719080e-05 9.999999999999999547e-07 1.205955270434579069e-06 9.999999999999999547e-07 1.670051888080098602e-05 5.936829005944270352e-06 1.012228100997704963e-06 1.000000002112181217e-06 1.010400931895208565e-06 1.574067340423215453e-04 1.000374293652171971e-06 4.778476911209674697e-04 9.373348096466588611e-06 8.650121124614820745e-02 1.000000000002256662e-06 1.000946422915296673e-06 8.693350006344859396e-03 3.022931535347322851e-05 1.000000010215703496e-06 1.000000000002844503e-06 1.217417165887372142e-06 1.084025421691952318e-01 2.869838130472598600e-02 1.001064664981297804e-06 1.461476269651639035e-04 4.173989855340376996e-03 1.000000260310333441e-06 5.011519154684955686e-03 1.228585408104853338e-01 1.000000000022034246e-06 1.693248362908538786e-03 5.008639214211390439e-02 7.478656085739565813e-03 9.999999999999999547e-07 2.643354577800895882e-04 9.999999999999999547e-07 4.807204858708218390e-04 1.000000000000019225e-06 8.590209646317190106e-05 6.386833578605428724e-04 1.118499914500509726e-06 5.339123584691426143e-05 2.492805556407097923e-06 9.999999999999999547e-07 2.079815508562939466e-02 8.106568277394378408e-02 1.000000000001783383e-06 1.000000000000009060e-06 8.528685653986791630e-04 9.130272778243174805e-03 2.318576026592454172e-05 1.575427848617239968e-04 1.000005435556606820e-06 9.999999999999999547e-07 1.005396275074430562e-06 1.010767410528197409e-05 1.164665915248370396e-05 2.347512028852409213e-02 2.781826236791660328e-02 4.261901957474747288e-02 9.999999999999999547e-07 6.092135652064675951e-03 1.204502787237857775e-06 9.999999999999999547e-07 1.368605871715420849e-02 8.075658794906608517e-05 1.000008163226658631e-06 9.999999999999999547e-07 1.000000000000035530e-06 1.005461138714384627e-06 1.774264634165427751e-05 1.219143919844833555e-03 2.948429804246425773e-03 7.297485173159397667e-03 2.860354433101943913e-03 3.059299259419588808e-03 3.951012011035538100e-04 9.999999999999999547e-07 1.037356388780358530e-06 5.367863746774182050e-03 2.585912385617985133e-03 1.000016686647940738e-06 1.988081211011557398e-04 1.000000000000006731e-06 2.125411794988020628e-05 1.529062240021523359e-03 3.570006945648938890e-02
7.014657392519620203e-05 3.452551953139644525e-02 8.693051198805937241e-03 6.019746402945853441e-05 2.237996680522298375e-05 1.492910170261659225e-04 1.043038272693185856e-06 1.000000584848207102e-06 3.942149046942792362e-03 1.000231407894868788e-06 9.999999999999999547e-07 1.000000333372182040e-06 9.108448914719395172e-04 1.000000000002229345e-06 9.999999999999999547e-07 9.999999999999999547e-07 2.773217708928433448e-03 1.000608910000088437e-06 2.817021348117163329e-02 4.620814063270010133e-05 1.005520619268497893e-06 5.824208672238289329e-04 2.428105787221761583e-02 7.959957181503159868e-05 1.000000000000001225e-06 1.000001842943162789e-06 2.002634773159449647e-06 9.999999999999999547e-07 1.774001357304963488e-03 7.178228073084155927e-06 9.999999999999999547e-07 1.000000041031669712e-06 9.999999999999999547e-07 3.036169895720898305e-06 1.000000000000453753e-06 6.000794061691825526e-03 5.750648354026691861e-02 9.999999999999999547e-07 1.447732598751687115e-06 2.253984698374133724e-05 6.442336891578136215e-02 9.114308916093747520e-03 1.929737085400127367e-02 1.110077677047942649e-02 3.911737839166955851e-04 1.522955800084075893e-05 3.828083586719586897e-03 2.488927701886308776e-05 7.665500859501472386e-04 9.999999999999999547e-07 7.775592438116191350e-06 9.999999999999999547e-07 1.075879442064850864e-06 9.999999999999999547e-07 1.917405229515524814e-04 1.385976214108455215e-06 1.009315242809899909e-06 1.000000000406015034e-06 1.000017926298757386e-06 4.359427023367575264e-04 1.002631291362003085e-06 4.783088395514282576e-04 3.420047953867382135e-06 9.214104417892632348e-02 1.000000000000002284e-06 1.000002217652724916e-06 9.626810411670214812e-03 1.409681719258042506e-05 1.000000004854761457e-06 1.000000000000530197e-06 1.569960740242121716e-06 1.009629790827473172e-01 2.841579755551586900e-02 1.006136868088874193e-06 7.660941880145045329e-05 5.518533681778688138e-03 1.000944660734781631e-06 6.799730735070973198e-03 1.233506942120167621e-01 1.000000001507612086e-06 1.801318860478432317e-03 4.402053440154496400e-02 6.714833323428756780e-03 9.999999999999999547e-07 1.636977044311039989e-04 9.999999999999999547e-07 3.329719333370679451e-04 9.999999999999999547e-07 4.636453978975512216e-05 5.736189220469403412e-04 1.000017181838212286e-06 2.245976035954056361e-04 4.783721593819719012e-06 9.999999999999999547e-07 2.134393367582688994e-02 8.549419677704994669e-02 1.000000000000003555e-06 1.000000000000099905e-06 1.369329107237906348e-03 9.713842060690527566e-03 3.113270938366474462e-05 4.115914460741072821e-04 1.002442296711924666e-06 9.999999999999999547e-07 1.049359716217806949e-06 1.102837570369254875e-06 1.286711949920976318e-06 2.283649634739291431e-02 2.982269576579522560e-02 4.390323476500749417e-02 9.999999999999999547e-07 5.053261914211339308e-03 1.094635570704307615e-06 9.999999999999999547e-07 1.618503628107340747e-02 1.576002686970073884e-04 1.000002912458286047e-06 9.999999999999999547e-07 1.000000000000055012e-06 1.002233783834993175e-06 7.619309912411449562e-05 1.101231294946564392e-03 2.725645134885723748e-03 7.715699713021518039e-03 4.473219314801485727e-03 3.251074912437746083e-03 4.643587767674388377e-04 1.000000000000000167e-06 1.048941797246475710e-06 5.552769757270995844e-03 1.922533350920209482e-03 1.004053359834468858e-06 5.937048610211696249e-05 9.999999999999999547e-07 2.496505732829500321e-05 1.403038077186075355e-04 3.575585521233292513e-02
8.418559206495779181e-06 2.934842053946712034e-02 9.980033508852011875e-03 5.057472980246221735e-05 7.846805675057406991e-05 3.845691675072006256e-04 1.001254907472476945e-06 1.000003704989722050e-06 3.339991989233293858e-03 1.001304754709805708e-06 9.999999999999999547e-07 1.000000034001781388e-06 6.553450835623578739e-04 1.000000000000003131e-06 9.999999999999999547e-07 9.999999999999999547e-07 8.181005231981599169e-04 1.000566647019521177e-06 2.494806136559215778e-02 5.661380703148815753e-06 1.025700488405837681e-06 7.988531431640193527e-04 2.640423470150906476e-02 2.876359260339033538e-05 1.000000000000798072e-06 1.000000035938491306e-06 1.245476541835966150e-06 9.999999999999999547e-07 1.377815133976005319e-03 7.051652340095054125e-06 9.999999999999999547e-07 1.000000000001721337e-06 9.999999999999999547e-07 5.625320770766920482e-06 1.000000000025198338e-06 7.354738243150483676e-03 6.625676629615762092e-02 9.999999999999999547e-07 8.774048487113657844e-06 7.292207163092986510e-06 7.137699687634331547e-02 7.393327826056582397e-03 2.138033627120938807e-02 1.060178197670162865e-02 4.448704761862980629e-04 6.447442158097139227e-05 3.832543081566011211e-03 3.198964080758002169e-05 7.160092219500843779e-04 9.999999999999999547e-07 7.626364318654274400e-06 1.000000000000020707e-06 1.096240347913280575e-06 9.999999999999999547e-07 4.896579269954254532e-05 3.875570954994249908e-06 1.092540556259139003e-06 1.000000003395799933e-06 1.000008769476085986e-06 5.441619619960606476e-04 1.006408342244261635e-06 9.934811620785819440e-04 1.342126107161781311e-04 8.502070057637305112e-02 1.000000000000170844e-06 1.000601057777769286e-06 9.612547519692532863e-03 2.292185497320323360e-05 1.000000001069872659e-06 9.999999999999999547e-07 5.705828269392409633e-06 1.109058632200384392e-01 2.595921530488192949e-02 1.006132319860709795e-06 2.050707914213125858e-04 4.526000556277541900e-03 1.000014628748349452e-06 5.372732485489184300e-03 1.205451987716860685e-01 1.000000000000377943e-06 1.181508008116381216e-03 4.417907473324050177e-02 6.510700916255393080e-03 9.999999999999999547e-07 1.696456965041571985e-04 9.999999999999999547e-07 5.356045272284696126e-04 1.000000000000004402e-06 3.099915892025558931e-05 6.611751294325260691e-04 2.083116144222149342e-06 2.832524639681252630e-04 1.675744740463471426e-06 9.999999999999999547e-07 2.304771626196557358e-02 8.563797968506302316e-02 1.000000000000000167e-06 1.000000000000044636e-06 1.454227018322454008e-03 1.085808917647005344e-02 5.072405509470823918e-05 7.293172169198264450e-04 1.000000045698969483e-06 9.999999999999999547e-07 1.468685426609490057e-06 1.041348766279567209e-06 1.907338357156919472e-06 1.926922884145034279e-02 3.344785141418517987e-02 4.266678330212186898e-02 9.999999999999999547e-07 5.168540791155635909e-03 1.015698691824807953e-06 9.999999999999999547e-07 1.326523323499596320e-02 1.145903130132864455e-04 1.000001632448384671e-06 9.999999999999999547e-07 1.000000000000027060e-06 1.023133962053767060e-06 1.539797294470650246e-05 7.300368683542174039e-04 3.173279307676449626e-03 6.564517265418888005e-03 2.291060274630541110e-03 3.273366612690398626e-03 3.369336851262797459e-04 1.000000005863306223e-06 1.575600189342695923e-06 5.431492588716111021e-03 2.691323813133562025e-03 1.000000712472185713e-06 1.788734030471555124e-04 9.999999999999999547e-07 2.527009252579041513e-05 7.623979564587408204e-04 3.372037188557278770e-02
2.018247856846703837e-06 4.045766900884226885e-02 8.126110784437874657e-03 4.189668721851606148e-05 1.182602011726731509e-05 2.738662265203053309e-04 1.000636530032574933e-06 1.000000349234416848e-06 5.034308172985627917e-03 1.000121045496243957e-06 9.999999999999999547e-07 1.000000002472013519e-06 1.233435836206240059e-03 1.000000000000954349e-06 9.999999999999999547e-07 9.999999999999999547e-07 1.507691269033008567e-03 1.000121872851148574e-06 2.544057799344836765e-02 2.921568000494265488e-05 1.001078426819827648e-06 7.579922515951878015e-04 2.756518308760662339e-02 1.140968970245917995e-04 1.000000000001139849e-06 1.000000018380659379e-06 4.660161717563397839e-06 9.999999999999999547e-07 9.590237366821975943e-04 3.910008956626483066e-06 9.999999999999999547e-07 1.000000001309403624e-06 9.999999999999999547e-07 3.248408653111363703e-06 1.000000000006714385e-06 5.269867869971695505e-03 6.801161574945643884e-02 9.999999999999999547e-07 1.163236081423394769e-06 4.087818496392678786e-05 7.226113523180359433e-02 9.280508539762198292e-03 2.503411906337458387e-02 1.017580407279686933e-02 2.338947440726010937e-04 7.319954033761532405e-05 2.844930263177225527e-03 2.537660504812011261e-06 3.608043961182638378e-04 9.999999999999999547e-07 5.903033889311975434e-06 9.999999999999999547e-07 1.031436758840436383e-06 9.999999999999999547e-07 7.801932240618504155e-06 1.152433421863319457e-06 3.217983168121115836e-06 1.000000000050911717e-06 1.000297569757102559e-06 2.289021583902014925e-04 1.001933861907754624e-06 4.917311129276740736e-04 1.237227679613075585e-05 8.453768295027533353e-02 1.000000000000163432e-06 1.000003450629597871e-06 8.212227418285623914e-03 6.396484409320882510e-06 1.000000000279200861e-06 9.999999999999999547e-07 2.952250617813468163e-05 9.988548744005111557e-02 3.583426747217428182e-02 1.000275420333716757e-06 1.038982372639043518e-04 4.270378890008490538e-03 1.000000001503131282e-06 4.392183538923657461e-03 1.268812476779563603e-01 1.000000159653459028e-06 1.518463148247904898e-03 3.556771683092019298e-02 7.018626563461799819e-03 9.999999999999999547e-07 1.099247930141974944e-04 9.999999999999999547e-07 1.528496794963943588e-04 9.999999999999999547e-07 5.758688404041446140e-05 6.207616312541180438e-04 1.000420269710476549e-06 2.816366820688124322e-05 1.755566784140000964e-06 9.999999999999999547e-07 2.197335369832578017e-02 8.200396016339003835e-02 1.000000000008366523e-06 1.000000000296544072e-06 1.210289667376930221e-03 9.353498832426206111e-03 1.842244180561853896e-05 2.120877452350555142e-04 1.001716279511503240e-06 9.999999999999999547e-07 1.001420454373364429e-06 3.378062440698520138e-05 6.686635672059606002e-06 1.736227374400048720e-02 3.469453367183185366e-02 3.613704283684607277e-02 9.999999999999999547e-07 4.770951534168114093e-03 2.142695210179701459e-06 9.999999999999999547e-07 1.598952129484589382e-02 1.804967666025562704e-04 1.000000099728824413e-06 9.999999999999999547e-07 1.000000000001210365e-06 1.020410964776313709e-06 1.375639864458818716e-05 9.652034041537594852e-04 3.255004614058987829e-03 6.388479769371446619e-03 2.402610944287055135e-03 3.232924771865741762e-03 2.824526259179021832e-04 1.000000000000000378e-06 1.205992575769788239e-06 2.792425311924833908e-03 1.814652323755203351e-03 1.000004206405178176e-06 1.402509718315757921e-04 1.000000000000005460e-06 1.030399984988362194e-05 9.531507423114359999e-04 3.874706455644883613e-02
3.558688035064504336e-06 3.039716158818110345e-02 1.045722667334296127e-02 3.105807706596718046e-05 2.574119242626166497e-05 1.773516790152568259e-04 1.000005139004598186e-06 1.000000948798994750e-06 4.680947586546571268e-03 1.000059038936388174e-06 9.999999999999999547e-07 1.000001534576835803e-06 6.462437543840652112e-04 1.000000000000011390e-06 9.999999999999999547e-07 9.999999999999999547e-07 3.775994763585299122e-03 1.189329442457465618e-06 2.850801884264652850e-02 6.524999042981480702e-06 1.022723043229095535e-06 4.746973946077581437e-04 2.834352618187172337e-02 1.340887304397763531e-04 1.000000000001357537e-06 1.000000060521272930e-06 1.256752956753253274e-06 9.999999999999999547e-07 8.634000771944263684e-04 5.647336593440713135e-06 9.999999999999999547e-07 1.000000000011332620e-06 9.999999999999999547e-07 8.153545077877466721e-06 1.000000000000253429e-06 7.610772675834267045e-03 6.443743289666478691e-02 9.999999999999999547e-07 1.026308850363147529e-06 9.216813775476451049e-06 7.364477441586461670e-02 6.804407892523836252e-03 2.044689070552404078e-02 1.085580299941955526e-02 5.241250917042752097e-04 2.866109783296241290e-05 3.514060507253319050e-03 5.481952350195351564e-06 6.424465404212010297e-04 9.999999999999999547e-07 8.220497364859613581e-06 9.999999999999999547e-07 1.543828575672371729e-06 9.999999999999999547e-07 1.721009302340219960e-05 1.277390970474270162e-06 1.685312366222404966e-06 1.000000000066872359e-06 1.000022602049426906e-06 5.558538708001726711e-04 1.001385957775563954e-06 4.424587440421972229e-04 3.381846076304990712e-05 8.294084868630777208e-02 1.000000000004867641e-06 1.000048723292219787e-06 7.153705791730804835e-03 2.168687665456410198e-05 1.000000002285520792e-06 1.000000000000000167e-06 2.833762381199315337e-05 1.043442068016829372e-01 2.532674592901385663e-02 1.566273971832056413e-06 1.173745730650443974e-04 4.870922202635841886e-03 1.000036490576945030e-06 4.552872651851404794e-03 1.279869409654740831e-01 1.000000001190972113e-06 1.039764561037932571e-03 4.549504539288267563e-02 5.631614323677290763e-03 9.999999999999999547e-07 6.355771909767619552e-05 9.999999999999999547e-07 3.213194891225621460e-04 1.000000000000137386e-06 4.975385928781264004e-05 1.060323748828321134e-03 1.000333548681931949e-06 1.659061283958116763e-04 3.158641883704616342e-06 9.999999999999999547e-07 2.288147058824006527e-02 8.613409499694427152e-02 1.000000000000002284e-06 1.000000000000246865e-06 1.077541202062248446e-03 9.657546936812609617e-03 8.713346327401714789e-06 2.725704145585524448e-04 1.000006421414580547e-06 9.999999999999999547e-07 1.048269147329843926e-06 2.749902331383573588e-06 2.345160115585213814e-05 1.736567256906146675e-02 3.380216415750063319e-02 3.472454524148577831e-02 9.999999999999999547e-07 5.046027327391458366e-03 1.193207365433367254e-06 9.999999999999999547e-07 1.380112876572264433e-02 5.193879431560644846e-04 1.000017194114729199e-06 9.999999999999999547e-07 1.000000000000001225e-06 1.001375868617984416e-06 1.613054033059677997e-05 8.781752857567251677e-04 2.761855811559512860e-03 6.481329316484141928e-03 2.221134555974478737e-03 2.532858656145867918e-03 2.232828960358936433e-04 1.000000000000031295e-06 1.035864730824273878e-06 4.344524031866753809e-03 1.845288438671474412e-03 1.000000485953590877e-06 4.814210511866232425e-05 9.999999999999999547e-07 5.691289595025113691e-05 7.278836929398915800e-04 4.332750589331554186e-02
2.716243688666833477e-06 3.539667979847006124e-02 9.299513620278278964e-03 3.050669181710600865e-05 2.992829626163930079e-04 1.456350615049317330e-04 1.000003957600867612e-06 1.000533942933902614e-06 3.802683123575391518e-03 1.000134096627641016e-06 9.999999999999999547e-07 1.000000177582753865e-06 6.761189879874140692e-04 1.000000000017424058e-06 9.999999999999999547e-07 9.999999999999999547e-07 1.946150457639198028e-03 1.000356220997858167e-06 2.352230525906394420e-02 7.656279286027110626e-05 1.001118980960938827e-06 7.550834054116214089e-04 3.038925415900642704e-02 5.537609760920841505e-05 1.000000000000052471e-06 1.000000003859223305e-06 1.393436355306560628e-06 9.999999999999999547e-07 1.570863738619001498e-03 8.064150048979767959e-06 1.000000000000231830e-06 1.000000000025233702e-06 9.999999999999999547e-07 1.293983786955405295e-05 1.000000000000673134e-06 6.711010176809918161e-03 7.106391238022663481e-02 9.999999999999999547e-07 1.336458820747561172e-04 2.134852813341236202e-05 7.622456942751375253e-02 6.847314255436594797e-03 2.462447692384357387e-02 1.209334142606416189e-02 2.567978413568215755e-04 2.240466515191173386e-05 3.463389369861403534e-03 7.081571337071401436e-05 5.408442555972583794e-04 9.999999999999999547e-07 9.772552230216565968e-06 9.999999999999999547e-07 1.028482851536068016e-06 1.000000000000044212e-06 1.465808174202845593e-04 1.342443553268908152e-06 6.161734246063650870e-06 1.000000001634343038e-06 1.000026770786669010e-06 1.758233433343506962e-04 1.000707705996775990e-06 2.503417774640100623e-04 1.140152000274727401e-05 7.600702843055630320e-02 1.000000000000034048e-06 1.002853908697336866e-06 8.268448564249911842e-03 9.880084027354193857e-06 1.000000576474500796e-06 1.000000000010084094e-06 1.607049551697298585e-06 9.928762740424160183e-02 3.440077569203839336e-02 1.001257438881482443e-06 9.961722680098004717e-05 3.115611741910499950e-03 1.000015879269985674e-06 4.668364005918329562e-03 1.212847884226249950e-01 1.000000003199596186e-06 1.427345277539085900e-03 3.467107368025282993e-02 6.066872988425305209e-03 9.999999999999999547e-07 1.319932147238054492e-04 9.999999999999999547e-07 2.446285966318198935e-04 9.999999999999999547e-07 4.805545811765317389e-05 4.139904545788540362e-04 1.158907241909212938e-06 2.855345113552504007e-04 2.437550474415478857e-06 9.999999999999999547e-07 2.595458788165960415e-02 8.362021398623536994e-02 1.000000000007669203e-06 1.000000000003361617e-06 1.398424693611610746e-03 9.774004852273591309e-03 1.586271633101476360e-05 1.801714024785441653e-04 1.000000159701259850e-06 9.999999999999999547e-07 1.010885351923167278e-06 2.045063282055247424e-06 1.381763318233515097e-06 1.777625638080735856e-02 3.572193449696928896e-02 3.869036339377877887e-02 9.999999999999999547e-07 6.037978134750993618e-03 1.047913858659601745e-06 9.999999999999999547e-07 1.691713049413189063e-02 2.130909316246791020e-04 1.000033801755345720e-06 9.999999999999999547e-07 1.000000000000157926e-06 1.001024028751966787e-06 1.515813924413655212e-05 6.530259539229270891e-04 2.809711499434335361e-03 7.434732551305420038e-03 2.390966582088856294e-03 3.028969808393275776e-03 2.994554299720233299e-04 1.000000000442112401e-06 1.134113399301032840e-06 3.462447214096929429e-03 1.965560098323587430e-03 1.000076636930153685e-06 7.639922405063150719e-05 9.999999999999999547e-07 1.445800824429414420e-05 2.897310348444202583e-04 4.023744460569705916e-02
5.147000959202931097e-06 3.180391757362305977e-02 8.809289014919490651e-03 2.062471136355730438e-05 2.904189850477056049e-06 1.630006601000734835e-04 1.000000190394673316e-06 1.562406850300277131e-06 3.829939313062299695e-03 1.000226210959033963e-06 9.999999999999999547e-07 1.000000184639999447e-06 6.923330235032219924e-04 1.000000000067103387e-06 9.999999999999999547e-07 9.999999999999999547e-07 2.056222208650407626e-03 1.001000953994018991e-06 2.697398192141970547e-02 7.211576503371265248e-06 1.119760351907925635e-06 7.104402233313498408e-04 2.658431497555094683e-02 6.860523411153198392e-05 1.000000000016942943e-06 1.000000025364917403e-06 1.169993277196098595e-06 9.999999999999999547e-07 8.124768359041101631e-04 7.221980757181066872e-06 9.999999999999999547e-07 1.000000000054302813e-06 9.999999999999999547e-07 2.636326740105498883e-06 1.000000000007958253e-06 6.682460476178066905e-03 6.646531576740523362e-02 9.999999999999999547e-07 1.100170832684399377e-06 2.848351718357075143e-05 7.389847741685394433e-02 7.809452199108603450e-03 2.075650182439135391e-02 1.077242827345142699e-02 3.177551943905270815e-04 2.566193856510937051e-05 3.615806166867630012e-03 1.230444205721346911e-05 2.630851174027595309e-04 9.999999999999999547e-07 5.701395168098808512e-06 9.999999999999999547e-07 1.577392607020715566e-06 1.000000000002167300e-06 6.647811191828117591e-06 1.118164408256164790e-06 1.040801129002662034e-06 1.000000000505107724e-06 1.000000705872289853e-06 2.294247621630467497e-04 1.000925518303477768e-06 1.896855923721957402e-04 2.344918649749702912e-06 8.217194111550817082e-02 1.000000000000277570e-06 1.019765323758852854e-06 8.885121196476102046e-03 1.276808347662850478e-05 1.000000000063071510e-06 9.999999999999999547e-07 2.422430769015612007e-05 1.067342175395933207e-01 2.593698602638861220e-02 1.825517965367667761e-06 8.176962084713274665e-05 4.226686688978379888e-03 1.000017391307320325e-06 5.410819304625036873e-03 1.234902885086298918e-01 1.000000000006693633e-06 1.191019653833336189e-03 4.474651805636198354e-02 7.957948216812709558e-03 9.999999999999999547e-07 1.459594685628531798e-04 9.999999999999999547e-07 2.174332591379300847e-04 1.000000000001095592e-06 4.122877625470911092e-05 4.200346534481442921e-04 1.203323591972850911e-06 2.017654625893344224e-04 1.572066373768601554e-06 9.999999999999999547e-07 2.232200587643558970e-02 8.527208575137497359e-02 1.000000000000006096e-06 1.000000008616758130e-06 1.207215009793597121e-03 1.071784880993411487e-02 1.216228586405031796e-05 1.092728272326431240e-04 1.000006435464928660e-06 9.999999999999999547e-07 1.008158792900663429e-06 4.728982147790620226e-06 1.013626463472622453e-06 2.122071651723501928e-02 2.985610546018873865e-02 4.156175374259006572e-02 9.999999999999999547e-07 6.202030366804824231e-03 1.075826460097014696e-06 9.999999999999999547e-07 1.181662496675890857e-02 8.115296880643818806e-05 1.000041326035925148e-06 9.999999999999999547e-07 1.000000000010699251e-06 1.000514794694631262e-06 1.942134328504324027e-05 1.846504237417973199e-03 2.698959061466809414e-03 5.620518274228633419e-03 2.682246819441607127e-03 2.596812011848244599e-03 6.307187571157953521e-04 1.000000000000001437e-06 2.479047486959550256e-06 5.085200970754183425e-03 2.285985131035612409e-03 1.000000112481123757e-06 1.498171643164167342e-04 9.999999999999999547e-07 7.392685379975936934e-06 4.630828382743712728e-04 4.007421486153019824e-02
1.756727336131770063e-06 3.366045821345027556e-02 9.957916541736054269e-03 2.934037499696035394e-05 4.006505268974706794e-06 1.562792369947987577e-04 1.000063235496915166e-06 1.000002989718198281e-06 4.370981657720299576e-03 1.000012362088398593e-06 9.999999999999999547e-07 1.000000145670828446e-06 7.642652519017029220e-04 1.000000000000000378e-06 9.999999999999999547e-07 9.999999999999999547e-07 8.278931975701730138e-04 1.000317661648628594e-06 2.401864917680991349e-02 1.091630608791305890e-05 1.000252007962568507e-06 6.902757794938233979e-04 2.669573584026331547e-02 4.011554103327920405e-05 1.000000000000001225e-06 1.000324766775286958e-06 1.026802627124220515e-06 9.999999999999999547e-07 1.381203919692571350e-03 4.019719476944446557e-06 9.999999999999999547e-07 1.000000839403591222e-06 9.999999999999999547e-07 5.923423679940749450e-06 1.000000000040430955e-06 4.783839803571291772e-03 6.684938733279204015e-02 9.999999999999999547e-07 1.090351583029233216e-06 7.659120358698382494e-06 7.302224524024938934e-02 7.332822284538441544e-03 2.226366341617610350e-02 1.021697400408922915e-02 2.843253570122944961e-04 1.631640267232603285e-05 3.067096707277783708e-03 4.476320205130114584e-06 5.927071143335601320e-04 9.999999999999999547e-07 5.459818553414535888e-06 9.999999999999999547e-07 1.670530994307447466e-06 9.999999999999999547e-07 1.785680024706737259e-05 2.085622270157682475e-06 1.112350398640126931e-06 1.000000015323832034e-06 1.000003683461154251e-06 3.617211360423332840e-04 1.000442894451645955e-06 5.627183686608400572e-04 6.583048054539152933e-06 8.241697837805354865e-02 1.000000000000973831e-06 1.000043190551093113e-06 1.018004183535347468e-02 9.728005915935316055e-06 1.000000001851197025e-06 9.999999999999999547e-07 5.665750009825675284e-06 1.056433705666886269e-01 2.765885594510121559e-02 1.766337569971275471e-06 1.274650490789304273e-04 3.693115192117585582e-03 1.000073823487815994e-06 4.780657909128098980e-03 1.256027864102786662e-01 1.000000001201507508e-06 1.170671811331478211e-03 4.316659115364246402e-02 7.103643981124061965e-03 9.999999999999999547e-07 1.805488348715525535e-04 9.999999999999999547e-07 2.278627499681031986e-04 9.999999999999999547e-07 4.035539079893087034e-05 3.257269402752428441e-04 1.000011621231301057e-06 8.416416911152635298e-05 2.427348703611383929e-06 9.999999999999999547e-07 2.368815187481478762e-02 8.533219996456817280e-02 1.000000000000192443e-06 1.000000000003996891e-06 1.123854406766066228e-03 1.067268135565549968e-02 4.221379233525183604e-05 1.823477590604192502e-04 1.000025320360299975e-06 9.999999999999999547e-07 1.028934235187875507e-06 3.717913138747187693e-06 3.739241134475985984e-06 1.561972921063402645e-02 3.638988124106868477e-02 3.999486100314968845e-02 9.999999999999999547e-07 4.685699529139933893e-03 1.041331823945305515e-06 9.999999999999999547e-07 1.328161230411110255e-02 5.362102818147206253e-05 1.000017843503640484e-06 9.999999999999999547e-07 1.000000000000022401e-06 1.027085148396167893e-06 2.020880326959964709e-05 9.385672898141792344e-04 2.854049982535700799e-03 8.924150300682763895e-03 1.804611396821940127e-03 2.873181911360673819e-03 4.238685548327286311e-04 1.000000000068456522e-06 1.007985497707411569e-06 5.071155847630048549e-03 2.368685498989970151e-03 1.000018438323206308e-06 9.680175526475053125e-05 9.999999999999999547e-07 8.910346215077380363e-06 1.984988570025527949e-04 3.898389277893020421e-02
1.458102418509846481e-05 3.340674502738205653e-02 7.246030358881410359e-03 3.025267732503944703e-05 8.816323556767585582e-06 2.519108684826518890e-04 1.000040509015870056e-06 1.000001639927898624e-06 4.064374756328403490e-03 1.051125556422739257e-06 9.999999999999999547e-07 1.000000142369466924e-06 9.208679046012204460e-04 9.999999999999999547e-07 9.999999999999999547e-07 9.999999999999999547e-07 1.129184758655167207e-03 1.000882509989026793e-06 3.135452537382454885e-02 4.343643144819379888e-06 1.001520682744976406e-06 5.410996089969371528e-04 2.991418152684694950e-02 5.262580307736324778e-05 1.000000000000014354e-06 1.000000172148868737e-06 1.322431040643844756e-06 9.999999999999999547e-07 1.480931175471133935e-03 4.831778952149951025e-06 9.999999999999999547e-07 1.000000000122460802e-06 9.999999999999999547e-07 1.031993778259661540e-05 1.000000016098436253e-06 7.072809136752319752e-03 6.211080348956297265e-02 9.999999999999999547e-07 1.120102913214802218e-06 6.543482412575832745e-06 6.480804546796564702e-02 8.744549994213497018e-03 2.420018948947324708e-02 1.252529140233373146e-02 3.114958178642596729e-04 2.868968451645239023e-05 3.062894726963360202e-03 1.834293083194365388e-05 3.598279753638831480e-04 9.999999999999999547e-07 1.084684921171809416e-05 1.000000000000002919e-06 1.001556279374242640e-06 9.999999999999999547e-07 1.278501388677219861e-05 1.200077308427863247e-06 1.807815142507902506e-06 1.000000027572188067e-06 1.000029474617720521e-06 5.546194952248288202e-04 1.000462978785091495e-06 3.134668686104067291e-04 4.313263669828006139e-06 9.055861368056869476e-02 1.000000000000000167e-06 1.000095427284681206e-06 7.949696222020814079e-03 4.233762999883611039e-05 1.000000049526869766e-06 9.999999999999999547e-07 3.484920681463545804e-06 1.001567782114993338e-01 2.830923484514899155e-02 1.000346432969988523e-06 4.946291327002094333e-05 5.150772898092789015e-03 1.000000387761796004e-06 4.865394728718532014e-03 1.186921959320467457e-01 1.000000000001522496e-06 1.627427382079668118e-03 4.510004222322432782e-02 7.099590629841463947e-03 9.999999999999999547e-07 1.703121961284854058e-04 9.999999999999999547e-07 2.506500688861643990e-04 9.999999999999999547e-07 5.880742401431151721e-05 6.235990816177153706e-04 1.000027812338527986e-06 5.741473179337812209e-05 2.715041944345924393e-06 9.999999999999999547e-07 2.521792149554399551e-02 8.061561557861751659e-02 1.000000000000015201e-06 1.000000000971803396e-06 1.120358890401415477e-03 1.076400542383304341e-02 3.913514948015370243e-05 5.557799810628117785e-04 1.103573010695472113e-06 9.999999999999999547e-07 1.043252550066381191e-06 1.599636951749334939e-05 1.397504048071371029e-06 1.926825336764896243e-02 2.593153656850423830e-02 4.411572310396921076e-02 9.999999999999999547e-07 6.068903363788283843e-03 1.674538075730510400e-06 9.999999999999999547e-07 1.619609806808361419e-02 7.998022072159229252e-05 1.000004903339618766e-06 9.999999999999999547e-07 1.000000000000273123e-06 1.009016746855033776e-06 1.946913357447543419e-05 8.512484500120335836e-04 3.610482457434721539e-03 6.453011638572192336e-03 2.264891704632891745e-03 3.278874018473133811e-03 3.817352869067220300e-04 9.999999999999999547e-07 1.071653974772974270e-06 4.795372250735512216e-03 2.954511070052369664e-03 1.000068180659470362e-06 8.874267051222497842e-05 1.000000000019894429e-06 6.580101339536218732e-05 7.484937145371348957e-04 3.922458448406611342e-02
3.425285837677731630e-06 3.056477545016213562e-02 6.975950039860777732e-03 9.663224274713225626e-05 8.780040905466192797e-06 2.890230759928412115e-04 1.000067970503775415e-06 1.000041441367247055e-06 5.102833709240550165e-03 1.003150036145361234e-06 9.999999999999999547e-07 1.000015660622219190e-06 9.490482919556140606e-04 1.000000000023890943e-06 9.999999999999999547e-07 9.999999999999999547e-07 1.973493423409008584e-03 1.009223767330117049e-06 3.871333022305958188e-02 3.844341589921538567e-06 1.145567066270930322e-06 7.640265521320702136e-04 2.640239438276740028e-02 8.509090650859095701e-05 1.000000000009883982e-06 1.000000740332356556e-06 2.004186609069190558e-06 9.999999999999999547e-07 1.205426223698471532e-03 1.308042661152684626e-05 9.999999999999999547e-07 1.000000000000009272e-06 9.999999999999999547e-07 1.101209764344667013e-05 1.000000000506054919e-06 1.272758652350168204e-02 5.188366807564317312e-02 9.999999999999999547e-07 2.471945898677331007e-06 3.714446592730339411e-05 5.229169059861453472e-02 1.179149131760127457e-02 2.409231084753290023e-02 1.147891964387956661e-02 5.780255094165264547e-04 3.112844334207926606e-05 5.197067295298531814e-03 6.886012096687170697e-05 9.268570266896577602e-04 9.999999999999999547e-07 4.565908126199768469e-05 9.999999999999999547e-07 3.897315767278375240e-05 9.999999999999999547e-07 1.705406085615070177e-05 7.288172631855860177e-06 1.528120313516893517e-06 1.000000081476138115e-06 1.000027522978913700e-06 1.557464446963304687e-04 1.000219908988668903e-06 4.899784045224770020e-04 5.284674977924672577e-06 9.745019940504946743e-02 1.000000000150154544e-06 2.832271124911835035e-06 1.123885283424828734e-02 5.911511788636717091e-05 1.000000673588116324e-06 9.999999999999999547e-07 1.609302069599773633e-06 9.099946359587841871e-02 2.145264064546407307e-02 1.001192322675712632e-06 1.103507516695230103e-04 8.327458049603444004e-03 1.000555631965604101e-06 5.472243314531309751e-03 1.167487315374748924e-01 1.000000485633478915e-06 2.532554117546986262e-03 5.447533985585679278e-02 9.071105944395837020e-03 9.999999999999999547e-07 2.546235878127725690e-04 9.999999999999999547e-07 3.345312002934374340e-04 1.000000000000006096e-06 6.393660167647226842e-05 7.083583705363170934e-04 1.001511732281498968e-06 3.045160608804408893e-04 1.693977254982043299e-05 9.999999999999999547e-07 2.438240971068678098e-02 7.115299508328976064e-02 1.000000000000246653e-06 1.000000000670256491e-06 1.121657467257571256e-03 1.343478361041578438e-02 1.932698829140839077e-05 2.593807529360693141e-04 1.000000001136841413e-06 9.999999999999999547e-07 1.019836116068700405e-06 3.384053858218262222e-06 1.586039689965766654e-06 3.519446001443375660e-02 2.373367666462224135e-02 4.093327268172445438e-02 9.999999999999999547e-07 7.181614081276654037e-03 1.504386972704360532e-06 9.999999999999999547e-07 1.404604985590296971e-02 1.948444531735994017e-04 1.000006719435437273e-06 9.999999999999999547e-07 1.000000000000897386e-06 1.014042953711269459e-06 3.674165400467255401e-05 1.156015374334095442e-03 4.139707239653194273e-03 6.066056134982483750e-03 4.651734047185282842e-03 4.205908963884542016e-03 2.413987122393716832e-04 1.000000001340262728e-06 1.063621154896979669e-06 4.903358277792264040e-03 2.214891541842923476e-03 1.000049154489985438e-06 8.565778914016797599e-04 1.000015135583678239e-06 6.984180954970281119e-05 5.446385058203561530e-04 3.468061768797105898e-02
1.480973896814717681e-05 3.300360835555572053e-02 7.701716486399780640e-03 4.278650146527430054e-05 3.470660042824801734e-05 1.938772423493963974e-04 1.000308231031700715e-06 1.000000276314586663e-06 4.262023201784329030e-03 1.000095746960993596e-06 9.999999999999999547e-07 1.000000885752242644e-06 9.596476777466516565e-04 1.000000000000001649e-06 9.999999999999999547e-07 9.999999999999999547e-07 2.982659410717403690e-04 1.000183088095186206e-06 2.953760334099819404e-02 2.065821984036243081e-05 1.043195734890579554e-06 6.081618911839804190e-04 2.899020958623539299e-02 4.296187203011671334e-05 1.000000000000162585e-06 1.000001807953370361e-06 1.042183028370955331e-05 9.999999999999999547e-07 1.841459187922219170e-03 4.833372922683773269e-06 9.999999999999999547e-07 1.000000000002375882e-06 9.999999999999999547e-07 1.687044623575875219e-05 1.000000000389065269e-06 6.574623762173726835e-03 6.300464806374342364e-02 9.999999999999999547e-07 1.719969284367644498e-06 1.050675115678544792e-05 7.331046080273791177e-02 8.317098034590197225e-03 2.222454533915619104e-02 1.237594490142665017e-02 3.552264711335712194e-04 2.675962357315127103e-05 4.144765371564910691e-03 1.853790905065923008e-05 9.368773420491057500e-04 9.999999999999999547e-07 6.315769909423689859e-06 9.999999999999999547e-07 1.003159057643356263e-06 9.999999999999999547e-07 2.832024822126746064e-05 2.902949275786835482e-06 6.217720092004225241e-05 1.000015668273979410e-06 1.000303441907739447e-06 1.893460826808794899e-04 1.000179684866925693e-06 8.623988360401946534e-04 3.255475295279964146e-06 8.018476326285732536e-02 1.000000000539898544e-06 1.003412792419489494e-06 8.004387329436481527e-03 1.926794405797327880e-05 1.000000012982880937e-06 9.999999999999999547e-07 4.996096401301283986e-06 9.606498851330219635e-02 3.158921494339430452e-02 1.171643052289973506e-06 8.288249254874711968e-05 4.772348380280437390e-03 1.000000703899651127e-06 5.488973849291722308e-03 1.211225797022575656e-01 1.000000029586522201e-06 1.320718692669709590e-03 4.200251431805187424e-02 6.987200300950830063e-03 9.999999999999999547e-07 1.467458333304664457e-04 9.999999999999999547e-07 2.450705133547250586e-04 1.000000000000000590e-06 4.989042703072445298e-05 3.518146243755278322e-04 1.002358195546546951e-06 3.192807213030168464e-04 4.320758230581948571e-06 9.999999999999999547e-07 2.263232926760578786e-02 8.374063702681880383e-02 1.000000000000007578e-06 1.000000000005917539e-06 1.028155741201787444e-03 1.020325636560731608e-02 2.411019019282607226e-05 3.185594852341954320e-04 1.000013250863946663e-06 9.999999999999999547e-07 1.002065918835790638e-06 1.073669060658083173e-06 4.371369014413533155e-06 2.206287411860265169e-02 3.242885156494171306e-02 4.342824895716099198e-02 9.999999999999999547e-07 5.652178231354329681e-03 1.068091240146655684e-06 1.000000000010449800e-06 1.361861762120667417e-02 3.001977423253757962e-04 1.000001942593712086e-06 9.999999999999999547e-07 1.000000000000020707e-06 1.002754301945801529e-06 3.114150721923486693e-05 1.073532524050537645e-03 2.725664569887016522e-03 5.838101128513484631e-03 2.599799470846503140e-03 3.828185954596533772e-03 3.082662654885907124e-04 1.000000000000005037e-06 1.226155162861741663e-06 5.492444333380237451e-03 2.344549518105246231e-03 1.000000656827727377e-06 2.993615576479553148e-04 9.999999999999999547e-07 3.146564869981293951e-05 4.042541513874618069e-04 4.086023697843367553e-02
7.294821694630296003e-06 3.131275464703325156e-02 1.216062215849102353e-02 6.463927577012349530e-05 5.084417460052564360e-05 2.044581272964347048e-04 1.000458447168841544e-06 1.000019284635774487e-06 2.940709346268690922e-03 1.000060584703595459e-06 9.999999999999999547e-07 1.000041743439235152e-06 7.535739107352066538e-04 1.000000001032662925e-06 9.999999999999999547e-07 9.999999999999999547e-07 6.665926164707875346e-04 1.000379053019165306e-06 2.785451562235400844e-02 9.457525214493715370e-05 1.002311613283844137e-06 6.909118246589803164e-04 2.484815829327469486e-02 1.562542488658551275e-04 1.000000000292750847e-06 1.000000002438504895e-06 1.688664546623258656e-06 9.999999999999999547e-07 2.760905340833250208e-03 5.323679741973683480e-06 9.999999999999999547e-07 1.000000005750872975e-06 9.999999999999999547e-07 3.124694124150747500e-06 1.000000000000117481e-06 5.211913770538152690e-03 6.202687381638263830e-02 9.999999999999999547e-07 1.158533510161466091e-06 2.466773845481174735e-05 7.015864747713276839e-02 7.583743194613975537e-03 2.459652994034113374e-02 9.437716136758986588e-03 4.434958928236093370e-04 1.029521037023567058e-04 3.423133811059393770e-03 1.870770971061105583e-05 4.650338489449223401e-04 9.999999999999999547e-07 7.365146490186686787e-06 9.999999999999999547e-07 1.071433620492444635e-06 1.000001322786068266e-06 3.840466117914629105e-05 1.125560239225807068e-06 1.033353067114735093e-06 1.000000002439131488e-06 1.000054064418374120e-06 1.258029756693194513e-04 1.000037086163299711e-06 8.957076091473386171e-04 2.320364520756852962e-05 8.214303530613233095e-02 1.000000000000001649e-06 1.000001856371968289e-06 9.359204891371691176e-03 3.173386210874281542e-05 1.000000001096685275e-06 9.999999999999999547e-07 1.035855242734881296e-06 9.973420743906827313e-02 2.590526978343523495e-02 4.368628922811309833e-06 7.917091979952481048e-05 3.919856658190074700e-03 1.000031365067436227e-06 6.461575541759442647e-03 1.199646035524204873e-01 1.000000005490634173e-06 1.369541017912588674e-03 4.101287841757653846e-02 7.354318034129210188e-03 9.999999999999999547e-07 2.869014940265037839e-04 9.999999999999999547e-07 2.764551806265667586e-04 1.000000000000181432e-06 6.319814263585068147e-05 5.577615832932031684e-04 1.000086899241630949e-06 4.798759535096203094e-05 1.374291892184406546e-05 9.999999999999999547e-07 2.173307813226230470e-02 8.738883995055371501e-02 1.000000000018470779e-06 1.000000012683933363e-06 1.082488400836432562e-03 8.713472849154715177e-03 5.233235662774619374e-05 2.781258942571721623e-04 1.003992015488837943e-06 9.999999999999999547e-07 1.015819012559681906e-06 3.834783973580796407e-06 2.403092705013242539e-06 2.200784917247346900e-02 4.411023581147242856e-02 4.202345048944826356e-02 9.999999999999999547e-07 5.555051170056620781e-03 1.030958227857257206e-06 9.999999999999999547e-07 1.144738395615994137e-02 9.008962487532830429e-05 1.000007835869664080e-06 9.999999999999999547e-07 1.000000000000070047e-06 1.000581325584717345e-06 1.727958495437395908e-05 1.184656098829885975e-03 2.509880238747536421e-03 1.187454053374236915e-02 2.455816764000135280e-03 3.012558708955784953e-03 4.340440944231202221e-04 1.000000000008628256e-06 1.031465124701048624e-06 4.958704164588527245e-03 2.721208416372573272e-03 1.000057568757186457e-06 2.000996949190401411e-04 9.999999999999999547e-07 2.568855210179355191e-05 7.114073308766981655e-04 3.773931188774543033e-02
3.355807305221631090e-06 3.641052720832420320e-02 9.547593607279043076e-03 4.304322143442144576e-05 8.083553754489664398e-06 1.134879462908065572e-04 1.000324117470862127e-06 1.000007136338005327e-06 2.781913548108427142e-03 1.000000572386440060e-06 9.999999999999999547e-07 1.000000000009060454e-06 9.064720931062278777e-04 9.999999999999999547e-07 9.999999999999999547e-07 9.999999999999999547e-07 9.080771899101873750e-04 1.004731153265422987e-06 2.580554208100079017e-02 8.263876233157982080e-06 1.002640717022883803e-06 8.122146830633962230e-04 2.601358879891680492e-02 1.362753637517792593e-04 1.000000000000078094e-06 1.000060478385148591e-06 1.032176671754787899e-06 9.999999999999999547e-07 1.362423806681127688e-03 3.146331898894521995e-06 9.999999999999999547e-07 1.000000000000004825e-06 9.999999999999999547e-07 1.729062183147139182e-06 1.000000000003111530e-06 7.889330371882783202e-03 6.766157892804310070e-02 9.999999999999999547e-07 1.048664095324198155e-06 1.270644093782319888e-05 7.484842459294141492e-02 7.135413602681081428e-03 1.980188625353574219e-02 8.978816920402903773e-03 3.562673538033487154e-04 4.743816737992579899e-05 3.356217602945411362e-03 2.090174039956711464e-05 4.068245745411722537e-04 9.999999999999999547e-07 3.656162545725774898e-06 9.999999999999999547e-07 1.041673810999242213e-06 1.000000000000001225e-06 4.657895723574236414e-06 1.458494370880145797e-06 3.022158067344785695e-06 1.000000001511941272e-06 1.000002967790632435e-06 1.585861217056077526e-04 1.000523947985607047e-06 6.042518863378013158e-04 7.358107570180623048e-06 8.047285041006983775e-02 1.000000083749406621e-06 1.002052834067345379e-06 7.669705975816119500e-03 2.207876486272219730e-05 1.000000001129006782e-06 9.999999999999999547e-07 1.343315361003599937e-06 1.123783663387422221e-01 3.140317632391306790e-02 1.041944210280304163e-06 9.372489067483694321e-05 4.126297124765254676e-03 1.000000020633624929e-06 5.629642045366236615e-03 1.221301375534771527e-01 1.000000069562939890e-06 1.207463333571001966e-03 4.035744163519591060e-02 5.777498122910468964e-03 9.999999999999999547e-07 1.527065710607120486e-04 9.999999999999999547e-07 1.064500382814006721e-04 9.999999999999999547e-07 5.165064473986185641e-05 6.106432236442128642e-04 1.000004020707582663e-06 9.981684252651027702e-05 1.785443007575279507e-06 9.999999999999999547e-07 2.131320214307547839e-02 8.694875481200324552e-02 1.000000000000017319e-06 1.000000000000364602e-06 9.770060661144076668e-04 9.854662992790539158e-03 1.109476705911907379e-04 8.988827021560331497e-05 1.000002194827056812e-06 9.999999999999999547e-07 1.004116203194850888e-06 7.667715545850496716e-06 2.252155804023025311e-06 1.670907153326103498e-02 3.716855432861394803e-02 3.863635628918508230e-02 9.999999999999999547e-07 5.841985732810724488e-03 1.452047451865904312e-06 9.999999999999999547e-07 1.322247219083622777e-02 4.890341912119118578e-05 1.000000318877487855e-06 9.999999999999999547e-07 1.000000000002884949e-06 1.023018193483624705e-06 1.231843002917653190e-05 9.125847707496235507e-04 2.580635940543040546e-03 7.356151439867454102e-03 2.274326468901583052e-03 3.460118448197150275e-03 2.431630966826979967e-04 1.000000000000001861e-06 1.151386714556601635e-06 5.524539264001091139e-03 2.192371658253625035e-03 1.000000827808244440e-06 1.095821102078505584e-04 9.999999999999999547e-07 4.958871329843782608e-05 3.079308588226589726e-04 3.566884394861847413e-02
2.884569757222393338e-06 2.728941331683652771e-02 1.185983852586918602e-02 3.784325292578353774e-05 1.179982027112621514e-05 2.448760341969015951e-04 1.000051782641296867e-06 1.005241473067961387e-06 3.079932055368438202e-03 1.017083981387318085e-06 9.999999999999999547e-07 1.000000002485735876e-06 1.257226285539655031e-03 9.999999999999999547e-07 9.999999999999999547e-07 9.999999999999999547e-07 2.668962617382430753e-03 1.002589171028293167e-06 2.802240350274630074e-02 1.080212656168364155e-05 1.003524791996049592e-06 1.294666160214077337e-03 3.244754391211883415e-02 3.680499163949897847e-05 1.000000000000823694e-06 1.000000260114238961e-06 1.063239445467720247e-06 9.999999999999999547e-07 1.771951570354722994e-03 6.728572406217787739e-06 1.000000000000257029e-06 1.000000004982191846e-06 9.999999999999999547e-07 1.254571806946928020e-05 1.000000000000693886e-06 6.946559431911201836e-03 6.276657223867740387e-02 9.999999999999999547e-07 1.093594954352468314e-06 1.457102621625174765e-05 7.419875824405261500e-02 6.604790714849740306e-03 2.224810654175101224e-02 1.278386488246689191e-02 2.932456416184282301e-04 1.520465450145808336e-05 3.094578644373994006e-03 1.475862413001227997e-05 3.482228506568704383e-04 9.999999999999999547e-07 8.578154150532351949e-06 9.999999999999999547e-07 1.494602826908761463e-06 9.999999999999999547e-07 2.630558406717790920e-05 3.911470426872586901e-06 1.013032984914313076e-06 1.000000000098750232e-06 1.000004303046585541e-06 2.986096194127524535e-04 1.001920193007575201e-06 6.322140895123156117e-04 1.411820716512948702e-05 7.105239111582994926e-02 1.000000000000045483e-06 1.000013710130574077e-06 1.014793065394794733e-02 1.364741695985769983e-05 1.000000006422047060e-06 1.000000000013373123e-06 1.467767920229959877e-05 1.076261744980843149e-01 2.437859326313827207e-02 1.000857725144806300e-06 5.753393535877935542e-05 2.744335593541897145e-03 1.000000761846053845e-06 5.745391578595779661e-03 1.144683368774799953e-01 1.000000024702667023e-06 1.150947446785306055e-03 4.001629969113957436e-02 5.303460323752825188e-03 9.999999999999999547e-07 3.142189388819541761e-04 9.999999999999999547e-07 7.355537709356489880e-04 9.999999999999999547e-07 3.519947652868512963e-05 4.365681472584853791e-04 1.000060994820670452e-06 4.952656551929844435e-04 2.250314948874023534e-06 9.999999999999999547e-07 2.589909175628891599e-02 9.078486291637924421e-02 1.000000000006173978e-06 1.000000000011007360e-06 1.069143120056405185e-03 9.990149193211344744e-03 3.072651823006883321e-05 1.163004278374227648e-04 1.008882315379288118e-06 9.999999999999999547e-07 1.011652556959912625e-06 1.606451391093114496e-06 1.253099957454160928e-06 2.051284226576249176e-02 4.288623928813367625e-02 4.137525177645971081e-02 9.999999999999999547e-07 5.299265753804871006e-03 1.182229400652979618e-06 9.999999999999999547e-07 1.060669386177789768e-02 2.845159134969904222e-05 1.000000844884499596e-06 9.999999999999999547e-07 1.000000000006998353e-06 1.004074926279656126e-06 3.496241683078570299e-05 1.406553099152588106e-03 2.615569460971884242e-03 1.205419852694059220e-02 2.799682123288459688e-03 2.637267988311360264e-03 3.192987373478048613e-04 1.000000002828345033e-06 1.040248742722965706e-06 2.816465252293290193e-03 1.033794880068562936e-03 1.000028644663535429e-06 2.262194463280364299e-04 9.999999999999999547e-07 1.691189959953851956e-05 1.286009658426297492e-03 3.912327552320556817e-02
3.319474589201560662e-05 4.053926309665934619e-02 8.737729461940615602e-03 2.497819069038669177e-04 8.757340291643255512e-05 1.659963114405047207e-04 1.002641439613957448e-06 1.000012583362736955e-06 3.347372396474925741e-03 1.000013672209022107e-06 9.999999999999999547e-07 1.000000003138352316e-06 8.737251226435073298e-04 1.000000000000199431e-06 9.999999999999999547e-07 9.999999999999999547e-07 1.746711940485418677e-03 1.003578726985038889e-06 2.720916316114987965e-02 3.015406260418279324e-05 1.003978905936446453e-06 6.214514981831873808e-04 2.379361761949651266e-02 1.166097113825594078e-04 1.000000000000001225e-06 1.000000004943345857e-06 1.507015138993399602e-06 9.999999999999999547e-07 7.490602422633637356e-04 4.413645324723743130e-06 1.000000000000000167e-06 1.000000015001819965e-06 9.999999999999999547e-07 7.107590243984685762e-06 1.000000000000000590e-06 5.285730694279492173e-03 6.684119182852479857e-02 9.999999999999999547e-07 1.083236833433197376e-06 3.993017100873011785e-05 6.773024556079519642e-02 9.407348655225638775e-03 2.033836706873855607e-02 8.699968733351439235e-03 5.939226703908876423e-04 4.012392970494575533e-05 4.285559025690412020e-03 7.880432193358417086e-06 4.379077160013564781e-04 9.999999999999999547e-07 5.337450324314549010e-06 9.999999999999999547e-07 1.385372528567144910e-05 1.000000000000037648e-06 6.110757093373160305e-05 4.405800923299635667e-06 1.023533276816677437e-06 1.000000016475459723e-06 1.000000485232229667e-06 4.920711087352245584e-04 1.001047146705980737e-06 4.190849515665357600e-04 6.766253302183947739e-06 8.116908473184154815e-02 1.000000000001269869e-06 1.000000038263102290e-06 8.236965043432808303e-03 2.591731034679848109e-05 1.000009878180130027e-06 1.000000000010914186e-06 4.400322641493829846e-06 1.086597901915073716e-01 3.481351625537182359e-02 1.008795858923293220e-06 6.919939888568483067e-05 4.124949361688158740e-03 1.000002519461372375e-06 6.007304489593180002e-03 1.263144888545984779e-01 1.000095242862022109e-06 1.767095316583949371e-03 4.324515334503244157e-02 6.956843792396620423e-03 9.999999999999999547e-07 1.442716928930043809e-04 9.999999999999999547e-07 1.317387824512504979e-04 9.999999999999999547e-07 6.834776556389365225e-05 2.422001828692236754e-04 1.000008580511067020e-06 6.085221179071080263e-05 1.762320155096721422e-06 9.999999999999999547e-07 2.073056494329454658e-02 8.191944875953778571e-02 1.000000000000001014e-06 1.000000000000125951e-06 1.502415288728387120e-03 9.203519280154592516e-03 3.134210867450069903e-05 6.279400620871618093e-05 1.000000522051010596e-06 9.999999999999999547e-07 1.040286387763047383e-06 7.038337390860064040e-06 7.546533937238333313e-06 2.031933172407805396e-02 2.805451886399076139e-02 4.016438333754043799e-02 9.999999999999999547e-07 4.416252862685261620e-03 1.038078468191362203e-06 9.999999999999999547e-07 1.831468554325772768e-02 3.720274389121447280e-04 1.000007696537492723e-06 9.999999999999999547e-07 1.000000000000030448e-06 1.007962120660708087e-06 3.132366375908197752e-05 1.155742761632438075e-03 2.360542593505074709e-03 4.993536969405307571e-03 2.673181676682851848e-03 4.032556876210669633e-03 2.671319491442801400e-04 1.000000000115300621e-06 1.001429895932047081e-06 6.286323781374796374e-03 2.886369976883269330e-03 1.000011256442308663e-06 5.544557197031477484e-05 9.999999999999999547e-07 4.803954451420246381e-05 2.686323681234833961e-04 3.484897085906414615e-02
2.836823910284360193e-06 3.179747658892286694e-02 1.051513762208865915e-02 4.771332099777425507e-05 7.071133336057474825e-05 3.109818878294952479e-04 1.000000000918709465e-06 1.000026927525647377e-06 4.608383148963495803e-03 1.000267283837368500e-06 9.999999999999999547e-07 1.000041897489095670e-06 1.343809931698793482e-03 1.000000000000057129e-06 9.999999999999999547e-07 9.999999999999999547e-07 3.099437700933888214e-03 1.000123774369280547e-06 2.432804421827186939e-02 1.558879669722961191e-05 1.043224657528853702e-06 3.970155476736779670e-04 2.972417439294746180e-02 4.353213347310135522e-05 1.000000000001584330e-06 1.000017039189077907e-06 2.063828565550320490e-06 9.999999999999999547e-07 1.726713749866374886e-03 5.829719332769405440e-06 1.000000145225084558e-06 1.000000000006010289e-06 9.999999999999999547e-07 5.316066270300301613e-06 1.000000000045368522e-06 6.693007859446841769e-03 6.654087806786758430e-02 9.999999999999999547e-07 2.069895056371252991e-06 1.002983896867064172e-05 7.529773619300969556e-02 7.158205603661216450e-03 2.348051765174411984e-02 1.167388915649089989e-02 5.688742001058737403e-04 2.550229002715638188e-05 3.445707532907509463e-03 5.939495236357651752e-06 7.116850748900654900e-04 9.999999999999999547e-07 7.879973413290377245e-06 9.999999999999999547e-07 1.079492369166096760e-06 1.000000000000000378e-06 3.055528638290632977e-05 1.398759820343816598e-06 1.832450111774904922e-06 1.000000178300907996e-06 1.000009575257143598e-06 4.218523808522834252e-04 1.001579586647899240e-06 3.904576676312798830e-04 9.863263291919173055e-06 8.039235786540263606e-02 1.000000000000000590e-06 1.000414480758314288e-06 6.770519982865917143e-03 2.196756210898316781e-05 1.000000001643167851e-06 1.000000000000000167e-06 2.974666346229967937e-06 1.035975234544370405e-01 2.883476072892500811e-02 1.013859384715390888e-06 1.518317676187419844e-04 4.213874575518718885e-03 1.000000006703719608e-06 4.533981327542720673e-03 1.214855743126948551e-01 1.000000000490988532e-06 1.133803371135201632e-03 3.914476668860760594e-02 6.103212429231507329e-03 9.999999999999999547e-07 2.327141615744748231e-04 9.999999999999999547e-07 5.016891204369457223e-04 1.000000000000030236e-06 1.188419002610605058e-04 7.452523094083397283e-04 1.000110780995609194e-06 3.046342057905689093e-04 1.940855267243236906e-06 9.999999999999999547e-07 2.386008486278076712e-02 8.318611559943478451e-02 9.999999999999999547e-07 1.000000000000006519e-06 1.162994785555393181e-03 1.035383998030474026e-02 1.388444189642640564e-05 5.466009426880317525e-04 1.000038873238519013e-06 9.999999999999999547e-07 1.021306722466259766e-06 1.979373864169479380e-05 4.223886738434111458e-06 1.744138053395586502e-02 3.762221450651999366e-02 3.916068467570286288e-02 9.999999999999999547e-07 6.043572944515324119e-03 1.007654630045474513e-06 9.999999999999999547e-07 1.335775131031542023e-02 3.467619942008326857e-05 1.000000780752518289e-06 9.999999999999999547e-07 1.000000000000002496e-06 1.004543526830669329e-06 1.418285667669210485e-05 7.421694881057259649e-04 2.661287426829723069e-03 8.965137373691978162e-03 2.852786829749534223e-03 2.872929447309797036e-03 5.210414055604983526e-04 9.999999999999999547e-07 1.309039552542250155e-05 5.815905729759206742e-03 1.694094492190410762e-03 1.000108183296111177e-06 2.961551444799746823e-04 9.999999999999999547e-07 3.452713168084613497e-05 5.401456692282254751e-04 3.743868464204056640e-02
6.287964271470895547e-06 3.502661888144750074e-02 9.421748046962396400e-03 2.057423267214226112e-05 1.797989699605014532e-05 3.106680659196147114e-04 1.000000659055017453e-06 1.000022219157101087e-06 3.166698688264042456e-03 1.000142687676127864e-06 9.999999999999999547e-07 1.000000003608989232e-06 6.812452138603734483e-04 1.000000000000004190e-06 9.999999999999999547e-07 9.999999999999999547e-07 1.822472954026709306e-03 1.000675539187585295e-06 2.689814630289250053e-02 1.047407408898166570e-05 1.008843292676090796e-06 4.899381431429701171e-04 2.816789978935588246e-02 4.737542566763724625e-05 1.000000000000209807e-06 1.000603031972818276e-06 1.367338365859482173e-06 9.999999999999999547e-07 6.741135545021757856e-04 3.136960617900697105e-06 9.999999999999999547e-07 1.000082064180421739e-06 9.999999999999999547e-07 1.053378350169581980e-05 1.000000000089537267e-06 4.846742528466141745e-03 7.124693658976939681e-02 9.999999999999999547e-07 1.216715617215233548e-06 4.079047287332185340e-05 7.362965336885606005e-02 8.428912644562353354e-03 2.227528480406195180e-02 1.016835602087347475e-02 2.930051546798497571e-04 4.807512888064585714e-05 3.257765152735269017e-03 1.093539861786228893e-04 3.957270330391357864e-04 9.999999999999999547e-07 6.196841488704604621e-06 9.999999999999999547e-07 1.000829905166174281e-06 1.000000335745365917e-06 7.668038285836791437e-06 1.197969750610892410e-06 1.058138524647772116e-06 1.000000481812411010e-06 1.000590474970662873e-06 2.075264617391720759e-04 1.000628711765628492e-06 2.252492374573475246e-04 5.243500675545960038e-06 7.619127340264883474e-02 1.000000000000413307e-06 1.027636972146489461e-06 9.494871791852693005e-03 1.436327174702283800e-05 1.000000001121574280e-06 1.000000000000006731e-06 2.382515868022559220e-05 1.055806225025647666e-01 3.186732849051616273e-02 1.022102341507350549e-06 8.782636405616189423e-05 3.498852150178259797e-03 1.000025704912685646e-06 5.503645443516047391e-03 1.256870869492340281e-01 1.044095093320202780e-06 1.468316360273879198e-03 4.371273692178279102e-02 5.925249470652838371e-03 9.999999999999999547e-07 3.533702238760048518e-04 9.999999999999999547e-07 1.766531011229702448e-04 1.000000000000002708e-06 4.948298078965272535e-05 4.106683343705939222e-04 1.020337667924604804e-06 5.560307551324800113e-05 1.591159496086359390e-06 9.999999999999999547e-07 2.441872989333685601e-02 8.362215191792776725e-02 1.000000000001079075e-06 1.000000000437061120e-06 1.085184172822835141e-03 9.794740548325461121e-03 2.031771501943204170e-05 2.713109099148662486e-04 1.000002009700423551e-06 9.999999999999999547e-07 1.079812072439024990e-06 1.236214726685933178e-06 2.313892631998662053e-06 1.892749986275480550e-02 2.858237992615448794e-02 3.792890514407710328e-02 9.999999999999999547e-07 5.685674431902553588e-03 1.037500704584505282e-06 9.999999999999999547e-07 1.601656667552128072e-02 1.097418633234702130e-04 1.000000673533299316e-06 9.999999999999999547e-07 1.000000000000128280e-06 1.001529582549491463e-06 1.656857065606703199e-05 1.582589555977721892e-03 3.495899483513482519e-03 6.045266595406929150e-03 2.596780576233335275e-03 3.228816530130532592e-03 2.608590484804151075e-04 1.000000000049183770e-06 1.053747844081582280e-06 3.671534451896010798e-03 1.320207160315115891e-03 1.000038670365329803e-06 4.135742907526206640e-05 9.999999999999999547e-07 9.523869394864886847e-06 3.026032745764845175e-04 3.896833477921499839e-02
4.760131791345133084e-06 3.526608821275330208e-02 1.006675781785711793e-02 1.228647288884149650e-04 7.242906026863782539e-05 2.129945110288616297e-04 1.000003955336683322e-06 1.000001532784846971e-06 4.690147417162240928e-03 1.000010118117639983e-06 9.999999999999999547e-07 1.000003797163964261e-06 1.067180507212080317e-03 1.000000000000119175e-06 9.999999999999999547e-07 9.999999999999999547e-07 2.166505144868607121e-03 1.000562414028636096e-06 2.827022633538939927e-02 3.334602103885114446e-05 1.002655237230942144e-06 6.843632696934467269e-04 2.597570731074361899e-02 3.084915374381789056e-05 1.000000000038968553e-06 1.000000192366703872e-06 1.278423998512962444e-06 9.999999999999999547e-07 9.787936020711602257e-04 6.973591165846706478e-06 9.999999999999999547e-07 1.000000011621084044e-06 9.999999999999999547e-07 1.248659714841253580e-05 1.000000000000057765e-06 6.321879955906683536e-03 6.502915611352381997e-02 9.999999999999999547e-07 5.316436473690996028e-06 1.847573130285952184e-05 6.604444064543947557e-02 8.463167619458547564e-03 2.077687425146909281e-02 1.199872241038447800e-02 2.962667339009176300e-04 1.707010722057778805e-05 4.071373648215852181e-03 7.819294070492321510e-06 7.421477046686918546e-04 9.999999999999999547e-07 4.446361317505630890e-06 1.000000000000001014e-06 1.002668972369100795e-06 1.000000043703087750e-06 6.972408344292503992e-05 1.791871299720351458e-06 1.000002293959281873e-06 1.000000000888171175e-06 1.000008879963157435e-06 1.582888923650158921e-04 1.001004182160048311e-06 2.497793919373125153e-04 1.683045899910999408e-05 8.800026459800837364e-02 1.000000000000579961e-06 1.000020838205175679e-06 9.170222433720837465e-03 3.081163396579227753e-05 1.000000001277624642e-06 9.999999999999999547e-07 1.961584670365572716e-06 1.033590271271403183e-01 2.959841641927879810e-02 1.012121766707842128e-06 7.115351539525262747e-05 4.873488451683268517e-03 1.000000015388221573e-06 5.510570190519073833e-03 1.239193968271691121e-01 1.000000000461716979e-06 1.381102318460577724e-03 4.552033701258940274e-02 6.671001604846685078e-03 9.999999999999999547e-07 1.887773182529716093e-04 9.999999999999999547e-07 1.610002754858227492e-04 9.999999999999999547e-07 2.825491784170817557e-05 2.944053259034144147e-04 1.004998092086583893e-06 2.059715480156043283e-04 1.908670572855250791e-05 9.999999999999999547e-07 2.162132041441478317e-02 8.075053001999887847e-02 1.000000000011492498e-06 1.000000026121746424e-06 1.462965244097577536e-03 9.036417591855439371e-03 6.063661807040597899e-05 1.032098883756721189e-04 1.000006747297069037e-06 9.999999999999999547e-07 1.035323761105280233e-06 1.091271077017000421e-06 1.759675245854897596e-06 1.826469426793786432e-02 3.100265120158229859e-02 3.899144822632614332e-02 9.999999999999999547e-07 7.037484443304379417e-03 1.040067787455416940e-06 9.999999999999999547e-07 1.788708545527394750e-02 4.890939077393138384e-05 1.000000436060325952e-06 9.999999999999999547e-07 1.000000000000031295e-06 1.000821164157470755e-06 2.581326615622304949e-05 1.347844850752192821e-03 2.480523647621247531e-03 8.185929430151374364e-03 1.935686650546328659e-03 3.325732682540143842e-03 3.171552062015482493e-04 1.000000000000000378e-06 1.074819405840665004e-06 4.617722689004438025e-03 1.387399634463512858e-03 1.000007669684455700e-06 1.006926827867931192e-04 9.999999999999999547e-07 3.316571594778618918e-05 5.293491554749304865e-04 3.656303221377932983e-02
5.669320960453220954e-06 3.262844591057140892e-02 8.735294119723664361e-03 3.396755413296185578e-05 6.171108866007966197e-06 1.648424960591005127e-04 1.000108746760352814e-06 1.001659666330991773e-06 3.216641857954814950e-03 1.000167470720483177e-06 9.999999999999999547e-07 1.000000475805746745e-06 5.893465461890904072e-04 1.000000000000000167e-06 9.999999999999999547e-07 9.999999999999999547e-07 1.623447840078397989e-03 1.003703502113845906e-06 2.863757545454891432e-02 1.990035787603618796e-05 1.011827964364788716e-06 3.783448226925439396e-04 2.805848660724418950e-02 7.930845256287169282e-05 1.000000000000175291e-06 1.000004733734594271e-06 1.141031448937788192e-06 9.999999999999999547e-07 1.236794316670753683e-03 4.764114077911932587e-06 9.999999999999999547e-07 1.000000000036012619e-06 9.999999999999999547e-07 2.981136635513387670e-06 1.000000000027170019e-06 4.551981035958470659e-03 6.333402369093189821e-02 9.999999999999999547e-07 1.029268404780831379e-06 1.410029119833416716e-05 6.878677779332342812e-02 7.947145896735632875e-03 2.156782127466093726e-02 1.007848715772403057e-02 3.175648521964595018e-04 2.757137075083669573e-05 3.189917903462756443e-03 4.069945153836472041e-05 3.322338507372166508e-04 9.999999999999999547e-07 7.629668429194060879e-06 9.999999999999999547e-07 3.145876845908310269e-06 1.000000000000002072e-06 5.250632166176188116e-06 4.334183667649286419e-06 1.128579188061887593e-06 1.000000011207291509e-06 1.000002193869815561e-06 4.361830894287228714e-04 1.000811080183779230e-06 3.442081059986445762e-04 1.077461847779084940e-05 8.622871127429058979e-02 1.000000000000009696e-06 1.001129295733687977e-06 7.375944079771002033e-03 1.190435057443338818e-05 1.000000000814786358e-06 9.999999999999999547e-07 1.663042233072103209e-05 1.052956475092515359e-01 2.593030674222178075e-02 1.510906832578508485e-06 1.045659934271360035e-04 3.868790992532404344e-03 1.000049325810803917e-06 5.766434787730790289e-03 1.290945030506908120e-01 1.000140845458154194e-06 1.562450273798352864e-03 4.171281691556345816e-02 6.201828426536023890e-03 9.999999999999999547e-07 1.853283040374700981e-04 9.999999999999999547e-07 2.445729440484573840e-04 9.999999999999999547e-07 6.853791159250983631e-05 5.972735021316963018e-04 1.001385130983447933e-06 1.103349449599214327e-04 1.680822260122963698e-06 9.999999999999999547e-07 2.271908304599119105e-02 8.800728011612585222e-02 1.000000000032645875e-06 1.000000000002361906e-06 1.416245728593043540e-03 9.579739286557758735e-03 2.055603695857821753e-05 3.295362801608315022e-04 1.000001091408646382e-06 9.999999999999999547e-07 1.009237001962588441e-06 1.015573236928149660e-06 1.508852655700675353e-06 2.089981430205509194e-02 3.213456489689825446e-02 3.968453577491400097e-02 9.999999999999999547e-07 6.175384257079375924e-03 1.128459365651090887e-06 9.999999999999999547e-07 1.398424769859311911e-02 3.872319984773046816e-05 1.000000303734986259e-06 9.999999999999999547e-07 1.000000000000369685e-06 1.195900665548280653e-06 1.293401574244181312e-05 7.228861674692297311e-04 2.446196618663758551e-03 7.625533117613169515e-03 2.249966992951353464e-03 2.879771678916416729e-03 3.447627537461895176e-04 1.000000000000095458e-06 1.072416811321260952e-06 4.827209627944490516e-03 2.163944324548633304e-03 1.000010986983563855e-06 1.924908716810135251e-04 1.000000000019400821e-06 2.732611124126232822e-05 9.024117722535182845e-04 3.989299808618965854e-02
2.902708368964701533e-06 2.867731110281293225e-02 1.219318610935002378e-02 4.646418345078927596e-05 5.352425833875876746e-06 2.266852554834086146e-04 1.000017471073542274e-06 1.000022196416360318e-06 4.055414861210317710e-03 1.000078389403629012e-06 9.999999999999999547e-07 1.000152410321874770e-06 7.188965980731407178e-04 1.000000000000000167e-06 9.999999999999999547e-07 9.999999999999999547e-07 9.158124522551256081e-04 1.000045782856014683e-06 3.007833207583565302e-02 4.539184743869767224e-06 1.003644075592607032e-06 8.076048531743571868e-04 3.126406796847704117e-02 2.098953658618998939e-04 1.000000000002931112e-06 1.000000032000737625e-06 1.726474237523086829e-06 9.999999999999999547e-07 2.170544996434192481e-03 5.843490568843575067e-06 9.999999999999999547e-07 1.000000004839465312e-06 9.999999999999999547e-07 3.108405523586763848e-06 1.000000009286267583e-06 6.818502350067773103e-03 6.505025493886074095e-02 9.999999999999999547e-07 1.239481588647414462e-06 1.925281175306634755e-05 7.007159845307721346e-02 8.219033004727684111e-03 2.225145114230159954e-02 1.423281034626043898e-02 3.155792946568681547e-04 5.634377445020014231e-05 4.251117072274769940e-03 3.676446926931106811e-05 4.449576999600307484e-04 9.999999999999999547e-07 5.673461398644543710e-06 9.999999999999999547e-07 8.821081649569264532e-06 1.000000022223954911e-06 7.395051195480747765e-06 2.448485565863929967e-06 2.824892283007128532e-06 1.000000500486686148e-06 1.000046279870369777e-06 2.351425798212382562e-04 1.002154054060252100e-06 3.743779333398831468e-04 6.442180059263171974e-06 7.860071929132031454e-02 1.000000000000393190e-06 1.000060748652573330e-06 1.218327553009102178e-02 1.645015439880323163e-05 1.000000001822364236e-06 9.999999999999999547e-07 3.019457515052730976e-06 9.271086423264966736e-02 2.574684309166457366e-02 2.867032786912472131e-06 7.960789593145998751e-05 6.912488069810797386e-03 1.000000017084591185e-06 8.515650601962380592e-03 1.082046321702592739e-01 1.000000127804947790e-06 1.679860148373633292e-03 4.171477677968792735e-02 7.555201526264172102e-03 9.999999999999999547e-07 2.166118724918988415e-04 9.999999999999999547e-07 1.788729258753812238e-04 9.999999999999999547e-07 3.043566109720430160e-04 6.509605173924925799e-04 1.000015562275255928e-06 1.616717956632550131e-04 4.242710010619731725e-05 9.999999999999999547e-07 2.673004662848223884e-02 8.162131346143679245e-02 1.000000000000009696e-06 1.000000000951616060e-06 1.381249574905663198e-03 1.093106850895844348e-02 5.312310285875262907e-05 2.095080467725908330e-04 1.004021458797416465e-06 9.999999999999999547e-07 1.073087483035887050e-06 5.870827998689690541e-06 1.561155583906082899e-06 2.119465261403149711e-02 4.094416506732354022e-02 4.101643309174782953e-02 9.999999999999999547e-07 4.771611101863232514e-03 1.081056425014469568e-06 9.999999999999999547e-07 1.242047079029834009e-02 1.043028840513100406e-04 1.000000189760926442e-06 9.999999999999999547e-07 1.000000000016355526e-06 1.000599355475129886e-06 3.075480686066985460e-05 1.215621864210802809e-03 3.705190112233390683e-03 1.055906585783721388e-02 2.874791045536982410e-03 3.342245945203380607e-03 1.027553064421579459e-03 1.000000001350707492e-06 1.276178993605707632e-06 5.378534149113368273e-03 3.481741329969415509e-03 1.000461125272096104e-06 9.196974024445518322e-05 9.999999999999999547e-07 2.545706503377147620e-05 9.394900164755455021e-04 3.674689068235315742e-02
1.868112926443095599e-05 2.862117832767221287e-02 9.830466531193602503e-03 3.977386594442285724e-05 9.911981140120888789e-05 1.127646193753828300e-04 1.000000003516101058e-06 1.000006900989995377e-06 3.066293870997676644e-03 1.000027106413312082e-06 9.999999999999999547e-07 1.000567515508740062e-06 6.181736034800453059e-04 1.000000000002524748e-06 9.999999999999999547e-07 9.999999999999999547e-07 8.105645755100917855e-04 1.001789693626608370e-06 2.442758260865624670e-02 8.698833084814990317e-06 1.008748632541254679e-06 3.844147368051137434e-04 2.952039307980405466e-02 5.668914655787569751e-05 1.000000000190614132e-06 1.000000317892642012e-06 1.325114272813026398e-06 9.999999999999999547e-07 1.329324100589059868e-03 8.748783318055847251e-06 1.000000000003632667e-06 1.000000000927332049e-06 9.999999999999999547e-07 8.020962713995371816e-06 9.999999999999999547e-07 6.160091176528094577e-03 6.720253942015727566e-02 9.999999999999999547e-07 1.680931223448440359e-06 1.417842088560468233e-05 7.204687655288424808e-02 6.798345858897177248e-03 2.498193469996128069e-02 1.324455378787293622e-02 4.852986505427616965e-04 2.148620448261173498e-05 4.583397389685868982e-03 1.445241033068167557e-04 3.360763913018053424e-04 9.999999999999999547e-07 9.249713815415864764e-06 9.999999999999999547e-07 1.059456372137977333e-06 1.000000000000744285e-06 6.005919458979705864e-06 1.381887618766343566e-06 2.916039356199703336e-05 1.000000000055988197e-06 1.000006517741012782e-06 2.606386057519894154e-04 1.000589264982839876e-06 4.303098721973428625e-04 4.915893361441425051e-06 8.174451143582746326e-02 1.000000000000047177e-06 1.028986497626049095e-06 8.822911850777518869e-03 7.228360225055341041e-06 1.000000003339997826e-06 1.000000000000002496e-06 1.594415922426300125e-05 1.016455999298667701e-01 2.634296141741738345e-02 1.001775257071801092e-06 2.110886376749539738e-04 4.568224692803499534e-03 1.000000849346736713e-06 6.085473167521677183e-03 1.186604851153564705e-01 1.000014110021539306e-06 1.218245042646194697e-03 4.118914153410828394e-02 7.103357123665312613e-03 9.999999999999999547e-07 1.965900468094586664e-04 9.999999999999999547e-07 3.089742758343196863e-04 9.999999999999999547e-07 2.531186314775741002e-04 8.966137845525869480e-04 1.000074644130606650e-06 1.613001292451001812e-04 9.495606669974057958e-06 9.999999999999999547e-07 2.579997239231250628e-02 8.482072790086775393e-02 1.000000000000001014e-06 1.000000000029074996e-06 1.240219963986550393e-03 9.695675963660907101e-03 9.771189437249027949e-06 2.037537369912631685e-04 1.000003678228245901e-06 9.999999999999999547e-07 1.000740726473531585e-06 1.242480216667423828e-06 1.273080265140859485e-06 1.877266879973689059e-02 3.240282845511972820e-02 4.212611814590441067e-02 9.999999999999999547e-07 6.033475083060916601e-03 1.121533129598301914e-06 9.999999999999999547e-07 1.334656760132093938e-02 2.182036658321941601e-04 1.000012282623910955e-06 9.999999999999999547e-07 1.000000000000040189e-06 1.000394850536857678e-06 1.224636406050867615e-05 1.017599041997505191e-03 3.804546662168282675e-03 7.008007030434025217e-03 3.084542586075037039e-03 3.452081996548683925e-03 5.449990654420110809e-04 9.999999999999999547e-07 1.639491117810019514e-06 5.904135816942298123e-03 3.278798922584796188e-03 1.000777734470712863e-06 1.393661846167896904e-04 9.999999999999999547e-07 4.672568589006633876e-05 6.174535387005791656e-04 4.133400913277746058e-02
3.430429713659321034e-06 3.596605988630877104e-02 1.059454800760871104e-02 2.623381957759109056e-05 2.041605135491058795e-05 2.679886655597684135e-04 1.000000000552768574e-06 1.000166032992140485e-06 3.726928080579074241e-03 1.000001569444323237e-06 9.999999999999999547e-07 1.000000003248839293e-06 1.000267700266766011e-03 1.000000000000159832e-06 9.999999999999999547e-07 9.999999999999999547e-07 8.969305144244778347e-04 1.000022355727858003e-06 2.753097445998691634e-02 6.600556111778433288e-05 1.003592750746703349e-06 4.846208184342615569e-04 2.863703329759054866e-02 8.418642959155109014e-05 1.000000000000030236e-06 1.000000000571589858e-06 1.047620182137832886e-06 9.999999999999999547e-07 1.533343839807728513e-03 2.973048833889015883e-06 1.000000000000758896e-06 1.000000003032781941e-06 9.999999999999999547e-07 2.083296686353718917e-06 1.000000000000000378e-06 5.952687594643160142e-03 7.238779393807712181e-02 9.999999999999999547e-07 1.115280561704030322e-06 2.119149263191660097e-06 7.990018886821280419e-02 6.545190410049923045e-03 1.667019009335670224e-02 1.094915946627021339e-02 2.038332331513410594e-04 4.484541708658647507e-05 2.835358409160787345e-03 3.448355995083511969e-06 3.088930807332301311e-04 9.999999999999999547e-07 8.413484646580815992e-06 9.999999999999999547e-07 1.003412450253495630e-06 9.999999999999999547e-07 5.526085412653500676e-06 1.615484394466828618e-06 1.742462244100158775e-05 1.000000002408948104e-06 1.000004187332748214e-06 3.299431962715177781e-04 1.000321225449916158e-06 3.250041794213389995e-04 4.166687112300790656e-05 7.841383556561722090e-02 1.000000015323017824e-06 1.003530906981048691e-06 9.027944363233657982e-03 8.403612459955817264e-06 1.000000003978432393e-06 9.999999999999999547e-07 1.115661231961712994e-06 1.009057932892113985e-01 3.459910688383727867e-02 1.044422518753122675e-06 7.180893016351870583e-05 3.208206297538359307e-03 1.000099578347736373e-06 3.256603700766632498e-03 1.267207454841244585e-01 1.000000001950536626e-06 1.072805021050381516e-03 3.531245100356440042e-02 5.014062768803156239e-03 9.999999999999999547e-07 7.778360193583568614e-05 9.999999999999999547e-07 2.298648905013118840e-04 9.999999999999999547e-07 9.603186597350692178e-05 2.198710289687154026e-04 1.000027271028260714e-06 2.229237867219640028e-04 2.217855448690167250e-06 9.999999999999999547e-07 2.334187616300859372e-02 8.694734352238063513e-02 1.000000000032304733e-06 1.000000000005164950e-06 1.163743058936341553e-03 1.046916051858597096e-02 1.495186044698475863e-05 1.173315750558813773e-04 1.000000006579897790e-06 9.999999999999999547e-07 1.004771025081368449e-06 4.050086075138210341e-06 2.808366680816685789e-06 1.810613977155701992e-02 3.300821752051723984e-02 3.682884163017428186e-02 9.999999999999999547e-07 5.708420454689188718e-03 1.079686699646242244e-06 9.999999999999999547e-07 1.522202070994692347e-02 7.842749184614500216e-05 1.000007885704731912e-06 9.999999999999999547e-07 1.000000000000000590e-06 1.000758333075094299e-06 1.160103414228749563e-05 6.688749683937122992e-04 2.683679204129485896e-03 6.252998164331856346e-03 1.951793033712138394e-03 2.693938107127513779e-03 2.560484176113301592e-04 1.000000000001445840e-06 1.008119222711599354e-06 4.437340048988992237e-03 1.473415684043240291e-03 1.000003462086101977e-06 1.356033936375583766e-04 9.999999999999999547e-07 1.397643637254488607e-05 2.965433191272876618e-04 4.235364215191820408e-02
4.915995450847759953e-06 4.237921289985017992e-02 1.191772129392542831e-02 6.314925755796885025e-05 1.513858210130218922e-04 9.386819736271219525e-05 1.000291240954217096e-06 1.030998028542102146e-06 3.347501379526259067e-03 1.001105777720031080e-06 1.000000000000004402e-06 1.000000000216989679e-06 1.138933002425187614e-03 1.000000000001277492e-06 9.999999999999999547e-07 9.999999999999999547e-07 2.351315185773437521e-03 1.071652530439021845e-06 2.582852424556329046e-02 6.825621029292081813e-06 3.391350572163826443e-06 6.651525389888904294e-04 2.371228113239634561e-02 1.629351902869898168e-04 1.000000000001950248e-06 1.000000520108673415e-06 1.987124999679318039e-06 9.999999999999999547e-07 2.337908481663790537e-03 3.673917996055635819e-06 9.999999999999999547e-07 1.000000556412642966e-06 9.999999999999999547e-07 3.987092481768808240e-06 1.000000000000140986e-06 5.208645953929023041e-03 6.464064245351915095e-02 9.999999999999999547e-07 1.238756555179807472e-06 3.562503349246642144e-05 7.102377340175144993e-02 1.044862867082077366e-02 2.208173526883942459e-02 9.083143106994824578e-03 2.409872731344895420e-04 1.231357532673614935e-05 3.477550584709931773e-03 4.781801063905784005e-05 5.045190244710650793e-04 9.999999999999999547e-07 6.615560523221902170e-06 9.999999999999999547e-07 1.183105260159744454e-06 1.000000000145052865e-06 4.958248270946122288e-05 1.114577394340535027e-06 1.087527155659767199e-06 1.000000000619840031e-06 1.004427827256932734e-06 2.337219683271548904e-04 1.000549056272007544e-06 2.273131655658260336e-04 1.142754824006451081e-05 7.734490043781842850e-02 1.000000000000129127e-06 1.000080707386994494e-06 1.194607169114535704e-02 1.513940230666648952e-05 1.000000000509151036e-06 9.999999999999999547e-07 1.453067563247978082e-05 9.734542237683548038e-02 3.641835210868469425e-02 1.003760729258534341e-06 5.335216004948492292e-05 3.587065841965687233e-03 1.000002577236926853e-06 6.194688304773065569e-03 1.169959754273654645e-01 1.000000000255781670e-06 1.781692301963721690e-03 4.354419771801598671e-02 6.235315459239985404e-03 9.999999999999999547e-07 2.265461832388252861e-04 9.999999999999999547e-07 2.670729137670711578e-04 1.000000000000000378e-06 1.323207034883954467e-04 5.933061659349704500e-04 1.000558312307881837e-06 2.293956972545014997e-04 3.827209232118932740e-06 9.999999999999999547e-07 1.858471496384284105e-02 8.238938011383732662e-02 1.000000000000003555e-06 1.000000000063514509e-06 2.352431386281560871e-03 8.197735887880934838e-03 6.330576679630188069e-06 1.559133284252074497e-04 1.000000000225365352e-06 9.999999999999999547e-07 1.035218546259560536e-06 1.016489349620713936e-06 2.306967519325359878e-06 1.889716959611685565e-02 4.083168615652666561e-02 3.668365150740433844e-02 9.999999999999999547e-07 5.852240841310914904e-03 4.326657693114796008e-06 1.000000000000000378e-06 1.802380582493463834e-02 7.970308185731018839e-05 1.000000288649209402e-06 9.999999999999999547e-07 1.000000000001957448e-06 1.573699236116523620e-06 2.919774619948787951e-05 7.444899497715769037e-04 2.799061615374562762e-03 1.045505232827244509e-02 2.364041840249648824e-03 3.277807844442492263e-03 4.308013796210151489e-04 9.999999999999999547e-07 1.363603392170034430e-06 3.901431326859123010e-03 1.922325688098080153e-03 1.000022080064426602e-06 5.633341758427372597e-04 9.999999999999999547e-07 3.612193417461098032e-05 2.907431086027297191e-04 3.676658215448679740e-02
2.610260156360447365e-06 2.868418984042063122e-02 9.237505500913959638e-03 2.737423907475122978e-05 9.226894773875235023e-05 1.752193651770282419e-04 1.000000003071888181e-06 1.000004565316878728e-06 3.256787450225734001e-03 1.000011594228932337e-06 9.999999999999999547e-07 1.000027180448554215e-06 5.869182771764166594e-04 9.999999999999999547e-07 9.999999999999999547e-07 9.999999999999999547e-07 3.201111963814286601e-03 1.001314360917919279e-06 2.857169152709706367e-02 2.107466526888054391e-06 1.000792514660235042e-06 6.853520359426613570e-04 3.072873075988387034e-02 1.134305481663978291e-04 1.000000000096129512e-06 1.000000524318089832e-06 2.344756068841425871e-06 9.999999999999999547e-07 9.779243013238630208e-04 3.159350980220290650e-06 9.999999999999999547e-07 1.000009001573262471e-06 9.999999999999999547e-07 1.806047683801982668e-06 1.000000000099973983e-06 5.906781517804400757e-03 7.003444735146906186e-02 9.999999999999999547e-07 1.025845549694590461e-06 1.653352631222136350e-05 7.144648094266978222e-02 7.068669060540435159e-03 2.282095856122386135e-02 1.345411679833571732e-02 3.437187020344511525e-04 1.304726183752467672e-05 2.802171005744572355e-03 9.974203755065104632e-05 3.229928914406146579e-04 9.999999999999999547e-07 9.963181694087368530e-06 9.999999999999999547e-07 1.914923665406964448e-06 1.000000001892918692e-06 2.137020598068429850e-05 1.645922125645018438e-06 1.000202141813268739e-06 1.000000007554638530e-06 1.000023501999199212e-06 1.868631662543514076e-04 1.000771817384700932e-06 7.297165557744222973e-04 2.232031611211453705e-06 7.909461441704822293e-02 1.000000000029319788e-06 1.000000003567225637e-06 8.611968702181921342e-03 1.129040053747262159e-05 1.000000075314537336e-06 9.999999999999999547e-07 1.260539516482999602e-06 1.030292002101743515e-01 2.557855127338949305e-02 1.426948651021177762e-06 7.199874858351907659e-05 3.547157888065138355e-03 1.000000712988379026e-06 4.911306818276012752e-03 1.219943106998082477e-01 1.000000000000009907e-06 1.111491600534803351e-03 4.081727036565678535e-02 6.120949204598225175e-03 9.999999999999999547e-07 2.180829659320075058e-04 9.999999999999999547e-07 1.547070374693603997e-04 1.000000000000002496e-06 4.354095539839444433e-05 2.800858959231296427e-04 1.000003535519073403e-06 6.345267847197837575e-05 2.700703398975194195e-06 9.999999999999999547e-07 2.616249602567851176e-02 8.589850806787630022e-02 1.000000000011213400e-06 1.000000000003055203e-06 9.771949572753995967e-04 1.130895320933307524e-02 1.601706562111132389e-05 7.285576951370635634e-05 1.000005516798580816e-06 9.999999999999999547e-07 1.011774603546661599e-06 1.243841578383593382e-06 1.245579340888007321e-06 1.881334366636329761e-02 3.181064904440561447e-02 4.277431250399262030e-02 9.999999999999999547e-07 7.306355848857471781e-03 1.177137353501332753e-06 9.999999999999999547e-07 1.331251888146071927e-02 1.702226563377810646e-04 1.000003800269046650e-06 9.999999999999999547e-07 1.000000000004896017e-06 1.000672521816512404e-06 1.241463743839723915e-05 1.100845665663467525e-03 3.369706402030948119e-03 6.467014463095160405e-03 2.504795491190875065e-03 2.434008987462694604e-03 2.823627277445125245e-04 1.000000000000006943e-06 1.028532882731558677e-06 4.966951064344799285e-03 1.545977743966135470e-03 1.000010872365992143e-06 5.415600171404321523e-05 1.000000000000002708e-06 1.585792633554866025e-05 2.302765700366176153e-04 4.117420172064208128e-02
3.037331231658607099e-06 2.932887810895399086e-02 7.815554349973162160e-03 2.426173403657330870e-05 2.669030571169019562e-05 2.875581484340397859e-04 1.000119408585875598e-06 1.000023662437591223e-06 4.581634158009818998e-03 1.000068212416121936e-06 9.999999999999999547e-07 1.000000137986605900e-06 7.964265302072972641e-04 9.999999999999999547e-07 9.999999999999999547e-07 9.999999999999999547e-07 2.178181448450985935e-03 1.000712920757731610e-06 2.438735018469282215e-02 2.008490471141475012e-06 1.004106297689730376e-06 6.701629413111974713e-04 2.687056937102400359e-02 1.079454876076239937e-04 1.000000000000257029e-06 1.000014499922572756e-06 1.109388245855290191e-06 9.999999999999999547e-07 9.705013209791370655e-04 4.399119174562999337e-06 9.999999999999999547e-07 1.000000000076076219e-06 9.999999999999999547e-07 7.735147638701880376e-06 1.000000000000007578e-06 5.952891760552067590e-03 7.117595378453574206e-02 9.999999999999999547e-07 1.039767505422485795e-06 9.464469690607606094e-06 7.166872399815060746e-02 7.037319524505081941e-03 2.557823663463302394e-02 1.091079564829767166e-02 3.380112553887730498e-04 1.226883650668329935e-04 3.873734347860242986e-03 1.003984283387010427e-05 5.688794618439528376e-04 9.999999999999999547e-07 4.407298552230763082e-06 9.999999999999999547e-07 1.162112107357082662e-06 9.999999999999999547e-07 1.483154807801795829e-05 1.126149431798123951e-06 2.215568137043902086e-06 1.000000422363564755e-06 1.000005923152201603e-06 7.170033393442190855e-04 1.000124021987244812e-06 3.918924550048906116e-04 8.741480848161186195e-06 8.841044180415011389e-02 1.000000000000452059e-06 1.000040108234992107e-06 7.933997112194087278e-03 1.459852105659347470e-05 1.000000002042413019e-06 9.999999999999999547e-07 3.107925703655681522e-06 9.816121935200081139e-02 2.716161401413572443e-02 1.022523209155413996e-06 7.382311947526140465e-05 4.583096229692523726e-03 1.000001074499534332e-06 4.626473643663510382e-03 1.221003471165567761e-01 1.000000000176548091e-06 1.353515645299960832e-03 4.170148306798641263e-02 7.506459487442928083e-03 9.999999999999999547e-07 1.580992398199813432e-04 9.999999999999999547e-07 1.499738426520327546e-04 1.000000000000000167e-06 1.399259846894052093e-04 4.846650127106173441e-04 1.000283919188817815e-06 2.024566050183526655e-05 1.108931479804455347e-05 9.999999999999999547e-07 2.372779511248271356e-02 8.257707488450306832e-02 1.000000000000000167e-06 1.000000000016206660e-06 9.622500774846199549e-04 1.251196991078908430e-02 6.434346733301032514e-06 5.217167686457260920e-05 1.001286155679137163e-06 9.999999999999999547e-07 1.013205241010023947e-06 1.092289371530716107e-06 5.877342307161666279e-06 2.053268879535675301e-02 3.038111965798159439e-02 4.144256528445475901e-02 9.999999999999999547e-07 6.285010762543934842e-03 1.237209480956558190e-06 9.999999999999999547e-07 1.283797938580897614e-02 1.048082745618225946e-04 1.000001347599844457e-06 9.999999999999999547e-07 1.000000000000001225e-06 1.001638349995043439e-06 4.076208124011442176e-05 8.451268291702020890e-04 2.459296225078776935e-03 6.386635835702742132e-03 2.237691896984785479e-03 2.686248345683455840e-03 5.522593116881650095e-04 9.999999999999999547e-07 1.044485770578224672e-06 6.245545788247722219e-03 1.761814652260029193e-03 1.000010210305644149e-06 7.773844436252948611e-05 9.999999999999999547e-07 1.853048293563325994e-05 8.914273638728135822e-04 4.340542060810033409e-02
9.722594645672498254e-06 3.519655019634220644e-02 8.717789706058238011e-03 4.226602220103334794e-05 8.973400278440270489e-05 1.294017172766732406e-04 1.000316588464253475e-06 1.000096854581364860e-06 3.569935417684403332e-03 1.000095150751892881e-06 9.999999999999999547e-07 1.000000029203103208e-06 8.990748889652472580e-04 1.000000000000103716e-06 9.999999999999999547e-07 9.999999999999999547e-07 1.414263145585216647e-03 1.008403934454159618e-06 2.329576625868993653e-02 4.503583906894705893e-05 1.005859839423083514e-06 6.833342086617947252e-04 2.604749637941894402e-02 5.084521768785991053e-05 1.000000000005852317e-06 1.000002447233917297e-06 1.056709855713703444e-06 9.999999999999999547e-07 1.041899879846839910e-03 9.071901164905566212e-06 1.000000001090415537e-06 1.000000008234175371e-06 9.999999999999999547e-07 4.023934897790246572e-06 1.000000000000021342e-06 4.611574370710149438e-03 6.464136132877702778e-02 9.999999999999999547e-07 3.984622329442474698e-06 1.508172964691846506e-05 6.746555459572946278e-02 9.439409638165512789e-03 2.139400032220458922e-02 8.888269182968052892e-03 3.107758772861731280e-04 2.253156073900795234e-05 3.285617200246492790e-03 8.262726429038148401e-06 6.023520029982177854e-04 9.999999999999999547e-07 6.794510721033489300e-06 9.999999999999999547e-07 1.006740157123142193e-06 1.000000027850873765e-06 1.326040193201651572e-04 3.720085967236989432e-06 1.033987906695753641e-06 1.000000004206096638e-06 1.000013139271731211e-06 2.884761452193386911e-04 1.005830859376826317e-06 7.366113497860512236e-04 1.221516076329230729e-05 8.663538943192179709e-02 1.000000000527193473e-06 1.000000005507122092e-06 7.971794370734464757e-03 2.765204034766914718e-05 1.000000001585701113e-06 1.000000000007613510e-06 3.290743738070510991e-06 1.085224116806919881e-01 3.076234077203524736e-02 1.720699484467243627e-06 1.217735466248980297e-04 3.945412960160234010e-03 1.000000274844310261e-06 4.857919561283223497e-03 1.203679389251042231e-01 1.000000000038345983e-06 1.332923724666085349e-03 4.855412696523270233e-02 7.448268505233098490e-03 9.999999999999999547e-07 1.767064989171984062e-04 9.999999999999999547e-07 2.982975330366036191e-04 1.000000000000000167e-06 1.132244261496604667e-04 5.280399210109056746e-04 1.000034796130259449e-06 2.510549666848191732e-04 1.779926489314482316e-06 9.999999999999999547e-07 2.125922263189663347e-02 8.377401046030674703e-02 1.000000000006421735e-06 1.000000000066816031e-06 6.308958917008272412e-04 9.341379462650057502e-03 9.659067811563298723e-06 2.531837283159367263e-04 1.000050911568385452e-06 9.999999999999999547e-07 1.019696108187225008e-06 5.820461136760029170e-06 5.185557219271883055e-06 1.856646003308289744e-02 3.303943601338130837e-02 4.133505374953073963e-02 9.999999999999999547e-07 5.968820413456870852e-03 1.027859822661520751e-06 9.999999999999999547e-07 1.523664221112988430e-02 1.890684939774755959e-04 1.000063178003775448e-06 9.999999999999999547e-07 1.000000000000014354e-06 1.012666309716595941e-06 2.469488510239579228e-05 2.180442917020407410e-03 3.102795573295401808e-03 5.876553082111152584e-03 2.617221977611590075e-03 2.789933669040976349e-03 6.083785698813273714e-04 1.000000000001609741e-06 1.508592168718883441e-06 5.074864813071343003e-03 1.853869128817557275e-03 1.000001627555675881e-06 1.525035643211055108e-04 9.999999999999999547e-07 9.929536928192139776e-06 9.699834607190126363e-04 4.016882868393987366e-02
8.590660745979908681e-06 3.231085293576319711e-02 7.657079212889459328e-03 3.848170274002163719e-05 6.725309750848371061e-05 1.472189926598432798e-04 1.000000206408131246e-06 1.000000691030072237e-06 4.392117405616399912e-03 1.000008584468893264e-06 9.999999999999999547e-07 1.000030547227476112e-06 8.721046843181861664e-04 1.000000000000000590e-06 9.999999999999999547e-07 9.999999999999999547e-07 1.939320799068504960e-03 1.001107896440772110e-06 3.103692924450707907e-02 4.455013699931163339e-05 1.004950646425182610e-06 1.103176476968319858e-03 2.978723498421499694e-02 5.422964782623887307e-05 1.000000000004879076e-06 1.000000003483144912e-06 2.665560596958669076e-06 9.999999999999999547e-07 1.050129985412725717e-03 3.936588594064004830e-06 1.000000001320613893e-06 1.000000008955080242e-06 9.999999999999999547e-07 1.197392477424514416e-05 1.000000000003274161e-06 7.721297922671926939e-03 6.308098417266799762e-02 9.999999999999999547e-07 4.013121943057793309e-06 2.689812645561458757e-05 6.861398914248352521e-02 7.633129538085385059e-03 2.341618537482383772e-02 1.198162053564149135e-02 3.434853921049168222e-04 4.007530356664787120e-05 3.513919645260564061e-03 2.873512114494227503e-05 6.261992560225131121e-04 9.999999999999999547e-07 5.437426009946204022e-06 9.999999999999999547e-07 1.322237591645154407e-06 1.000524492588739678e-06 2.280529634751891482e-05 1.328793766847134093e-05 1.083109722625611718e-06 1.000000003787327360e-06 1.000001254814955866e-06 7.340123728811945953e-04 1.001464755878615007e-06 5.894353018257988616e-04 2.211969384508263036e-06 8.464774727757556905e-02 1.000000000000167667e-06 1.000000000003195387e-06 9.005430220352364859e-03 2.261990098122838052e-05 1.000000001009647558e-06 1.000000000000001649e-06 3.916157273922222577e-06 9.919588764297336547e-02 2.962350557964965256e-02 1.001090108083936248e-06 1.531450578189743109e-04 5.058477782255627921e-03 1.000307893680581148e-06 5.959854863803036584e-03 1.210642152298976870e-01 1.000023912748253322e-06 1.509121019956547686e-03 4.447183269211898299e-02 6.692688395975495905e-03 9.999999999999999547e-07 1.576631889034575446e-04 9.999999999999999547e-07 1.476192445600364852e-04 1.000000000000014143e-06 4.138074931355031531e-05 7.769896426183427185e-04 1.056629265827411363e-06 1.261860344016681743e-04 2.118698173102885469e-06 9.999999999999999547e-07 2.484297437936158065e-02 8.271929384069616475e-02 1.000000000148056655e-06 1.000000001240312205e-06 1.107720199654559567e-03 1.068918178308049700e-02 2.553379410602534303e-05 3.154519983242618669e-04 1.000000589041565257e-06 9.999999999999999547e-07 1.016902726293019291e-06 5.011124661809005153e-06 2.317296866989894469e-06 1.976220916367745981e-02 2.897674299730346528e-02 3.772934404329753716e-02 9.999999999999999547e-07 6.048666392509721192e-03 1.111389848444780897e-06 9.999999999999999547e-07 1.264804483619292111e-02 2.213302575106101901e-04 1.000022840458016558e-06 9.999999999999999547e-07 1.000000000003876825e-06 1.003695530305182271e-06 2.071934179933883826e-05 1.485973683036379434e-03 2.894494934977478746e-03 6.680662603186441305e-03 3.246340385136246148e-03 3.118320077701402116e-03 3.704456203399381174e-04 9.999999999999999547e-07 1.005466874069466078e-06 3.778920721288018744e-03 1.701142936655715985e-03 1.000006316340690624e-06 5.853109522529740020e-05 9.999999999999999547e-07 2.681450533259705399e-05 6.570200407493366522e-04 4.336321459821699392e-02
4.635813288919431891e-06 3.950294394566735562e-02 1.196612337782172047e-02 3.707131697683431818e-05 2.141705442698209485e-05 1.470135428440757716e-04 1.002755428630317926e-06 1.000046703146180591e-06 3.672413480869063124e-03 1.011175848044683535e-06 9.999999999999999547e-07 1.000041912497651710e-06 7.840862585064305905e-04 1.000000000000039130e-06 9.999999999999999547e-07 9.999999999999999547e-07 1.419341413080879794e-03 1.000518043318415047e-06 2.447247094485924257e-02 1.128505405304482736e-05 1.000701300599343637e-06 7.561011011864506200e-04 2.579115988620950609e-02 4.745084600186918718e-05 1.000000000000350626e-06 1.000017816673936043e-06 1.482793472730578675e-06 9.999999999999999547e-07 1.578909437714359201e-03 4.319403587535648476e-06 9.999999999999999547e-07 1.000000156036950215e-06 9.999999999999999547e-07 6.467639319496873479e-06 1.000000000000167244e-06 5.892016722459348342e-03 6.799742752458112771e-02 9.999999999999999547e-07 1.031798504164040517e-06 2.353488838096125826e-05 7.062829171026160924e-02 7.549158719259511582e-03 2.202800522187313426e-02 1.024876124871375999e-02 3.114254886267062562e-04 2.122121171481902171e-05 3.393921308308515267e-03 2.084324572680334959e-05 3.316123494134463195e-04 9.999999999999999547e-07 8.414180775668300612e-06 9.999999999999999547e-07 1.019262282696847126e-06 9.999999999999999547e-07 1.973508765192115208e-05 2.259414503073904164e-06 1.329744904864907032e-06 1.000000087927060573e-06 1.000000871222395109e-06 2.824413411080667889e-04 1.000109922508356096e-06 1.078725408565274491e-03 1.789106979568729642e-06 7.639610418474043763e-02 1.000000000008511789e-06 1.000844801882881081e-06 8.022752193433756174e-03 1.811292403015036102e-05 1.000000356894395617e-06 1.000000003447366875e-06 1.383940670928082921e-06 1.073677873131502480e-01 3.347225598010892395e-02 1.119472174634497031e-06 9.783147035479534688e-05 5.035189935084991887e-03 1.000012391764543066e-06 5.629912151602024274e-03 1.195546647098305604e-01 1.000000005095768588e-06 1.317104650137516236e-03 3.861347409768146194e-02 6.869789446728168623e-03 9.999999999999999547e-07 1.430217214735864247e-04 9.999999999999999547e-07 2.766446945882494279e-04 9.999999999999999547e-07 5.883242998542663357e-05 8.264664425062333546e-04 1.000119676684494075e-06 2.984464169278857790e-04 2.580860422693697047e-06 9.999999999999999547e-07 2.183151186214608505e-02 8.470121070863344259e-02 1.000000000035838978e-06 1.000000002826791363e-06 1.325686262346262084e-03 9.430338202831227423e-03 2.424971186585394076e-05 1.255548700142911848e-04 1.004450044802963436e-06 9.999999999999999547e-07 1.025151544875973450e-06 1.446603569173015982e-06 7.670009534793786239e-06 1.720889134908347093e-02 3.537454685025866186e-02 4.044126700998250390e-02 9.999999999999999547e-07 5.876395736905177906e-03 1.323742382120498409e-06 9.999999999999999547e-07 1.671084441695104214e-02 9.051777447393112737e-05 1.000002683365823630e-06 9.999999999999999547e-07 1.000000000000026636e-06 1.004168203872655500e-06 5.778304120321727601e-05 9.754947164685041352e-04 2.626824590166073822e-03 8.675859002650200547e-03 2.740315765253694292e-03 3.054923523903342771e-03 2.745977147243888446e-04 9.999999999999999547e-07 1.008871563550492707e-06 5.390559714023657537e-03 1.256569341099927082e-03 1.000042008862327270e-06 2.291270091186151548e-04 9.999999999999999547e-07 8.676530563401902598e-06 2.907890376781154126e-04 3.728283254067610991e-02
9.529606664633713444e-06 3.560374512291843846e-02 1.158628889916583742e-02 2.847473843832716412e-05 3.904004597143743722e-05 1.789809197184147598e-04 1.000016059977841385e-06 1.000000886212947040e-06 5.052145671339051264e-03 1.000420725688226860e-06 9.999999999999999547e-07 1.000000125337015866e-06 3.669617905363099829e-04 1.000000000000003343e-06 9.999999999999999547e-07 9.999999999999999547e-07 8.855235339761251831e-04 1.005904174537477002e-06 2.522589195904510057e-02 6.500842954015843161e-06 1.003674302045068904e-06 3.897263139753902989e-04 2.695864246174399861e-02 4.582012224510754225e-05 1.000000000488223816e-06 1.000000164004183834e-06 6.063146633597938016e-06 9.999999999999999547e-07 2.205302023408029118e-03 2.705288430249207597e-06 9.999999999999999547e-07 1.000364550070317426e-06 9.999999999999999547e-07 5.458379289744885703e-06 1.000000000002330989e-06 6.535536937724264334e-03 6.547408040875787871e-02 9.999999999999999547e-07 8.931744183764075645e-06 1.595828158556956758e-05 7.017198656080686492e-02 7.101785764500797953e-03 2.327332755141413301e-02 8.820433108628485466e-03 2.235753747823152895e-04 1.098896193792155876e-05 3.163257412574078681e-03 3.158770241968520938e-05 7.931057631764531352e-04 9.999999999999999547e-07 8.097963058705166624e-06 9.999999999999999547e-07 3.003195030886933568e-06 1.000000000000008637e-06 1.022118433179029581e-05 1.399157860736962401e-06 1.501446424230637317e-06 1.000000000518871162e-06 1.000000455739014029e-06 2.222072413323079876e-04 1.000555288096095690e-06 4.693211565269565723e-04 4.771899755820876635e-05 8.258478395392082616e-02 1.000000000000008425e-06 1.028949311520243878e-06 8.128005800552933618e-03 2.034398887048007712e-05 1.000000001411281147e-06 9.999999999999999547e-07 9.285617533918589920e-06 1.032979294954572830e-01 3.113070525040784534e-02 2.639559077722313904e-06 9.890679815363903821e-05 4.039801601566624621e-03 1.000000207416175204e-06 4.670745923704058139e-03 1.255339044394609138e-01 1.000000002134436584e-06 1.316765473197005140e-03 4.114396781443763196e-02 5.036189793809024533e-03 9.999999999999999547e-07 1.552690203029035983e-04 9.999999999999999547e-07 3.204505237802304611e-04 1.000000000000016260e-06 1.205086449461646356e-04 8.258284576849679636e-04 1.006971328891633702e-06 3.152557965214671269e-04 3.250760237653278329e-06 9.999999999999999547e-07 2.291247409546373626e-02 8.263686163217633107e-02 1.000000005218775984e-06 1.000000000214543448e-06 1.531766454638468526e-03 9.623994639277629395e-03 2.284237483575156843e-05 4.744461834043305721e-04 1.000823491602155718e-06 9.999999999999999547e-07 1.002208101204803215e-06 1.085554819043121873e-05 2.736772517496705559e-06 1.941014664714516003e-02 3.923259174031464014e-02 3.943125424721295041e-02 9.999999999999999547e-07 7.694968187305544285e-03 1.232797783260855634e-06 9.999999999999999547e-07 1.423422450990558669e-02 6.721773119825506456e-05 1.000000710671389855e-06 9.999999999999999547e-07 1.000000000001824040e-06 1.001816468061478610e-06 8.772669060259582441e-06 6.309234622725160870e-04 2.278054980199751504e-03 8.738510667224036119e-03 2.518188931287045074e-03 3.383790467970939578e-03 4.941604547095039893e-04 1.000000000474358099e-06 1.103508898246446763e-06 4.057792167438125167e-03 1.886362565031239613e-03 1.000007732950834768e-06 6.748506110409415099e-05 9.999999999999999547e-07 1.801208188986847870e-05 3.866824868923303903e-04 3.459112972586513013e-02
4.104590227661041313e-06 2.920582926186326631e-02 9.161924550024654404e-03 5.992428568031678228e-05 2.216971909352882153e-06 2.497570983194263047e-04 1.000023903148102600e-06 1.000022989228466406e-06 5.350010951713726585e-03 1.000049503033649504e-06 9.999999999999999547e-07 1.000000065349380847e-06 7.318142075436910110e-04 1.000000000000491022e-06 9.999999999999999547e-07 9.999999999999999547e-07 9.077127101937261739e-04 1.000439174375093504e-06 3.133179329331948343e-02 9.494987122975386961e-05 1.045859667737901360e-06 8.110687460382384230e-04 2.946621369657329362e-02 1.726835439202846262e-04 1.000000000001400312e-06 1.000000002670137913e-06 1.062923232877930607e-06 9.999999999999999547e-07 1.424585284234692771e-03 1.057292557016866483e-05 9.999999999999999547e-07 1.000000008229031340e-06 9.999999999999999547e-07 1.045594088757274918e-05 1.000000000000701933e-06 9.809331790560482656e-03 6.301915748953093588e-02 9.999999999999999547e-07 2.602519926762199775e-06 5.899550935802000249e-05 6.689496867086973386e-02 6.458995493375121501e-03 2.444128224230169774e-02 1.370955876017123168e-02 4.113393087774545463e-04 2.694710612189440873e-05 4.265746566617750930e-03 2.426676808509779044e-05 5.530327990464710929e-04 9.999999999999999547e-07 7.032004442091157252e-06 9.999999999999999547e-07 1.292031960871725624e-06 1.000000000000022825e-06 1.012788058759237507e-05 2.897766438924553015e-06 1.735122010075753890e-06 1.000000041380343837e-06 1.000011972397379339e-06 5.816537040077541208e-04 1.002936026761231253e-06 2.673792073455014888e-04 7.239552762626427093e-06 8.345066741718921988e-02 1.000000000000271217e-06 1.000015772845443059e-06 9.804393651873187163e-03 2.123223895943361666e-05 1.000000007098282801e-06 1.000000000000006307e-06 1.622643224210464419e-05 1.008619510553447757e-01 2.480408962858652797e-02 1.055228129700714513e-06 8.337812447754230124e-05 5.349816992620166044e-03 1.000000255728075143e-06 5.223776348081149261e-03 1.194164961427152671e-01 1.000000003981124687e-06 1.429796650805587478e-03 4.202637807221945576e-02 7.846336756920009939e-03 9.999999999999999547e-07 1.671233797166923126e-04 9.999999999999999547e-07 3.745700455163659720e-04 9.999999999999999547e-07 1.039618105680988503e-04 3.444623159922272537e-04 1.000412590426526956e-06 2.099189643960609937e-04 3.921496509533994556e-06 9.999999999999999547e-07 2.564376397913676470e-02 8.094925102791371285e-02 1.000000000006575260e-06 1.000000000011601553e-06 1.003150018015512871e-03 1.116296028865370812e-02 1.756368235073056994e-05 2.795973851390493145e-04 1.019453078568002065e-06 9.999999999999999547e-07 1.355688218532674277e-06 1.067512764641104496e-06 7.631967534012745427e-06 2.004366712928706482e-02 3.429444731629457260e-02 4.081842366014861584e-02 9.999999999999999547e-07 5.395122599147654692e-03 1.260779539548789324e-06 9.999999999999999547e-07 1.207964422221949330e-02 2.725110610318569435e-04 1.000097649191833491e-06 9.999999999999999547e-07 1.000000000000040189e-06 1.012310645480591248e-06 2.623872224404318919e-05 1.119043854836466925e-03 2.872778506672647291e-03 7.235197290774939352e-03 3.099172639694776615e-03 4.657274048547121494e-03 6.819823630312244703e-04 9.999999999999999547e-07 1.111404619397980534e-06 5.106075202210500798e-03 2.776167025070531546e-03 1.014984664306398371e-06 7.346787517661388441e-05 1.000000000000001437e-06 3.798562561642252112e-05 3.201636365732206673e-04 3.901901096987134276e-02
1.590057121965531695e-05 2.120111483022142987e-02 9.629077956892868537e-03 6.504965457388696231e-05 3.774770006935769821e-05 2.385879848141272855e-04 1.000000978105150573e-06 1.000655380503243593e-06 5.703992706856083825e-03 1.000014567753518143e-06 9.999999999999999547e-07 1.001542151082379646e-06 5.080566548250521489e-04 1.000000000000000802e-06 9.999999999999999547e-07 9.999999999999999547e-07 9.313661046760434272e-04 1.006466746392409282e-06 2.794646318836039450e-02 1.297560111389779735e-04 1.004045908323304138e-06 9.330087546662040217e-04 2.531416106656097023e-02 1.576505929720393735e-04 1.000000000003946917e-06 1.000000152713444499e-06 1.626151760956923738e-06 9.999999999999999547e-07 1.298909295441754395e-03 5.264801173507619957e-06 9.999999999999999547e-07 1.000000933761052384e-06 9.999999999999999547e-07 2.597854939638722407e-05 1.000000001786233834e-06 8.332180065448434661e-03 6.853435935954958758e-02 9.999999999999999547e-07 1.538163241459509347e-06 7.436062476278481399e-05 7.246430705852710541e-02 5.100519600540304524e-03 2.803252753013403542e-02 9.297903339369844450e-03 3.633498138644741392e-04 4.814048619579623905e-05 4.478571361056861259e-03 3.358142461813933119e-05 3.600392217232502062e-04 9.999999999999999547e-07 9.405399859736193814e-06 9.999999999999999547e-07 1.149405027868063802e-06 1.000000000044636685e-06 8.265567824016009375e-05 2.143918163698055366e-06 1.029233401277266032e-06 1.000000002872052568e-06 1.000003958745762871e-06 2.486169140733090750e-04 1.001766462919825457e-06 4.619327849478138551e-04 1.843414174454607627e-06 8.108347847085840832e-02 1.000000000643263668e-06 1.000000000003723723e-06 9.377616771674529908e-03 3.201869186337526988e-05 1.000000002057460348e-06 1.000000000000002708e-06 1.773073492745376453e-05 1.053102295205269739e-01 1.957691184678617483e-02 1.008984562091518844e-06 3.907800028607666593e-04 4.667454628410843895e-03 1.000022203787232555e-06 7.124669729023347040e-03 1.230800376249949479e-01 1.000000172998631671e-06 1.089030156754011193e-03 4.105604761003286973e-02 8.277424856265699210e-03 9.999999999999999547e-07 3.991536830285034583e-04 9.999999999999999547e-07 1.956835511524077195e-04 1.000000003565452374e-06 3.326354530055058040e-05 3.414992874297671527e-04 1.001355379257428858e-06 1.945792465865943865e-04 2.461210331704758660e-06 9.999999999999999547e-07 2.281016701810314323e-02 8.627788738701881732e-02 1.000000000019713800e-06 1.000000000056533051e-06 8.520587462047237099e-04 1.087430486095484344e-02 4.399042742712849183e-05 1.128366559999884224e-04 1.009068850535679603e-06 9.999999999999999547e-07 1.005389255270404498e-06 6.634941958369508536e-06 1.269927074758019172e-06 2.356613107364060114e-02 3.457154940169899354e-02 4.738982777201254659e-02 9.999999999999999547e-07 6.210765280884018337e-03 1.208549973067953285e-06 9.999999999999999547e-07 9.895081984366555297e-03 2.209888620324371915e-04 1.000011881363463492e-06 9.999999999999999547e-07 1.000000000000000167e-06 1.003753112690994004e-06 1.549548110571604320e-05 1.247048567879494247e-03 2.835770313033920010e-03 7.945507148533793862e-03 4.372942466322414165e-03 1.789126458692788654e-03 2.832493721109255263e-04 1.000000006618660559e-06 1.404412439506937751e-06 5.952873208904372118e-03 1.906426759468252520e-03 1.000002610809919457e-06 1.796980923847797033e-04 9.999999999999999547e-07 5.654973284290956296e-05 7.663325386099258596e-04 3.557589093168542910e-02
3.636319476715506675e-06 2.618618638830605416e-02 1.134544960078133317e-02 5.914937738264908917e-05 5.590575865438951431e-06 4.177170556387001482e-04 1.000071440151304559e-06 1.000000533957997740e-06 3.851499280516303744e-03 1.000005661666026932e-06 9.999999999999999547e-07 1.000000000019407385e-06 9.472447802105118378e-04 1.000000000000001014e-06 9.999999999999999547e-07 9.999999999999999547e-07 1.757302116383195481e-03 1.001331622792706783e-06 2.885574513476413250e-02 7.315308396659903505e-06 1.021703906105304067e-06 8.281198974532832284e-04 3.256324015968688201e-02 5.354552519852924839e-05 1.000000000000636712e-06 1.000000059555744732e-06 1.698412930081897512e-06 9.999999999999999547e-07 2.270295003867767950e-03 4.971213809001708840e-06 9.999999999999999547e-07 1.000000006947662555e-06 9.999999999999999547e-07 1.346577115873378769e-05 1.000000000000018166e-06 6.930779448856844681e-03 5.714502257475683605e-02 9.999999999999999547e-07 1.648644523782342520e-06 1.864531340715858495e-05 6.950670609164640024e-02 6.680732999813965983e-03 2.588335139976434204e-02 1.233338887176941255e-02 3.463859070441685593e-04 4.827537605668287866e-05 3.830001082567645408e-03 2.661462611077552320e-05 5.009647097997469833e-04 9.999999999999999547e-07 9.513536895475484652e-06 9.999999999999999547e-07 1.024613182783630694e-06 1.000000001446147141e-06 8.225188134789719293e-06 3.782700360967380917e-06 2.029989089769592707e-06 1.000000098783018107e-06 1.000000524705495597e-06 3.386223961954045662e-04 1.001367580141936658e-06 4.024888448734122788e-04 4.478701068152573562e-06 8.305041410071617447e-02 1.000000000000026425e-06 1.003620781052785939e-06 7.746045257895070764e-03 1.962881028244501823e-05 1.000000001175065469e-06 9.999999999999999547e-07 3.940451365224773195e-06 9.934200413848802425e-02 2.097962828716784869e-02 1.006667232678578600e-06 1.593131590868149944e-04 4.290391626088403514e-03 1.000006040204170781e-06 8.767494611134182131e-03 1.160896126876044820e-01 1.000000000001390783e-06 1.315335327889880553e-03 4.459768162609221986e-02 6.354612844959666405e-03 9.999999999999999547e-07 4.678993573998095363e-04 9.999999999999999547e-07 1.855711355388064315e-04 1.000000000000000590e-06 3.841477609433040479e-05 3.007523464946364189e-04 1.031265278439634471e-06 9.288487966925635590e-05 1.939293408396973026e-06 9.999999999999999547e-07 2.527419953409443254e-02 8.548077009041384067e-02 1.000000000982368862e-06 1.000000000040141905e-06 9.621345358868508592e-04 1.071930108747662543e-02 2.432521734146332677e-05 3.690836305045125626e-04 1.201730954620201886e-06 9.999999999999999547e-07 1.018481852879363023e-06 1.137771055073542860e-06 3.007509348910712917e-06 2.200964628951988106e-02 4.336335556732646285e-02 4.277069256973452943e-02 9.999999999999999547e-07 3.984270709694361264e-03 1.092107070242495066e-06 9.999999999999999547e-07 1.149094943872759796e-02 1.539668523747211078e-04 1.000000260423408528e-06 9.999999999999999547e-07 1.000000000000266558e-06 1.005640295817512693e-06 2.598808453092233740e-05 1.099206819484265527e-03 1.670858211755133936e-03 1.010826504812353983e-02 3.306972000389765513e-03 3.133330447386557631e-03 2.376044191637318923e-04 1.000000000000098846e-06 1.042633386937893497e-06 6.324760777803832210e-03 2.723467127445532241e-03 1.000001151677169172e-06 2.616018253266043456e-04 1.000000000000014566e-06 3.475676751876877299e-05 6.158774039449933660e-04 3.693662397276355897e-02
4.943797367961555484e-06 2.832700109836994856e-02 1.105085234432601898e-02 4.657963544978841966e-05 4.528225007392285061e-05 1.104968104444436453e-04 1.000038827752058829e-06 1.004944177081428833e-06 3.320743854901537714e-03 1.000488413814478078e-06 9.999999999999999547e-07 1.000001633916441211e-06 7.794046091820429518e-04 1.000000000000008637e-06 9.999999999999999547e-07 9.999999999999999547e-07 8.621810011967774362e-04 1.001333582384848894e-06 2.872747811038734236e-02 7.978649176353702134e-06 1.004236774669237392e-06 8.009314281454569737e-04 3.090327080541063753e-02 1.006810830522041186e-04 1.000000000000066659e-06 1.000000194219698559e-06 1.147225312834225516e-06 9.999999999999999547e-07 1.453813920390561489e-03 5.299517803602051677e-06 9.999999999999999547e-07 1.000000000031927591e-06 9.999999999999999547e-07 1.387102775490148227e-05 1.000000000000008002e-06 8.501383758358141418e-03 6.617812580119090959e-02 9.999999999999999547e-07 1.078580664930903702e-06 1.421522190141990600e-05 7.161486576294306960e-02 7.531142318130555104e-03 2.254317910730560884e-02 1.264399389455107478e-02 3.453007832921978584e-04 3.142020084205332980e-05 4.390855755483567130e-03 6.554009830151977756e-06 6.228820725011894634e-04 9.999999999999999547e-07 7.799477685568908703e-06 9.999999999999999547e-07 1.579090617209962529e-06 1.000000000000597536e-06 2.289780151987361249e-05 1.170228446327356521e-06 1.030434866077019401e-06 1.000002896685744829e-06 1.000003608578700447e-06 1.991511653032100354e-04 1.002761767908648736e-06 6.031470039263726315e-04 7.479785597913686923e-06 8.539888912894742778e-02 1.000000000021225330e-06 1.000000006297388797e-06 8.945048835085900318e-03 2.331919878348275859e-05 1.000000031034959552e-06 1.000000000000008213e-06 1.263790256809844275e-06 9.903076037895018613e-02 2.553999178576888893e-02 1.118025324994158856e-06 1.459224607099093667e-04 5.156058347546389926e-03 1.000732177889480889e-06 4.707300802351432889e-03 1.194503958944000965e-01 1.000000000034559323e-06 1.565929743744015352e-03 4.262342105459417801e-02 8.049183204371035405e-03 9.999999999999999547e-07 2.074264782208315081e-04 9.999999999999999547e-07 1.601031195695510191e-04 1.000000000000000378e-06 1.178019613837222166e-04 4.831880732863603881e-04 1.001133565267745348e-06 6.942430349789249896e-05 3.626417753881741014e-06 9.999999999999999547e-07 2.489086447590451931e-02 7.878040739409036819e-02 1.000000000135434382e-06 1.000000003168342788e-06 1.314055889627373458e-03 1.135928333813933724e-02 6.338820541079687567e-05 1.479584202591540916e-04 1.010985129679172075e-06 9.999999999999999547e-07 1.065668616578926580e-06 2.169707759764889427e-06 1.592733559227228329e-06 1.885518766311385791e-02 3.481290123976727574e-02 3.852039404594694016e-02 9.999999999999999547e-07 6.776060762045104519e-03 1.473516794993510877e-06 9.999999999999999547e-07 1.454359679041934521e-02 7.755986458700270671e-05 1.000000980241799864e-06 9.999999999999999547e-07 1.000000000000023672e-06 1.011904782791340727e-06 2.676299409540794261e-05 1.409408808382660088e-03 3.038702128993880577e-03 7.485939638591878643e-03 3.266065341762079428e-03 3.421010798164358761e-03 2.683814000253860704e-04 1.000000000002283979e-06 1.018350859540127078e-06 4.347220871602823500e-03 1.617977169381787286e-03 1.000010167367507362e-06 1.663941812688215333e-04 9.999999999999999547e-07 3.157368079483613860e-05 3.789049593514733191e-04 4.097025895371170928e-02
9.870718519011545213e-06 2.670050087866429958e-02 1.000783401750972822e-02 6.544030454890696397e-05 1.092147989499243004e-05 3.367019808777818981e-04 1.000002640828955149e-06 1.000201320584394811e-06 4.280999329631445145e-03 1.000496224227463981e-06 9.999999999999999547e-07 1.000000009202833144e-06 7.888343628391308957e-04 1.000000000000109010e-06 9.999999999999999547e-07 9.999999999999999547e-07 6.580854348890239746e-04 1.002034378671487572e-06 3.310945770712733077e-02 8.624679486255385624e-06 1.019105871230605066e-06 9.958664517005241888e-04 2.888864172414561809e-02 1.303434469509935991e-04 1.000000000000036165e-06 1.000005560817415812e-06 1.494717094872349730e-06 9.999999999999999547e-07 1.710301559127052609e-03 1.208739744600812468e-05 1.000000000005409531e-06 1.001499125895795963e-06 9.999999999999999547e-07 3.562801434939688102e-06 1.000000000001107239e-06 6.864392675569860880e-03 6.203924131187368157e-02 9.999999999999999547e-07 1.403070101007162536e-06 3.203669445446195635e-05 6.748365056566182907e-02 8.036557357648970931e-03 2.571061231271119796e-02 1.101417343015560768e-02 4.377143037149256767e-04 3.054491007252420126e-05 3.886903765368704324e-03 8.994115143226437718e-05 1.091064951321271204e-03 9.999999999999999547e-07 1.836056468028934795e-05 9.999999999999999547e-07 1.051029708273644960e-06 1.000000000000000378e-06 4.454801582989140809e-05 1.608867678989818165e-06 4.969916521349488073e-06 1.000000204633173705e-06 1.000000778504172245e-06 3.725112609782659195e-04 1.002492265479273195e-06 2.392101757142048324e-04 5.016342086184909974e-06 8.839172355139532367e-02 1.000000000000026213e-06 1.150250243265235928e-06 9.052426159162090327e-03 2.463548838027966196e-05 1.000000006341698997e-06 1.000000000000076188e-06 1.880686641546216756e-05 9.907066045092022266e-02 2.126002914488109991e-02 1.001730909270190036e-06 1.123657099901612799e-04 4.733411416252047456e-03 1.000018969662370708e-06 5.737370849717473784e-03 1.206817553895774692e-01 1.000000085219854547e-06 1.393336610881407318e-03 4.915060574332242443e-02 6.989988297070817529e-03 9.999999999999999547e-07 3.570207475935658226e-04 9.999999999999999547e-07 2.046015132732547921e-04 1.000000000000002708e-06 8.210771290348771294e-05 8.931455443755995311e-04 1.964701469691535637e-06 4.343541970714937493e-04 1.897696618247172757e-06 9.999999999999999547e-07 2.719299837528169408e-02 8.104988998749095008e-02 1.000000000121214393e-06 1.000000000117700688e-06 7.597422109070798776e-04 1.042819806102701294e-02 3.704726458025289526e-05 2.748207994851561389e-04 1.000014135740948090e-06 9.999999999999999547e-07 1.026630265282324800e-06 1.428932317522985470e-06 1.679366888022017310e-05 1.901251908185792178e-02 3.737622891012547244e-02 3.924559729674911845e-02 9.999999999999999547e-07 5.277312287449576443e-03 1.040434093515087648e-06 9.999999999999999547e-07 1.130076875993047195e-02 2.542945680857508733e-04 1.000037450032836358e-06 9.999999999999999547e-07 1.000000000000248347e-06 1.002255241066627901e-06 2.727437574526303901e-05 1.943083215792717425e-03 4.333989021686635024e-03 7.382002223361844133e-03 3.190790588246394943e-03 2.765924834758058583e-03 3.128802023131586028e-04 1.000000000000012237e-06 2.978084562328816524e-06 5.288074517008711263e-03 2.166488261298121429e-03 1.000004634788220521e-06 8.809250882299229468e-05 9.999999999999999547e-07 1.625520342128267294e-05 2.446767846814547277e-04 3.637931330327490859e-02
2.204654992369933973e-05 2.528949847493081743e-02 9.999167286292187651e-03 2.760378737144147010e-05 9.629275616768784814e-06 3.247075891496186643e-04 1.000514521428587070e-06 1.002540923188929682e-06 3.368291230898227441e-03 1.000000360222041207e-06 9.999999999999999547e-07 1.000003780928002000e-06 4.333261875357574222e-04 1.000000000000002072e-06 9.999999999999999547e-07 9.999999999999999547e-07 1.766523516579850822e-03 1.000223927688696069e-06 2.793191574288279161e-02 8.626233639736733419e-06 1.000528871834447951e-06 6.880650790664318613e-04 2.981405957412952210e-02 3.174125139935219552e-05 1.000000000000071317e-06 1.000000012030472856e-06 1.456796301212660112e-06 9.999999999999999547e-07 1.188083953108984682e-03 5.577768605266000240e-06 9.999999999999999547e-07 1.000000070770371804e-06 9.999999999999999547e-07 6.009687156192696425e-06 1.000000000001130955e-06 7.233055653018560620e-03 6.955833432126580507e-02 9.999999999999999547e-07 1.218386288300446479e-06 7.234769174672606787e-06 7.274751147950885011e-02 5.882731287264747998e-03 1.971455174160312296e-02 1.162525722402107768e-02 4.430592152561276887e-04 6.313142256269634359e-05 3.873585077244660023e-03 2.279335858638595699e-05 3.489787737908799548e-04 9.999999999999999547e-07 7.332541849428692027e-06 9.999999999999999547e-07 1.037196717283216741e-06 1.000000090350462916e-06 3.957738093957538810e-06 2.306181487436892304e-06 1.020455604846291696e-06 1.000000009248978017e-06 1.000000432523649360e-06 2.150422746185740616e-04 1.000651247774558347e-06 3.638316925798471034e-04 5.788806889906058713e-06 8.183940735107604614e-02 1.000000000000010543e-06 1.000309680944279257e-06 8.021977169147069195e-03 9.711420776695962794e-06 1.000000000087558598e-06 1.000000000000507539e-06 2.029269392327893366e-06 1.100568999131287667e-01 2.151930954148975964e-02 1.056091264453085343e-06 7.076758259326573937e-05 5.002352760699200519e-03 1.000033986047023241e-06 5.530160111152593316e-03 1.253056770489443805e-01 1.000000000078177919e-06 9.317971205467696656e-04 4.258925347767638508e-02 6.966210027010291163e-03 9.999999999999999547e-07 1.769171321775986328e-04 9.999999999999999547e-07 1.597711967157710992e-04 9.999999999999999547e-07 4.392897079381616126e-05 4.323991054395532252e-04 1.000094966411335629e-06 1.038493187054674545e-04 3.752086000828140802e-06 9.999999999999999547e-07 2.613447473803687943e-02 9.106128283267543588e-02 1.000005412318284382e-06 1.000000000000062847e-06 8.781289918752512502e-04 9.872154309437669237e-03 8.264726071351970207e-06 7.799595007696383123e-04 1.000046885810657211e-06 9.999999999999999547e-07 1.008648947839580924e-06 3.637517971460775311e-06 1.143933193482082438e-06 1.757403945637368847e-02 3.102416607651222943e-02 4.092221332054056526e-02 9.999999999999999547e-07 5.278477887150543300e-03 1.132450846369466194e-06 9.999999999999999547e-07 1.160500360947872012e-02 2.394260457839250938e-04 1.000000308542705034e-06 9.999999999999999547e-07 1.000000000000000378e-06 1.000919093374837210e-06 1.711045414535095107e-05 9.781148756969489620e-04 3.215985864662426058e-03 6.623172559235689094e-03 2.660468959452017002e-03 2.239900941482591071e-03 4.498734428612140572e-04 1.000000000001195965e-06 1.153023779288854945e-06 4.946089248481804444e-03 2.700761155247666592e-03 1.000002339207459620e-06 1.402310689979475121e-04 9.999999999999999547e-07 6.774258176213312620e-05 5.064364534171308550e-04 3.835212317144585242e-02
1.014915209425892890e-05 2.655455588974163159e-02 1.056825398418798773e-02 5.080259816738958882e-05 4.719392827114244840e-05 2.728307374241734844e-04 1.000155501692493072e-06 1.000010167100627186e-06 2.916038783824956467e-03 1.000000431730245880e-06 9.999999999999999547e-07 1.000004298297511516e-06 1.002382160754084969e-03 1.000000000000002919e-06 9.999999999999999547e-07 9.999999999999999547e-07 5.420246253207869043e-04 1.000434518468971911e-06 2.677065559963192481e-02 4.718791330088594701e-06 1.001626428682385428e-06 1.243580152179433757e-03 3.093632325651681642e-02 1.831909389136911659e-04 1.000000000000230983e-06 1.000000000695457627e-06 1.388750477880380186e-06 9.999999999999999547e-07 1.102783806711727993e-03 8.099381585945902360e-06 9.999999999999999547e-07 1.000000028465317818e-06 9.999999999999999547e-07 4.195069174488738075e-06 1.000000000012446892e-06 5.829166615024502021e-03 6.631936393498191751e-02 9.999999999999999547e-07 1.558113174127422230e-06 6.733741772494220769e-06 7.589607611017207267e-02 6.706097546926928499e-03 1.870658412281746980e-02 1.133079275328646544e-02 1.967005054349514441e-04 2.009046873065747379e-05 3.158596724654959362e-03 3.699414567218911967e-05 3.996419389400804757e-04 9.999999999999999547e-07 5.219171223954209983e-06 9.999999999999999547e-07 1.076266377981033217e-06 1.000000000011240082e-06 9.885681292798299295e-06 2.692871427516252910e-06 7.951580983937934374e-06 1.000000000008587387e-06 1.000042719019605229e-06 4.207543862825405311e-04 1.000293207617441708e-06 2.279699686163777917e-04 1.094717496799715293e-05 8.871702924335901630e-02 1.000000000005465011e-06 1.001890587597313386e-06 8.534306150495466967e-03 2.471444665985413365e-05 1.000000028283640262e-06 9.999999999999999547e-07 1.389034110802641669e-06 1.069904319728977871e-01 2.300230020800414499e-02 1.001627487507494013e-06 1.456582027737490792e-04 3.828334737898538790e-03 1.000000374207833762e-06 4.978252468899590881e-03 1.266218326977192055e-01 1.000000062672133105e-06 1.034284880521618840e-03 4.558047100921711753e-02 6.272499099425550215e-03 9.999999999999999547e-07 3.028709590972120287e-04 9.999999999999999547e-07 3.488326792887765245e-04 9.999999999999999547e-07 4.026122927299469314e-05 6.409944183447415346e-04 1.001501043389391144e-06 1.133465606608211772e-04 6.284174115474845956e-06 9.999999999999999547e-07 2.271659062681946270e-02 8.462018155818749887e-02 1.000000000001192577e-06 1.000000000526866942e-06 7.449021994193684741e-04 9.450441399818402741e-03 2.344350065678686728e-05 3.192055641348003742e-04 1.001456786629586894e-06 9.999999999999999547e-07 1.012937098646531326e-06 1.438046568930184670e-06 8.987859267892359059e-06 1.744599376783045191e-02 3.393907199757038168e-02 3.822514089002699428e-02 9.999999999999999547e-07 6.903514044147153299e-03 1.341700694981900054e-06 9.999999999999999547e-07 1.194129817542927650e-02 6.029477411311540862e-05 1.000000410896620333e-06 9.999999999999999547e-07 1.000000000000003555e-06 1.002997558332049836e-06 2.414511987819075836e-05 1.727872190866918930e-03 2.378864649976090810e-03 7.213187748033342110e-03 1.989849432002434391e-03 2.546774720259673431e-03 2.119390587507024822e-04 9.999999999999999547e-07 1.011372967601415044e-06 5.596659199374082704e-03 2.018210992343577852e-03 1.000003384681103588e-06 5.602137927460104899e-05 1.000000000001269445e-06 6.975707640837490011e-06 3.921444704964353553e-04 4.082331726949208622e-02
5.712987467050305011e-06 3.421039503625927097e-02 5.254253030562385483e-03 6.180542443923786101e-05 2.046375972181169257e-05 9.579998103874429562e-05 1.000000843026758348e-06 1.001577833746425365e-06 8.008713606284354955e-03 1.000122033344726052e-06 9.999999999999999547e-07 1.000000206701747382e-06 6.934109746251092320e-04 1.000000000003478931e-06 9.999999999999999547e-07 9.999999999999999547e-07 2.663034103506647585e-03 1.002896030224849090e-06 4.402438329173082726e-02 1.619680443985593377e-05 1.037121571186796593e-06 6.313895110427949911e-04 2.415629136309913744e-02 1.353389820910983804e-05 1.000000789975800336e-06 1.000364903160997501e-06 3.160117354100774568e-06 9.999999999999999547e-07 5.642043285658142121e-04 1.434347027057380798e-05 1.000000000002013564e-06 1.000000000091635791e-06 9.999999999999999547e-07 5.636661937284476077e-06 1.000000000000023036e-06 1.325259655589658414e-02 4.396295680208840706e-02 9.999999999999999547e-07 1.579264857416265618e-06 7.658084044148833738e-05 4.501608304598404831e-02 1.634937869034378335e-02 2.698988523615602000e-02 1.202865158887269151e-02 7.920123041680437580e-04 7.114613730161449469e-05 6.532440642974013910e-03 2.057052012142115014e-05 1.352484791122410355e-03 9.999999999999999547e-07 1.506148348732556436e-05 9.999999999999999547e-07 5.123746996384755966e-05 1.000000000077168044e-06 3.766004829573802638e-06 1.461114137044001043e-06 7.509999900309450090e-06 1.000000019670885799e-06 1.000043680582634798e-06 3.878922005264334358e-04 1.000190181240216035e-06 8.999143024286408634e-04 8.905869031534920509e-06 9.339215104848244686e-02 1.000000000021422689e-06 1.003986796254857818e-06 5.535758261906975272e-03 6.118546050424020037e-05 1.000000651933998548e-06 9.999999999999999547e-07 1.778923743741233737e-05 8.872652240425728254e-02 2.233086391309786062e-02 1.016608913266045819e-06 2.306104018087396174e-04 8.528885366277447547e-03 1.000007982657091213e-06 7.401873984936444689e-03 1.038506881835676160e-01 1.000000003366212225e-06 3.667968390977746022e-03 6.815893034947834161e-02 1.010868088563353362e-02 9.999999999999999547e-07 3.259186439278885148e-04 9.999999999999999547e-07 2.868551785946040346e-04 1.000000000000011390e-06 9.441277894403865513e-05 7.273595849273942942e-04 1.007567739711209169e-06 9.801653666565479151e-05 3.064433949017276310e-05 9.999999999999999547e-07 2.261041861805490952e-02 7.215973729827319938e-02 1.000000000000020284e-06 1.000000052284563615e-06 1.576518676338662002e-03 9.963187253999894119e-03 4.415543501073659308e-05 8.880905188745419820e-04 1.000005445462044098e-06 9.999999999999999547e-07 1.012266079371690884e-06 4.921046496745278286e-05 2.288286312202473142e-06 3.609236562734704362e-02 2.149404385621335456e-02 5.194667359387952071e-02 9.999999999999999547e-07 5.065401192512231608e-03 1.316806920088758407e-06 9.999999999999999547e-07 1.347989715640471146e-02 1.182603505266346646e-04 1.000047072698477587e-06 9.999999999999999547e-07 1.000000000005531292e-06 1.069830057542621575e-06 6.652154436755722538e-05 1.389649580336877041e-03 2.679413260631487159e-03 5.293542881002383065e-03 5.043703873660520740e-03 6.628773926587426708e-03 6.591985284119388248e-04 9.999999999999999547e-07 2.068649783159038316e-06 6.449743824685267961e-03 3.339974346424261567e-03 1.027035712427537577e-06 1.796261133348186665e-04 1.000000000009731516e-06 1.324546577640331034e-04 5.059755723283186147e-04 3.038465026434420194e-02
4.248907362379239852e-06 3.077964161011764732e-02 1.283600880002054578e-02 4.658895881173902482e-05 1.648867540401257624e-05 4.694513642348020028e-04 1.003268755570749269e-06 1.000003219751347961e-06 5.199197212456483849e-03 1.000286672558926248e-06 9.999999999999999547e-07 1.000003314728014348e-06 8.964287139127507511e-04 1.000000000000000167e-06 9.999999999999999547e-07 9.999999999999999547e-07 2.725443489929379320e-03 1.001150330141826211e-06 2.249699513189452882e-02 2.573189777529742052e-05 1.030820433200241180e-06 1.051877502144943572e-03 3.008412877632227200e-02 5.697218510150458160e-05 1.000000000058586471e-06 1.000000000600766966e-06 2.089867214375662465e-06 9.999999999999999547e-07 2.426447279584289293e-03 1.420788117340949061e-05 9.999999999999999547e-07 1.000000001596859289e-06 9.999999999999999547e-07 7.269399978150578679e-06 1.000000000000001649e-06 6.490441988545777793e-03 6.570910357736008123e-02 9.999999999999999547e-07 1.951335162722606906e-06 2.020232632195416290e-05 7.553825217859116981e-02 6.832332835512852469e-03 2.205455691097650550e-02 1.125722496023935648e-02 3.208874270505690670e-04 3.965848058831545979e-05 4.089623762508423285e-03 3.868628220695547192e-05 5.730691687165761355e-04 9.999999999999999547e-07 1.777478799127324161e-05 9.999999999999999547e-07 2.010487137425564059e-06 9.999999999999999547e-07 1.828747372942510945e-05 2.414996188085571399e-06 1.049178475108819596e-06 1.000000001774248529e-06 1.000000494183376545e-06 3.180356760569321567e-04 1.000625625499649587e-06 5.391991585672992367e-04 1.306343805410566770e-05 7.557956013470876200e-02 1.000000000000113034e-06 1.000013735128003740e-06 1.252090309966615543e-02 2.136725209127376309e-05 1.000000006831291240e-06 9.999999999999999547e-07 7.165018255890796611e-05 8.990709470062767383e-02 2.508728947827644148e-02 1.000606426227254298e-06 7.845714947341251341e-05 4.488408955484070491e-03 1.000040416469484131e-06 9.397615350352222716e-03 1.150062637428187762e-01 1.000000194255320529e-06 1.159471389111284886e-03 3.843335983096957120e-02 7.701253941837573995e-03 9.999999999999999547e-07 1.770851851477980019e-04 9.999999999999999547e-07 2.742552481846792923e-04 9.999999999999999547e-07 9.058233321256319460e-05 3.546845450214728530e-04 1.000106280575823670e-06 7.774542949046389987e-05 3.874389097449005667e-06 9.999999999999999547e-07 2.516549162562288500e-02 8.500128289931126180e-02 1.000000000000737932e-06 1.000000000231307500e-06 1.303724271615837272e-03 9.669348811861945212e-03 1.453652236633564834e-05 1.871462663585503013e-04 1.000000008071738169e-06 9.999999999999999547e-07 1.006574606748217474e-06 1.880926715610727368e-06 4.039764545693477184e-06 1.874974600547835504e-02 5.042549627067604429e-02 3.633179790931199971e-02 9.999999999999999547e-07 7.953615954319127879e-03 2.847168873544417813e-06 9.999999999999999547e-07 1.254486467871009960e-02 5.892445090685934978e-05 1.000194161651280527e-06 9.999999999999999547e-07 1.000000000000844447e-06 1.002338535199482870e-06 2.272203667943367076e-05 1.104351222673346285e-03 3.508810550210608638e-03 1.276162476126960037e-02 2.805509246821258178e-03 2.859342248663210642e-03 3.297487925582164719e-04 9.999999999999999547e-07 1.029686191077642274e-06 3.538581528058663047e-03 1.703989119699478782e-03 1.000000228755980652e-06 9.770096609390964046e-05 1.000000000000000378e-06 3.669299559597125906e-05 3.208453489185886243e-04 4.013329551489256547e-02
7.436281958201671182e-06 3.355287830382128189e-02 9.753189961531901625e-03 1.873978136106984143e-05 3.697067356195190077e-05 1.867809634082470834e-04 1.002089818366815900e-06 1.000056261727507717e-06 4.134207602494371220e-03 1.000218461139270131e-06 9.999999999999999547e-07 1.000051709469833099e-06 8.508389252999698114e-04 1.000000000000003343e-06 9.999999999999999547e-07 9.999999999999999547e-07 1.028802210001574392e-03 1.000924077975100105e-06 2.706173646102600153e-02 4.195353944405410618e-05 1.024161980633962249e-06 4.635943695970948524e-04 2.859946480434752761e-02 3.129068871495989293e-05 1.000000000000013507e-06 1.000000004749001982e-06 1.151294757252938258e-06 9.999999999999999547e-07 1.173283803534489389e-03 3.283032345948360607e-06 9.999999999999999547e-07 1.000000034474953051e-06 9.999999999999999547e-07 3.442150288718698067e-06 1.000000000000000378e-06 6.390164697959600966e-03 6.214355955065435644e-02 9.999999999999999547e-07 1.050403647040523463e-06 1.948541536955948812e-05 6.851665525399361356e-02 8.154002188679268862e-03 2.610754641141021376e-02 1.282436173005546687e-02 2.206647390796570942e-04 3.882149781195944001e-05 3.756890869965723734e-03 5.784965233383176607e-06 2.941453302565206953e-04 9.999999999999999547e-07 7.663482132714559921e-06 9.999999999999999547e-07 1.075134449012860725e-06 1.000000000088725809e-06 1.821967825095212930e-05 1.973015447879723995e-06 1.000060674644681467e-06 1.000000002003940995e-06 1.000005362935081099e-06 2.891939528672841345e-04 1.000298269176718970e-06 1.900155410496930336e-04 2.768614929122502881e-06 8.230701789712162320e-02 1.000000000012232805e-06 1.000028404448773378e-06 8.730793497767119771e-03 1.798717883665725375e-05 1.000000000219897755e-06 9.999999999999999547e-07 1.279495072992541462e-06 1.026344805651531189e-01 2.784523928962479369e-02 1.011268120083991719e-06 7.824080785967474176e-05 4.096923248216157408e-03 1.000000173727480229e-06 4.658826656627885338e-03 1.238986120770606547e-01 1.000000002553348587e-06 1.330084072310041676e-03 4.447280222665893346e-02 7.898674482727787924e-03 9.999999999999999547e-07 2.795908480722852744e-04 9.999999999999999547e-07 3.174592669639641975e-04 1.000000000015591925e-06 7.259570559654385843e-05 4.830055543596994223e-04 1.840856365711903270e-06 1.144673066498222750e-04 2.535880634725763654e-06 9.999999999999999547e-07 2.301880980713508565e-02 8.593284919921509446e-02 1.000000001380290329e-06 1.000000001154851663e-06 1.347897160816963940e-03 1.020159184172058676e-02 1.370179645558385070e-05 2.464411278225181077e-04 1.000061362907828724e-06 9.999999999999999547e-07 1.638317142999618499e-06 2.371229319273192269e-06 7.848502892474782525e-06 1.784961143276782986e-02 3.169922055251420123e-02 3.937658208719961583e-02 9.999999999999999547e-07 3.637658748184192763e-03 1.090337810281328340e-06 9.999999999999999547e-07 1.586030931076872277e-02 3.171341395002401928e-04 1.000004664044501773e-06 9.999999999999999547e-07 1.000000000000001437e-06 1.008034297934967809e-06 1.143834551682982947e-05 6.207211299984017683e-04 3.190625245703005569e-03 6.914632514739045208e-03 2.401227123786570539e-03 3.156426970178788372e-03 3.915725881823276834e-04 9.999999999999999547e-07 1.401776638965456018e-06 5.507322080626353075e-03 1.992896384758990370e-03 1.000001159986215102e-06 5.660626893494208507e-04 9.999999999999999547e-07 8.565420421518433081e-05 6.962998106041671728e-04 3.986137204517276739e-02
3.436943195855584764e-06 2.421106499434865639e-02 8.158464926413672158e-03 7.520335911872525413e-05 1.920613691513275715e-05 2.406612033973233220e-04 1.000002567681921293e-06 1.000949348991805374e-06 5.858371300747043826e-03 1.003018528337563009e-06 9.999999999999999547e-07 1.000000145401747466e-06 7.200505938494954766e-04 1.000000000007864867e-06 9.999999999999999547e-07 9.999999999999999547e-07 6.102661882207561887e-04 1.022059922480207558e-06 3.282732054204429845e-02 3.674052824194270475e-06 1.050014466799784673e-06 6.599325023384266164e-04 3.174558522176411379e-02 6.420252709924270456e-05 1.000000000004706493e-06 1.000014002249271345e-06 7.833120662413377706e-06 9.999999999999999547e-07 1.335716685607842014e-03 1.203255330013602185e-05 9.999999999999999547e-07 1.000003820605236640e-06 9.999999999999999547e-07 8.216287618319593350e-06 1.000000000042078646e-06 1.255511081472324326e-02 6.003011177943861493e-02 9.999999999999999547e-07 3.765818505123893763e-05 2.256734666297025759e-05 6.473541896509085736e-02 6.625619203667806704e-03 3.270035929817373399e-02 1.638603023843200265e-02 4.910647725991498444e-04 1.407409744049072228e-04 5.463845875073513811e-03 6.564300063418290006e-05 9.497517077664600037e-04 9.999999999999999547e-07 2.844695012022559032e-05 9.999999999999999547e-07 1.038204755955902154e-06 1.000000000451515314e-06 1.191334758181830884e-05 1.304640853414110846e-06 5.077241617265046717e-06 1.000000000121642356e-06 1.000001759763356133e-06 6.761889575435453071e-04 1.008912878778181355e-06 5.304320439959723989e-04 1.143009132234095418e-05 7.752241811593343912e-02 1.000000000439868823e-06 1.012362342930658624e-06 7.374485716584876574e-03 2.738597391702404999e-05 1.000000040829896935e-06 9.999999999999999547e-07 6.155753394456791023e-06 9.772907805664887704e-02 2.173804958591465594e-02 1.003016261881702410e-06 1.334802184962923508e-04 6.012453340584109594e-03 1.000276730658662829e-06 5.170391490890964906e-03 1.080952837818219686e-01 1.000000000720414605e-06 1.751111307338399595e-03 4.387685691178382086e-02 9.034699882337177482e-03 9.999999999999999547e-07 6.140583540616579303e-04 9.999999999999999547e-07 6.343677169357797791e-04 1.000000000000001014e-06 7.917750647952476054e-05 1.151384518269631509e-03 1.006806395599671639e-06 2.007360344851289152e-04 1.313665638159138739e-05 9.999999999999999547e-07 2.705699938933630103e-02 7.740513939824875123e-02 1.000000360813204983e-06 1.000000000003381946e-06 7.008365369791044481e-04 1.289018017871173052e-02 7.128009900812967931e-05 6.258349379108365867e-04 1.000010048315060874e-06 9.999999999999999547e-07 1.027874675326648803e-06 1.081453057577365620e-06 2.285701395481988922e-06 2.487226126416369754e-02 2.898590455707917776e-02 4.802087095285364343e-02 9.999999999999999547e-07 5.762982431398670086e-03 1.220657250857826850e-06 9.999999999999999547e-07 1.186681971155456247e-02 1.143906343931666683e-04 1.000092424505830297e-06 9.999999999999999547e-07 1.000000000002513525e-06 1.053730516839591040e-06 4.155091541593822902e-05 1.238287623911651317e-03 3.382203035416286082e-03 7.212177821763855919e-03 5.356432034882358667e-03 2.942834398772213242e-03 5.579405397629626662e-04 1.000000000000000167e-06 9.553228855909156491e-06 7.236879196548490038e-03 3.118188841622237216e-03 1.000573180999686827e-06 1.586381606717439299e-04 9.999999999999999547e-07 5.057505430416927775e-05 6.154894664686047252e-04 4.059226835660605104e-02
4.790615002340173859e-06 2.594474313224090500e-02 1.012763115287688108e-02 1.136346931955802453e-04 1.361668430286386614e-04 2.134753496534588812e-04 1.000000001914918891e-06 1.000066185562634024e-06 4.315914849947937240e-03 1.000005484023586210e-06 9.999999999999999547e-07 1.000000003508259650e-06 6.820417094050203882e-04 1.000000000018916953e-06 9.999999999999999547e-07 9.999999999999999547e-07 1.234226112988308106e-03 1.023912918648445979e-06 3.278441395837123490e-02 2.993824546054376051e-06 1.012714020542847208e-06 7.088325614190555107e-04 2.771845194413307539e-02 1.806865995342666850e-04 1.000000000067208631e-06 1.000036645543354489e-06 2.071968029950222343e-05 9.999999999999999547e-07 1.537648024888970842e-03 7.145738850825242328e-06 1.000000003392378767e-06 1.000000028406091156e-06 9.999999999999999547e-07 4.928102517877608304e-06 1.000000000352102022e-06 8.965653146781969035e-03 6.080587044753463233e-02 9.999999999999999547e-07 1.125403718189227365e-06 1.928867775109783055e-05 6.675049956019746267e-02 7.493966903890376952e-03 2.559435575931524182e-02 1.082689831468513705e-02 3.312769296636841197e-04 2.470200290560853540e-05 4.659932934385871070e-03 6.596609218254789054e-06 4.680732536441978785e-04 9.999999999999999547e-07 7.520915462471735345e-06 9.999999999999999547e-07 1.166333863733903729e-06 1.000000000000076823e-06 3.304088664228469320e-05 1.540719050577110007e-06 1.000244426189028931e-06 1.000000064850187697e-06 1.000221204481722691e-06 7.492719666397238071e-04 1.001399090732455159e-06 4.229061736693087172e-04 4.845756012215111152e-06 8.754641248137634557e-02 1.000000000000827294e-06 1.000000024381861553e-06 1.073441313544606229e-02 2.866900739081617574e-05 1.000000003380635714e-06 9.999999999999999547e-07 1.494422411005224626e-06 1.005966516724832588e-01 2.220011662644725409e-02 1.001219876028333187e-06 6.950030914745337310e-05 5.936565642236870874e-03 1.000000000145922132e-06 5.537490205886982757e-03 1.188212159844771465e-01 1.000000063005884627e-06 1.580569532595362545e-03 4.874686537065905934e-02 7.423444377819832241e-03 9.999999999999999547e-07 3.866144405816649234e-04 9.999999999999999547e-07 2.789423964134726992e-04 1.000000000000000378e-06 2.486900052473099031e-05 3.752064207406763472e-04 1.000413881082278920e-06 1.325908191562012609e-04 1.732662152044448560e-06 9.999999999999999547e-07 2.428652481166001728e-02 8.579113957661463341e-02 1.000000000000013719e-06 1.000000000618503836e-06 1.109599038117771268e-03 9.963317028761424846e-03 2.528769180204739389e-05 2.101896604830928359e-04 1.000725625952057939e-06 9.999999999999999547e-07 1.003982551488602019e-06 2.710645025298634103e-05 1.352306378581341682e-04 2.323374393592798903e-02 3.505474507802294748e-02 4.074583713838742655e-02 9.999999999999999547e-07 4.348399872331352306e-03 1.055773250195105007e-06 9.999999999999999547e-07 1.054931003174303279e-02 8.356049764632133376e-05 1.000008243329224870e-06 9.999999999999999547e-07 1.000000000000008002e-06 1.581124407141132535e-06 3.201663976655369850e-05 1.288374446000029993e-03 2.702861228870243483e-03 8.611122517864455012e-03 3.122231029205930694e-03 2.654207113180795906e-03 5.531565265097793116e-04 9.999999999999999547e-07 1.060304518023572837e-06 2.912740263964027319e-03 1.272477986516461776e-03 1.000006877615906051e-06 7.996492356805049654e-05 1.000000000000010543e-06 5.870600093837399536e-05 3.190885192049811242e-04 3.758197709952242060e-02
2.618921892479188808e-06 3.278625271749938813e-02 9.086541430777006143e-03 3.690593859943318121e-05 4.300977820549524056e-06 2.099622209541749122e-04 1.000001061793302781e-06 1.000020758711091227e-06 2.909029995485925071e-03 1.000004143274636723e-06 9.999999999999999547e-07 1.000000275730059602e-06 1.280856801972323758e-03 1.000000000199806557e-06 9.999999999999999547e-07 9.999999999999999547e-07 9.508613479015685585e-04 1.004904018892711392e-06 2.552163815997129243e-02 7.088409913827714282e-06 1.004649159719551530e-06 9.783503214767566829e-04 2.510928823721661138e-02 4.908280487557544494e-05 1.000000000000006307e-06 1.000000276894633131e-06 1.359271240323671108e-06 9.999999999999999547e-07 1.031026363200270848e-03 1.614843075570569715e-05 9.999999999999999547e-07 1.000000000043063745e-06 9.999999999999999547e-07 4.495439633528872916e-05 1.000000000025264830e-06 5.040298670175479695e-03 7.131158424079214742e-02 9.999999999999999547e-07 1.321601536299381720e-06 5.293509298883479280e-05 7.366397390392627476e-02 7.398018368785558643e-03 1.976995169522998558e-02 9.335288749969073568e-03 2.979340941010008331e-04 4.410117614642208433e-05 2.764776032969690385e-03 1.629693797306277889e-06 4.119357162013481113e-04 9.999999999999999547e-07 4.817038925832205912e-06 9.999999999999999547e-07 1.067466204672936293e-06 9.999999999999999547e-07 2.747268558735700735e-05 3.783189426745422047e-06 1.005538879055018654e-06 1.000000002573509665e-06 1.000000635414054092e-06 4.008166983032908619e-04 1.013784225097405602e-06 6.858916294003998505e-04 1.898358599913452954e-05 8.957458285671891784e-02 1.000000000096558958e-06 1.014426122477927620e-06 9.354688433590229585e-03 3.138220992787318605e-05 1.000000013517219389e-06 9.999999999999999547e-07 8.042408769744571829e-06 1.050893335046883120e-01 2.979131013212270654e-02 7.492432077820114069e-06 5.919205379559421194e-05 4.169215581255910144e-03 1.000002540468753178e-06 4.686061996809665238e-03 1.259367001300495115e-01 1.000000000630493376e-06 1.239636319411139588e-03 4.219431361848838269e-02 5.374588006480125919e-03 9.999999999999999547e-07 1.109077956425634715e-04 9.999999999999999547e-07 2.259868310354880251e-04 9.999999999999999547e-07 6.123782880919474713e-05 6.767767738745334924e-04 1.000977702149456670e-06 4.691811566458122537e-05 2.946318493128068120e-06 9.999999999999999547e-07 2.015216218904783765e-02 8.322012401961094430e-02 1.000000000000005037e-06 1.000000000066437619e-06 1.067899449694154502e-03 8.194638643819125365e-03 3.793290996203478864e-05 2.021547681871435783e-04 1.000843458302003567e-06 9.999999999999999547e-07 1.004261144722540427e-06 2.032570965542518517e-06 2.175914907639976769e-06 1.823849435041853539e-02 3.451383230120506213e-02 3.883922260487298467e-02 9.999999999999999547e-07 7.806640591181310609e-03 1.452544304178500181e-06 9.999999999999999547e-07 1.579858524979675313e-02 2.439155906761745422e-04 1.000005477216520491e-06 9.999999999999999547e-07 1.000000000000019860e-06 1.002076810359903723e-06 1.870211924893412021e-05 1.935499890258466586e-03 3.295156410603183872e-03 6.672021724406071788e-03 1.763076826675611785e-03 3.339811925192866585e-03 2.418443831307136348e-04 9.999999999999999547e-07 1.062907873841322986e-06 4.707943815028265387e-03 2.187820193469180823e-03 1.000070837548780735e-06 6.409992999692008797e-05 1.000000000137349312e-06 8.609789539360751743e-06 5.025890383869294946e-04 3.712328435393424941e-02
4.124178463541802671e-06 3.194879001100842109e-02 8.645520316819895260e-03 5.978575960409576029e-05 9.400224093683158771e-05 2.179071274535519570e-04 1.000000056693379211e-06 1.000000908959475373e-06 4.205565923718663709e-03 1.000005638369061438e-06 9.999999999999999547e-07 1.000000003004718680e-06 1.124286794678941957e-03 1.000000000000045271e-06 9.999999999999999547e-07 9.999999999999999547e-07 1.443514693766424859e-03 1.005189422017331443e-06 2.811611200731106014e-02 1.756304966144794222e-05 1.002665745934258588e-06 1.000920136555410837e-03 2.486681398587765185e-02 1.672803025551190446e-04 1.000000000000069835e-06 1.000000092283220577e-06 2.113583874411804683e-06 9.999999999999999547e-07 1.242376116720807612e-03 6.561412666654701807e-06 9.999999999999999547e-07 1.000005951433840583e-06 9.999999999999999547e-07 4.999555628947435083e-06 1.000000000000000378e-06 6.282235089583904260e-03 6.490813754088664567e-02 9.999999999999999547e-07 1.149515254657382510e-06 2.061432989876761849e-05 6.933381023074217109e-02 7.568888577027343620e-03 2.586132223929633878e-02 1.013555748743797010e-02 5.281767227997798738e-04 1.952034782525227633e-05 4.138705307069658230e-03 6.369446012242401174e-05 4.253247224891305704e-04 9.999999999999999547e-07 1.093529268648265979e-05 9.999999999999999547e-07 1.001034379856241162e-06 9.999999999999999547e-07 7.850821606931151890e-06 1.167173051628461381e-06 2.411255512371958934e-06 1.000000000506152539e-06 1.000156479103015475e-06 3.255475597418231825e-04 1.000113231702042289e-06 3.870672547784135891e-04 4.218210374573689755e-06 8.886980583633392883e-02 1.000000000011164273e-06 1.000115267254444219e-06 9.550648225766228752e-03 2.584662375657405392e-05 1.000000001089662313e-06 9.999999999999999547e-07 8.582190747884306810e-06 1.030186424236141512e-01 2.637076365379237286e-02 1.228807833368621887e-06 5.343473748318460480e-05 4.656576290213168545e-03 1.000010993365554136e-06 4.819780070896296717e-03 1.258683716459569335e-01 1.000000000320629242e-06 1.496031907529234367e-03 4.175701796630709728e-02 5.934567312667940985e-03 9.999999999999999547e-07 3.424323456893729506e-04 9.999999999999999547e-07 2.914712004229936463e-04 1.000000000000016895e-06 5.163533707779130731e-05 8.099330461994901824e-04 1.000009507941866575e-06 5.387109737495485341e-05 7.176431568029495140e-06 9.999999999999999547e-07 2.058790109504516838e-02 8.497256150639662109e-02 9.999999999999999547e-07 1.000000000643572835e-06 1.258348813193852812e-03 1.030564428010490030e-02 9.448387163543654028e-05 3.146353763072842822e-04 1.000001616681891903e-06 9.999999999999999547e-07 1.207418430321305872e-06 7.327787368525678264e-06 2.625903578575304550e-06 2.076058510813079058e-02 3.299405540047636171e-02 4.098591663702333410e-02 9.999999999999999547e-07 4.431711929956903655e-03 1.117141518663590715e-06 9.999999999999999547e-07 1.294244616620032935e-02 1.619515634791355793e-04 1.000016157127972504e-06 9.999999999999999547e-07 1.000000000000018801e-06 1.007080099259627646e-06 1.961061086261339556e-05 1.416119466547670694e-03 3.084445827571141718e-03 5.899584983799992244e-03 2.391330872724889423e-03 3.322114796053112894e-03 3.520421870631716492e-04 9.999999999999999547e-07 1.034201684824699604e-06 6.266901728594682051e-03 2.051204927045185457e-03 1.000065795771722057e-06 1.608348257614856643e-04 9.999999999999999547e-07 3.791157557276413596e-05 4.731316111218682326e-04 3.760680742868185295e-02
5.184125567766354905e-06 3.004994223147221255e-02 1.555187812671491622e-02 5.790501780314790114e-05 1.218654872585014232e-04 3.077655112472622899e-04 1.003838224570295833e-06 1.001379453685679059e-06 4.581637251482741265e-03 1.000032505264087532e-06 9.999999999999999547e-07 1.000000371765581760e-06 8.886590014364745055e-04 9.999999999999999547e-07 9.999999999999999547e-07 9.999999999999999547e-07 4.781427710165654025e-04 1.004202266783287809e-06 2.696596773130948907e-02 5.110503122603326029e-06 1.005172269997525310e-06 1.098766845641161631e-03 2.916330990143563631e-02 1.431606293232218490e-04 1.000000000004783150e-06 1.000000076033610074e-06 1.469170699689917953e-05 9.999999999999999547e-07 3.209043077122333224e-03 6.310723947758656213e-06 1.000004283644417511e-06 1.000000000002359153e-06 9.999999999999999547e-07 1.893266992940288750e-05 1.000000000891814687e-06 6.183149097530702028e-03 6.580875192303214938e-02 9.999999999999999547e-07 1.200924714426817662e-06 1.091140633810107661e-05 7.763493262609907908e-02 6.607539870774247794e-03 2.041186412105434195e-02 8.708204080393048760e-03 2.694879110534405915e-04 1.072485344603158483e-04 3.039927843495556815e-03 6.667945976578484087e-05 6.918828817039939958e-04 9.999999999999999547e-07 8.034996125004847110e-06 9.999999999999999547e-07 1.008053667348280563e-06 9.999999999999999547e-07 1.136562032018921997e-04 1.460048715758252882e-06 1.002437967919343414e-06 1.000000000008082343e-06 1.000015427467690207e-06 1.085861261185244443e-04 1.000678727127546458e-06 2.370920535212389267e-04 1.215594218367176422e-05 8.211129078704443307e-02 1.000000000000014143e-06 1.000000129099525841e-06 1.030631817237976679e-02 2.752426200740307077e-05 1.000000000651293964e-06 9.999999999999999547e-07 6.760506181445044010e-06 9.823898132521659277e-02 2.709870463905136861e-02 1.032884272752080561e-06 1.174636269021101220e-04 3.477811202264040075e-03 1.000528312388668894e-06 4.735958841621853120e-03 1.203435677457287134e-01 1.000000000029833937e-06 9.860575758687201500e-04 3.797479868332732239e-02 5.805500948147087649e-03 9.999999999999999547e-07 1.113722714598086149e-04 9.999999999999999547e-07 1.872738979019409852e-04 1.000000000000000378e-06 4.798779127309583996e-05 1.646505154770910428e-04 1.002165635609118837e-06 6.146740379608635688e-05 1.736146390122390887e-06 9.999999999999999547e-07 2.310520501137232341e-02 8.241534239118873673e-02 1.000000000002570700e-06 1.000000000000430036e-06 1.334429028170097805e-03 1.042407792885843149e-02 5.313571684147779070e-05 4.738754569749447677e-04 1.000001416659785312e-06 9.999999999999999547e-07 1.013149494161180901e-06 2.101156560529543258e-06 1.575455018092958141e-05 1.810393589348547119e-02 4.842487234668400170e-02 3.376357839797575894e-02 9.999999999999999547e-07 5.605124824784688854e-03 1.042934277730268965e-06 9.999999999999999547e-07 1.321231797467968191e-02 3.894576651812898594e-05 1.000047249745588614e-06 9.999999999999999547e-07 1.000000000000036377e-06 1.014929714637308454e-06 2.286267002047457367e-05 2.046960696893745414e-03 3.779331192073264768e-03 1.109114106342490476e-02 2.559396324809527171e-03 3.181513996624874170e-03 3.483694014644706741e-04 1.000000000000049718e-06 1.063208202418992833e-06 4.265966401258077488e-03 2.407451438504546164e-03 1.000524497746578250e-06 8.041412321192984163e-05 1.000000000000006096e-06 1.959994030606312560e-05 3.456759797013949200e-04 3.846515843383707667e-02
1.512389000370375521e-05 3.277815859604821941e-02 8.627835111544041730e-03 6.653917172063423429e-05 8.506951908463450336e-06 1.473378124063066583e-04 1.000041142116707707e-06 1.000006227521492766e-06 2.880539946791175511e-03 1.000003433441488627e-06 9.999999999999999547e-07 1.000000144962105815e-06 1.079077934244168906e-03 1.000000000000001861e-06 9.999999999999999547e-07 9.999999999999999547e-07 1.051995921725518189e-03 1.227565079326771722e-06 2.796878088956150990e-02 1.734924992766482079e-04 1.029593931072895195e-06 9.113263733000439345e-04 2.610903814483619620e-02 3.551013875184197655e-05 1.000000000000163856e-06 1.000000100165203082e-06 3.673495695769407261e-06 9.999999999999999547e-07 1.897667320666036493e-03 6.807414678798042597e-06 9.999999999999999547e-07 1.000000000981995320e-06 9.999999999999999547e-07 7.141410923231035708e-06 1.000000000881351501e-06 6.329340647275652487e-03 6.088559480606016427e-02 9.999999999999999547e-07 1.254072146199823074e-06 1.892279142422889597e-05 6.682244846004355143e-02 8.922644581489997187e-03 2.230397861596044445e-02 1.032044986475309269e-02 3.784014589013700268e-04 4.513960450646249505e-05 4.004039876490929351e-03 1.432803277262755036e-05 5.658237897123147677e-04 9.999999999999999547e-07 1.405207426860709301e-05 9.999999999999999547e-07 1.161458651405342378e-06 1.000464314910545733e-06 1.999117708271904860e-05 2.408983204288606266e-05 1.090368043888571003e-06 1.000000001765709802e-06 1.000001980354305349e-06 2.104232038312649645e-04 1.008014834680780229e-06 6.688424620608606061e-04 2.082777627247835105e-05 8.288332100149622961e-02 1.000000000003250655e-06 1.000000098736339392e-06 9.512366257014664289e-03 5.374253644411328693e-05 1.000000029766894691e-06 9.999999999999999547e-07 4.537447315529433461e-06 1.063783155235398653e-01 2.536514112447203068e-02 1.063998441315990572e-06 1.178204187177698549e-04 4.522777578799837446e-03 1.000008517021092430e-06 6.104028327622620063e-03 1.162459546513471415e-01 1.000000019327440621e-06 1.726477343577691170e-03 4.906915420602586675e-02 6.534897188599482834e-03 9.999999999999999547e-07 1.395333940444075437e-04 9.999999999999999547e-07 1.883630019690785585e-04 1.000000000000000590e-06 6.897440859344145068e-05 9.190245323722138603e-04 1.133664163908470538e-06 8.303180467312306755e-05 2.430925509247763898e-06 9.999999999999999547e-07 2.122631419243628526e-02 8.585906283506009040e-02 1.000000000000001861e-06 1.000000000959768964e-06 1.468764987689864365e-03 8.879506017716790392e-03 4.552435679488043110e-05 2.912399155507128202e-04 1.000012744472013365e-06 9.999999999999999547e-07 1.009496553295137113e-06 1.932862740247545482e-06 9.599091812308821090e-06 2.341839764038108201e-02 3.245121315687759384e-02 4.712110877108995760e-02 9.999999999999999547e-07 5.379028826540046583e-03 1.013989138414564751e-06 9.999999999999999547e-07 1.369993333641340329e-02 1.939874076621279702e-04 1.000012203661212411e-06 9.999999999999999547e-07 1.000000000001079075e-06 1.008077116154678942e-06 3.373438659975607292e-05 1.878765547713222338e-03 2.890176068348205077e-03 8.708872510878443163e-03 2.451841559392599693e-03 3.412302554031860190e-03 6.385107168707271786e-04 1.000000000604643413e-06 1.377174494499638411e-06 5.672990375078678336e-03 1.838053386271162491e-03 1.000048597233278542e-06 7.506151518038354749e-05 9.999999999999999547e-07 2.909112394762424186e-05 7.929112478190111736e-04 3.635491378578373234e-02
3.034748014016760403e-05 3.305785637869813887e-02 1.057097554048391091e-02 3.634693385642459736e-05 3.282336975604100554e-05 1.409910859769190851e-04 1.000000195141838764e-06 1.020128093344980989e-06 3.744548292900572607e-03 1.000001672843094335e-06 9.999999999999999547e-07 1.000004314238341876e-06 6.409406476547140378e-04 9.999999999999999547e-07 9.999999999999999547e-07 9.999999999999999547e-07 3.641085573940133768e-03 1.006115595541281709e-06 2.293399838549899442e-02 6.565915024283508250e-06 1.000580055012724941e-06 5.286768867363116076e-04 2.581050227938096880e-02 1.071321110231080283e-04 1.000000000025586067e-06 1.000000064908312156e-06 1.006787040158495151e-06 9.999999999999999547e-07 1.385390322996154144e-03 3.062838571344787276e-06 9.999999999999999547e-07 1.000000001216869510e-06 9.999999999999999547e-07 5.851253838173748309e-06 1.002804471767065810e-06 6.995635258629292509e-03 6.821638093909379585e-02 9.999999999999999547e-07 1.295493694852904072e-06 4.337518372470677279e-06 7.438449112480043091e-02 6.984923847404459624e-03 2.036052935341635048e-02 1.086889631786855902e-02 2.627817854128469731e-04 1.874715006658627531e-05 3.000773291100454487e-03 6.024846214093517134e-06 4.397025220340908540e-04 9.999999999999999547e-07 4.604893302240775260e-06 9.999999999999999547e-07 1.031009689861404822e-06 9.999999999999999547e-07 1.860937810656464409e-05 3.333614827733519777e-06 2.085920739753608350e-06 1.000000000979176183e-06 1.000003436450930197e-06 2.993741660912804152e-04 1.001566994450638881e-06 5.767963989041762635e-04 3.568771950305465207e-06 8.345665391243380082e-02 1.000000000002500608e-06 1.000091929434727603e-06 7.861150776341351357e-03 2.887891354492707393e-05 1.000000001154705762e-06 1.000000000000000378e-06 1.222727686584394091e-06 1.108813478417241399e-01 2.898759033024329856e-02 1.008124249703497826e-06 1.238616176982860876e-04 3.760379346425540489e-03 1.031334642964599706e-06 6.016603226226844257e-03 1.253614286225009922e-01 1.000000004509725974e-06 1.173232782734508900e-03 4.123643782889217790e-02 5.581660732423155552e-03 9.999999999999999547e-07 9.626450858799890297e-05 9.999999999999999547e-07 2.098345699816271063e-04 9.999999999999999547e-07 3.015005803908599958e-05 4.731897202793940160e-04 1.012826931513081137e-06 2.606676627432423011e-04 2.928260991317418012e-06 9.999999999999999547e-07 2.105165428105915115e-02 8.636365546886787259e-02 1.000000000022307203e-06 1.000000000001231329e-06 8.809182769450861787e-04 8.638522137845959514e-03 2.022637988607560881e-05 1.637269666433791081e-04 1.000001048072504694e-06 9.999999999999999547e-07 1.006951656593528505e-06 1.786601164876308693e-06 1.090554917234154767e-04 1.901325643161945120e-02 3.294118235528334382e-02 3.858601364174042703e-02 9.999999999999999547e-07 5.539674104078035760e-03 1.037016490427286065e-06 9.999999999999999547e-07 1.363695424653607775e-02 1.362851403891646900e-04 1.000031779798226204e-06 9.999999999999999547e-07 1.000000000000325427e-06 1.000273611948743041e-06 2.016603132065530432e-05 1.179434891916262456e-03 3.305428020011809929e-03 6.615175921562488695e-03 2.096598167067977372e-03 2.711196135103614412e-03 3.031717200919672572e-04 1.000000000342183266e-06 1.024489335483438185e-06 5.275900139177476002e-03 2.061914835857783790e-03 1.000000623885118081e-06 1.054425147046084133e-04 1.000000000002026269e-06 1.155284527322119584e-05 4.898446861955489716e-04 3.815060109599738292e-02
7.135717925504856880e-06 2.427886770983642833e-02 1.020355026448028883e-02 5.481126315116392598e-05 2.678002558042750104e-04 6.486785837685590990e-05 1.000215393700690439e-06 1.000087536710175570e-06 3.057355925228045536e-03 1.006529147141364694e-06 9.999999999999999547e-07 1.000008871093347742e-06 6.914436645617242543e-04 1.000000000010572620e-06 9.999999999999999547e-07 9.999999999999999547e-07 9.303270506602044371e-04 1.017698497431610894e-06 3.308097626713272371e-02 5.549718156291489062e-05 1.007923954904754628e-06 7.356183650742613520e-04 2.801223855640755725e-02 5.186961243916599860e-05 1.000000000033335783e-06 1.000028288050781398e-06 1.577734803251375542e-06 9.999999999999999547e-07 1.883021973994403273e-03 8.185934933128871226e-06 1.000000000000100752e-06 1.000000021332808911e-06 9.999999999999999547e-07 2.664869904004164631e-06 1.000000000930003803e-06 7.452470970172232582e-03 6.334999980548985943e-02 9.999999999999999547e-07 1.492457985329937605e-06 9.051565454168645911e-05 6.882645611717855272e-02 7.374525950671764231e-03 2.493791322171011460e-02 1.099000953115041382e-02 3.343343306263059432e-04 6.425019242221590029e-05 3.593327445494618085e-03 9.349084878971638670e-06 1.307111003358110788e-03 9.999999999999999547e-07 1.249595924819329108e-05 9.999999999999999547e-07 1.143806054072115646e-06 1.000000000000249194e-06 4.015401712882458291e-04 1.469739187696157367e-06 1.006573717684848243e-06 1.000000312724534223e-06 1.000007842324342282e-06 4.390830304718804414e-04 1.004804328304592122e-06 6.161813629858449827e-04 7.021872734428143009e-06 8.907866462350029491e-02 1.000000000001341443e-06 1.000445370681946466e-06 8.570806499098835435e-03 3.161176913939596446e-05 1.000000039385542918e-06 1.000000000000284134e-06 1.509505379098290380e-05 9.464324136736812498e-02 1.973505998988105484e-02 1.007340401590997960e-06 1.319720701798306455e-04 4.435163931111952944e-03 1.000270575974316870e-06 6.669203781231761857e-03 1.224227754076911284e-01 1.000000002739346434e-06 1.567186568765171822e-03 4.775240282721100044e-02 8.030390251340545696e-03 9.999999999999999547e-07 3.037512583847952756e-04 9.999999999999999547e-07 2.942919272721482987e-04 1.000000000000000167e-06 1.381311307897480599e-04 7.324452140679577755e-04 1.010763302386828929e-06 1.748593579976031340e-04 3.191572168597215734e-06 9.999999999999999547e-07 2.261474049668161027e-02 8.387662358307984567e-02 1.000000000000744073e-06 1.000000000000541209e-06 1.348605058335208308e-03 9.170366258715261995e-03 3.861803689711540373e-05 2.931721114408996037e-04 1.000003322196985706e-06 9.999999999999999547e-07 1.004670388910806310e-06 1.482516803198419863e-06 2.073179823433656391e-06 2.300808509786555003e-02 3.948820363915813564e-02 3.976977903718643959e-02 9.999999999999999547e-07 5.839894658178140449e-03 1.076595602501308535e-06 9.999999999999999547e-07 9.819482244865802151e-03 1.685197440985694941e-04 1.000001270963832976e-06 9.999999999999999547e-07 1.000000000000012660e-06 1.046611943157008231e-06 2.028692562676773044e-05 1.005308005655657479e-03 3.541998963010872629e-03 8.658153574919127959e-03 2.793332620082833971e-03 2.802873411551530265e-03 3.274808905108261056e-04 1.000000000000075764e-06 1.079904083670029018e-06 6.179871143780024320e-03 1.945348428731860082e-03 1.000000706874318606e-06 1.450056951379939316e-04 1.000000000007198041e-06 3.430629708504651142e-05 3.365556814759787757e-04 3.892481569946141390e-02
1.884695830449670994e-06 2.307439100926615347e-02 4.182271720137658265e-03 1.721362590121272909e-04 3.158161142602704480e-05 1.419288381704201553e-04 1.000000606560100148e-06 1.027655535976575712e-06 4.984144363957380107e-03 1.006711825675938482e-06 9.999999999999999547e-07 1.000131643207285136e-06 4.535532335369504516e-04 1.000000000002132148e-06 9.999999999999999547e-07 9.999999999999999547e-07 2.382169126708178625e-03 1.183655501768710389e-06 5.646809783534544741e-02 1.126865436840357107e-04 3.024508873197179010e-06 7.351165755215161458e-04 1.814607768874295854e-02 1.088553062407604933e-04 1.000000001613025125e-06 1.000000051075950090e-06 5.246608671529264823e-06 9.999999999999999547e-07 7.777597862416671956e-04 3.816822850272797417e-05 9.999999999999999547e-07 1.000000797724942452e-06 9.999999999999999547e-07 4.653174947670981855e-06 1.000017067286083398e-06 1.482612941202942312e-02 3.716725610865873053e-02 9.999999999999999547e-07 3.782269276992870971e-06 1.465861181062013687e-04 3.513870058625215287e-02 1.917365977895483728e-02 2.186367765424046886e-02 9.303907059535168611e-03 8.666893106232112032e-04 1.132275332539726546e-04 8.416201138153167616e-03 1.257539682698105054e-05 1.461029517328875458e-03 9.999999999999999547e-07 6.490862634204666451e-05 9.999999999999999547e-07 1.092381496600163414e-06 9.999999999999999547e-07 1.078048271799399850e-05 1.754143409983956340e-06 1.033798616386824080e-06 1.003257390822932326e-06 1.000070750583465042e-06 2.021520341674563654e-04 1.004960303497079175e-06 1.717668239236708454e-03 1.131549176603512424e-05 1.299563187390905539e-01 1.000000000021685269e-06 1.000003370641383409e-06 6.812664887072904241e-03 1.835121259517887807e-04 1.000000642104773271e-06 9.999999999999999547e-07 2.044477790075072127e-05 7.845542337838640190e-02 1.449382446441479719e-02 1.220529402632989560e-06 1.227842528260855021e-04 1.374917960021141382e-02 1.000015144396004041e-06 6.251319308024401097e-03 1.130170363721386267e-01 1.000000616746995040e-06 3.767378621909414638e-03 9.848826770382053397e-02 1.442575889767763395e-02 9.999999999999999547e-07 3.744569910275998351e-04 9.999999999999999547e-07 7.145015792981460013e-04 1.000000000003464955e-06 1.409194594733991987e-04 9.413317917710056423e-04 1.006634698354406953e-06 1.198759405048274739e-04 1.600639912869186073e-05 9.999999999999999547e-07 1.931886844634840214e-02 5.870412072037707596e-02 1.000000000000002919e-06 1.000000313189434185e-06 5.731680702188351800e-04 7.809668151590461183e-03 2.332255538894840126e-05 1.328040499843768539e-03 1.014398693613874848e-06 9.999999999999999547e-07 1.246242776309032115e-06 2.913079415277918794e-06 9.785975268503805513e-06 4.378720651330805791e-02 1.509774216356051142e-02 3.625740229316911506e-02 9.999999999999999547e-07 5.733567041505897854e-03 2.826537553860783807e-06 1.000000000000000802e-06 1.110130011354261079e-02 2.239270491251431209e-04 1.000025798466182733e-06 9.999999999999999547e-07 1.000000000000642853e-06 1.160925282490752458e-06 7.206150155984404517e-05 1.603741606042134770e-03 2.360119667028293643e-03 4.781802834086928793e-03 6.180530900554553723e-03 4.847465941920525538e-03 1.121379306334758597e-03 1.000000000018246315e-06 2.060077542894344435e-06 3.662271926545111831e-03 2.395089906190334128e-03 1.000102767377202347e-06 4.733650849590811168e-04 9.999999999999999547e-07 1.051320454482090617e-04 4.947110898741317918e-04 2.763465407427534784e-02
6.977657587954576177e-06 2.671330883048488383e-02 7.414736208833233588e-03 1.766958902454135081e-04 7.944725162209298391e-06 1.056914782680397027e-04 1.000074839977984094e-06 1.000002285871603770e-06 3.536401113363894875e-03 1.001615528690547497e-06 9.999999999999999547e-07 1.000772477845595975e-06 7.591807633112165670e-04 1.000000000000003766e-06 9.999999999999999547e-07 9.999999999999999547e-07 9.985062353167759638e-04 1.000831941812691845e-06 3.437061642168621339e-02 3.024864880351849815e-05 1.002474035575391045e-06 5.878513788168554001e-04 2.791284463215469233e-02 7.101453931242546918e-05 1.000000000000088470e-06 1.000063107133900944e-06 1.892233853434094801e-06 9.999999999999999547e-07 1.290519077293420100e-03 5.946589936030937745e-06 9.999999999999999547e-07 1.000000000092103776e-06 9.999999999999999547e-07 1.053358749357228647e-05 1.000000000655531246e-06 7.257179564651467830e-03 5.322700418978464076e-02 9.999999999999999547e-07 1.104306677531951021e-06 1.449986942535089634e-05 6.074501036286679423e-02 9.320007009950096247e-03 2.676892571667337933e-02 1.147030826305451244e-02 4.797869952147635762e-04 8.795811745653076236e-05 3.859332744293241229e-03 7.470340869303285432e-06 3.288135814789876384e-04 9.999999999999999547e-07 8.604209958078428948e-06 9.999999999999999547e-07 1.189684217534253585e-06 1.000000000000005460e-06 2.867194407386667985e-05 2.532293219033245993e-06 2.342811583341473734e-06 1.000005502791039842e-06 1.000001379284833020e-06 3.732461401640021332e-04 1.001683417400913572e-06 5.587390384663614351e-04 5.288648523792036377e-06 9.715338209786694712e-02 1.000000000000254912e-06 1.002539106160021797e-06 6.343134165372735743e-03 3.825084432635018358e-05 1.000000010523489646e-06 9.999999999999999547e-07 1.282874633383728606e-06 9.906579102481330446e-02 2.123335504038844149e-02 1.000804796653565800e-06 1.301689671989349065e-04 6.086331970151790012e-03 1.000050282250044578e-06 5.401972476271109033e-03 1.239072540823290686e-01 1.000000006464579760e-06 1.810590350610545530e-03 5.080523511933859870e-02 7.310666215113158575e-03 9.999999999999999547e-07 1.548366059579351620e-04 9.999999999999999547e-07 2.069026504221975385e-04 1.000000000000009272e-06 5.688585423200166470e-05 5.696944118933666744e-04 1.000808349655383610e-06 1.790111863917168101e-04 1.537162967647508299e-06 9.999999999999999547e-07 2.352411001149713396e-02 8.112289139851291964e-02 1.000000000000000167e-06 1.000000000001096015e-06 1.121135862555114890e-03 1.028769468773159911e-02 2.444235870560234502e-05 2.574047027242164134e-04 1.000000566388138762e-06 9.999999999999999547e-07 1.001509314318767693e-06 5.230319903631227690e-05 1.758434828152157922e-06 2.224831070994126928e-02 3.127433054458415157e-02 4.550586187015346479e-02 9.999999999999999547e-07 6.167039471518911617e-03 3.629692794978283313e-06 9.999999999999999547e-07 1.322580472103177321e-02 1.911179631752763051e-04 1.000006313190567893e-06 9.999999999999999547e-07 1.000000000000134845e-06 1.001102731723529076e-06 2.904115980675344425e-05 1.583764055682364844e-03 2.743381745609926696e-03 7.426000423884169394e-03 2.417488144977141592e-03 3.908176711811611574e-03 3.508773175766716473e-04 1.000000000000305734e-06 1.024989600181054457e-06 7.084354872573659333e-03 3.997452551223968677e-03 1.000039456221291525e-06 3.099631746543381520e-04 1.000000000003777510e-06 4.417043501192839455e-05 5.855087871933454396e-04 3.559273667134678354e-02
9.914842460148028450e-05 2.920975218175688240e-02 8.900208682621394904e-03 4.935851815278690286e-05 1.163440938605293031e-04 1.765392050238027836e-04 1.000000086661191856e-06 1.000021162645121955e-06 6.391766061969125258e-03 1.000010246720984980e-06 9.999999999999999547e-07 1.000000002275234636e-06 5.594155153697803360e-04 9.999999999999999547e-07 9.999999999999999547e-07 9.999999999999999547e-07 2.048730737506316776e-03 1.077139261772743329e-06 3.061371152429641015e-02 1.125344770172905294e-05 1.012887025801501241e-06 6.443176876235088505e-04 2.555296371618208037e-02 2.913710629149687052e-05 1.000000000000004190e-06 1.000000027040501886e-06 1.216268589562318692e-06 9.999999999999999547e-07 1.299623216806650942e-03 5.005324350099006068e-06 9.999999999999999547e-07 1.000000000000543115e-06 9.999999999999999547e-07 1.695463362051768773e-05 1.000000000678845405e-06 7.798103628883948195e-03 6.073593700157167707e-02 9.999999999999999547e-07 1.013917402067488794e-06 5.547215533048856364e-06 6.622168642700643204e-02 5.773178133538261515e-03 2.520679935242433126e-02 9.210039219620859419e-03 2.563042990296415477e-04 3.024889609618033713e-05 3.944334624834299613e-03 4.074729958105213105e-06 6.124027507007089076e-04 9.999999999999999547e-07 1.014902592722880252e-05 9.999999999999999547e-07 2.806908765712475516e-06 9.999999999999999547e-07 2.524307717298503195e-05 2.832301015320815370e-06 1.074142246320859842e-06 1.000004558508035510e-06 1.000002034148806458e-06 1.997402786082583530e-04 1.000522976094296059e-06 3.413042311081917308e-04 3.885829665233045509e-06 8.608656899032887666e-02 1.000000000000626547e-06 1.000000028938979489e-06 7.407443516338309449e-03 1.436324096932109053e-05 1.000000270848461767e-06 9.999999999999999547e-07 1.783799155922228486e-06 1.070699666148983015e-01 2.208802402344562862e-02 1.000573224450455788e-06 1.089358121414809916e-04 4.434864952053644421e-03 1.000000898246601608e-06 6.289006502146119587e-03 1.326699848047492303e-01 1.000000000108786726e-06 1.043523778831505341e-03 4.364178287339965517e-02 7.743827063443019937e-03 9.999999999999999547e-07 1.128761563406491210e-04 9.999999999999999547e-07 2.935300139420713101e-04 9.999999999999999547e-07 4.513150757931974676e-05 5.971402700839344027e-04 1.003757423634126827e-06 2.626911043867819360e-05 2.404899787814152627e-06 9.999999999999999547e-07 2.177628674452445137e-02 8.555299247267939000e-02 1.000000000000470270e-06 1.000000000000020707e-06 7.791509817407377960e-04 9.963557255630200657e-03 7.156927347913817161e-05 2.759846435920246775e-04 1.000006419299959618e-06 9.999999999999999547e-07 1.016477203492507015e-06 3.665496714091588779e-05 2.001415102620734071e-06 2.135985460901359753e-02 3.447745139483929244e-02 3.837477775603940350e-02 9.999999999999999547e-07 5.100544516278463815e-03 1.137823207436636108e-06 9.999999999999999547e-07 1.120153381662664267e-02 2.055188021566755219e-04 1.000001595979480654e-06 9.999999999999999547e-07 1.000000000000443376e-06 1.008245145330645356e-06 1.424986113466694144e-05 1.226165907339946213e-03 3.049052515475324764e-03 7.944636208738677097e-03 3.301144918171132221e-03 2.963420463933407346e-03 3.366729808306174543e-04 9.999999999999999547e-07 1.820425459001340954e-06 4.953064241976420749e-03 2.079616196181545244e-03 1.000017746607920159e-06 9.161174542621877183e-05 9.999999999999999547e-07 1.887901403716482244e-05 8.971400281819698255e-04 3.824080908621705494e-02
6.973214891139381301e-06 2.748527946836886587e-02 1.195416511765191522e-02 6.298518500774407693e-05 2.956672385309081569e-06 8.318800472745406841e-05 1.000019451789726401e-06 1.000091682675415248e-06 2.900901989142643661e-03 1.000001506090381716e-06 9.999999999999999547e-07 1.000117202185300845e-06 5.402399103862639629e-04 1.000000000001009830e-06 9.999999999999999547e-07 9.999999999999999547e-07 9.560161595027813876e-04 1.001061812469675323e-06 2.575989844505104792e-02 3.510653233502579739e-05 1.000218288001518547e-06 5.726738621905600466e-04 2.758356717925085008e-02 3.238750821349421701e-05 1.000000000000048659e-06 1.000000001337815862e-06 1.154974748510489436e-06 9.999999999999999547e-07 2.654614387262669434e-03 2.775304297676772707e-06 1.000000000000001225e-06 1.001565638916127060e-06 9.999999999999999547e-07 1.023510624024467418e-05 1.000000000000001225e-06 5.418421655021519318e-03 6.290737951449243415e-02 9.999999999999999547e-07 1.318770229446802130e-06 7.555600209244936878e-06 7.291380466715219333e-02 6.592075566857398018e-03 2.413406988176367007e-02 1.031765970332750894e-02 3.149920514968725712e-04 6.373564505880095592e-05 3.687031603664997666e-03 1.253310397307693201e-05 2.327790486513968372e-04 9.999999999999999547e-07 9.494894495625550319e-06 9.999999999999999547e-07 1.837318583741896609e-06 9.999999999999999547e-07 7.593836211223893886e-06 4.404502887945741002e-06 1.934109138355438473e-06 1.000000136052522208e-06 1.000004563105960529e-06 6.833566297340416948e-04 1.000227338009269752e-06 2.695057778938571465e-04 1.337570815416759589e-05 8.226081511752114661e-02 1.000000000000009060e-06 1.000250399067397927e-06 8.410936335597784738e-03 1.854943395221379126e-05 1.000000160986196125e-06 1.000000000000000167e-06 1.702425282825343499e-05 1.014940202447170009e-01 2.212405733256463461e-02 1.018440279962654174e-06 5.167298421273918330e-05 3.888394798680535648e-03 1.000088419635421022e-06 6.658883369577107622e-03 1.227649970438038918e-01 1.000000000023070803e-06 1.424566308634719067e-03 4.290774376996162043e-02 5.781947149823108735e-03 9.999999999999999547e-07 2.107550513617400807e-04 9.999999999999999547e-07 2.512585903567095074e-04 9.999999999999999547e-07 7.661473193637391844e-05 3.907989055917474594e-04 1.014275559218381754e-06 4.771357788750834120e-04 5.785017920708379883e-06 9.999999999999999547e-07 2.285749107458955737e-02 8.808424561629675520e-02 1.000000007699877999e-06 1.000000000072698675e-06 1.100108982672104094e-03 9.377259844258897803e-03 1.198222418567915036e-05 7.464171179906977846e-05 1.000000000001925049e-06 9.999999999999999547e-07 1.022722911907532871e-06 1.712216575945798831e-05 2.378215562055255207e-06 1.997966786073080217e-02 4.411516199950103051e-02 4.336205584491129722e-02 9.999999999999999547e-07 4.680868472948368324e-03 1.100540016248775468e-06 9.999999999999999547e-07 1.104083095158080348e-02 9.194092962302102216e-05 1.000000102398201525e-06 9.999999999999999547e-07 1.000000000000007155e-06 1.006682844169702897e-06 1.770927567708649114e-05 1.424634250894828060e-03 2.464715919182848027e-03 1.052085412392044818e-02 2.817963744298575181e-03 2.519241671635890321e-03 2.779557445239206823e-04 1.000000000000001437e-06 1.088862370822536693e-06 6.226908478832914040e-03 2.246106001834151638e-03 1.000017621094615092e-06 1.114800915751188495e-04 9.999999999999999547e-07 4.796312937610474724e-05 6.417232005544720860e-04 3.851579845639201832e-02
2.613476849113998596e-06 3.170561841620770510e-02 6.209897081500939491e-03 7.085493167699229231e-05 1.436344140664705784e-04 1.996720482030381544e-04 1.000039202689355505e-06 1.000313976189524746e-06 7.658897231521045838e-03 4.656055077551136148e-06 9.999999999999999547e-07 1.000000007580586961e-06 1.134299945648292382e-03 1.000000000000098422e-06 9.999999999999999547e-07 9.999999999999999547e-07 2.187519746627751126e-03 1.001259556732979204e-06 3.553809206673765042e-02 1.393142320130354942e-05 1.070348691543952557e-06 9.776592907614657657e-04 2.311710461960690341e-02 6.871291089891604434e-05 1.000000011742700612e-06 1.000170405813309894e-06 1.232780793892587831e-06 9.999999999999999547e-07 1.060075083354275905e-03 1.216507304653227937e-05 9.999999999999999547e-07 1.000001206813617804e-06 9.999999999999999547e-07 5.448717057708983055e-06 1.000000000005976196e-06 9.320624874628674617e-03 5.484659656791270044e-02 9.999999999999999547e-07 2.810051830365830526e-06 1.689967481602196555e-05 5.582273473430328370e-02 1.257175850398372166e-02 2.023286964473138341e-02 9.521695705173130117e-03 8.318285165206529145e-04 2.769435981364160829e-04 5.731617762968631465e-03 6.995425879069490263e-05 3.445810588307159604e-04 9.999999999999999547e-07 1.008224788361407089e-05 9.999999999999999547e-07 1.095204845136145947e-06 1.000000000000004190e-06 5.207567719350581918e-05 1.439349380092795327e-06 5.064797729446798766e-06 1.000000010218892786e-06 1.000241186025256064e-06 2.893338887115888742e-04 1.016041567160714765e-06 5.973377741134771809e-04 1.340789532620374380e-05 9.357552366652770182e-02 1.000000000024459090e-06 1.000340707446792879e-06 9.520514966635241355e-03 8.307600178783602180e-05 1.000000084082726791e-06 9.999999999999999547e-07 3.768133917597812980e-05 1.043619268591406551e-01 2.253966363798681066e-02 1.023916069366455683e-06 1.536836514113038032e-04 7.836910480935788473e-03 1.000000700761139101e-06 6.373863550872123536e-03 1.116522428347491852e-01 1.000000001913340445e-06 2.259803423494720961e-03 5.851527863301778792e-02 1.138507945767032459e-02 9.999999999999999547e-07 1.284381600806016937e-04 9.999999999999999547e-07 2.576869174592265636e-04 1.000000000000007155e-06 6.233974912139798462e-05 4.876642378970398616e-04 1.000248161012574495e-06 6.139287398419798563e-05 3.298332371118522825e-06 9.999999999999999547e-07 2.001824196177163021e-02 7.751794033518955018e-02 1.000000000000003978e-06 1.000000000018441980e-06 1.150915483513332421e-03 9.696150506499360416e-03 2.937084222125493810e-05 2.973143405779495431e-04 1.000946279333803272e-06 9.999999999999999547e-07 1.010310943259490534e-06 1.708338294375311928e-05 2.282482296554017892e-06 2.659390892145517896e-02 2.585465985716351237e-02 4.849083761929473546e-02 9.999999999999999547e-07 4.443780041953226956e-03 1.085969907386561124e-06 9.999999999999999547e-07 1.240050683255997446e-02 8.887954132267650385e-05 1.000011854926533098e-06 9.999999999999999547e-07 1.000000000000628665e-06 1.110699826780024188e-06 6.361469576130458574e-05 2.173306883458150669e-03 2.577839556021420050e-03 7.074113773619179930e-03 3.076924435295189195e-03 5.287511648173951959e-03 4.715941611359398080e-04 1.000000000000000167e-06 2.146515232251037585e-06 5.867284897429070681e-03 3.531564341366276449e-03 1.000100953961186232e-06 7.754644064963878613e-05 1.000000000006083769e-06 1.060896638904468557e-04 8.441552696896467787e-04 3.236220873323589903e-02
8.106556367525431724e-06 3.235303543599556825e-02 9.913660518257969012e-03 5.244820150483946294e-05 3.113563624892642607e-06 1.104419532145262545e-04 1.000089537500726298e-06 1.000214008210322266e-06 3.151392707593965881e-03 1.000006390416515376e-06 9.999999999999999547e-07 1.000001087886559085e-06 8.580921782189455385e-04 1.000000000000000167e-06 9.999999999999999547e-07 9.999999999999999547e-07 2.111078880802849667e-03 1.010486461223732124e-06 2.694327984736846759e-02 1.297766032894318680e-05 1.008454187745573755e-06 8.329325716173362421e-04 2.660998837394084465e-02 6.377922952543595711e-05 1.000000000002607122e-06 1.000000270670061170e-06 1.068711325081806370e-06 9.999999999999999547e-07 1.454364786676762234e-03 6.556202138507691998e-06 1.000000000000001649e-06 1.000000058309220977e-06 9.999999999999999547e-07 2.883658649582979582e-06 1.000000000000545867e-06 5.368110026226160722e-03 6.724779763744252736e-02 9.999999999999999547e-07 2.997150700746584335e-06 1.430779489356328975e-04 7.132812167535013126e-02 7.900127231409974360e-03 2.028288872153989966e-02 1.123031755387408903e-02 3.397332782734614515e-04 1.586783113046400464e-05 3.464911018313312011e-03 1.129667060112584131e-05 3.613919766223390668e-04 9.999999999999999547e-07 1.368192335213897718e-05 9.999999999999999547e-07 1.035097214556125308e-06 1.000000494075637977e-06 1.224269107663431241e-05 1.175980075475622427e-06 4.659462506604747821e-06 1.000000016462575293e-06 1.000003787126177661e-06 2.203649850790298146e-04 1.000545372675316330e-06 3.842073088883576166e-04 4.098271248699217331e-06 8.232939910018886864e-02 1.000000000000663182e-06 1.001282268990222277e-06 9.764861098124202887e-03 2.244398240606299859e-05 1.000000046091300109e-06 1.000000000000000378e-06 5.252872926470615290e-06 1.082180567635423751e-01 2.739761299776425491e-02 1.038614486191015804e-06 8.440141473369602864e-05 3.703034663047502333e-03 1.000015675471601857e-06 5.092984989679042764e-03 1.209943290892223772e-01 1.000001182450718944e-06 1.224761583942128801e-03 4.340373371408769165e-02 6.558981143177321747e-03 9.999999999999999547e-07 2.029909137133276619e-04 9.999999999999999547e-07 7.410202181437041671e-04 9.999999999999999547e-07 1.071366352559851432e-04 7.364741705377414634e-04 1.001439636133136059e-06 4.760689488296112714e-05 3.449891776569112564e-06 9.999999999999999547e-07 2.361049987871897266e-02 8.397424623907767671e-02 1.000000000001883756e-06 1.000000000032466092e-06 8.701979892517330102e-04 1.073454737885584306e-02 3.111784422244030736e-05 1.529380281721389161e-04 1.000055099600302658e-06 9.999999999999999547e-07 1.002657868877587757e-06 1.238560083639308312e-06 2.520776100847778533e-06 1.763698259964243883e-02 2.961586196785253103e-02 4.117997853604166147e-02 9.999999999999999547e-07 6.441798834663282382e-03 1.024434489152576204e-06 9.999999999999999547e-07 1.475231289307838908e-02 1.868463488350768789e-04 1.000001672464599145e-06 9.999999999999999547e-07 1.000000000000073435e-06 1.003808566262312736e-06 2.667776641538007599e-05 1.309669504435375048e-03 3.941510103912293332e-03 6.735580163936549791e-03 2.295463324362241684e-03 3.303369238493197857e-03 4.773326846257911881e-04 1.000000000000007366e-06 1.050595318738871188e-06 4.981162680278606800e-03 2.930577066613506126e-03 1.000003620100711328e-06 5.097070488106889339e-05 9.999999999999999547e-07 1.566433623800787280e-05 2.337843080129059351e-04 4.112616991742988615e-02
2.453897025519544630e-06 2.443393666114357723e-02 5.666639422094105552e-03 1.091899604130577449e-04 4.038989993499198075e-05 1.756136528701698733e-04 1.000007150815480815e-06 1.034938273651918336e-06 4.499455902621827402e-03 1.000088040754039729e-06 9.999999999999999547e-07 1.000189094357665810e-06 6.775543128136095675e-04 1.000000000019034903e-06 9.999999999999999547e-07 9.999999999999999547e-07 1.496120377015597866e-03 1.004673682845679308e-06 3.938682428046953732e-02 1.372468981085254221e-05 1.615328457900839247e-06 7.092070675913516795e-04 2.388168013151648408e-02 6.199310009564981433e-05 1.000000000071463277e-06 1.000303972170342335e-06 1.404780222982125935e-06 9.999999999999999547e-07 1.015864657832832264e-03 1.032633448724072505e-05 1.000000000000007366e-06 1.000002262916320567e-06 9.999999999999999547e-07 1.747296392467087660e-06 1.000000000000016260e-06 1.006112140586768768e-02 5.182380328240788342e-02 9.999999999999999547e-07 3.506953634621952358e-06 3.135174943906313393e-05 5.637295017966401783e-02 1.011562447567502555e-02 3.048835566185648452e-02 1.055033986355178102e-02 5.621389416427707061e-04 2.516661591551575851e-04 7.603175858659133590e-03 4.424181857022645923e-06 1.141079692031016397e-03 9.999999999999999547e-07 1.973505577440584570e-05 9.999999999999999547e-07 1.012463168662736636e-06 1.006060507477659226e-06 1.687167612907329025e-05 2.307279499752694422e-06 1.728239112157792655e-05 1.000000039071899959e-06 1.000008517586238318e-06 3.811576420088727372e-04 1.005725224098368457e-06 1.134435660964308937e-03 2.260143150898772055e-06 9.739743301173352241e-02 1.000000009684649413e-06 1.001124200427708171e-06 8.615400943164003983e-03 4.243247596120425631e-05 1.000000203521385787e-06 1.000000000008409086e-06 2.479851229923432539e-06 8.511604079503332088e-02 1.931563045151409030e-02 1.000378215084026779e-06 1.541762569525966875e-04 7.948794478483539594e-03 1.000000003100279455e-06 8.309994061846324304e-03 1.153250937694649120e-01 1.000000002284522988e-06 2.295116293947536273e-03 6.230949127124219000e-02 1.228622122618162373e-02 9.999999999999999547e-07 1.383739830397176735e-04 9.999999999999999547e-07 3.031893198109606867e-04 1.000000000013737135e-06 8.814911257577003490e-05 9.291893468186094998e-04 1.000014224685353087e-06 2.022877755823639806e-04 4.185311241257330293e-06 9.999999999999999547e-07 2.205753506400503702e-02 7.596951607689057806e-02 1.000000007528619796e-06 1.000000000168685084e-06 1.024899930103913715e-03 1.133206057434332434e-02 4.781403745319295174e-05 8.439029612951465644e-04 1.000156734797006270e-06 9.999999999999999547e-07 1.047855471151907203e-06 1.276417328799200506e-06 1.540375492084053341e-06 3.381330858070271533e-02 2.694179898583640848e-02 4.613016138614961514e-02 9.999999999999999547e-07 5.674676258923186736e-03 1.244175998797140856e-06 9.999999999999999547e-07 1.023103178789242819e-02 1.993380934506959880e-04 1.000042257072048022e-06 9.999999999999999547e-07 1.000000009438714456e-06 1.012996060798057270e-06 4.583042214838357832e-05 9.959749146722578043e-04 3.247297300985767677e-03 6.412726899820717606e-03 4.035661311791729003e-03 4.000338710992493163e-03 8.193869728935552869e-04 1.000000000710582670e-06 1.246662957507788894e-06 5.304472049762874557e-03 2.000784880255820734e-03 1.000021838410384049e-06 4.157834119756469290e-04 9.999999999999999547e-07 8.050637576716772564e-05 7.624962983859997047e-04 3.414125228982707594e-02
3.835947237033323253e-06 2.406938354364460825e-02 1.081692769990723162e-02 4.201488131514635114e-05 2.259701441095955470e-04 3.003797448243954431e-04 1.000005312241226255e-06 1.000019486117192850e-06 4.753181093545850305e-03 1.000165625962807846e-06 9.999999999999999547e-07 1.000000465010848216e-06 6.151820335026108753e-04 1.000000000000052894e-06 9.999999999999999547e-07 9.999999999999999547e-07 1.232891102330833976e-03 1.026550860095762038e-06 2.684275894590071321e-02 9.830132852237117842e-06 1.003924043107524805e-06 5.666991773312750336e-04 2.985176459288189227e-02 3.220437696056580848e-05 1.000000000742178270e-06 1.000000004055304233e-06 1.034533710266420130e-06 9.999999999999999547e-07 1.935761039194059709e-03 1.039880391363270606e-05 9.999999999999999547e-07 1.000000005148173458e-06 9.999999999999999547e-07 6.939348082213627137e-06 1.000000000000125527e-06 7.552966077790603319e-03 6.592908816293260865e-02 9.999999999999999547e-07 1.008527542254347182e-06 2.927148594385321583e-05 7.441193916822716470e-02 6.064336440124770862e-03 2.440881523411174772e-02 1.192922724742749747e-02 5.739092379596769707e-04 2.653853821394114038e-04 4.522918989196740916e-03 4.324510234140792119e-05 4.733164644491529038e-04 9.999999999999999547e-07 1.563047845703851945e-05 9.999999999999999547e-07 1.031589968083479787e-06 9.999999999999999547e-07 6.236347238994920529e-05 7.695783111545364185e-06 1.012789178186981452e-06 1.000001443646279364e-06 1.000000306905002194e-06 3.209901714097917981e-04 1.008160026328169136e-06 1.022302604333395933e-03 3.665313135999526175e-06 8.415511858360658071e-02 1.000000000002538936e-06 1.000000776145760411e-06 8.235191479307402140e-03 2.134805858743600218e-05 1.000000004093801668e-06 9.999999999999999547e-07 1.556437564735522431e-05 9.828147750348804890e-02 2.260001382584099494e-02 1.910335928138487220e-05 1.287053516950963127e-04 3.993282976772273216e-03 1.000024293424891088e-06 5.653306525539863667e-03 1.195128780771507471e-01 1.000000000369586476e-06 1.253405336482375353e-03 4.072339144934111060e-02 7.647975243586921899e-03 9.999999999999999547e-07 1.821779904571667232e-04 9.999999999999999547e-07 3.768598763381553131e-04 1.000000000000000167e-06 4.999425878344193705e-05 5.812555618083804472e-04 1.001774892688963114e-06 2.168442575972724510e-04 1.681244521792775961e-06 9.999999999999999547e-07 2.346085901540797061e-02 8.444688853024208408e-02 9.999999999999999547e-07 1.000000001066093410e-06 1.285621156579218154e-03 1.251112154114724338e-02 1.918270242509744093e-05 4.547049166762208265e-04 1.000087693691175391e-06 9.999999999999999547e-07 1.017868130902494164e-06 1.284251911932266775e-06 1.730800219397630367e-06 2.072618158770232755e-02 3.670256645609258628e-02 4.326909841421890113e-02 9.999999999999999547e-07 6.261830229685473245e-03 1.523831632723468520e-06 9.999999999999999547e-07 1.186930301844961455e-02 2.447460884491843417e-04 1.000000339982553368e-06 9.999999999999999547e-07 1.000000000000098422e-06 1.002184121139358742e-06 1.254486217643030540e-05 1.203383399099352234e-03 2.129258261972879780e-03 7.302715501263293447e-03 3.318269146446798257e-03 2.910656223558051158e-03 6.568836141427635868e-04 9.999999999999999547e-07 1.729246677186058112e-06 4.618714803282718447e-03 1.831777293895505082e-03 1.000006344836158624e-06 9.253083244070388954e-05 1.000000000000002496e-06 1.717365098368478057e-05 6.645765096789576229e-04 4.146423114011522221e-02
1.175544513794111700e-05 3.232535840848874131e-02 1.301623423581563070e-02 4.754635308953236586e-05 2.352968739294996885e-05 2.069374682478634442e-04 1.000005355352153105e-06 1.000000625426888299e-06 4.291580900416969852e-03 1.007542116328841676e-06 9.999999999999999547e-07 1.006923219949573376e-06 1.307452648842445881e-03 1.000000000000000378e-06 9.999999999999999547e-07 9.999999999999999547e-07 3.730022011458594862e-03 1.000791056588266045e-06 2.920753863003101511e-02 3.950791730983330336e-05 1.007722029842948847e-06 1.051284487776308479e-03 2.859661619542304065e-02 2.320792396589887790e-04 1.000000000097855130e-06 1.000000432177081383e-06 1.460675259443418977e-06 9.999999999999999547e-07 2.923190386912447817e-03 4.767252382294234186e-06 9.999999999999999547e-07 1.000000128458306442e-06 9.999999999999999547e-07 9.893232965891147731e-06 1.000000000052189466e-06 6.513089067565419089e-03 6.297193546512473705e-02 9.999999999999999547e-07 1.768258213245104451e-06 1.553841899643423064e-05 7.168806235206726107e-02 8.166874290889802879e-03 2.365049191933210268e-02 1.036325851056736462e-02 4.827697645553275484e-04 2.395934096083271705e-05 4.052447773956920074e-03 2.821293267972238461e-05 2.455836303123223657e-04 9.999999999999999547e-07 7.212398352937877788e-06 9.999999999999999547e-07 1.000643214238075184e-06 9.999999999999999547e-07 1.227807441256410801e-05 2.051223782129269961e-06 1.140280196009790920e-06 1.000008565160462135e-06 1.000000576342903639e-06 7.074751187448238138e-05 1.000177202056001863e-06 5.667618943171079350e-04 6.933131049707325906e-06 7.226736713206352580e-02 1.000000000000131880e-06 1.006445964128027852e-06 1.182350144160677907e-02 2.542909115488252116e-05 1.000000318776357415e-06 9.999999999999999547e-07 2.125310155679932296e-06 9.413259455143593857e-02 2.810665080452735137e-02 1.029284785128286537e-06 8.555114194684705262e-05 4.136702192604656964e-03 1.000000463693286349e-06 7.992282052623297939e-03 1.107706037979718228e-01 1.000000000000832376e-06 1.551435914567906964e-03 3.764357691300978387e-02 7.826621305048086369e-03 9.999999999999999547e-07 2.256862324189969787e-04 9.999999999999999547e-07 1.793428260293377361e-04 1.000000000000000167e-06 1.881803833449401868e-04 6.285501902173682960e-04 1.001372545801906519e-06 4.426662203720010226e-05 3.983149583134891696e-06 9.999999999999999547e-07 2.320950986841137376e-02 8.477393602201688250e-02 1.000000000001571624e-06 1.000000005213030559e-06 1.636600063725784622e-03 9.897421717006504513e-03 2.430497590999319439e-05 1.673949834938829489e-04 1.002300308662084125e-06 9.999999999999999547e-07 1.001793779550202608e-06 2.753587692536923195e-06 4.807642395118289085e-06 2.059531433887605220e-02 4.644802970450918195e-02 4.230172564752406050e-02 9.999999999999999547e-07 6.011710667376039818e-03 1.042700059067980418e-06 9.999999999999999547e-07 1.585122042088887157e-02 7.841401136804279019e-05 1.002653220610796175e-06 9.999999999999999547e-07 1.000000000000139715e-06 1.165035354054279132e-06 3.105247066812018752e-05 1.239594163782000444e-03 3.447835064401953611e-03 1.146193957862151440e-02 2.871367953975891441e-03 3.587459488830237013e-03 3.785248640762471140e-04 1.000000006923215702e-06 1.136019164045693049e-06 4.307596919980570364e-03 1.556044643218283457e-03 1.000202195182570108e-06 1.167225708879716055e-04 9.999999999999999547e-07 2.377636865622011138e-05 3.660528182290731579e-04 3.616015535262075836e-02
1.001084207965918878e-05 2.706521089958597442e-02 1.204781007489438491e-02 2.331759334051855371e-05 7.706773168123695996e-05 1.719081258268192547e-04 1.000001172065372703e-06 1.000002527284453691e-06 3.363141834705730363e-03 1.000108027102395024e-06 9.999999999999999547e-07 1.000002296152470191e-06 5.797342716667563001e-04 1.000000000059071821e-06 9.999999999999999547e-07 9.999999999999999547e-07 1.676229398003775120e-03 1.003664775934908631e-06 2.767500213607114803e-02 4.468694722509140709e-06 1.051299111535972010e-06 4.640970264342153431e-04 3.068277669810074923e-02 8.127294545010690680e-05 1.000000000000141197e-06 1.000004345085051154e-06 4.117595924354631740e-06 9.999999999999999547e-07 1.230331291059498641e-03 5.033492422440531672e-06 1.000000000000088681e-06 1.000000011625899427e-06 9.999999999999999547e-07 4.343517943300095702e-06 1.000000000007963759e-06 6.383303901471709674e-03 6.296204937897074971e-02 9.999999999999999547e-07 3.032761601302920096e-06 1.669766335416319791e-05 7.075516700611508836e-02 6.552801163583417236e-03 2.380218115935286288e-02 1.172658480122886100e-02 4.221266996310248164e-04 9.422622290895368087e-05 4.121863642988688251e-03 3.789720683125120899e-05 6.854123108667956737e-04 9.999999999999999547e-07 8.336494290443844388e-06 9.999999999999999547e-07 1.057320340626102518e-06 1.000000000027263616e-06 1.797708660805650549e-05 1.963474411194968725e-06 2.266742849084428583e-06 1.000000002036194739e-06 1.000028515076192045e-06 2.660058093535831616e-04 1.000111573553318465e-06 2.352523697691281349e-04 4.962114717532380767e-06 8.319332768250337073e-02 1.000000000000036165e-06 1.000131824214896278e-06 8.809145882311042799e-03 7.476925840010532082e-06 1.000000002566305226e-06 9.999999999999999547e-07 1.504197895920477080e-06 1.053156344343008921e-01 2.373462634846901578e-02 1.001404765913878545e-06 9.894462381851864446e-05 4.143350187267311538e-03 1.000001378524995551e-06 5.046996658713033546e-03 1.265427260739809268e-01 1.000000023250826293e-06 1.087479647562554714e-03 4.567782743979158927e-02 7.006181055060408704e-03 9.999999999999999547e-07 2.617211217062482935e-04 9.999999999999999547e-07 4.195284969461125823e-04 9.999999999999999547e-07 6.604279808227135997e-05 5.784651706775036095e-04 1.205106479774629850e-06 7.476456314304988316e-05 1.968481138738338140e-06 9.999999999999999547e-07 2.329773421971875411e-02 8.441974683702177518e-02 1.000000000000083176e-06 1.000000000125501015e-06 1.258429925485650500e-03 1.020487447755949462e-02 4.507487451467519609e-05 1.850166926083972893e-04 1.000103491096730342e-06 9.999999999999999547e-07 1.001482736749242481e-06 1.027056121323915402e-06 4.149173577251813439e-05 1.851654351018793693e-02 3.424907857423385021e-02 4.346603051233359494e-02 9.999999999999999547e-07 4.312153210078029618e-03 1.186232824904438304e-06 9.999999999999999547e-07 1.214306049443384869e-02 2.112013041645906762e-04 1.000004383449994378e-06 9.999999999999999547e-07 1.000000000000001649e-06 1.007074494442425294e-06 2.080875901121869819e-05 1.244502342635313763e-03 2.011620375296186477e-03 7.704099865500210406e-03 3.174162947857534552e-03 2.409236295471201255e-03 3.833721757546002060e-04 1.000000000000029389e-06 1.079581027058713468e-06 5.146152009306379643e-03 1.642911425812769747e-03 1.000042364595011104e-06 3.794793867006354378e-04 1.000000000000044212e-06 1.719808799096880027e-05 5.311314664035246417e-04 3.773357375950458364e-02
5.390492951345970951e-05 3.130851659741916426e-02 1.066404536506754437e-02 3.494270834502708232e-05 8.383664815211090942e-05 1.455183414843524308e-04 1.002943387824394414e-06 1.000004633978917386e-06 4.832819257366956223e-03 1.000004442442628688e-06 9.999999999999999547e-07 1.000000001629094822e-06 7.392572158675250272e-04 1.000000000000175926e-06 9.999999999999999547e-07 9.999999999999999547e-07 1.537349194554390097e-03 1.013387966041020830e-06 2.433766559837846274e-02 6.428163325517749287e-06 1.006392351328224108e-06 5.683061941072918479e-04 3.001033279048491084e-02 6.766434601236254187e-05 1.000000000000021766e-06 1.000083850255432773e-06 1.134372277965473578e-06 9.999999999999999547e-07 2.370583531761359664e-03 6.593792168635579478e-06 1.000000000000000802e-06 1.000000000122626397e-06 9.999999999999999547e-07 3.237956197534052142e-06 1.000000000002142101e-06 6.954315947416776084e-03 6.298275267178589376e-02 9.999999999999999547e-07 1.166623046821906918e-06 4.683086065894741080e-06 7.229171416205494582e-02 7.467123151187724656e-03 2.099343923913028070e-02 1.101415091977534476e-02 3.059726489936279398e-04 1.274294390148204576e-04 3.620360979969631902e-03 8.253779076263740373e-05 8.130803287203729581e-04 9.999999999999999547e-07 1.115178325403686047e-05 1.000000000003759722e-06 1.146881350460020930e-06 1.000000000001441605e-06 6.297740723450625220e-05 1.981127230538788621e-06 1.054247999648846032e-06 1.000000000736661121e-06 1.000039464263939028e-06 1.998053544336319957e-04 1.003295786034488168e-06 2.838419067527275992e-04 6.373778196362310683e-06 7.826111251287404258e-02 1.000000000010073718e-06 1.032192304364167707e-06 7.309038353487854779e-03 1.722196360583324202e-05 1.000000007768105233e-06 9.999999999999999547e-07 2.050691723460597304e-06 1.017541492056404234e-01 2.805529238705850234e-02 1.000456703938689063e-06 1.187834581247278686e-04 4.127208827504274570e-03 1.000023683147915454e-06 4.777301983547999412e-03 1.195435679133291934e-01 1.000000000906458192e-06 1.316506771498812591e-03 4.154376350332070894e-02 6.032226642191026826e-03 9.999999999999999547e-07 7.072376480920764430e-05 9.999999999999999547e-07 2.775479598068211567e-04 9.999999999999999547e-07 5.692320805025913289e-05 6.861457767141310388e-04 1.000246262842750845e-06 1.073891187987302640e-04 1.884920333883174053e-06 9.999999999999999547e-07 2.456895287724487897e-02 8.846063910033205580e-02 1.000000000000068776e-06 1.000000000260609546e-06 1.340383862937162161e-03 9.983715014020615175e-03 1.930989533872263028e-05 1.329999348011344409e-04 1.000374765474803925e-06 9.999999999999999547e-07 1.004491192377068257e-06 2.321232113632133306e-06 1.537778249128269902e-06 1.789212664226456223e-02 3.637335841122042029e-02 4.346388442665218010e-02 9.999999999999999547e-07 6.325028321611072743e-03 1.121590412212588050e-06 9.999999999999999547e-07 1.514914716614385731e-02 3.312987983320117563e-05 1.000013908881120102e-06 9.999999999999999547e-07 1.000000000000067082e-06 1.001369344702743878e-06 2.934048736682401550e-05 1.391488042103549349e-03 3.638247978244446654e-03 7.749812861994510513e-03 2.249532172194796883e-03 2.940611664460089474e-03 3.009207583703680080e-04 9.999999999999999547e-07 1.076931534373650428e-06 5.206002369456945444e-03 1.933690465585585121e-03 1.000000743139434755e-06 1.610067993783658791e-04 9.999999999999999547e-07 1.692461650507210005e-05 4.583780553421068818e-04 4.220420990420450241e-02
2.648035877404967121e-05 3.548598930829375414e-02 9.362540300465040793e-03 3.585375625880982451e-05 2.830599488436293603e-05 2.774294939203782195e-04 1.000601191363643929e-06 1.000024181537762057e-06 3.293665685576813943e-03 1.028661391202992734e-06 9.999999999999999547e-07 1.000000033527924688e-06 8.984178872258398755e-04 1.000000000000000590e-06 9.999999999999999547e-07 9.999999999999999547e-07 1.873864134117061249e-03 1.000104494214664154e-06 2.735978341620129081e-02 2.539667152077690403e-05 1.038090871385374669e-06 8.664794588961604064e-04 2.593784366709145708e-02 6.979984747986192248e-05 1.000000000000658311e-06 1.000000007317793507e-06 1.121417671110254905e-06 9.999999999999999547e-07 1.624967436434829413e-03 3.843211606701676022e-06 1.000000000001580518e-06 1.000000038793667847e-06 9.999999999999999547e-07 5.156024306096483119e-06 1.000000000113306917e-06 7.597540449971775835e-03 6.493975838324528294e-02 9.999999999999999547e-07 1.056549854191963256e-06 4.945194665811877819e-06 7.078527542467111244e-02 8.603651397635631373e-03 2.321714348555706242e-02 9.799261798511909455e-03 2.117026465510063102e-04 7.119717048161896586e-06 3.955684403304771633e-03 8.724409592262876085e-05 8.922414758056563741e-04 9.999999999999999547e-07 9.650278354220592577e-06 9.999999999999999547e-07 3.614782944887182120e-05 9.999999999999999547e-07 1.408498929373352275e-05 3.160375158229207267e-06 1.690753030916605747e-06 1.000000000931568908e-06 1.000333122756494291e-06 2.446012610142173451e-04 1.001193551547794680e-06 4.320167428630841081e-04 1.476706286198594581e-05 8.253679633601353205e-02 1.000000000000188843e-06 1.001628648764770188e-06 7.175993676320139951e-03 2.197579046287581096e-05 1.000000001156320630e-06 1.000000000000000802e-06 1.672865190220770501e-06 1.042794431157817725e-01 2.973878947998620861e-02 1.012244294022898665e-06 9.995962658694328357e-05 4.215936309531977295e-03 1.000018593515536183e-06 5.688114204277792789e-03 1.242475508075625706e-01 1.000000000475319905e-06 1.645490461235038764e-03 4.451945503314512498e-02 6.792099961197007631e-03 9.999999999999999547e-07 3.599128514020716123e-04 9.999999999999999547e-07 3.448291767546543172e-04 1.000000000000000167e-06 7.922685715158145976e-05 8.167351603190338384e-04 1.017207632774733101e-06 7.158430552222173665e-05 1.996943176858837853e-06 9.999999999999999547e-07 2.187804766762885267e-02 8.374261798293938797e-02 1.000000000004062748e-06 1.000000000035934481e-06 1.331230067238917429e-03 9.776451678786634777e-03 2.792025721824897917e-05 1.297436058091457490e-04 1.000008782286001993e-06 9.999999999999999547e-07 1.005274270144080919e-06 1.080728622973960013e-05 2.028190168056229679e-06 1.798871563964521067e-02 3.414845556995080994e-02 3.868607113103238876e-02 9.999999999999999547e-07 5.125566758692354404e-03 1.100223373972118373e-06 9.999999999999999547e-07 1.472914482809754497e-02 2.761743303603281393e-04 1.000006385642594698e-06 9.999999999999999547e-07 1.000000000000545867e-06 1.038655044927290040e-06 2.428650176234494458e-05 1.444030754277329841e-03 1.916856540751336055e-03 6.108530450037445714e-03 2.695124159654050527e-03 2.865032281057018366e-03 4.673994162230479051e-04 1.000000000000049718e-06 2.958923198766578617e-06 4.249807165575981288e-03 2.000804780019317924e-03 1.000011661303853385e-06 7.903517376124053547e-05 1.000000000000000378e-06 1.640464256309333451e-05 3.600684100058848839e-04 3.932919617262958800e-02
3.245026212262991089e-06 3.292239525276366430e-02 9.494208860405178169e-03 4.763553004588448315e-05 3.474593579145132075e-05 2.711708197404351936e-04 1.000383396073856296e-06 1.000004101075135960e-06 4.171502023425366357e-03 1.000566113996456548e-06 9.999999999999999547e-07 1.000000001335460263e-06 1.120160619446590629e-03 1.000000000009699117e-06 9.999999999999999547e-07 9.999999999999999547e-07 3.114987313018925067e-03 1.000713353609994859e-06 2.687861746251275427e-02 3.843718042260120760e-05 1.108705439289322108e-06 7.374776715514176108e-04 3.051189622306477861e-02 2.701256826318722658e-05 1.000000000015547244e-06 1.000000000180711893e-06 1.905073578205237414e-06 9.999999999999999547e-07 2.060896705165695796e-03 5.432398601772456964e-06 1.000000000046836218e-06 1.000000021789462372e-06 9.999999999999999547e-07 3.383061435922265386e-06 1.000000000003419639e-06 7.550036919719394814e-03 6.107119047566013370e-02 9.999999999999999547e-07 1.257200372976172948e-06 4.397843139373246797e-05 6.754941218585951146e-02 8.109349225137559708e-03 2.399238276583672350e-02 1.265602253001675039e-02 1.883219750544457959e-04 1.635980232216689196e-05 3.063802297631861449e-03 3.104029213427183869e-05 4.559977839005375589e-04 9.999999999999999547e-07 1.866462256476581191e-05 9.999999999999999547e-07 3.700479535092918204e-06 1.000000000358259740e-06 7.912134443521526365e-06 1.788989331910794718e-06 6.371372006256360438e-06 1.000002164129986069e-06 1.000108173973761639e-06 9.609688623272348790e-05 1.001550039746707613e-06 4.110712375811217630e-04 1.483058487026569338e-05 8.302360032370845189e-02 1.000000000000011178e-06 1.002705924297578392e-06 7.773347351308175154e-03 2.771469844302316331e-05 1.000000003412849647e-06 9.999999999999999547e-07 1.333322189917513636e-06 1.037110739547529165e-01 2.531094843609618672e-02 1.001373750113500427e-06 1.348670955879096255e-04 3.957170869235786086e-03 1.000000754628620568e-06 5.243294636703323651e-03 1.233965851604008207e-01 1.000000000123611496e-06 1.293117564947028272e-03 4.467266437460581940e-02 6.574889276472909230e-03 9.999999999999999547e-07 1.887307063201082674e-04 9.999999999999999547e-07 2.543703028188034178e-04 1.000000000000002284e-06 1.132242989922326368e-04 4.634985713101635245e-04 1.000018472626872825e-06 3.318574825703334832e-04 3.810757966518698617e-06 9.999999999999999547e-07 2.460324982196629776e-02 8.422375896795572525e-02 1.000000000004243802e-06 1.000000000036219931e-06 1.128403712046972211e-03 1.034040198137557015e-02 2.245363770188954459e-05 5.520987415410216195e-04 1.000003490780881913e-06 9.999999999999999547e-07 1.001068204213859831e-06 8.943455094057115384e-06 4.859104825760350792e-06 1.867276787011805383e-02 3.922080593631402379e-02 3.637600154155530563e-02 9.999999999999999547e-07 5.707481335106677142e-03 1.129139261171708750e-06 9.999999999999999547e-07 1.195534286519052240e-02 4.039527904719050793e-05 1.000001174903143353e-06 9.999999999999999547e-07 1.000000000001109568e-06 1.002717719861493023e-06 1.405233209702875082e-05 1.445731730635924171e-03 3.907151091420385351e-03 8.742448546647395638e-03 2.556358297237908226e-03 3.069078917910809685e-03 2.865898908648503848e-04 1.000000000000022189e-06 1.406584015019583341e-06 3.737480307552753719e-03 3.159577184345323080e-03 1.000193011365913709e-06 8.004963712479995876e-05 1.000000000000003555e-06 1.559776528299453360e-05 3.033597297871631080e-04 3.669910737918320731e-02
1.618392101520757544e-05 2.256114796675422890e-02 9.540786702926726259e-03 4.506538189509806756e-05 2.733246116609751593e-05 1.895137082100655293e-04 1.000418311437066481e-06 1.001320661328462368e-06 3.800865546006567709e-03 1.000970223855444313e-06 9.999999999999999547e-07 1.000001026720467667e-06 4.377425517890662864e-04 1.000000000000919409e-06 9.999999999999999547e-07 9.999999999999999547e-07 1.939725685242848791e-03 1.008440087479828912e-06 2.999092138537954103e-02 5.607532140285015794e-06 1.011218330122143794e-06 4.200404832137964468e-04 2.639360366491172102e-02 4.268700374710709619e-05 1.000000000000034683e-06 1.002644874110032844e-06 1.263201334706062528e-06 9.999999999999999547e-07 1.797132862127271812e-03 6.622444039643130611e-06 9.999999999999999547e-07 1.000000000371684365e-06 9.999999999999999547e-07 1.246332327812754507e-05 1.000000001304613864e-06 8.356518291226475506e-03 6.459563981681273881e-02 9.999999999999999547e-07 1.024158008461198859e-06 1.673570155808237783e-05 7.235239436593376983e-02 5.466505589877250319e-03 1.940345607705324868e-02 9.259827139673722229e-03 3.390895933617385331e-04 1.503560684041945825e-05 3.647760734628954348e-03 2.183122014637969046e-05 5.644704638293516303e-04 9.999999999999999547e-07 8.108036723178411859e-06 9.999999999999999547e-07 1.001860307443651083e-06 1.000000000000646664e-06 1.056292008531954998e-04 2.192013576925155273e-06 1.009242825474922937e-06 1.000000000030394462e-06 1.000008888807032884e-06 2.179047470655760333e-04 1.002406909222575799e-06 2.908100256186392247e-04 6.037697837554848411e-06 8.379277780283127253e-02 1.000000000000659582e-06 1.000000000084123244e-06 6.988928518752465617e-03 1.319779303552102640e-05 1.000000027997430370e-06 1.000000000000000802e-06 1.176619083930060142e-06 1.123807359993972826e-01 1.973754020931599643e-02 6.614157823526142270e-06 1.641899608820938320e-04 5.426878040240378301e-03 1.000000106883860797e-06 5.038094457032688510e-03 1.301284399808877168e-01 1.000000664068281478e-06 9.500024001341223715e-04 4.182272256572378694e-02 6.037895637555129938e-03 9.999999999999999547e-07 2.039253300628694342e-04 9.999999999999999547e-07 2.822894502425727921e-04 9.999999999999999547e-07 3.975849869072283914e-05 8.648984748419715277e-04 1.000476616616808204e-06 9.856131007115697643e-05 3.139654122033543355e-06 9.999999999999999547e-07 2.276754567762626774e-02 8.736966163317030909e-02 9.999999999999999547e-07 1.000000000004300765e-06 7.515837880846868140e-04 1.020567364912868848e-02 3.720771964816863714e-05 1.516122285685349194e-04 1.026764613315210522e-06 9.999999999999999547e-07 1.011311324941537002e-06 1.606518586122582682e-06 1.125763623285498335e-06 1.903577510960334160e-02 3.574263376889751792e-02 4.345009850038379640e-02 9.999999999999999547e-07 5.825695967771227397e-03 2.195431626976243940e-06 9.999999999999999547e-07 1.005571841078689056e-02 1.349944672729051450e-04 1.000000483085301419e-06 9.999999999999999547e-07 1.000000000000028966e-06 1.000303392654327869e-06 1.476144823594823939e-05 9.551852095137710209e-04 2.699826283057335605e-03 9.005590667448246794e-03 3.121460566698366999e-03 1.790481377502211148e-03 3.918410394662350535e-04 9.999999999999999547e-07 1.011576280668826653e-06 8.779543979891514180e-03 2.426811624452241290e-03 1.000001867095042659e-06 1.408905827614055802e-04 9.999999999999999547e-07 2.173327958415280600e-05 1.006086193749197678e-03 3.831612697850469290e-02
2.791869196010948715e-06 3.443358816538650419e-02 7.927816869823764087e-03 1.127062269230894243e-04 4.927133835482037466e-05 2.723664818615936095e-04 1.000052055221309382e-06 1.000038729844384218e-06 3.753751860164228089e-03 1.000050786874175434e-06 9.999999999999999547e-07 1.001218577559122201e-06 6.679230579749334019e-04 1.000000000018111425e-06 9.999999999999999547e-07 9.999999999999999547e-07 1.054256865464774876e-03 1.039355113768654095e-06 3.415036127328512083e-02 6.603747515745019338e-06 1.003302800327229563e-06 8.121481700462903665e-04 2.558637981783022999e-02 1.433868316972828065e-04 1.000000000001912132e-06 1.000000010408212062e-06 1.648755266258149313e-06 9.999999999999999547e-07 8.103938991190806932e-04 5.278379477889690509e-06 9.999999999999999547e-07 1.000000000014529534e-06 9.999999999999999547e-07 3.635150017484335767e-06 1.000000000000000590e-06 9.886229380265116121e-03 5.418168798527701890e-02 9.999999999999999547e-07 1.148331632090558043e-06 3.179965905771650077e-05 5.655942222394488850e-02 1.254542822563880188e-02 2.572591317828263474e-02 9.875049424487934713e-03 4.929036652233230887e-04 3.328719219918031000e-04 4.789865277882390630e-03 1.275390774330761252e-05 5.782142599065142425e-04 9.999999999999999547e-07 1.948021779002169062e-05 9.999999999999999547e-07 1.229966412083682834e-06 1.000000000097264960e-06 2.290672115721801186e-05 4.702293067660757071e-06 1.000079233040934895e-06 1.000000776082299220e-06 1.000068407996275096e-06 1.072283220089532583e-03 1.000726826942829954e-06 1.267005305343003570e-03 7.441010392739399620e-06 1.011779866781128967e-01 1.000000000003228844e-06 1.000003050256506359e-06 7.854442003145813145e-03 6.933593256654807210e-05 1.000000134866701281e-06 9.999999999999999547e-07 3.942491215069369405e-06 9.695624704295470464e-02 2.613694962271843544e-02 1.003005963396975861e-06 1.782594369673471280e-04 7.368790004631556485e-03 1.000001869817152018e-06 5.072397727960413494e-03 1.168968240217278104e-01 1.000000001229671566e-06 2.413330122177440463e-03 5.784004118223686625e-02 7.371494639349157954e-03 9.999999999999999547e-07 5.647137308175051440e-04 9.999999999999999547e-07 5.179547168913243476e-04 1.000000000000003555e-06 1.945735012606956526e-04 7.397865577686238035e-04 1.001497158959441765e-06 7.933168500797521878e-05 4.367111500446984239e-06 9.999999999999999547e-07 2.384323019328867671e-02 7.285005365300929736e-02 1.000000000000001437e-06 1.000000000057380931e-06 1.023531467817964105e-03 1.056044164203914955e-02 1.622270303576546602e-05 3.654365159380843723e-04 1.000388467182530277e-06 9.999999999999999547e-07 1.008325635338820668e-06 2.502912028148158141e-06 4.852481784611029780e-06 2.917437833756199306e-02 2.505039066392855326e-02 4.020394550320378901e-02 9.999999999999999547e-07 3.437733209115731350e-03 1.097759530655113962e-06 9.999999999999999547e-07 1.566714656530719327e-02 1.755716615332555193e-04 1.000751661699430575e-06 9.999999999999999547e-07 1.000000000196992713e-06 1.064608089235304434e-06 3.994928606640703295e-05 1.075781843366144328e-03 2.906726817416991834e-03 6.078611373710391015e-03 5.984221913417620692e-03 4.222178091685109200e-03 4.430646128390299150e-04 9.999999999999999547e-07 1.136424176109194897e-06 4.968966126570990675e-03 2.644547582549841829e-03 1.000032088789313044e-06 5.029255287097383437e-05 9.999999999999999547e-07 1.004986830777954436e-04 2.123259941453467167e-04 3.033762677754359843e-02
1.540478646631554700e-06 3.319190121132957472e-02 1.183582758712974602e-02 6.618463557079781604e-05 1.672903596540727310e-05 3.474330483147803099e-04 1.000000821862778517e-06 1.000160741417535963e-06 3.624567702697529051e-03 1.022230259903116165e-06 9.999999999999999547e-07 1.000000090022331670e-06 1.123294755037355279e-03 1.000000000000208325e-06 9.999999999999999547e-07 9.999999999999999547e-07 1.318126249848228671e-03 1.001191767440080346e-06 2.383433486815193444e-02 2.396566631858085871e-05 1.236505417133510389e-06 1.106149481275236091e-03 2.536372262032102545e-02 2.905323757398641112e-05 1.000000002327224036e-06 1.000000347988065888e-06 1.141506994965185954e-06 9.999999999999999547e-07 2.426084591552726301e-03 6.708687894395414626e-06 9.999999999999999547e-07 1.000000001406409437e-06 9.999999999999999547e-07 4.558087335288420583e-06 1.000000000000006307e-06 5.758043469375373653e-03 6.577562411309198498e-02 9.999999999999999547e-07 1.139118737947857102e-06 1.241061768495620915e-05 7.390003830356121906e-02 7.542511302623170454e-03 2.712691617841347241e-02 8.925741044767156185e-03 2.167264667116471511e-04 3.310368391665065942e-05 3.240121129286243490e-03 3.591984716067525164e-06 5.181077223254020384e-04 9.999999999999999547e-07 1.343891775353001785e-05 1.000000000000165761e-06 3.898012578513782535e-06 1.000000000000009060e-06 1.014899910013281216e-04 1.439893018322633844e-06 1.055545370138734019e-05 1.000000000059059327e-06 1.000002186896478757e-06 3.648453473493920682e-04 1.135470621530820955e-06 3.643862284409689583e-04 2.261219731714425438e-06 7.682771322583861751e-02 1.000000000008188010e-06 1.000711656067138946e-06 1.228554141190573747e-02 1.680426033951097305e-05 1.000000006029230872e-06 1.000000000000001014e-06 4.355127471571776296e-06 9.895955678758573681e-02 3.136496966788673846e-02 1.003932538469263359e-06 5.426336907545045734e-05 3.641252105625691557e-03 1.000000333021576892e-06 5.506977789991114765e-03 1.182577770773212689e-01 1.000000034884745685e-06 1.346835107047486763e-03 3.681386577754266337e-02 7.246084254748041964e-03 9.999999999999999547e-07 2.052453713814471380e-04 9.999999999999999547e-07 2.261076963168609641e-04 1.000000000000111340e-06 4.499505661680388159e-05 5.862272607951644725e-04 1.000233000879881342e-06 7.194709571934818602e-05 4.712111062337508597e-06 9.999999999999999547e-07 1.858067946884419189e-02 8.482751422256208651e-02 1.000000000000000167e-06 1.000000000017971241e-06 1.420968752664491814e-03 9.086077668817395259e-03 3.265224489742169644e-05 2.078424416130047027e-04 1.005825239821190543e-06 9.999999999999999547e-07 1.001319549892646652e-06 1.025564144133593537e-06 8.148328848329401813e-06 1.983201427305836609e-02 4.408332607967378747e-02 4.166919630404813252e-02 9.999999999999999547e-07 6.193298772625976077e-03 1.420549893602316904e-06 9.999999999999999547e-07 1.534250199649093288e-02 2.886311377528811726e-04 1.000002112144049169e-06 9.999999999999999547e-07 1.000000000000009907e-06 1.004411956773713385e-06 1.976930225477087420e-05 1.109155154020022988e-03 2.662770431498469401e-03 1.002967341430751821e-02 2.913052667836939572e-03 3.176681864565519212e-03 3.779665984891966571e-04 9.999999999999999547e-07 2.227050125243207356e-06 6.796236183132384895e-03 1.922837354732908786e-03 1.000001071778376402e-06 4.825044470925722611e-05 9.999999999999999547e-07 1.643305617265000725e-05 3.228066620515853465e-04 3.741048580539473034e-02
1.462627894341923006e-06 3.935223610376862441e-02 9.091717749363240758e-03 3.098473117536896935e-05 3.219174994649007818e-05 4.503678983904647968e-04 1.000042124661874591e-06 1.000114970288105819e-06 4.103754254349708218e-03 1.000003441622451528e-06 9.999999999999999547e-07 1.000001838198282000e-06 9.745486319682488850e-04 1.000000000000037859e-06 9.999999999999999547e-07 9.999999999999999547e-07 1.528749327647794349e-03 1.000610115212095308e-06 2.530993661157250954e-02 1.861175445413147095e-05 1.012819319767594760e-06 7.146400262177052005e-04 2.968530095623978307e-02 5.597387126684380163e-05 1.000000000000871552e-06 1.000000004762704646e-06 1.171112931795854053e-06 9.999999999999999547e-07 1.267273256534723986e-03 5.127690821110844108e-06 9.999999999999999547e-07 1.000000000256536588e-06 9.999999999999999547e-07 9.724055581098226507e-06 1.000000000068486804e-06 6.012951917559156145e-03 7.114880762997126407e-02 9.999999999999999547e-07 1.346128524599443778e-06 5.194127028624024587e-06 7.315127470409524268e-02 7.592364924254533035e-03 1.886388455605432848e-02 1.184897979515853010e-02 2.451059614265248374e-04 3.518325733447747621e-05 2.882543117860398088e-03 5.035347222800260251e-05 8.393564921138875956e-04 9.999999999999999547e-07 1.194144244649798227e-05 1.000000000000554126e-06 1.125219458265838226e-06 9.999999999999999547e-07 1.463995568311762226e-05 1.380399378373450493e-06 1.127319257137278488e-06 1.000000000811272018e-06 1.000002259963045541e-06 5.942881672747601235e-04 1.000883141096878505e-06 2.468938693990698082e-04 3.674141509575023369e-06 7.291263535443855137e-02 1.000000000000000802e-06 1.134899652381533431e-06 8.884059680472447193e-03 2.062131968971033367e-05 1.000000047759102476e-06 1.000000000000023248e-06 6.083812021482559810e-05 1.035271116828451604e-01 3.434372107015012943e-02 1.685370847357251192e-06 1.102130700816786026e-04 3.371838782613062295e-03 1.000000249065462423e-06 4.789775090225010211e-03 1.232230952394678530e-01 1.000000001390133487e-06 1.394475972427009630e-03 3.562084688377721575e-02 6.114973507160319927e-03 9.999999999999999547e-07 1.867573546777438135e-04 9.999999999999999547e-07 3.305089051349035796e-04 1.000000000000000378e-06 6.248085957478308129e-05 6.688297605512978465e-04 1.073797329558496153e-05 1.521390596477946260e-04 3.330072717778024031e-06 9.999999999999999547e-07 2.494862691854158113e-02 8.279338688898972565e-02 1.000000000001008983e-06 1.000000000005625101e-06 1.002070406639793323e-03 1.119261699112739442e-02 6.554215515170408972e-06 3.630981613436800193e-04 1.000000028563503124e-06 9.999999999999999547e-07 1.006101940146046518e-06 1.025578343359188213e-06 1.827387651565530715e-06 1.715946747862812094e-02 3.342133346596019156e-02 3.790452340336812609e-02 9.999999999999999547e-07 5.866343600333587954e-03 1.080725482206869996e-06 9.999999999999999547e-07 1.779232541839191953e-02 8.357491756268666167e-05 1.000618460643628409e-06 9.999999999999999547e-07 1.000000000022927019e-06 1.002231635769246944e-06 2.737288816548612519e-05 1.080481692386217043e-03 2.468889519552226047e-03 7.080943554128788127e-03 3.650986502607788016e-03 2.592467762502531810e-03 3.803002732401907556e-04 1.000000000005631030e-06 1.053361366805986984e-06 5.969549991244915352e-03 2.277790239162337527e-03 1.000004104651328968e-06 9.659441754484317363e-05 1.000000000000188631e-06 1.158647550881702642e-05 8.236073322159532780e-04 3.911249796100618736e-02
1.781830717421732083e-05 2.530223139125618165e-02 8.679286978496150023e-03 4.388077746269453128e-05 1.668323675066845399e-04 1.131013754962410480e-04 1.000003212247218172e-06 1.000070253568154283e-06 5.560780201252472563e-03 1.000731849462773300e-06 9.999999999999999547e-07 1.000033072438450156e-06 6.511401477432593888e-04 1.000000000003630126e-06 9.999999999999999547e-07 9.999999999999999547e-07 6.137343372642176413e-04 1.010452490882854955e-06 3.289396298088043125e-02 6.327374783321305473e-05 7.639962001742547438e-06 3.883999136508975523e-04 2.956714928568693335e-02 6.688579785893730516e-05 1.000000003645992502e-06 1.000003424921822873e-06 3.060802234140178701e-06 9.999999999999999547e-07 1.477169106551884901e-03 3.179240133102033362e-06 1.000000000024960110e-06 1.000000000384074127e-06 9.999999999999999547e-07 6.963260822773839422e-06 1.000000000177212800e-06 8.721765036682035260e-03 5.742900454175521585e-02 9.999999999999999547e-07 1.059862243779141297e-06 1.359232561578590060e-05 6.549094213957110111e-02 8.348116594735005211e-03 2.350709653877189678e-02 1.145776273321571712e-02 2.865819947482761004e-04 3.492680162955476655e-05 4.087786493067850808e-03 1.480570598063565856e-04 4.885803484316871090e-04 9.999999999999999547e-07 1.610021284026008021e-05 9.999999999999999547e-07 1.014704427380126859e-06 1.000000000000025154e-06 5.509417094229491737e-05 1.876007665618504386e-06 1.223748204373059971e-06 1.000000000147696878e-06 1.000001872696153267e-06 2.539837008821752115e-04 1.000619557931591509e-06 4.913594055712131384e-04 4.600117494211657806e-06 9.287123372540120880e-02 1.000000000000107104e-06 1.000013262146542623e-06 7.292368141062209250e-03 1.885490936084147616e-05 1.000000008645827242e-06 1.000000000000002496e-06 1.532624990378764088e-06 1.020869820002843348e-01 2.077311707090831461e-02 1.019877087719192136e-06 1.927750953867890537e-04 6.451331240559875224e-03 1.000192057835629404e-06 7.299413140948608943e-03 1.191252520289174804e-01 1.000000003663201670e-06 1.543760391875758980e-03 5.087756381660460403e-02 6.196144625320400279e-03 9.999999999999999547e-07 2.142559124204105757e-04 9.999999999999999547e-07 3.092030610534614679e-04 1.000000000021747949e-06 1.059981213063330990e-04 5.163165730078623583e-04 1.005999498183250986e-06 1.910169403066942859e-04 2.225555875082688677e-06 9.999999999999999547e-07 2.513470996791878492e-02 8.007295037447000052e-02 9.999999999999999547e-07 1.000000000000159197e-06 1.028214397212559453e-03 1.135769117067922385e-02 1.762552965092774909e-05 1.579212139569526811e-04 1.000046887395830879e-06 9.999999999999999547e-07 1.017357358495366994e-06 1.113129282119042333e-06 1.719750941575295728e-06 2.590333059276753863e-02 3.402819529185561326e-02 4.143171377193653054e-02 9.999999999999999547e-07 5.870696751233069575e-03 1.329362069722996911e-06 9.999999999999999547e-07 1.102645166373353823e-02 1.274229125579913859e-04 1.000025801346048379e-06 9.999999999999999547e-07 1.000000000000168726e-06 1.006042392806974029e-06 2.024738865039698530e-05 6.401340708109440163e-04 2.645133378134737964e-03 6.495744057097128585e-03 3.688974393913485410e-03 2.402747178053327940e-03 7.165943540289643242e-04 9.999999999999999547e-07 1.042155722264898971e-04 5.537413870266006538e-03 2.079827417893698183e-03 1.000026629541625784e-06 1.284870976121895358e-04 9.999999999999999547e-07 1.570764223201782502e-05 3.501989867046189676e-04 3.656506772018489754e-02
4.154287882561969155e-06 3.355387860864864069e-02 9.796209934393874941e-03 6.177467148253141117e-05 8.136765698436996457e-05 3.308905063839609928e-04 1.000012249979582828e-06 1.000107265366722231e-06 4.952178548849700719e-03 1.001514258768789669e-06 9.999999999999999547e-07 1.000000026507226248e-06 9.231788080201416575e-04 1.000000000000011601e-06 9.999999999999999547e-07 9.999999999999999547e-07 2.159058363992358114e-03 1.000298796854330193e-06 2.791039300603537221e-02 1.528929101860537499e-05 1.015909113426282256e-06 6.360606932605531632e-04 2.986512380500127781e-02 8.125643017780736620e-05 1.000000000846761428e-06 1.000000012413884860e-06 1.996518487541011065e-06 9.999999999999999547e-07 1.284952778508706298e-03 4.483215562559607597e-06 1.000000000000051412e-06 1.000000026566604951e-06 9.999999999999999547e-07 1.627709184158264847e-05 1.000000000000057765e-06 8.015145724340592276e-03 6.436742904617213934e-02 9.999999999999999547e-07 1.169469988485430729e-06 1.037972520889025606e-05 6.795524587737244993e-02 9.314502492938433673e-03 1.856686927975291848e-02 1.252237359650394156e-02 4.036140738175111875e-04 3.027122414133591227e-05 3.615783010773776854e-03 2.196429079288567584e-06 3.440798583602287710e-04 9.999999999999999547e-07 7.270581939661712434e-06 1.000000000000406531e-06 1.070038160735308945e-06 1.000000000049476843e-06 3.115220348867969865e-05 1.050745585116115546e-06 2.690634848251160419e-06 1.000000092378388752e-06 1.000010485105657598e-06 1.923967169528488475e-04 1.000453036058919284e-06 5.590702049350963982e-04 4.652788090311189259e-06 8.290813107203262589e-02 1.000000000000068988e-06 1.013328324040949745e-06 1.093686584342017966e-02 1.342966373866565937e-05 1.000000003182899472e-06 1.000000000000058612e-06 3.781413907213385540e-05 1.019451344479383875e-01 2.773942251325845973e-02 1.681295518133883663e-06 2.372683285076483358e-04 5.787138856674544501e-03 1.000002619881483503e-06 5.400201358938998622e-03 1.120716872748330761e-01 1.000001551466849802e-06 1.501155166793986936e-03 4.797110724158243356e-02 7.365686363122040878e-03 9.999999999999999547e-07 7.910824753471893441e-05 9.999999999999999547e-07 3.707843127290062985e-04 1.000000000000004402e-06 7.339177464603640613e-05 5.842855111978977403e-04 1.016966435579166472e-06 3.444547036620942558e-04 1.524117301001126470e-06 9.999999999999999547e-07 2.624625594256692340e-02 7.782825085323540060e-02 1.000000000355833414e-06 1.000000000428066478e-06 9.504555854914214109e-04 9.902428431107973550e-03 2.769033547266985373e-05 2.920543157398532955e-04 1.026034823477203336e-06 9.999999999999999547e-07 1.040707279364198633e-06 4.541932809349332891e-06 1.935517621297306668e-06 1.853246033408005242e-02 3.184006298442487032e-02 4.017133614240625539e-02 9.999999999999999547e-07 6.581696496627962439e-03 1.849533490975648521e-06 9.999999999999999547e-07 1.365281916275258578e-02 9.287056278261811184e-05 1.000000788230901242e-06 9.999999999999999547e-07 1.000000000001671786e-06 1.003569303164344660e-06 2.024445398697176241e-05 1.507224959797425065e-03 4.173114051496915576e-03 7.216734090524462748e-03 2.582658544998036546e-03 4.174156541474987291e-03 5.685136253844240255e-04 1.000000000014359916e-06 1.328690215925207584e-06 6.957690768193655270e-03 2.598195801196664326e-03 1.000043268530104978e-06 1.158564278336839229e-04 9.999999999999999547e-07 2.357701071184323502e-05 5.015640760975889753e-04 4.052310369623023795e-02
8.444061747912088903e-06 2.942734039788169609e-02 8.696391627911432415e-03 4.121279716148348865e-05 1.469949408690537104e-04 1.261059658988536566e-04 1.217209033891170370e-06 1.001121637053758497e-06 4.891871814758151464e-03 1.000005379350142336e-06 9.999999999999999547e-07 1.000034200104042887e-06 7.544505353915974179e-04 1.000000000000002496e-06 9.999999999999999547e-07 9.999999999999999547e-07 1.691905835333070785e-03 1.000508632479702251e-06 3.186290285542973250e-02 1.925828831352103133e-05 1.002511310562351191e-06 1.353257413709348534e-03 2.851907164563283192e-02 9.457844754385985619e-05 1.000000023667686994e-06 1.000001989383421821e-06 1.035894166010781159e-06 9.999999999999999547e-07 1.316325032454611832e-03 5.910809753243097957e-06 9.999999999999999547e-07 1.000000001551452818e-06 9.999999999999999547e-07 1.798499467531197750e-06 1.000000010287538030e-06 7.257039379838522465e-03 6.877053441603994677e-02 9.999999999999999547e-07 1.167583391448757045e-06 2.625903017222987822e-05 7.043108633587283340e-02 6.998639503607544630e-03 2.673462324212885419e-02 1.132272734564666698e-02 4.171189601453702874e-04 2.752356674339505993e-05 4.101091862739566704e-03 4.407493571439379090e-05 3.660995355952066329e-04 9.999999999999999547e-07 7.521076479830142043e-06 1.000000000008045921e-06 1.246282086365881662e-06 1.000000000000001014e-06 7.477117835859174697e-06 2.415422220751524559e-05 1.061937150030856169e-06 1.000000002530201506e-06 1.001180695930017191e-06 2.985020246347387164e-04 1.000909518204139419e-06 4.171410317087167032e-04 5.385956708878083327e-06 8.616657223653827191e-02 1.000000000000017742e-06 1.398050431991496194e-06 9.093354540011675674e-03 1.475536415058931129e-05 1.000000002695595700e-06 1.000000000155801289e-06 1.056890979011252058e-05 1.001087062204772116e-01 2.502067023998705633e-02 8.235324797263235617e-06 8.707947754487571114e-05 4.665651206460066751e-03 1.000001775648011692e-06 5.149451643269130872e-03 1.277036312714293909e-01 1.000000024735237134e-06 1.226705832829381873e-03 4.021849318061508638e-02 6.471696135850508666e-03 9.999999999999999547e-07 2.050089196231915485e-04 9.999999999999999547e-07 3.253176787949839692e-04 1.000000000002001070e-06 1.057505009284313532e-04 5.711926082787954859e-04 1.000004428248455016e-06 3.190279633032226648e-04 3.050053385036914310e-05 9.999999999999999547e-07 2.483879753208870222e-02 7.875881684790513038e-02 1.000000000002834551e-06 1.000000000003977621e-06 1.043446345874782764e-03 1.017183861304559248e-02 1.410208051510972714e-04 1.832182010763396267e-04 1.000002731968177096e-06 9.999999999999999547e-07 1.023804940641402328e-06 3.413121013181530465e-05 1.726027816523545741e-06 1.954485479634090334e-02 2.927715908199664263e-02 3.935230341580321645e-02 9.999999999999999547e-07 5.210553188951743721e-03 1.077895658823767714e-06 9.999999999999999547e-07 1.262224364194301784e-02 3.449777551116611340e-04 1.000002127763758327e-06 9.999999999999999547e-07 1.000000000000016260e-06 1.012737276353206353e-06 1.545539279069284137e-05 1.007080124111027269e-03 2.647608729032202741e-03 6.836905445035764209e-03 2.862085262586329306e-03 2.748273035037729958e-03 3.176388814284631735e-04 1.000000000086038385e-06 1.048952623671736532e-06 3.996684183614155478e-03 2.300151254742587546e-03 1.000015111147649096e-06 1.414651836404200516e-04 9.999999999999999547e-07 4.485332856545186988e-05 4.240583331348179064e-04 4.149616643507272884e-02
2.986210309449351986e-05 4.614363789225930240e-02 1.040318876442973897e-02 2.456893804153794869e-05 4.695371636338547714e-05 1.513556018706206066e-04 1.000100455204928635e-06 1.000184579578140261e-06 3.887632211257202076e-03 1.000827675915508923e-06 9.999999999999999547e-07 1.000000174213352303e-06 6.863495542645489146e-04 1.000000009185404382e-06 9.999999999999999547e-07 9.999999999999999547e-07 1.511567162753695405e-03 1.002273602928000487e-06 2.898138733938034756e-02 1.017399818977491192e-05 1.005540774755473389e-06 4.777591781664275385e-04 2.762111191094124285e-02 8.988488856095853106e-05 1.000000000005760838e-06 1.000005981394141740e-06 1.689707460998012393e-06 9.999999999999999547e-07 8.678413386476803741e-04 3.782124678974457742e-06 9.999999999999999547e-07 1.000001138299388937e-06 9.999999999999999547e-07 2.203203610586969799e-06 1.000000000000000802e-06 7.189842844510419169e-03 6.107672888206143458e-02 9.999999999999999547e-07 1.219993887840269097e-06 1.603357682002727984e-05 6.728708614148308509e-02 1.068305091268618306e-02 2.350790532437747882e-02 1.116438711127303897e-02 5.247228350957209089e-04 6.224433506581472978e-05 3.535720207907535381e-03 1.697768881771217564e-05 6.522885909709318043e-04 9.999999999999999547e-07 3.494263379625513481e-06 9.999999999999999547e-07 1.000713280681501645e-06 9.999999999999999547e-07 1.663478202615778633e-05 1.309710383977455487e-06 1.002269127232693765e-06 1.000000001535978373e-06 1.000013323571363854e-06 4.655300449283830862e-04 1.000642907977090306e-06 5.033270554566180582e-04 5.826710628517494418e-06 8.046783238716208320e-02 1.000000000000326062e-06 1.000000049574281800e-06 7.080121956299922047e-03 1.061095833058279251e-05 1.000000043535248595e-06 1.000000000000003131e-06 3.995536759520523926e-06 1.001775786802054785e-01 3.693135374901871520e-02 1.000481178347605494e-06 1.092555586952285188e-04 5.039535217530059438e-03 1.000000236843985075e-06 5.179280688549846995e-03 1.167746332110811552e-01 1.000000000125835381e-06 1.792424753429053014e-03 4.240320212344434597e-02 6.492633621207328891e-03 9.999999999999999547e-07 1.950713807208508447e-04 9.999999999999999547e-07 2.136273277872333977e-04 9.999999999999999547e-07 1.066107039789210666e-04 4.453986979542490362e-04 1.000039478771849045e-06 1.269831377488451812e-04 2.130706812863855368e-06 9.999999999999999547e-07 2.177470567765931939e-02 8.080333616140554509e-02 1.000000000000033413e-06 1.000000000062373343e-06 1.281231997104767756e-03 1.184724682661632278e-02 9.322072809008405121e-06 2.652831069057844647e-04 1.000002998319399426e-06 9.999999999999999547e-07 1.000388029281716670e-06 1.336071144339890757e-06 1.063154332249072346e-06 1.816642930195521560e-02 2.916889153849509808e-02 3.734207150339235309e-02 9.999999999999999547e-07 4.881318581834663724e-03 1.118403544188922970e-06 9.999999999999999547e-07 1.819790137675581301e-02 1.291861563877063799e-04 1.000002173373065394e-06 9.999999999999999547e-07 1.000000000000047389e-06 1.004342559326686814e-06 2.120241894577712231e-05 7.769673999814505653e-04 2.807990127572098944e-03 6.737910944574628316e-03 2.983999358901869361e-03 4.902296232805533963e-03 2.336154376712511345e-04 9.999999999999999547e-07 1.037994846777051504e-06 5.991445054085922130e-03 1.848140464440441036e-03 1.000014575327681675e-06 1.498264858122890636e-04 9.999999999999999547e-07 2.118578135387568225e-05 6.379829456152800267e-04 3.789337853624683006e-02
2.277082890768972251e-06 2.742236740774300213e-02 1.079532039292282856e-02 5.183146053346827275e-05 6.326203766734594398e-06 1.837617683966828481e-04 1.000067103626078428e-06 1.000005811340292910e-06 3.578001339636159399e-03 1.000152596467432974e-06 9.999999999999999547e-07 1.000000008068533631e-06 7.399021410973915473e-04 9.999999999999999547e-07 9.999999999999999547e-07 9.999999999999999547e-07 1.645808941985450703e-03 1.017599933332827702e-06 2.597105321702007988e-02 1.403238636866886232e-05 1.001690006906098712e-06 5.997000447009754459e-04 2.597213055692505421e-02 2.859473919930524298e-04 1.000000000000627183e-06 1.000168869249746197e-06 1.938612186271457445e-06 9.999999999999999547e-07 1.324205297664045279e-03 4.186319589700643485e-06 1.000000000000000378e-06 1.000000000001629434e-06 9.999999999999999547e-07 3.235455233547722322e-06 1.000000000000449729e-06 6.662303852705201215e-03 7.076095917453395501e-02 9.999999999999999547e-07 1.358468892860371617e-06 8.604747808620319242e-06 7.395554336004672713e-02 6.050543025229506225e-03 2.362156176745611874e-02 9.854183219480911610e-03 2.332759747993029011e-04 3.606460923113473030e-05 3.993814039302619363e-03 8.105663365614022806e-06 7.583352878780065445e-04 9.999999999999999547e-07 5.635370255578207204e-06 9.999999999999999547e-07 1.316554474945761887e-06 9.999999999999999547e-07 1.357981578369330341e-05 6.005956602980321718e-06 1.021304596136112069e-06 1.000523050658857128e-06 1.000001317299412985e-06 1.400897713755734489e-04 1.004425251288485108e-06 4.809925196255609146e-04 2.907967200024343270e-06 8.547529177430317204e-02 1.000000000010897457e-06 1.000006286116480894e-06 8.883654485205403142e-03 1.097852036278273549e-05 1.000000009764796306e-06 1.000000000000473234e-06 6.017928065839230997e-06 1.108714531118121654e-01 2.321392366238621274e-02 7.989079725490440040e-06 1.241583245663524450e-04 3.875080323440508682e-03 1.000004316716021032e-06 5.126971132773379229e-03 1.275356430339185110e-01 1.000000048749512267e-06 1.059449663764463817e-03 4.295240416287599006e-02 6.915031956357622737e-03 9.999999999999999547e-07 1.067162491840430416e-04 9.999999999999999547e-07 2.032286606113110558e-04 9.999999999999999547e-07 5.873481465344434349e-05 5.428963931511684819e-04 1.008013037075648608e-06 9.565117404282681810e-05 3.936328414247127641e-06 9.999999999999999547e-07 2.199602107482482097e-02 8.484815693665034853e-02 1.000000000001230905e-06 1.000000000007527113e-06 8.064860323623206442e-04 9.686931382318936246e-03 2.022708237603014196e-05 9.833116977221666145e-05 1.000000298147536599e-06 9.999999999999999547e-07 1.201210467190614806e-06 3.466415475200359592e-06 7.817236509469291478e-06 1.847933173114924346e-02 3.293479986583187913e-02 3.812669585070260075e-02 9.999999999999999547e-07 4.958509171014163601e-03 2.247675654018143953e-06 9.999999999999999547e-07 1.162193258455994013e-02 6.011059401462685598e-04 1.000002673387758782e-06 9.999999999999999547e-07 1.000000000000017742e-06 1.002716839955766080e-06 1.801373719947355320e-05 1.247687985525472139e-03 2.327980886203803810e-03 7.082979806680932654e-03 2.115477998634439621e-03 2.924066381031664892e-03 2.530330232515100395e-04 1.000000000000000378e-06 1.011535966023649578e-06 3.959905923055379202e-03 4.576484819828779971e-03 1.000010544145579004e-06 1.574913723966730691e-04 1.000000000000000802e-06 1.851842091356501371e-05 6.633144397400082132e-04 3.828229767084134066e-02
4.833503140690495679e-06 3.486514636847815041e-02 8.773004162119145410e-03 4.263021339589412556e-05 4.793080520209494505e-05 1.938274105066107320e-04 1.000000819535011911e-06 1.000135302059328847e-06 4.764678522024216011e-03 1.000035910522781522e-06 9.999999999999999547e-07 1.000032793639931071e-06 1.027686260121557851e-03 9.999999999999999547e-07 9.999999999999999547e-07 9.999999999999999547e-07 1.012116466048773328e-03 1.001479213934568663e-06 2.770887926827302061e-02 9.219241833352005073e-06 1.010798455515826686e-06 6.986463282390445928e-04 2.567895013025349796e-02 7.426495050960845975e-05 1.000000000000761649e-06 1.007755909388872563e-06 1.461645284038577117e-06 9.999999999999999547e-07 1.148773180914456444e-03 8.012174037627224375e-06 9.999999999999999547e-07 1.000015559369197059e-06 9.999999999999999547e-07 6.720981078999961226e-06 1.000000000000169150e-06 7.497895041216370675e-03 6.640566797365589358e-02 9.999999999999999547e-07 1.360805418801820363e-06 1.001309548942822423e-05 6.969871345043569810e-02 7.935115797248690206e-03 2.737120949123037633e-02 9.780736323288363038e-03 2.369691308378253430e-04 1.757721385699473294e-05 3.283144289052967752e-03 1.585769665339665648e-05 1.046682004211798179e-03 9.999999999999999547e-07 6.213095631387442819e-06 9.999999999999999547e-07 1.002046440532293086e-06 9.999999999999999547e-07 4.258921617769896665e-05 7.393680666262991021e-06 1.010345752660995541e-06 1.000000000496468412e-06 1.000007438475621960e-06 3.304730436289298064e-04 1.002405463847069946e-06 4.261986846234791927e-04 4.700381454524525775e-06 8.257165527620230483e-02 1.000000000000226960e-06 1.008623743228282381e-06 9.647626158581152842e-03 1.283439553707192634e-05 1.000000021083145314e-06 9.999999999999999547e-07 1.145222633629255591e-06 9.888813232606646908e-02 2.993429035060806917e-02 1.001916195238942782e-06 1.355126274889841801e-04 3.304885168473995199e-03 1.000020440720874575e-06 5.163672574127299748e-03 1.261619191473329071e-01 1.000000000622416917e-06 1.322246542026814502e-03 4.248244440267374272e-02 6.224465159145561519e-03 9.999999999999999547e-07 3.584616744262607920e-04 9.999999999999999547e-07 1.849661169176770956e-04 9.999999999999999547e-07 3.442438342366642092e-05 3.730111667086452847e-04 1.032258191619482320e-06 5.073226246285230913e-05 3.145904583783456376e-06 9.999999999999999547e-07 2.349919245610601615e-02 8.277782011079119762e-02 1.000010011514308406e-06 1.000000000005146315e-06 1.055882332129079622e-03 1.011037485379455945e-02 3.760453577908997946e-05 2.406794979432330781e-04 1.000037704000925525e-06 9.999999999999999547e-07 1.009354075004400741e-06 1.515523844633327198e-06 5.743460477762490413e-06 1.706778391984036317e-02 3.410068238566747734e-02 3.907267309656389798e-02 9.999999999999999547e-07 4.762180488138028668e-03 1.134306555809220809e-06 9.999999999999999547e-07 1.499029119271308094e-02 3.621337733482485549e-04 1.000000170609486093e-06 9.999999999999999547e-07 1.000000000018413604e-06 1.007038501198737923e-06 1.901236983166386610e-05 1.291833181209520740e-03 3.199824649340481109e-03 7.625962496582656090e-03 2.773875914832899837e-03 3.588263255622106771e-03 2.861486868782654866e-04 1.000000000537993143e-06 1.332602463492034765e-06 6.342741293452487834e-03 1.840554248784625601e-03 1.000000646814764349e-06 9.917677266834589106e-05 1.000000000000009907e-06 1.452532744247174472e-05 3.012751018189469823e-04 3.757382496095678509e-02
4.207489285812341805e-06 3.067819257061358412e-02 8.465384588948849168e-03 4.109248533553785731e-05 2.535251765828680815e-05 3.479881616787513089e-04 1.000013134782638067e-06 1.000005864169219869e-06 2.591963140530002211e-03 1.000085745514902462e-06 9.999999999999999547e-07 1.000000116594732701e-06 7.182254747847004487e-04 1.000000000009352469e-06 9.999999999999999547e-07 9.999999999999999547e-07 2.184714641082727195e-03 1.015923618163941959e-06 3.025471075528426979e-02 2.059078210597770647e-05 1.000609265247113013e-06 8.373999541512648984e-04 2.670430217135051978e-02 6.483086917168549921e-05 1.000000000000015201e-06 1.000000337015357567e-06 1.525216681444741927e-06 9.999999999999999547e-07 7.898419112456619377e-04 5.120261966870040284e-06 9.999999999999999547e-07 1.000000087156971675e-06 9.999999999999999547e-07 4.622289203524467231e-06 1.000000000000291758e-06 7.203359241980889643e-03 7.019052983947082769e-02 9.999999999999999547e-07 1.246026875316793063e-06 1.189528034851595967e-05 6.722756031086768447e-02 6.745092123540369182e-03 2.413288964816974469e-02 9.804385387583334013e-03 2.692094238134714766e-04 2.663686073628394806e-05 3.564914537528324559e-03 1.947922513895219729e-05 6.383945211758690905e-04 9.999999999999999547e-07 8.036183054999768201e-06 9.999999999999999547e-07 1.042418252188736833e-06 1.000000000000002919e-06 2.229362187164594619e-05 1.450806231747973495e-06 3.425000854949414830e-06 1.000000009607708540e-06 1.000000553485994208e-06 1.450300865262561703e-04 1.001260340159455193e-06 4.090443172885827863e-04 8.800870106954384705e-06 8.997455384067240547e-02 1.000000000000026636e-06 1.000141590374810866e-06 7.810887373862449544e-03 2.249762424293680661e-05 1.000000000972048824e-06 1.000000000021906133e-06 4.952378574002400281e-06 1.064372828047084885e-01 2.570359956705317930e-02 1.173171196342826381e-06 1.000146668616433611e-04 5.467790093359594511e-03 1.000000124809218201e-06 3.737324257955756783e-03 1.309870458330792409e-01 1.000000000879160650e-06 1.304265769695286221e-03 4.314663667369159766e-02 7.057029437943175033e-03 9.999999999999999547e-07 1.600764241411481101e-04 9.999999999999999547e-07 1.860812729372052763e-04 1.000000000000023248e-06 8.147858816953063910e-05 5.052829591534377905e-04 1.077053372608886328e-06 1.391557818054481982e-04 2.545580389891457433e-06 9.999999999999999547e-07 2.233219087770135433e-02 8.248215817432544283e-02 1.000000653730979581e-06 1.000000000000046118e-06 1.158537404036239426e-03 1.113102231483648931e-02 4.492052893635882727e-05 1.384770095864218755e-04 1.000010760066538273e-06 9.999999999999999547e-07 1.004769288928000908e-06 6.285662481153749581e-06 3.553579433109672545e-06 2.089107033428927451e-02 2.662117959421261837e-02 3.792497894340041836e-02 9.999999999999999547e-07 6.707439725525242251e-03 1.115134319934395718e-06 9.999999999999999547e-07 1.367473564863746355e-02 1.416410020995021802e-04 1.000000958598678058e-06 9.999999999999999547e-07 1.000000000016851675e-06 1.012666751878798636e-06 2.227551209424737051e-05 9.004253916873158816e-04 3.455946166115109186e-03 5.149702942241760235e-03 3.112860572066433133e-03 3.135196359973287539e-03 3.428367992656602297e-04 9.999999999999999547e-07 1.034334746969131723e-06 4.109641665373225949e-03 1.617575413762501694e-03 1.000002062364353998e-06 2.611320362166678140e-04 1.000000000000343638e-06 2.542791786109730332e-05 1.052550262577560576e-03 3.663752103557090661e-02
1.880408050264729568e-06 3.319918125064355574e-02 9.803082382936027794e-03 5.355164517196003512e-05 4.002483370983616153e-05 1.213337315870092060e-04 1.000215860265739127e-06 1.000011340071070309e-06 4.856974407068130953e-03 1.000010855600627301e-06 9.999999999999999547e-07 1.000000518943116905e-06 7.647664315750305440e-04 1.000000000001058322e-06 9.999999999999999547e-07 9.999999999999999547e-07 8.455176926232678240e-04 1.019742571280715937e-06 2.949174154026367248e-02 8.889434280345990738e-06 1.035976157350929058e-06 6.860879234227078120e-04 2.824255476651839000e-02 1.550920694638218051e-04 1.000000000000003131e-06 1.000000041318591324e-06 1.023442612688614079e-06 9.999999999999999547e-07 8.536209233678714514e-04 4.483889218498510257e-06 1.000000000000001014e-06 1.000000006759165114e-06 9.999999999999999547e-07 3.458969770619400965e-06 1.000000000000010966e-06 8.030603712158071103e-03 6.693594570233125929e-02 9.999999999999999547e-07 2.299125201358895460e-06 2.678958245475343179e-05 6.982472716920380684e-02 8.195464727081267983e-03 2.673310676786471579e-02 1.176563929112115631e-02 3.668404206476041018e-04 3.334930921887725123e-05 3.889693185263067531e-03 4.696327922976133156e-06 4.703873870853225161e-04 9.999999999999999547e-07 1.238185822999388302e-05 9.999999999999999547e-07 6.667516049910422556e-06 1.000000037983237946e-06 2.794622480322417199e-05 2.767724859594071912e-06 8.944705148529683296e-06 1.000000001127373279e-06 1.000000626758307413e-06 2.928698652907181640e-04 1.001602930727135337e-06 2.645982475135880791e-04 4.138281538576640962e-06 8.434978795624499537e-02 1.000000000025275841e-06 1.001899917560735925e-06 1.109595030771634398e-02 1.165803301500352623e-05 1.000000005750781072e-06 9.999999999999999547e-07 2.889857769165111786e-06 9.821577955192352383e-02 2.812675032907884995e-02 1.028380533721708681e-06 8.452124626955632850e-05 4.930700367428994015e-03 1.000334893419877434e-06 5.174083312665662786e-03 1.230889892763409599e-01 1.000000000027298768e-06 1.473948118143864798e-03 4.415466082192521374e-02 7.546973924700979205e-03 9.999999999999999547e-07 3.672277826230480459e-04 9.999999999999999547e-07 3.218775645649439836e-04 9.999999999999999547e-07 6.574847458819696954e-05 1.085186950079865178e-03 1.004638871588849849e-06 4.199007207592046678e-04 2.782832031723404360e-06 9.999999999999999547e-07 2.318542524720124814e-02 7.963445251012428450e-02 1.000000000000014990e-06 1.000000000007790117e-06 8.891405243140712870e-04 1.053411564068319588e-02 1.102111506387828289e-05 1.009923791082606513e-04 1.000002521168088706e-06 9.999999999999999547e-07 1.005997141359799784e-06 6.040535343671206700e-06 7.302375777945838778e-06 1.896672334678734667e-02 3.027863783007467974e-02 3.623285562762293410e-02 9.999999999999999547e-07 5.842489800439778884e-03 1.055197942785868935e-06 9.999999999999999547e-07 1.384654578591310546e-02 8.686166389218620109e-05 1.000015818918666472e-06 9.999999999999999547e-07 1.000000000000242841e-06 1.001022328127586165e-06 2.231430640590183111e-05 1.056213014961934326e-03 3.993683064655481098e-03 5.762741623820490967e-03 2.450894963727386858e-03 2.688166182576102754e-03 3.616660401139159490e-04 9.999999999999999547e-07 1.704796202379737741e-06 5.065705139542532251e-03 2.694313736368006765e-03 1.000003982508916453e-06 1.111848351953836217e-04 1.000000000000015837e-06 1.886500472328187148e-05 6.167813957574225497e-04 3.906646615755608037e-02
2.512011343526018479e-06 3.102335308945682393e-02 9.204125332638798951e-03 4.939496711263060825e-05 3.289956117024257968e-06 2.704052676299146325e-04 1.000384462320223084e-06 1.000006064953120788e-06 4.915947780018426957e-03 1.000038403118466270e-06 9.999999999999999547e-07 1.000017461730189495e-06 1.001743007559076446e-03 1.000000000000084023e-06 9.999999999999999547e-07 9.999999999999999547e-07 2.343747128981227366e-03 1.002841658517135721e-06 2.643419462359487479e-02 5.044394486398583768e-05 1.006452375344008193e-06 7.583660114569145284e-04 2.488363732235306450e-02 6.814186326690752646e-05 1.000000000007871432e-06 1.000000015214993806e-06 1.363502056319432635e-06 9.999999999999999547e-07 1.587775505579675818e-03 1.168256294629040082e-05 9.999999999999999547e-07 1.000000001910075344e-06 9.999999999999999547e-07 1.281644661388820999e-05 1.000000000000152844e-06 7.258174142540820342e-03 6.980407676243439996e-02 9.999999999999999547e-07 1.065186111517143153e-06 1.395080757215109231e-05 6.845871267066404309e-02 8.607121906799105118e-03 2.394239264742802423e-02 1.031040585569542242e-02 5.413482825876090015e-04 6.826949465987572981e-05 3.561481440216617521e-03 5.628815836836715387e-05 4.692345260770916797e-04 9.999999999999999547e-07 1.093664450774690202e-05 9.999999999999999547e-07 1.003033722741958409e-06 9.999999999999999547e-07 6.920826889664448542e-05 6.983205582419647686e-06 1.908744866635567308e-06 1.000000092583478511e-06 1.000006982869742195e-06 2.015187549809998137e-04 1.000202459825180023e-06 1.062288763639851431e-03 7.565884711633618734e-06 8.500496331656018367e-02 1.000000003477764347e-06 1.044937752556044820e-06 7.118678364664774751e-03 6.513092823392737946e-05 1.000000017478399460e-06 9.999999999999999547e-07 5.275130375084600246e-06 1.048762775933524544e-01 2.770603425692443750e-02 1.004254816080847875e-06 1.252120897448044494e-04 4.593860191563390108e-03 1.008750361719003086e-06 5.589118087424617583e-03 1.228724201472066596e-01 1.002343255651697213e-06 1.503356285154935218e-03 4.542815070817426970e-02 6.980323631062212118e-03 9.999999999999999547e-07 1.308677765795396666e-04 9.999999999999999547e-07 2.372468125672217451e-04 9.999999999999999547e-07 1.014344593726044543e-04 6.081342467108913829e-04 1.001513651091487534e-06 5.978022561719824373e-05 3.472387345345842001e-06 9.999999999999999547e-07 2.183754060327895707e-02 8.328317531209181168e-02 1.000000000316488522e-06 1.000000000119529433e-06 7.695561309864261488e-04 1.114619628065195538e-02 3.461056531110939550e-05 6.190015811342085630e-04 1.000009430097667838e-06 9.999999999999999547e-07 1.108321880490856445e-06 6.423433788343288421e-06 4.441451511104684685e-05 2.076779086884915707e-02 2.799067161605552079e-02 4.405179036152489375e-02 9.999999999999999547e-07 4.799384059714553036e-03 4.519025361153556321e-06 9.999999999999999547e-07 1.376819346702812773e-02 3.084574602007573215e-04 1.000000424577266517e-06 9.999999999999999547e-07 1.000000001080537439e-06 1.001088633572017010e-06 2.517779715470490611e-05 1.441520658403206909e-03 2.879589070700092155e-03 6.736354598633464801e-03 2.758332834594257477e-03 2.834473003589116965e-03 5.412094761836537754e-04 9.999999999999999547e-07 1.007671479194319616e-06 4.294307706548685689e-03 1.499383243551716738e-03 1.000000882872649531e-06 3.114836688863698889e-04 9.999999999999999547e-07 1.747330768361499937e-05 2.708952014142418396e-04 3.695727316471260349e-02
3.412717398216101147e-06 3.985476256275675977e-02 9.943426463960285122e-03 2.275838060297688417e-05 4.670909903541360422e-06 2.442998728169132674e-04 1.000000151559565185e-06 1.000146789176922913e-06 2.963289515519319534e-03 1.000061544626020888e-06 9.999999999999999547e-07 1.000000468854946734e-06 7.579949657644163624e-04 1.000000001015730737e-06 9.999999999999999547e-07 9.999999999999999547e-07 1.377327437631616731e-03 1.005643854438130546e-06 2.422638378372573773e-02 1.316753241542552827e-05 1.000953331291915121e-06 5.779521656086787466e-04 2.659758974074532753e-02 3.135745258644899501e-05 1.000000000000027695e-06 1.000007737012494546e-06 2.593595682839996900e-06 9.999999999999999547e-07 8.171089941894193586e-04 3.921080334317528568e-06 9.999999999999999547e-07 1.000000000000257029e-06 9.999999999999999547e-07 4.311904179296011099e-06 1.000000000000000167e-06 5.416094930070022503e-03 6.619431150186239066e-02 9.999999999999999547e-07 1.119923378612475082e-06 9.760170471914411336e-06 7.033881829688752585e-02 8.589709507306971664e-03 2.145994494073841935e-02 9.495244736249098053e-03 3.164256984119213478e-04 2.509454919074684501e-05 2.904718774780867211e-03 3.227352206262328244e-05 1.581322462732602041e-04 9.999999999999999547e-07 4.354010326799939319e-06 9.999999999999999547e-07 1.009970639282247656e-06 9.999999999999999547e-07 6.234904234328086478e-06 1.333615823484253542e-06 1.009192926616646311e-06 1.000000000020733627e-06 1.000007042161198505e-06 2.328143867211623604e-04 1.003202065870771638e-06 3.187504590217664748e-04 1.737061712323258988e-05 8.378171730958944297e-02 1.000000000006859863e-06 1.000104449033989004e-06 8.112293683191452651e-03 1.172709649937429203e-05 1.000000001171053709e-06 9.999999999999999547e-07 1.238068005995004876e-06 1.045337752014826593e-01 3.360471947992940689e-02 1.002840683114348430e-06 1.122748562351193489e-04 3.027159918015044811e-03 1.000000004346705589e-06 4.593364476292366612e-03 1.312991015408448148e-01 1.000000001800121786e-06 1.307068215213255408e-03 4.033288870895899991e-02 5.018839580074803929e-03 9.999999999999999547e-07 8.802773175780833530e-05 9.999999999999999547e-07 1.118540211996878420e-04 9.999999999999999547e-07 6.142281915457762037e-05 2.512441529260984021e-04 1.000028042255838288e-06 3.433782775176020836e-04 2.102845131312025265e-06 9.999999999999999547e-07 2.045524321976884691e-02 8.478404163953186246e-02 1.000000000000008637e-06 1.000000000000057977e-06 1.087004002543162000e-03 9.803561367962237635e-03 1.338367002004769934e-05 2.094676331880210231e-04 1.000049381623103525e-06 9.999999999999999547e-07 1.000678552723266531e-06 3.195977936221331389e-06 5.796811985307134874e-06 1.917569672772209688e-02 3.006711921080115410e-02 3.946931963550170258e-02 9.999999999999999547e-07 7.139660393983645985e-03 1.062842482843038933e-06 9.999999999999999547e-07 1.774983503785121722e-02 4.545615906188339240e-04 1.000007712373891544e-06 9.999999999999999547e-07 1.000000000000000378e-06 1.017994594482177225e-06 1.340403395572064837e-05 5.915440336744347142e-04 2.791972552966450610e-03 5.413885181856074695e-03 1.720182870632888921e-03 3.222631907183851584e-03 2.731467113613162507e-04 1.000000002179712825e-06 1.053903377757341530e-06 4.726888408392225689e-03 1.598079547855478511e-03 1.000000265162244889e-06 1.081901912395691220e-04 9.999999999999999547e-07 1.050323769807037810e-05 6.658521136304317587e-04 3.896563080525979744e-02
1.781936461812142450e-06 3.593965250794711047e-02 6.071118424707823945e-03 3.239001275445886591e-05 2.744815045208884560e-05 6.252719606359606955e-05 1.000008770905453449e-06 1.000001943414768438e-06 3.159417122346722465e-03 1.003305022120798542e-06 9.999999999999999547e-07 1.000038221078815998e-06 4.810526410311611375e-04 1.000000000000001437e-06 9.999999999999999547e-07 9.999999999999999547e-07 6.571044372037284503e-04 1.160841739109130738e-06 3.313335752928341094e-02 1.519682403983148945e-05 1.044886741273971554e-06 4.689988785710409898e-04 2.271361561857488179e-02 9.673777932038087112e-05 1.000000000014297659e-06 1.000025016038349273e-06 1.156671560212098997e-06 9.999999999999999547e-07 6.408783239044552309e-04 3.825885460493650230e-06 9.999999999999999547e-07 1.000000005112431632e-06 9.999999999999999547e-07 2.251207083779653706e-06 1.000000009754059528e-06 7.129240038611663575e-03 5.543256727793833410e-02 9.999999999999999547e-07 1.068600832784340519e-06 4.185042004383256897e-05 5.540459753597595099e-02 1.053192218784962733e-02 2.894870805868276706e-02 1.083743593812593227e-02 4.052272609796345789e-04 2.691019465590952287e-05 5.278136135606755971e-03 3.484194448314085373e-05 1.217021522784654313e-03 9.999999999999999547e-07 8.882275629402078141e-06 9.999999999999999547e-07 1.078908773515034268e-06 1.000000000023970140e-06 9.754284421328547207e-06 1.134709804875228667e-06 1.093506191215686461e-06 1.000000070081048556e-06 1.000086321088312289e-06 3.191788488079807563e-04 1.000579404810131784e-06 2.146116019969886580e-04 9.149447584259650160e-06 9.339295035308922688e-02 1.000000019924968790e-06 1.000002666118782915e-06 7.363178341723849475e-03 1.961907396959063505e-05 1.000000022884528801e-06 1.000000000000000167e-06 5.627723525759022862e-06 1.062121996331085588e-01 2.697364488327529813e-02 1.135516005646029600e-06 1.269948933990174824e-04 5.377564912351104863e-03 1.000000080598931736e-06 5.504612117600848203e-03 1.240206351362263676e-01 1.000000000183962805e-06 1.971697501438662414e-03 5.701183316229374576e-02 8.448874964096606682e-03 9.999999999999999547e-07 2.351046667208139514e-04 9.999999999999999547e-07 2.526748798102455861e-04 9.999999999999999547e-07 4.533083065590386428e-05 7.059790662497892081e-04 1.299559783749782056e-06 6.236300378737765068e-04 2.418921490461948545e-06 9.999999999999999547e-07 2.122998080139679861e-02 7.871785390471718047e-02 1.000000000038378594e-06 1.000000000643006594e-06 1.245890945530455946e-03 9.009987456413072818e-03 1.171198723278418830e-05 2.624247974809990232e-04 1.000385909071476038e-06 9.999999999999999547e-07 1.036790737612406444e-06 5.067459000475822142e-06 4.006230606179968378e-06 2.370623811717620724e-02 2.274829044305234915e-02 4.354844664046917529e-02 9.999999999999999547e-07 4.440829460968427796e-03 1.161556523229931084e-06 9.999999999999999547e-07 1.541881671642093485e-02 3.002224103153214871e-04 1.000006298713316869e-06 9.999999999999999547e-07 1.000000000000583349e-06 1.004619494726211608e-06 1.877977967983847436e-05 1.478759279318254353e-03 2.274561056672156582e-03 6.149781383074155727e-03 3.329562220302949380e-03 4.803992600405191694e-03 4.655127025026106194e-04 1.000000951365478957e-06 1.217337107108121858e-06 4.937800742795290555e-03 3.029477615874813425e-03 1.000037325875559678e-06 1.994574074816359965e-04 9.999999999999999547e-07 3.305647713895455030e-05 7.482937139393406158e-04 3.430763911839484342e-02
2.460800492401944130e-06 3.126624682843211905e-02 9.330239146258727939e-03 4.757613841779340813e-05 9.247308054198060355e-05 1.761597178471461785e-04 1.000203038251128095e-06 1.000021094843109307e-06 3.781871935520431539e-03 1.000242403300104564e-06 9.999999999999999547e-07 1.000067128616801920e-06 6.607288724034477345e-04 1.000000000000121927e-06 9.999999999999999547e-07 9.999999999999999547e-07 4.733998774558791133e-04 1.004222051376531454e-06 2.768330410315865062e-02 1.436481708399937470e-05 1.009550914576548292e-06 7.943517851540342345e-04 2.344321374562685981e-02 6.573513754201950146e-05 1.000000000000006731e-06 1.000009520286970076e-06 6.401576473839331231e-06 9.999999999999999547e-07 1.457266235578062730e-03 4.021864310180002873e-06 9.999999999999999547e-07 1.000000000000004613e-06 9.999999999999999547e-07 1.668732695096935130e-05 1.000000000000005460e-06 6.775162857001653174e-03 6.877198222798522331e-02 9.999999999999999547e-07 1.140665404345710370e-06 2.015080834513445921e-05 6.720917171788787225e-02 7.879117841272218273e-03 2.681492624756264334e-02 9.329576211387292234e-03 3.095990807412950805e-04 2.241940518335678285e-05 3.169084492953163062e-03 4.636282041992989631e-05 4.980154265377586533e-04 9.999999999999999547e-07 7.366589888707655020e-06 9.999999999999999547e-07 1.141697767451878166e-06 1.000000000000023036e-06 1.330488068393046378e-05 2.606158833231893679e-06 1.013935002453212245e-06 1.000000008160527127e-06 1.000002610822764711e-06 4.782510833034529611e-04 1.000304934532249757e-06 1.036766993870260343e-03 7.007999167172230295e-06 7.886219349406584089e-02 1.000000000000002708e-06 1.000066024512207557e-06 9.369971751497813139e-03 2.180307153551471256e-05 1.000000002497119575e-06 9.999999999999999547e-07 2.238220394259749523e-06 1.110295969502326646e-01 2.494154539389222686e-02 1.005964825348083500e-06 1.594330108655504330e-04 3.954259736140345628e-03 1.000070586490659494e-06 6.032213904316976148e-03 1.197827390030560546e-01 1.000001119039593804e-06 1.400242794600854192e-03 4.897109151056507764e-02 6.659979518867659674e-03 9.999999999999999547e-07 1.118650951062497126e-04 9.999999999999999547e-07 2.764425939754449539e-04 9.999999999999999547e-07 4.437111642553452949e-05 3.087296037891606960e-04 1.000034873478005187e-06 1.491916255549802001e-04 2.478279950165113277e-05 9.999999999999999547e-07 2.129282894772399626e-02 8.642517247578515582e-02 1.000000000000772237e-06 1.000000001968257191e-06 9.139835920940488599e-04 9.172556356224688748e-03 3.102660317335235378e-05 4.241875822867415794e-04 1.000645682178907239e-06 9.999999999999999547e-07 1.011479913015541206e-06 3.148626898396694932e-06 1.447979324984263835e-06 2.378482192897602224e-02 3.163668872478288263e-02 4.493565096456380442e-02 9.999999999999999547e-07 6.127708658768225673e-03 1.037953215800386065e-06 9.999999999999999547e-07 1.118428260696366014e-02 1.256707394473196540e-04 1.000016055606016141e-06 9.999999999999999547e-07 1.000000000000000802e-06 1.002673864342874072e-06 1.796134695346807109e-05 1.000167233960958402e-03 4.316826172966914399e-03 7.503968854200761089e-03 2.239862111225556559e-03 2.940977606863865151e-03 2.915087408701994465e-04 9.999999999999999547e-07 1.076260507681513779e-06 4.541396829938708531e-03 2.092407596665757721e-03 1.000006239644464629e-06 3.148237273382205673e-04 1.000000000000001437e-06 3.914250195105762199e-05 2.502746439593233480e-04 3.466299372464463208e-02
3.745817743316658482e-06 3.528397580516303561e-02 7.775749981145722162e-03 5.450245675755675232e-05 1.644133684445602206e-05 2.364150885113901852e-04 1.000074848879938898e-06 1.000000297324109401e-06 2.755413957714703075e-03 1.065844661445179276e-06 9.999999999999999547e-07 1.000000855564976467e-06 1.384424779224383787e-03 1.000000000011720138e-06 9.999999999999999547e-07 9.999999999999999547e-07 1.038958700456897328e-03 1.199155760344440360e-06 3.105081118600734255e-02 6.391824749181214479e-06 1.012395097676607313e-06 1.186363051286179471e-03 2.867133605111405262e-02 7.946889951431075313e-05 1.000000000000136751e-06 1.000000006319513298e-06 1.026992269475975645e-06 9.999999999999999547e-07 1.756683280247188072e-03 6.938130281753123837e-06 1.000000000000001225e-06 1.000000083993177197e-06 9.999999999999999547e-07 4.362238126539690210e-05 1.000000000000000167e-06 6.098046031370308456e-03 6.259865837239848851e-02 9.999999999999999547e-07 1.097725845751203808e-06 8.129472454466451803e-06 6.856322162338736315e-02 7.782739353794591169e-03 2.203982083711431700e-02 1.112705526316138706e-02 2.774153132430738807e-04 5.508474249500760567e-05 3.183105672162229831e-03 1.869402939638308800e-05 5.849860746016303332e-04 9.999999999999999547e-07 4.727719931504481865e-06 1.000000000000007790e-06 1.088238528781881095e-06 1.000000000000008425e-06 3.123343666427163314e-05 1.301932393980542556e-06 1.050253582442341246e-06 1.000000011654917505e-06 1.000002035579646064e-06 1.543252190122464053e-04 1.004696067370631247e-06 5.112342328397685752e-04 2.181785683039299474e-05 8.608823455279869530e-02 1.000000000000110069e-06 1.003205727809309811e-06 8.177697286155192688e-03 2.460028951142316107e-05 1.000000000348948095e-06 9.999999999999999547e-07 3.472050113883549336e-06 1.045096126656206437e-01 2.806163220145260762e-02 1.590417043963553066e-06 1.044729991414564450e-04 4.218002440764555272e-03 1.000002075185687798e-06 4.505237822002286160e-03 1.252591809481846674e-01 1.000000061274982964e-06 1.288674775073960161e-03 4.163574777271326910e-02 5.632052752050475085e-03 9.999999999999999547e-07 1.725773159085610407e-04 9.999999999999999547e-07 2.186796644604121998e-04 1.000000000114209007e-06 8.261635981047192731e-05 3.659644154356196969e-04 1.000022772291544691e-06 4.703719293971040223e-05 2.548127985784303365e-06 9.999999999999999547e-07 2.456865599120365562e-02 8.342489560471980092e-02 1.000000000000307851e-06 1.000000000048821240e-06 1.147633176518863228e-03 1.061498378275702384e-02 3.035355273593350270e-05 2.515303682089217664e-04 1.017346148006583237e-06 9.999999999999999547e-07 1.001834892276418008e-06 7.622280133006425096e-05 3.507466109337311887e-06 2.208459225526841069e-02 3.052298126310221127e-02 3.965548375389390395e-02 9.999999999999999547e-07 5.194582587869255551e-03 1.723486196025752344e-06 9.999999999999999547e-07 1.247004507967973408e-02 9.687518974296803823e-05 1.000000406332719357e-06 9.999999999999999547e-07 1.000000000000021978e-06 1.010532430736545345e-06 2.103836275475827683e-05 1.369080810950962582e-03 2.252685121765682971e-03 7.573626910639494336e-03 2.072494451652002936e-03 3.641708238480098093e-03 3.751654312107552034e-04 9.999999999999999547e-07 1.025096486529067048e-06 5.288169472811270720e-03 1.967280965089961576e-03 1.000002462781817543e-06 1.119641698539982581e-04 9.999999999999999547e-07 1.027193727278604611e-05 8.278916542146244010e-04 3.961448073010535864e-02
2.175133563679056603e-06 2.671558804184953270e-02 7.123421842116873202e-03 5.328411826463298398e-05 9.111798914037313991e-05 1.618451098305635956e-04 1.000000044663109174e-06 1.000041447730005454e-06 6.128265114837879585e-03 1.000579695935651581e-06 9.999999999999999547e-07 1.000000820394241709e-06 9.886867269106142889e-04 1.000000000120635234e-06 9.999999999999999547e-07 9.999999999999999547e-07 3.183512156125639647e-03 1.010412375692781252e-06 3.345063815790952355e-02 7.165313983105721821e-06 1.022371424055132362e-06 4.766771456164791646e-04 2.362696553855123116e-02 3.059557453842765527e-04 1.000000000089781847e-06 1.000005186092618950e-06 3.123365511098526413e-06 9.999999999999999547e-07 1.179330798638608072e-03 1.307399269234911210e-05 1.000000000075829309e-06 8.144684443500123538e-06 9.999999999999999547e-07 2.937664744701529481e-06 1.000000000000002919e-06 1.126822777342928635e-02 5.032062259400439663e-02 9.999999999999999547e-07 1.083090191952888293e-06 4.058347757047208116e-05 5.213602887892478804e-02 1.249585496793990946e-02 3.382349828965521693e-02 1.137290761586265929e-02 7.703708023293990301e-04 3.912083107955422687e-05 6.747696633137709871e-03 7.681929084251291944e-06 1.538840226879403372e-03 9.999999999999999547e-07 3.088331164609965564e-05 9.999999999999999547e-07 1.341799213494088733e-06 1.000000000000007155e-06 1.482467702325831445e-05 1.413769390808821859e-06 1.021979631026749123e-06 1.000000412804193376e-06 1.000171061816084401e-06 2.420184096898625871e-04 1.006146067584218020e-06 6.940596576165665790e-04 5.955185098943455906e-06 8.349829357662230667e-02 1.000000000760171791e-06 1.000000004367735300e-06 6.478652312242897879e-03 3.596546298525543178e-05 1.000000061310793611e-06 1.000000000000000167e-06 4.373180054396815215e-06 9.667821475881042959e-02 2.002116837941339891e-02 1.004358710371135328e-06 1.859503770546862408e-04 7.906761794234284241e-03 1.000004353165224334e-06 6.995771474646603726e-03 1.089927416294162732e-01 1.000000000035797685e-06 2.740734166512509822e-03 6.696360356966539473e-02 1.118251308668124361e-02 9.999999999999999547e-07 5.676554657372905564e-04 9.999999999999999547e-07 5.251685938285132827e-04 1.000000000000005460e-06 3.936834957916621923e-05 9.383951608376517534e-04 1.008903838286693482e-06 1.166819851928452896e-04 2.165777101602580769e-05 9.999999999999999547e-07 2.108519298637551165e-02 7.125910174111008133e-02 1.000000002771731680e-06 1.000000000009153205e-06 7.394615088675395367e-04 1.111518884278179034e-02 3.509024323443192225e-05 4.354462114704695311e-04 1.000015637670132690e-06 9.999999999999999547e-07 1.031702172001774161e-06 1.179639995856659717e-06 1.602397334300387495e-06 3.496448932068090681e-02 2.536424393723146070e-02 4.835528688865890073e-02 9.999999999999999547e-07 8.988658759894034914e-03 1.266892176198030893e-06 9.999999999999999547e-07 1.116233949463666004e-02 5.652174950502537399e-04 1.000003224330610938e-06 9.999999999999999547e-07 1.000000001772331694e-06 1.037703228706917913e-06 4.951782320719351363e-05 1.179184464664408951e-03 2.728742199931798694e-03 6.650551740754053788e-03 6.226207877775726332e-03 4.060878214967988259e-03 7.160004289627688997e-04 1.000000000000002284e-06 1.104024801857961162e-06 6.966940276681455983e-03 3.722607458606370934e-03 1.000156469675074386e-06 2.936884009921590850e-04 9.999999999999999547e-07 5.896460036623433359e-05 1.295311122651719672e-03 3.309479679585072831e-02
2.659318678425082520e-06 4.663339955125082870e-02 9.265759783218861442e-03 4.872881116708471306e-05 2.959815922721671530e-05 5.369168190374962657e-04 1.000008529812582718e-06 1.000002268248780911e-06 4.085484158774170364e-03 1.001218317733679925e-06 9.999999999999999547e-07 1.000000044889486141e-06 1.112711935590120086e-03 1.000000000000344274e-06 9.999999999999999547e-07 9.999999999999999547e-07 1.032375779653229219e-03 1.039210444430974726e-06 2.845682780095209682e-02 1.026119052813998623e-05 1.004564489207565975e-06 6.436109951040712733e-04 2.769649191421699047e-02 3.870383365394982581e-05 1.000000000000548409e-06 1.000000000039342941e-06 1.140952471804317102e-06 9.999999999999999547e-07 2.015999148903313814e-03 4.578637258006589846e-06 9.999999999999999547e-07 1.000089585447662823e-06 9.999999999999999547e-07 5.886898433844931511e-06 1.000000000000103505e-06 5.468096188866730829e-03 5.752409320374283347e-02 9.999999999999999547e-07 1.011547622744595673e-06 5.955646338092398113e-05 6.895629390162673344e-02 9.578577459674506370e-03 2.072370355674907003e-02 1.104030715069330947e-02 2.455856828553234887e-04 6.682596184471217881e-05 3.399647758109578151e-03 1.212347423454967015e-06 7.074137203158732982e-04 9.999999999999999547e-07 8.346604789791460131e-06 9.999999999999999547e-07 1.110294970205077848e-06 9.999999999999999547e-07 1.596353605535303291e-05 2.716566518255317172e-06 1.494488932088608462e-06 1.000000252348009649e-06 1.000009237335769264e-06 2.553981850396154626e-04 1.000547147263650886e-06 1.748368141259717609e-04 8.786190236516709995e-06 7.977881230729852446e-02 1.000000000000009696e-06 1.001151737193221545e-06 8.298768676012148807e-03 1.473931676289717654e-05 1.000000008984679808e-06 9.999999999999999547e-07 7.438479044707930464e-06 9.942388633295413947e-02 3.658026185678848324e-02 1.016804972050507499e-06 1.216063612194449948e-04 5.402929912267181826e-03 1.000000383620299559e-06 6.430901045917559837e-03 1.223647098851118331e-01 1.000000004487959133e-06 1.758860323648290570e-03 4.341467531329348817e-02 6.685977971849769996e-03 9.999999999999999547e-07 9.831925990860892236e-05 9.999999999999999547e-07 3.191887585512120581e-04 1.000000000000133786e-06 1.524770268461066744e-04 5.171274399981522088e-04 1.001549343049996772e-06 4.653464898604484827e-05 1.780414198296895610e-06 9.999999999999999547e-07 2.216075226392031500e-02 8.216849777181049752e-02 1.000000000000003555e-06 1.000000000011586095e-06 1.234072672675717982e-03 9.402912418316325405e-03 1.610544605914391206e-05 6.469286064164220251e-04 1.000000098900884224e-06 9.999999999999999547e-07 1.008389315173409292e-06 8.997454464509360540e-06 1.321939185928287070e-06 1.786356185356864287e-02 3.647481103600862251e-02 3.515228325130625303e-02 9.999999999999999547e-07 4.354435191194797224e-03 1.032337231456585598e-06 9.999999999999999547e-07 1.562031346384248724e-02 6.684482397646510391e-04 1.000001745120678939e-06 9.999999999999999547e-07 1.000000000000175502e-06 1.001038807493148388e-06 3.064877769194877095e-05 1.124244828827785855e-03 3.155405997504899876e-03 8.562108173205025541e-03 3.068261168570545622e-03 3.997590213548831914e-03 3.708467371287724971e-04 1.000000000006274987e-06 1.009394414673701934e-06 5.177162929455362411e-03 2.120539012449662239e-03 1.000010321643509160e-06 9.434244486453701210e-05 9.999999999999999547e-07 1.741860691804068075e-05 3.832043880034944044e-04 3.492856014224600403e-02
3.874146118307287141e-06 3.175032792564692202e-02 9.626466537447590094e-03 2.607344252446008181e-05 3.568027919958999234e-05 1.519977973526095722e-04 1.000104503256747430e-06 1.000001651124479024e-06 3.516938253004118359e-03 1.000469567459328420e-06 9.999999999999999547e-07 1.000000003154542927e-06 1.445951476387428644e-03 1.000000000000132304e-06 9.999999999999999547e-07 9.999999999999999547e-07 2.444677597963004767e-03 1.005592260132783465e-06 3.034528031563075989e-02 1.615712645671094536e-05 1.004803297732616895e-06 5.158227895924630095e-04 3.092706250359368927e-02 1.247731642556872101e-04 1.000000000000012237e-06 1.000000004771872507e-06 1.050110583825406365e-06 9.999999999999999547e-07 1.185200583426513667e-03 4.871877102425326632e-06 9.999999999999999547e-07 1.010410999135474109e-06 9.999999999999999547e-07 1.375231673750936037e-05 1.000000000000004825e-06 7.286564013428817668e-03 6.416724816489514926e-02 9.999999999999999547e-07 1.129340477681593552e-06 7.518086006297133567e-06 6.552894484312837831e-02 9.838000476493564614e-03 2.507135243502538191e-02 1.434901239192571190e-02 3.679662385436161280e-04 3.104558891764467682e-05 4.095006484712172302e-03 1.547629587734776434e-05 4.229665077168703793e-04 9.999999999999999547e-07 4.996199367028261729e-06 1.000000000000011390e-06 1.112664561762517522e-06 1.000000000002133843e-06 1.071353462139029342e-05 1.594557879118353731e-06 1.002067019340870845e-06 1.009246926528998526e-06 1.000008095764214080e-06 2.572247442564560681e-04 1.003703980802713913e-06 5.713460669725238007e-04 1.638205587500066445e-05 8.764883565971932911e-02 1.000000000000452906e-06 1.000000007761084177e-06 9.404577612757904215e-03 2.522959445041882625e-05 1.000000026247212544e-06 1.000000000001342290e-06 1.021312525026267127e-05 9.421813886274982286e-02 2.625711581448980647e-02 1.056725128739806910e-06 9.627960533604308223e-05 5.204983729956320047e-03 1.000000285415948270e-06 5.900116035015505640e-03 1.216735183835700590e-01 1.000000098924719308e-06 1.588879412468499532e-03 4.923536688996982269e-02 7.083917524891912391e-03 9.999999999999999547e-07 3.756856901455591421e-04 9.999999999999999547e-07 3.614456682535081996e-04 9.999999999999999547e-07 7.948556716234385236e-05 4.934482167637627105e-04 1.000249302080056984e-06 1.073530588700312731e-04 7.367264879229371373e-06 9.999999999999999547e-07 2.447452500715094001e-02 7.819081172515494893e-02 1.000000008639904365e-06 1.000000000070494484e-06 1.050567942715984783e-03 9.847775518475418433e-03 8.682248532030868357e-06 1.978688886448515217e-04 1.000074267126211828e-06 9.999999999999999547e-07 1.026907034639912814e-06 2.085637918462035824e-06 1.121723952083105424e-06 2.084006471926153417e-02 3.232989662130195119e-02 3.762331633314278806e-02 9.999999999999999547e-07 4.011072179856276648e-03 1.024061566438391208e-06 9.999999999999999547e-07 1.586653236503939718e-02 3.521845096026614622e-05 1.000006549095991379e-06 9.999999999999999547e-07 1.000000000000004402e-06 1.001179824047119085e-06 1.247718204316421166e-05 8.086269545627177216e-04 2.678436669185722645e-03 6.747115614759491287e-03 2.283918646385142692e-03 3.883434825318934566e-03 5.230030372055466609e-04 1.000000096893606298e-06 1.383283439450255944e-06 5.227560563284771276e-03 3.681482930517412933e-03 1.000105077220378977e-06 7.635723159765588964e-05 9.999999999999999547e-07 3.131080363926978539e-05 2.605825124404917664e-04 3.543610801552497802e-02
2.608348924936946019e-06 3.020592070038412985e-02 7.710196989105660113e-03 9.371978884730421187e-05 1.734007634968816162e-05 1.978005063151391850e-04 1.000000050297216162e-06 1.000003674123514921e-06 5.638176426021880051e-03 1.000394390314990129e-06 9.999999999999999547e-07 1.000000137189342067e-06 4.225053151796088601e-04 1.000000000000069411e-06 9.999999999999999547e-07 9.999999999999999547e-07 8.659147822235179100e-04 1.000330918294358461e-06 3.723418192910765701e-02 1.531886604992277037e-05 1.132424729636957103e-06 5.171536686854597735e-04 2.534144635157535574e-02 5.130924338145104641e-05 1.000000000000289216e-06 1.000001211553967601e-06 2.898463678661575536e-06 9.999999999999999547e-07 1.511720872175334593e-03 1.108904107056314070e-05 9.999999999999999547e-07 1.042474971384141006e-06 9.999999999999999547e-07 7.344330356078157142e-06 9.999999999999999547e-07 9.489292677534932538e-03 5.296023682421302503e-02 9.999999999999999547e-07 1.427984361208759154e-06 1.482692323196218323e-05 5.877149605517738989e-02 9.426697778772238911e-03 2.583934791031419764e-02 9.224769366692373365e-03 4.696629331778387441e-04 5.729766336450432254e-05 5.788510916660066612e-03 2.104899291433618558e-05 7.203971189746284426e-04 9.999999999999999547e-07 1.930715098771180135e-05 1.000000000006146238e-06 1.517722863627873042e-06 1.000000104711781599e-06 4.377443832345205292e-06 1.890609374567847783e-06 5.632032749625530329e-05 1.000000000985184611e-06 1.000013329333328136e-06 9.889486201025764027e-05 1.000051594256622737e-06 4.078331818947653325e-04 1.906135303688676434e-06 8.787540546289612786e-02 1.000000000333849732e-06 1.000381210347013739e-06 6.766105046651902516e-03 1.383104099203373886e-04 1.000000080183562449e-06 1.000000000201173033e-06 2.537863295228763089e-06 9.711179437563523253e-02 2.169628168780511276e-02 1.006133999015731703e-06 2.313182379537600999e-04 8.045799506159483430e-03 1.000000000705889896e-06 5.811639050320860714e-03 1.162024681546694194e-01 1.000000013065860943e-06 2.269281284265971602e-03 5.392832851738620786e-02 8.128397546197251369e-03 9.999999999999999547e-07 2.010905263123875125e-04 9.999999999999999547e-07 1.989195234813933351e-04 1.000000000000000167e-06 5.094167649948258439e-05 4.378824938371237070e-04 1.000010214192184524e-06 1.214066406796118438e-04 2.846643442435017722e-06 9.999999999999999547e-07 2.356946959724143947e-02 7.974747755773078928e-02 1.000000000000467517e-06 1.000000000004596379e-06 8.022605386668579244e-04 1.162571489050811049e-02 2.041783534002025030e-05 2.961630469738415409e-04 1.000029016663608776e-06 9.999999999999999547e-07 1.002565191034769415e-06 3.644861097004630348e-04 5.648993677567752076e-06 3.152551459298283398e-02 2.845742885604613664e-02 4.898469142010157540e-02 9.999999999999999547e-07 4.853100820077674120e-03 1.862543907681948011e-06 9.999999999999999547e-07 1.246908800425504220e-02 7.931076933380846257e-05 1.000007532019303206e-06 9.999999999999999547e-07 1.000000000000068353e-06 1.003343118170595947e-06 3.094757538683504090e-05 1.010811526629355923e-03 3.305738680010663570e-03 6.233546469841486429e-03 4.943599000732677717e-03 3.881987753477091855e-03 5.249552332918998136e-04 1.000000000055354193e-06 5.021789115611042305e-06 7.077665855650061566e-03 2.184889787443916251e-03 1.000082308064810038e-06 3.657660598475242966e-04 9.999999999999999547e-07 5.962566053115540593e-05 7.096921565824863918e-04 3.450546770112556533e-02
4.738818630355594892e-06 2.977822689963685598e-02 7.613497334809291722e-03 4.317008576756810496e-05 9.761784617610036376e-05 1.816153862861604905e-04 1.001558303532848007e-06 1.000001630748390393e-06 3.584456541896675289e-03 1.000043488621830763e-06 9.999999999999999547e-07 1.000001818598268461e-06 8.024930315484007622e-04 1.000000000012804975e-06 9.999999999999999547e-07 9.999999999999999547e-07 1.618101928417949335e-03 1.000050466090642115e-06 2.804915524062091478e-02 9.676769792953978421e-06 1.000086563160596630e-06 8.226116485995513478e-04 2.834552974029470873e-02 4.352171392100086098e-05 1.000000000000022825e-06 1.000000278850805536e-06 1.667413231009595427e-05 9.999999999999999547e-07 1.195960982313550415e-03 3.967225157137838933e-05 9.999999999999999547e-07 1.000000006080902423e-06 9.999999999999999547e-07 3.069041575680227921e-06 1.000000000000019437e-06 5.768402056433771449e-03 6.505195884632385128e-02 9.999999999999999547e-07 1.120971311469057362e-06 1.245284215213369910e-05 6.881504333544345708e-02 7.706282370956108775e-03 2.402941377394977873e-02 1.330919309900940352e-02 2.053051970114407444e-04 2.062728280286132995e-05 3.457014667983648436e-03 1.366234551800922396e-05 7.044586659689508132e-04 9.999999999999999547e-07 6.993593147760010548e-06 9.999999999999999547e-07 1.001229078223699565e-06 9.999999999999999547e-07 5.781778281624095305e-05 1.820198908598431758e-06 1.030039793288433692e-06 1.000000001073315848e-06 1.000003793475175586e-06 1.718966420175905348e-04 1.004811476190166748e-06 2.283446218378700225e-04 4.226676965270737030e-06 8.783152010794399722e-02 1.000000003011678750e-06 1.000008488409167775e-06 6.117158749672416303e-03 1.436394426585628824e-05 1.000000000171169643e-06 9.999999999999999547e-07 1.249528291803720223e-06 1.051857290406459366e-01 2.552438995667461602e-02 1.000454402973610132e-06 6.992930275304379999e-05 4.312769859041434492e-03 1.027609946568175504e-06 4.937514151177126859e-03 1.289311961955144081e-01 1.000000000054869055e-06 1.131187676866047881e-03 4.564568959637266277e-02 7.980066141923690751e-03 9.999999999999999547e-07 7.529957323470078080e-05 9.999999999999999547e-07 1.658954942236039599e-04 9.999999999999999547e-07 1.135558869941521515e-04 4.677653648899774775e-04 1.000004571034998891e-06 4.921356549905135853e-05 1.355110171907854255e-06 9.999999999999999547e-07 2.396630366049820951e-02 8.006777237586712448e-02 1.000000000000043577e-06 1.000000000000369473e-06 1.208552454016485539e-03 1.010700657864597313e-02 3.229233795846127362e-05 1.074322418125520892e-04 1.000000404020866171e-06 9.999999999999999547e-07 1.115395657402040553e-06 1.018379531716590122e-06 1.143103990061757576e-05 2.255749097270667858e-02 2.858779319459420556e-02 3.961002126885448255e-02 9.999999999999999547e-07 6.001574657614077747e-03 1.041807698478969282e-06 9.999999999999999547e-07 1.311543161610528342e-02 5.686570899561444083e-05 1.000002920649684182e-06 9.999999999999999547e-07 1.000000000000008849e-06 1.079257114461496429e-06 1.583090492704587371e-05 8.961499897384383974e-04 3.589664364132695139e-03 5.540230829802251372e-03 3.481790089347869179e-03 2.390296983721457678e-03 4.191190273810545329e-04 1.000000000000000378e-06 1.003235262885255515e-06 5.339036390422314399e-03 1.709283108985848584e-03 1.000006380130346952e-06 9.144370559209913753e-05 1.000000000000000802e-06 1.032270149143765671e-05 1.070600761171825767e-03 3.972626543575220187e-02
8.204947839547776627e-06 3.358936455168722718e-02 8.572189778035079963e-03 3.455172171312510950e-05 1.897782839659601801e-05 5.723920616245115013e-04 1.000438437830998586e-06 1.000019590257822720e-06 3.491154876244529411e-03 1.000093001163195811e-06 9.999999999999999547e-07 1.000000212058976028e-06 7.594072573594455242e-04 1.000000000117179763e-06 9.999999999999999547e-07 9.999999999999999547e-07 1.374437058759302383e-03 1.000125301658758855e-06 2.661235027380987050e-02 3.250514220858145305e-05 1.077157499109274369e-06 8.425163472324402516e-04 2.643012685990997132e-02 5.202423541203392369e-05 1.000000000000043789e-06 1.000381029671789337e-06 2.504777928142272433e-06 9.999999999999999547e-07 1.128741720143922088e-03 1.318454370100987784e-05 9.999999999999999547e-07 1.000011261744500708e-06 9.999999999999999547e-07 3.917732647637569471e-06 1.000000000010520739e-06 6.547968994463541394e-03 6.520480655849116014e-02 9.999999999999999547e-07 1.641466489507926870e-06 1.964509118104560960e-05 7.053685730432154855e-02 7.042561218795306659e-03 2.489383007471003550e-02 1.103752712285334392e-02 3.377924872664214468e-04 6.790588141309518791e-05 3.481696176220593509e-03 4.389029084166994277e-05 5.129371505337591624e-04 9.999999999999999547e-07 7.132121613187249573e-06 9.999999999999999547e-07 1.032844224539539446e-06 1.000000000000039765e-06 8.944300003749130522e-06 1.510049182565776765e-06 1.036172355677210160e-06 1.000001420067836351e-06 1.000017938675384065e-06 2.392877510325271042e-04 1.006654509121388373e-06 6.845582971145375501e-04 1.959416763420000784e-05 8.466172870651862692e-02 1.000000000000244959e-06 1.396189690353628789e-06 6.577331481959636759e-03 1.545748907798228706e-05 1.000000000624773151e-06 1.000000000000001861e-06 1.193616113430420426e-06 1.072068322090039827e-01 2.821660889121529320e-02 1.001462448874455012e-06 1.076589666597627522e-04 3.111192472349141175e-03 1.000002183830881656e-06 4.763375564237185868e-03 1.289351498386676620e-01 1.000000000245007199e-06 1.310943475033458060e-03 3.800234857232014096e-02 6.615895544298622775e-03 9.999999999999999547e-07 2.460038505184786802e-04 9.999999999999999547e-07 3.856914401175256125e-04 9.999999999999999547e-07 6.619049140474523891e-05 4.781524542817933068e-04 1.000000224902542960e-06 4.631714504956373365e-05 2.821833063602880786e-06 9.999999999999999547e-07 2.159350369128268388e-02 8.454125814951010676e-02 1.000000000000000167e-06 1.000000000047852869e-06 9.926479255889339871e-04 1.051851542773257070e-02 2.492649135725676364e-05 9.942976383528003318e-05 1.000007187958302033e-06 9.999999999999999547e-07 1.032309636968384459e-06 1.238098007078350340e-05 2.851409959587236240e-06 2.130750736683780996e-02 3.226807951540359987e-02 4.124992579487758021e-02 9.999999999999999547e-07 4.672871409132598776e-03 1.246412980776009776e-06 9.999999999999999547e-07 1.466149247797210280e-02 5.853055631608625013e-04 1.000000421008030401e-06 9.999999999999999547e-07 1.000000000000010119e-06 1.065020793007224246e-06 1.523726214606718444e-05 1.730666847436236264e-03 2.788150620376538859e-03 7.162376684167524529e-03 3.250987112356277815e-03 3.024048555178448887e-03 2.920589240977466625e-04 1.000000000000005884e-06 1.311466925776312730e-06 3.791742471460057048e-03 3.209279543225060198e-03 1.000002288074509249e-06 9.042390926548756749e-05 9.999999999999999547e-07 2.640915397587887539e-05 5.539755768741540850e-04 3.663620832044908737e-02
7.169288674802769875e-06 2.769617235889174425e-02 1.006525094639178740e-02 5.062827471402372943e-05 1.689887090523561788e-04 1.914117912130290687e-04 1.000004214722767491e-06 1.000058369587460371e-06 5.250543660028058127e-03 1.000012991404351046e-06 9.999999999999999547e-07 1.000000026667390437e-06 6.444533806431873438e-04 1.000000000001409841e-06 9.999999999999999547e-07 9.999999999999999547e-07 3.771991333869369038e-04 1.028300854756508303e-06 3.313269157315444635e-02 3.772114427447473219e-05 1.050321070989067999e-06 1.288305779907780724e-03 3.478421940538720808e-02 1.031463947309861970e-04 1.000000000004310929e-06 1.000000051905195769e-06 1.777759806459282694e-06 9.999999999999999547e-07 2.549711943634766324e-03 4.667196074805932284e-06 9.999999999999999547e-07 1.000000135034844098e-06 9.999999999999999547e-07 1.023440937666643867e-05 1.000000000016292422e-06 8.883149810272340449e-03 6.158748434520332909e-02 9.999999999999999547e-07 1.056989084940903471e-06 6.729196948193944699e-05 7.084245430708259461e-02 6.521209696509554059e-03 2.271359467486545533e-02 1.253435975589770393e-02 3.723500863098909539e-04 1.448215722995001634e-04 3.587844791865722922e-03 2.935441802820725485e-05 4.984593917029680544e-04 9.999999999999999547e-07 9.993608107876963061e-06 9.999999999999999547e-07 1.100218686668679029e-06 9.999999999999999547e-07 1.522913898731120889e-05 2.508354835257824707e-06 1.221568715437268897e-06 1.000000006338526011e-06 1.000026172385064380e-06 1.945270017919219739e-04 1.000200599365183563e-06 4.964046780313487173e-04 6.320568468143617466e-06 8.182982070947852904e-02 1.000000000000100540e-06 1.027196062323021304e-06 9.842515082229906509e-03 2.417220317645767146e-05 1.000000006436521159e-06 1.000000000000001014e-06 2.156688476084162625e-06 1.029254273374526629e-01 2.156058809421357303e-02 1.010590607635303328e-06 9.487459054720308478e-05 5.303372647913018149e-03 1.000003237934779576e-06 8.046614366565897972e-03 1.190784681812270679e-01 1.000000000600232065e-06 1.353286109028249955e-03 4.381763477471808249e-02 7.049560111608837477e-03 9.999999999999999547e-07 3.011597250078715629e-04 9.999999999999999547e-07 2.760351685676150487e-04 9.999999999999999547e-07 5.506960735167414555e-05 9.224242799560720268e-04 1.000356078679337688e-06 5.779629463158248484e-05 1.888040586264952772e-06 9.999999999999999547e-07 2.762849490293682597e-02 8.094193762284968008e-02 1.000000000000033624e-06 1.000000000000017319e-06 9.943199639340545570e-04 1.059786998728643077e-02 2.240827910475654848e-05 2.086245042670992959e-04 1.000000025850370408e-06 9.999999999999999547e-07 1.513265000730751488e-06 7.666949466626288428e-06 1.464727777099134827e-06 1.593224417926967368e-02 4.253537842115860668e-02 3.460670777026605971e-02 9.999999999999999547e-07 4.048461025685705025e-03 1.617139366062727042e-06 9.999999999999999547e-07 1.014599796869243044e-02 1.232554295727325132e-04 1.000002730007707905e-06 9.999999999999999547e-07 1.000000000000008637e-06 1.010539833407032654e-06 1.551382877524780320e-05 1.456861176388124426e-03 3.259149904682593409e-03 1.014600595068521419e-02 3.208604989019126462e-03 2.689471628933467941e-03 3.186215415257621095e-04 9.999999999999999547e-07 1.048363947344972137e-06 5.790932031661033541e-03 1.351144766761685481e-03 1.000001285395442265e-06 8.071438099476331259e-05 1.000000000000002708e-06 2.411706159180452882e-05 4.890612072110315893e-04 3.604076930851851657e-02
4.968506128180646024e-06 3.121010773888874268e-02 8.482606080554941363e-03 5.008944882766621639e-05 6.089883254945765680e-05 1.862674797651007184e-04 1.000001923874111368e-06 1.000011061331736804e-06 3.589076314245004222e-03 1.001048773589211606e-06 9.999999999999999547e-07 1.000085149258163343e-06 7.465746916435948930e-04 1.000000000000035530e-06 9.999999999999999547e-07 9.999999999999999547e-07 1.880562733655609690e-03 1.000577446106162587e-06 3.098074465938657415e-02 7.251412447361210089e-06 1.004412537425645832e-06 6.672666131900901933e-04 3.099616767586766894e-02 7.162457771601569588e-05 1.000000000000038071e-06 1.000000000668215141e-06 1.316457056578038244e-06 9.999999999999999547e-07 1.609069773440179605e-03 6.271020665000026759e-06 9.999999999999999547e-07 1.000000000000017531e-06 9.999999999999999547e-07 5.410538083142164622e-06 1.000000000006263128e-06 5.935883350652489121e-03 6.333249641477735337e-02 9.999999999999999547e-07 1.056861730648355100e-06 9.144139026444618760e-06 7.341851546925144689e-02 6.685355837878708719e-03 1.812330742924040880e-02 1.209173172583869436e-02 4.344919974172688519e-04 5.312375612073867920e-05 4.510224550087042934e-03 1.079317386604366129e-05 7.338575762110875018e-04 9.999999999999999547e-07 1.103581883942577944e-05 1.000000000000124680e-06 1.044499940085590677e-06 9.999999999999999547e-07 1.112723546325980994e-05 1.081274506754120402e-06 1.906337401825549803e-05 1.000000001257695439e-06 1.000000181839649231e-06 1.993352814544304015e-04 1.000869574991394445e-06 3.820193059700806954e-04 4.395504016946335545e-06 8.580483812878508809e-02 1.000000000017910255e-06 1.000908391859029548e-06 8.084207687595977923e-03 1.700301510862633496e-05 1.000000008726257256e-06 9.999999999999999547e-07 8.314254687105230942e-06 1.005557272765661286e-01 2.738794896599367271e-02 1.002250888253311618e-06 2.074926110514603648e-04 4.757908519000429368e-03 1.000116383491851697e-06 4.689255733626094581e-03 1.235149171144461211e-01 1.000421759189131058e-06 1.155860741297172608e-03 4.300623457094405327e-02 6.285921413064835678e-03 9.999999999999999547e-07 1.720185485194175416e-04 9.999999999999999547e-07 2.429616396222260407e-04 1.000000000002018858e-06 3.887800073715140449e-05 5.291781414986862974e-04 1.083911565746966416e-06 1.092054806511824925e-04 1.924229444008348159e-06 9.999999999999999547e-07 2.368035711417975503e-02 8.599398158527385427e-02 1.000000000226341558e-06 1.000001511703560849e-06 1.355838256725822076e-03 9.946605381434780319e-03 2.964213527628762696e-05 1.380673457093458257e-04 1.000019636597160802e-06 9.999999999999999547e-07 1.079454366677328470e-06 1.662022528072959091e-06 3.655913383686238103e-06 1.953166073985601950e-02 3.415956599369338736e-02 3.857988059119600577e-02 9.999999999999999547e-07 6.479006030780742366e-03 1.131503610056672281e-06 9.999999999999999547e-07 1.303981238691119017e-02 1.789988453759673722e-04 1.000000774244892481e-06 9.999999999999999547e-07 1.000000000523252229e-06 1.000799430484888099e-06 1.141507124766804702e-05 1.082941589542100276e-03 3.272831205912633649e-03 6.782315851004016953e-03 2.190916636769359247e-03 2.998742513734078269e-03 2.751500045063232048e-04 1.000000000000023460e-06 1.031187179923159340e-06 3.939425369294018847e-03 1.700240369404642723e-03 1.000001131061461486e-06 1.339770317325980435e-04 9.999999999999999547e-07 1.767064420202342967e-05 2.143347960785646391e-04 4.125081178789998665e-02
3.925466462303128146e-06 3.402556267175416843e-02 1.080502805067795787e-02 6.490344119708088869e-05 2.756653087806170194e-05 1.212097062963882622e-04 1.000093004849815869e-06 1.114390766542611676e-06 3.991404267332816953e-03 1.000025644012116823e-06 9.999999999999999547e-07 1.000000012370391836e-06 9.417631731361558864e-04 1.000000000004031408e-06 9.999999999999999547e-07 9.999999999999999547e-07 6.057063261131657864e-04 1.000094753153523121e-06 3.050447145629997525e-02 5.281584929138714428e-05 1.007250443722121411e-06 6.504180875559644782e-04 2.578652251452091815e-02 5.694305115808147126e-04 1.000000000000060941e-06 1.000013645401754933e-06 1.376954158009584866e-06 9.999999999999999547e-07 1.977940835738711822e-03 7.167409391898045563e-06 1.000000000000253006e-06 1.000000000511881023e-06 9.999999999999999547e-07 3.709180058351518114e-06 1.000000014972878120e-06 6.931219232577548114e-03 5.643615104613305955e-02 9.999999999999999547e-07 1.171953750997192096e-06 7.830744888533109445e-06 6.121107113738249311e-02 9.638795081505672352e-03 2.630984476678594267e-02 1.008739877971607732e-02 2.791112694475679544e-04 3.977703329127980317e-05 3.641111025073995224e-03 1.801872079472940696e-05 3.380013454731601620e-04 9.999999999999999547e-07 8.118342938608133616e-06 9.999999999999999547e-07 1.034623462858544543e-06 9.999999999999999547e-07 6.050269356502557061e-06 4.240148222597545404e-06 1.015470213579776164e-06 1.000122084550272864e-06 1.000011810483609882e-06 3.282577669254218623e-04 1.001437322083446006e-06 4.183724101233011225e-04 2.639226925307872312e-05 9.579779294609899742e-02 1.000000000000000802e-06 1.000016613452797952e-06 9.305544914374798762e-03 2.619245899226469679e-05 1.000000000628549224e-06 1.000000000000000378e-06 2.081619358587454435e-06 9.340902170536566351e-02 2.597863838088234137e-02 1.107149742523239332e-06 5.713083973677819075e-05 5.032436166961580352e-03 1.000000721964118658e-06 5.875175188410918653e-03 1.206328604784069336e-01 1.000000003966744820e-06 1.376983913535199120e-03 5.022364240421670067e-02 7.306667503772598486e-03 9.999999999999999547e-07 1.924876392442046911e-04 9.999999999999999547e-07 2.274462367144321445e-04 9.999999999999999547e-07 4.856017157746529830e-05 3.703782049436157181e-04 1.000064951451416451e-06 7.491253593873882651e-05 7.140829552307223867e-06 9.999999999999999547e-07 2.382719009316859593e-02 8.019389827161615969e-02 1.000000009169965301e-06 1.000000000006060475e-06 1.156198567157081490e-03 9.783155177316765413e-03 4.687457704640353163e-05 1.714904486058717423e-04 1.000000808827240038e-06 9.999999999999999547e-07 1.023341073097442702e-06 1.298577520964981361e-06 1.790243655701234747e-06 2.111747057501008745e-02 3.844783678493748913e-02 4.077689435652739891e-02 9.999999999999999547e-07 4.061017745024896909e-03 1.333303318412496125e-06 9.999999999999999547e-07 1.361901960146794793e-02 1.404058157210666435e-04 1.000000225372630787e-06 9.999999999999999547e-07 1.000000000270284357e-06 1.001926362559080084e-06 1.713945461036241264e-05 9.502143022095351811e-04 4.168971385140066155e-03 9.369446998801130369e-03 3.810143113874918819e-03 2.835911498604593364e-03 3.107442481729455778e-04 1.000000000000006307e-06 1.015755624318005013e-06 6.581318083397155565e-03 2.261837395088956391e-03 1.000013056757694781e-06 1.512223303546099157e-04 9.999999999999999547e-07 1.069612558453135776e-05 5.383523545948066136e-04 3.391485685492914848e-02
1.401442663949663942e-04 2.434245036187196801e-02 8.155502090220508385e-03 4.878544711670425104e-05 2.876992847604118019e-05 1.567235877693728561e-04 1.000000069991619453e-06 1.001032880867528897e-06 3.198748858428441567e-03 1.000006008358560843e-06 9.999999999999999547e-07 1.000000200691279092e-06 5.047243210301099537e-04 1.000000000000477046e-06 9.999999999999999547e-07 9.999999999999999547e-07 8.755199889011291200e-04 1.000669787837588313e-06 2.764290605581284921e-02 1.523805013729302618e-04 1.057326023100431934e-06 7.465376790560262783e-04 2.836805477107675472e-02 8.076150935447451364e-05 1.000000000268874894e-06 1.000003466601132540e-06 1.143174796667042859e-06 9.999999999999999547e-07 1.328570359184742984e-03 5.671856626263724407e-06 9.999999999999999547e-07 1.000000000407721805e-06 9.999999999999999547e-07 1.445675869548370494e-05 1.000000000031776819e-06 8.229594709746563402e-03 6.337186449890772066e-02 9.999999999999999547e-07 2.179572749143702945e-06 3.445416395064524118e-05 6.806994552395581599e-02 6.076713583580494772e-03 2.586654337742609611e-02 1.229370767215747125e-02 4.205646679076560559e-04 3.220289490783228090e-05 4.040701833140581539e-03 3.807582109466914864e-05 1.825856640253079987e-03 9.999999999999999547e-07 1.005165858840077868e-05 9.999999999999999547e-07 1.251158176136585428e-06 9.999999999999999547e-07 9.980219252071608892e-05 1.109212550049756730e-06 2.209628605748640637e-06 1.000000014501829757e-06 1.000002358718153534e-06 4.778355669509402642e-04 1.000097935336104780e-06 7.251173824293012833e-04 6.270532139201782039e-06 8.942033856289008376e-02 1.000000000000134845e-06 1.009412414974872406e-06 9.406229161845863426e-03 1.809504399239823412e-05 1.000000002452849610e-06 9.999999999999999547e-07 3.355088741881585109e-06 1.067959896322739355e-01 2.103457324587153926e-02 1.008252327835643229e-06 9.107184720520478994e-05 4.743348136537366144e-03 1.000000232880753490e-06 5.518561779582896454e-03 1.288017746049597012e-01 1.000000000187699279e-06 1.109452362336524204e-03 4.795013481665347937e-02 6.698711966156281269e-03 9.999999999999999547e-07 1.834734761491075249e-04 9.999999999999999547e-07 3.528494986394394408e-04 1.000000000000000378e-06 1.127388516497935514e-04 4.461427989131969488e-04 1.029167626218040165e-06 1.204917175650088452e-04 3.111013556095591048e-06 9.999999999999999547e-07 2.222359901383036754e-02 8.503296683128541700e-02 1.000000000000221242e-06 1.000000029573571914e-06 1.060170417788364704e-03 1.100761408427724380e-02 3.127630784947272387e-05 5.160975841738909848e-04 1.000146363527699522e-06 9.999999999999999547e-07 1.018955478772326304e-06 2.550406672431889636e-06 1.451333497667390222e-06 2.233578147999795357e-02 2.885959537413312903e-02 4.048681009803356545e-02 9.999999999999999547e-07 6.471682703015010224e-03 1.806567672176810328e-06 9.999999999999999547e-07 9.550507861741551127e-03 8.901609276491913509e-05 1.000001758165492218e-06 9.999999999999999547e-07 1.000000000000023672e-06 1.001657330803483053e-06 1.204059239557435019e-05 7.146801995326561123e-04 2.449721018344134561e-03 6.128103902802464059e-03 3.291654827834805241e-03 2.356921808162386507e-03 6.770674030476609481e-04 1.000000425953497274e-06 1.348849400173103417e-06 5.339462057157195324e-03 1.914744052636629338e-03 1.000000562065130568e-06 1.823381500077004224e-04 9.999999999999999547e-07 2.532055633104117974e-05 4.930202278689842536e-04 3.860117605100182175e-02
4.859386225460809551e-06 3.395490327096476607e-02 9.220767089207920070e-03 5.178287696730872166e-05 1.655073561539247516e-05 2.007892758413303729e-04 1.000001811946932502e-06 1.000015754396204247e-06 3.289565707235688353e-03 1.000320334400653195e-06 9.999999999999999547e-07 1.000000091834694397e-06 5.575076689718466141e-04 1.000000000000075976e-06 9.999999999999999547e-07 9.999999999999999547e-07 2.103206393120809169e-03 1.010502740436801645e-06 2.793303263525752367e-02 1.253370809931151818e-05 1.001961965646611917e-06 6.707582025635971121e-04 2.385364234603121539e-02 4.055893076997723278e-05 1.000000000001269022e-06 1.000000644315751610e-06 2.111074298193624258e-06 9.999999999999999547e-07 2.040349524391355321e-03 3.473143513320326283e-06 9.999999999999999547e-07 1.000000000000261053e-06 9.999999999999999547e-07 1.082475727882983345e-05 1.000000000000002284e-06 5.834718931842125186e-03 6.550319898766822357e-02 9.999999999999999547e-07 1.087231959293796489e-06 6.053396307327867586e-06 6.966853997616717642e-02 7.192184327163122018e-03 2.505238948995683335e-02 9.334419000741956893e-03 2.221822671206220574e-04 7.860384539098431414e-05 4.001666149392106402e-03 1.884002255129805416e-05 5.795275298142010117e-04 9.999999999999999547e-07 6.518925321067493507e-06 9.999999999999999547e-07 1.003898835714472230e-06 1.000000000000014143e-06 2.680047596726795977e-05 4.626216734164086158e-06 1.698472955393610454e-06 1.000000000091182628e-06 1.000034910993759765e-06 1.373324232440202000e-04 1.000940555025748389e-06 2.978162618472249561e-04 4.325076049851668059e-06 8.352543810050966355e-02 1.000000000001432923e-06 1.001758238446960446e-06 6.903591705739377249e-03 2.475781105059262957e-05 1.000000002325574651e-06 1.000000000000044847e-06 6.173190055994684831e-06 1.094757225443084292e-01 2.936943770611735380e-02 1.209451429487346669e-06 1.446396773333995819e-04 4.841773698102075016e-03 2.546589727560746826e-06 4.834761045833454139e-03 1.281889715952342357e-01 1.000000136040301217e-06 1.421116978574857043e-03 4.178011595738738426e-02 7.117840091224535148e-03 9.999999999999999547e-07 1.067999959502938262e-04 9.999999999999999547e-07 3.316084673023499737e-04 9.999999999999999547e-07 7.761487655967108613e-05 4.042166102252603985e-04 1.002414296639346511e-06 7.702514335102536092e-05 2.402437471493969017e-06 9.999999999999999547e-07 1.968607956185053354e-02 8.428656609874909944e-02 1.000000000000028119e-06 1.000000000069204452e-06 1.608489876223872378e-03 1.092697817223593597e-02 1.269041245807200686e-05 4.853683593451724252e-05 1.000515645560495141e-06 9.999999999999999547e-07 1.007939724709023556e-06 1.509382242638062193e-05 3.611247520543042826e-06 1.912976965729734288e-02 3.046187653650858293e-02 4.043131406301803815e-02 9.999999999999999547e-07 7.395467934778221161e-03 1.044331763239601928e-06 9.999999999999999547e-07 1.487960378013597658e-02 3.319475591282415074e-04 1.000003625226321567e-06 9.999999999999999547e-07 1.000000000005701969e-06 1.001850897519556629e-06 1.973981319459903238e-05 1.180960764286579116e-03 2.978178650004040338e-03 6.812920603418847962e-03 2.421848131248831998e-03 2.685376403805024743e-03 3.501978040794580271e-04 1.000013191291660602e-06 1.001720554164161865e-06 3.836058674728502066e-03 1.931727751833119035e-03 1.000005410805099832e-06 3.185237891686842578e-04 9.999999999999999547e-07 2.968175453791446511e-05 3.352972770770347357e-04 3.738987538518449144e-02
2.530056892548686384e-06 3.536208096525567807e-02 1.170224402021275215e-02 5.417912982527195632e-05 8.121167038404750128e-05 2.231749627839136577e-04 1.000001312540575635e-06 1.000195355882377258e-06 3.803338593118030676e-03 1.000208016097270548e-06 9.999999999999999547e-07 1.000098741953324519e-06 1.111351415665909033e-03 9.999999999999999547e-07 9.999999999999999547e-07 9.999999999999999547e-07 1.327300740994328838e-03 1.006306193438926038e-06 3.195668757448829472e-02 4.031984287393620410e-06 1.003849077380755146e-06 6.751787626847654059e-04 2.855935963513798678e-02 8.979719380416936226e-05 1.000000020555282217e-06 1.000578387210781240e-06 1.108803945727013771e-06 9.999999999999999547e-07 2.650687066279498912e-03 4.854343452567998184e-06 1.000000000000737932e-06 1.000000111387149154e-06 9.999999999999999547e-07 9.234730174065343772e-06 1.000000000000127857e-06 7.113518480128002558e-03 6.250387756734467060e-02 9.999999999999999547e-07 1.124446978581488049e-06 8.164378857222717134e-06 6.866227402879394870e-02 8.998990310787800123e-03 2.079745529354685291e-02 1.149691109256988954e-02 2.942259136097833761e-04 3.870751816827653659e-05 4.158743799400004861e-03 3.942048350270023901e-06 6.788599950028317278e-04 9.999999999999999547e-07 9.432792379985060476e-06 9.999999999999999547e-07 1.318750777412835004e-06 1.000000000554042511e-06 1.219792711903544530e-04 1.726777943694946551e-06 1.026046474383694729e-06 1.000000000029441973e-06 1.000006896856639977e-06 2.101979549070651706e-04 1.000242584930478258e-06 7.267025605862550107e-04 3.721486002817198445e-06 8.139699530699903707e-02 1.000000000003216351e-06 1.000000000018200999e-06 9.020792105952166878e-03 1.937092638069703600e-05 1.000000000243120222e-06 9.999999999999999547e-07 2.391129236217072977e-06 9.644774570287650839e-02 2.954724216073552692e-02 3.060866042415263885e-06 7.509125534810269162e-05 5.137378621730036114e-03 1.000018893093478965e-06 7.120976793605347452e-03 1.152825214943021953e-01 1.000000003784683559e-06 1.748690962032472575e-03 4.308265974736823212e-02 7.705621112306339747e-03 9.999999999999999547e-07 1.283320968894660586e-04 9.999999999999999547e-07 2.596854708817507512e-04 9.999999999999999547e-07 5.030284502440146609e-05 3.010987087445594836e-04 1.001814759579931854e-06 1.473783354043934517e-04 2.805112302928491248e-06 9.999999999999999547e-07 2.328520492258967164e-02 8.070102861125490190e-02 1.000000000022529337e-06 1.000000025198883911e-06 1.602483955067550035e-03 9.333289248010917180e-03 9.381719961547844338e-05 5.569386552895252106e-04 1.000269839405505107e-06 9.999999999999999547e-07 1.013008058208943638e-06 1.048616071522613999e-06 2.371866953804145956e-05 2.021542996516991625e-02 4.099535279157042605e-02 3.993611031834077424e-02 9.999999999999999547e-07 4.538333333119527052e-03 1.079623376210007942e-06 9.999999999999999547e-07 1.454210847640586071e-02 1.113611426909597626e-04 1.000002699610740088e-06 9.999999999999999547e-07 1.000000000000059247e-06 1.008782826253302177e-06 2.784305890664910430e-05 1.023948220238267079e-03 2.938764729468021537e-03 9.731497441651500505e-03 2.578521022624682361e-03 4.208213274172245381e-03 4.735791910726112517e-04 9.999999999999999547e-07 2.216590760463948773e-06 4.737509606762307923e-03 2.119383194611200276e-03 1.000016729340071840e-06 5.030247427048866599e-05 1.000000000000031083e-06 2.439937165314730167e-05 1.586794265752480826e-04 3.514440855123831392e-02
3.971709492651761086e-06 3.056136206902082195e-02 1.363053754060892207e-02 5.475037776254367461e-05 1.074285929352415470e-05 1.870408434637044507e-04 1.000291968574215981e-06 1.033260581292267837e-06 3.508703737788438585e-03 1.009547359738489049e-06 9.999999999999999547e-07 1.000000106824161915e-06 8.602371745213295952e-04 1.000000000000001437e-06 9.999999999999999547e-07 9.999999999999999547e-07 1.664526099473795677e-03 1.005190874070739808e-06 2.714254423252734222e-02 2.665386115390396446e-05 1.127598138367736847e-06 9.226885252920555801e-04 3.012842337103252902e-02 8.834479286365691042e-05 1.000000000017488856e-06 1.000000001645518579e-06 5.469208215731755071e-06 9.999999999999999547e-07 2.488507043141514278e-03 8.917003571180588971e-06 9.999999999999999547e-07 1.000000026189038745e-06 9.999999999999999547e-07 8.789591561574820988e-06 1.000000000000002708e-06 6.369829219065766858e-03 6.302823610883807881e-02 9.999999999999999547e-07 1.080930419960150825e-06 1.969472250131303851e-04 7.288494963564265405e-02 8.127517784296345651e-03 2.070453664050148079e-02 1.170296743187195475e-02 3.343165705994962300e-04 2.890437638494497332e-05 3.420427712356512509e-03 5.468910305933227215e-05 3.200093111943519766e-04 9.999999999999999547e-07 8.782420989045937757e-06 1.000000000000006519e-06 1.003730787448328820e-06 1.000000000000058188e-06 1.013282567813520337e-05 3.935289232606384265e-06 1.002162502778920108e-06 1.000000002449592768e-06 1.000003057266473951e-06 1.746445181953902473e-04 1.001680002218090193e-06 5.050861376808363180e-04 3.787969605372732349e-06 8.279519878989906323e-02 1.000000000000288369e-06 1.000000000087743251e-06 1.050640764658921332e-02 1.600931410488838901e-05 1.000000000213946078e-06 1.000000000016266587e-06 1.846434246504487471e-06 9.855372873445410187e-02 2.687936316390344624e-02 3.470494653781714889e-06 1.844758125134721919e-04 4.408350648375894756e-03 1.000337257289917062e-06 6.787023805183586139e-03 1.134232354281742849e-01 1.000000000351877558e-06 1.264639078725092111e-03 4.144106696952240543e-02 6.722197042856716508e-03 9.999999999999999547e-07 1.850115863134212698e-04 9.999999999999999547e-07 1.510242537867143096e-04 1.000000000009020009e-06 6.221145862548661863e-05 2.952818510646890398e-04 1.001271208809442690e-06 6.427908750582632803e-05 1.140010402818644987e-05 9.999999999999999547e-07 2.551478180575824511e-02 8.478516719450350514e-02 1.000000000000040401e-06 1.000000000000384719e-06 1.139190919645098566e-03 9.696959503989176568e-03 2.461233377919792921e-05 1.686063816225250218e-04 1.000003990839244932e-06 9.999999999999999547e-07 1.004891375572993283e-06 5.388906535527331236e-06 1.176596751288720134e-06 1.851853978681301111e-02 4.594142314033088786e-02 3.862422830445357697e-02 9.999999999999999547e-07 5.593326770504625407e-03 1.057827190812553215e-06 9.999999999999999547e-07 1.383470789704033602e-02 9.712409520583637911e-05 1.000000186624478211e-06 9.999999999999999547e-07 1.000000000000028754e-06 1.006085566501851921e-06 2.560976227507490445e-05 9.272228984207429728e-04 2.442143584254747798e-03 1.105040128582524331e-02 1.990400457663423894e-03 2.483410125353374513e-03 2.483447047554950167e-04 1.000000000000003766e-06 2.350769517341753516e-06 3.580504483559805457e-03 1.828377399985607523e-03 1.000021814377245069e-06 1.664645956481134988e-04 9.999999999999999547e-07 1.374456922609978942e-05 7.897292793521019710e-04 3.765159558729219702e-02
7.365372846260668245e-06 3.728668652592643379e-02 9.206196011840243887e-03 6.824345846339797289e-05 1.149946746380482021e-05 2.329035862462260867e-04 1.000000122390032176e-06 1.000001683508507361e-06 6.726127659285133578e-03 1.000010921488929941e-06 9.999999999999999547e-07 1.000000092989720383e-06 8.592869632079635969e-04 1.000000000000000167e-06 9.999999999999999547e-07 9.999999999999999547e-07 1.558380136792786134e-03 1.147862234790290277e-06 3.231538469697162880e-02 4.446280173724531388e-05 1.072763078770830502e-06 8.784136405480552244e-04 2.621265124157662330e-02 6.945430969451845944e-05 1.000000000002444915e-06 1.000000003704752871e-06 1.583288453689908850e-06 9.999999999999999547e-07 1.318960822930467791e-03 5.976863103626803526e-06 1.000000249321473896e-06 1.000439212228000018e-06 9.999999999999999547e-07 2.058807780166463342e-05 1.000000000093837653e-06 7.278577616856509065e-03 5.697917814379321183e-02 9.999999999999999547e-07 1.044868871387902543e-06 6.117937551752653002e-05 5.996327420945363890e-02 1.018480823664624085e-02 2.548748421334077682e-02 9.948222215442009339e-03 3.365220071571431112e-04 6.716683017229596532e-05 4.353640621119950378e-03 2.118581431158866039e-05 6.296149698931919302e-04 9.999999999999999547e-07 1.308026775247171758e-05 9.999999999999999547e-07 1.036618880233573823e-06 9.999999999999999547e-07 7.055518456350503579e-06 1.212427555994902807e-06 1.213439375716920747e-06 1.000000000104896938e-06 1.000006135759653744e-06 4.222428319517997422e-04 1.000077859984629858e-06 1.954861537788070490e-04 1.569495886909137564e-05 8.961489314000402329e-02 1.000000000002099749e-06 1.011628800105703837e-06 6.790437651810617495e-03 3.210704730612883170e-05 1.000000000222292529e-06 9.999999999999999547e-07 1.427046558366675234e-06 9.992038165787747728e-02 2.982344579092949602e-02 2.302102804277098313e-06 1.470499288166954386e-04 4.544777669655743028e-03 1.000000036500831185e-06 5.330365736569760149e-03 1.236818707097036701e-01 1.000000000528412777e-06 1.643318049663408968e-03 4.672546301810041880e-02 7.893364904134883217e-03 9.999999999999999547e-07 1.799245501798336921e-04 9.999999999999999547e-07 2.733308951970914364e-04 9.999999999999999547e-07 1.908534924683284294e-04 5.419700414520643456e-04 1.394658505921769734e-06 1.791109869951834838e-04 1.862115268263274610e-06 9.999999999999999547e-07 2.112558436029875544e-02 7.885039354656350752e-02 1.000000000000000590e-06 1.000000000004700776e-06 1.568089203717687626e-03 1.083766222139420816e-02 1.620383728974490601e-05 2.246091973983816207e-04 1.000017290498397780e-06 9.999999999999999547e-07 1.010653901749858022e-06 1.739371924326263997e-06 1.066897867284607026e-05 2.145455656540681127e-02 2.697463072035135093e-02 4.172847602356457436e-02 9.999999999999999547e-07 6.812706854959644717e-03 1.257664003965630281e-06 9.999999999999999547e-07 1.761781732096451281e-02 3.573315606286294149e-04 1.000003412398497923e-06 9.999999999999999547e-07 1.000000000000014566e-06 1.001721067438421241e-06 3.216904869912589151e-05 1.154464024922844832e-03 2.963481350984952054e-03 6.129096037405716221e-03 2.396125866959015246e-03 2.651590404148436182e-03 5.408714263744662841e-04 9.999999999999999547e-07 2.806466155954495050e-06 4.613299776752294822e-03 2.912909646191681311e-03 1.000008002484308846e-06 2.090158170099372739e-04 1.000000000000003978e-06 9.862372148653647687e-06 3.472022919203022898e-04 3.823139539099327383e-02
2.488820304685311235e-06 2.148996821553810291e-02 9.226971956316429302e-03 4.096699626936943853e-05 1.777178989186009388e-04 3.350487141791846576e-04 1.009257605611083311e-06 1.000680210933222155e-06 3.280464890360916368e-03 1.000002548251057693e-06 9.999999999999999547e-07 1.000000003950662418e-06 5.744695765043194126e-04 1.000000000001431229e-06 9.999999999999999547e-07 9.999999999999999547e-07 1.120159496105729109e-03 1.000775068018383363e-06 2.809956243318163446e-02 1.565284919745406465e-06 1.001391570154874442e-06 7.544359473285773684e-04 2.753746663027709790e-02 4.930376917632194500e-05 1.000000000000078729e-06 1.000012928705794703e-06 1.361279083786780985e-06 9.999999999999999547e-07 2.058000100123949429e-03 5.156335373199206444e-06 9.999999999999999547e-07 1.000000015181443254e-06 9.999999999999999547e-07 8.092203696383152032e-06 1.000000023090930401e-06 7.433982751929764550e-03 7.047337635887408747e-02 9.999999999999999547e-07 2.428922814769890809e-06 1.781960632380727639e-05 7.278842274817602653e-02 6.399518898484553991e-03 2.395930564594416640e-02 1.098865021092534922e-02 3.704634630027161570e-04 2.811516126379496198e-05 3.644182185201226033e-03 8.879078177559924872e-05 3.578432044994407060e-04 9.999999999999999547e-07 6.885272149291800778e-06 9.999999999999999547e-07 1.001161917536723981e-06 1.000000000674350413e-06 1.034507571557348590e-04 1.706621148928432549e-06 2.360459196671962055e-05 1.000000000025840812e-06 1.000000854038804361e-06 1.862769855626541691e-04 1.004529151178657936e-06 5.726152515202280989e-04 2.960248118916743233e-06 8.116963206825182631e-02 1.000000000000168726e-06 1.004379243013481858e-06 1.063975949637278352e-02 1.405382028559612719e-05 1.000000007283272679e-06 9.999999999999999547e-07 2.949603326421586182e-06 1.088618795804601747e-01 1.862486280363982727e-02 1.003232643314583930e-06 1.720352192023611121e-04 4.498706693013079100e-03 1.000132011240495033e-06 7.226429092528121809e-03 1.205570026052200233e-01 1.000000002609059003e-06 1.151283557182666232e-03 4.654180548897215997e-02 6.263239602849426935e-03 9.999999999999999547e-07 3.123783255898587678e-04 9.999999999999999547e-07 2.235640735716004884e-04 9.999999999999999547e-07 5.567215927119937685e-05 4.680112381881522008e-04 1.622167734226768890e-06 2.835890249361466652e-05 1.513420676077698993e-06 9.999999999999999547e-07 2.356555427028952585e-02 8.684835778531857509e-02 9.999999999999999547e-07 1.000000000000048236e-06 6.996071612841148462e-04 9.573476297437127913e-03 1.796572867791739126e-05 3.688530516154933875e-04 1.000723514446464679e-06 9.999999999999999547e-07 1.009453846849546205e-06 1.354998635362376969e-06 2.067153443702451279e-06 1.922022214936349588e-02 3.395465614697679851e-02 4.495101792599102281e-02 9.999999999999999547e-07 7.009976915017857718e-03 1.092257444912597646e-06 1.000000000000001014e-06 8.814690142842002141e-03 7.157438239337210765e-04 1.000004242287343318e-06 9.999999999999999547e-07 1.000000000000037859e-06 1.002094995161172221e-06 2.050700352700834508e-05 1.014814592559811933e-03 3.294419190320805810e-03 8.432456576906466675e-03 2.860178156219710891e-03 2.519601753650556244e-03 3.838049041826286311e-04 1.000000000136094009e-06 1.017511493355198687e-06 5.661766838696125070e-03 2.026496254912179065e-03 1.000000899949308086e-06 1.590204590236294420e-04 9.999999999999999547e-07 1.603855628126034846e-05 8.659310946626761494e-04 3.805791333266364540e-02
1.940466928317955274e-05 3.192173318006263916e-02 9.177491528270374788e-03 1.957771448059958814e-05 1.749268890658725432e-05 1.132959738119245635e-04 1.000012378734776904e-06 1.105150700173803237e-06 5.614867690500688693e-03 1.000000907885967626e-06 9.999999999999999547e-07 1.000038107792302564e-06 5.741452701522577412e-04 1.000000000000017107e-06 9.999999999999999547e-07 9.999999999999999547e-07 3.380486599935136113e-03 1.000081738549192443e-06 2.789263219017798848e-02 5.831842891727266360e-06 1.000173395278246428e-06 8.403439010060511413e-04 2.784821166460074368e-02 1.487390116361454707e-04 1.000000000107763086e-06 1.000000029876161094e-06 5.855644352737500841e-06 9.999999999999999547e-07 1.294979838579349762e-03 5.657364752577257476e-06 9.999999999999999547e-07 1.002957967611946854e-06 9.999999999999999547e-07 4.121908706111434285e-06 1.000000000000010331e-06 5.838675425870982344e-03 6.712092696833953098e-02 9.999999999999999547e-07 2.955064312121232455e-06 1.258400171567121993e-05 7.267637371772450727e-02 6.018661118916707881e-03 1.966087360875801854e-02 1.043172446512538078e-02 1.741791227155827047e-04 2.290828291227096369e-05 3.184106078354686370e-03 1.041909108605983217e-04 2.516514575297922984e-04 9.999999999999999547e-07 7.749818290368881967e-06 9.999999999999999547e-07 1.314569789836657509e-06 9.999999999999999547e-07 4.755561086893830165e-06 2.774132729031982137e-06 1.040618438234747143e-06 1.000000000254606836e-06 1.000004050767164763e-06 3.988959073818217202e-04 1.090955437594055163e-06 3.863218515542200587e-04 1.369801506558889615e-05 8.740809348203935902e-02 1.000000000000003555e-06 1.000001561811903744e-06 1.059544854178083931e-02 5.053760478662526935e-06 1.000000002299668360e-06 9.999999999999999547e-07 1.169728210112275539e-05 1.021100748954299614e-01 2.725482693131344239e-02 1.000376899807037894e-06 7.516601497226370896e-05 4.088650726689583605e-03 1.000000242116023806e-06 6.269667023854435389e-03 1.319007854904950539e-01 1.000000001021149418e-06 9.714994932785062749e-04 3.906883682683901654e-02 6.936583161283801924e-03 9.999999999999999547e-07 2.512587684272439537e-04 9.999999999999999547e-07 2.698875004637724334e-04 9.999999999999999547e-07 9.246510736182470176e-05 6.279294658070820861e-04 1.000116036570498189e-06 1.698913922028754862e-04 1.866504651383400015e-06 9.999999999999999547e-07 2.335617833696704629e-02 8.576951275477420755e-02 1.000000000005321439e-06 1.000000000000061788e-06 1.588507889470856848e-03 8.623630327787431063e-03 8.769782608844649285e-06 9.909497365890759227e-05 1.000010695298658205e-06 9.999999999999999547e-07 1.003175940573267614e-06 6.611200092386793601e-06 1.842766192567758277e-06 1.956993225598976580e-02 3.479135027802387342e-02 3.771019964434564609e-02 9.999999999999999547e-07 4.538976662688294118e-03 1.015484425098989560e-06 9.999999999999999547e-07 1.149615207491899715e-02 9.186355040396140586e-05 1.000022266595130687e-06 9.999999999999999547e-07 1.000000000000236700e-06 1.000257912017228843e-06 1.376040965594491563e-05 4.560704002532061101e-04 4.209017555557506909e-03 6.246842774844712544e-03 2.894684756263835642e-03 2.400036685913018580e-03 2.631327293933879334e-04 1.000000000000598384e-06 1.140480565487026836e-06 5.821505560480548513e-03 2.331796666123188855e-03 1.000000591448183007e-06 1.318589335116764853e-04 9.999999999999999547e-07 8.115938433303993832e-06 6.939732507902374994e-04 3.365031078995306402e-02
3.182140213493715669e-06 2.978525473664390966e-02 8.783924596008617705e-03 3.777833992893348837e-05 1.858215279099561756e-05 4.858097881548535798e-04 1.000024329623511128e-06 1.000109862493475627e-06 4.560988577139787545e-03 1.000831013698512885e-06 9.999999999999999547e-07 1.000000016507193812e-06 6.950685562859737401e-04 1.000000000000009060e-06 9.999999999999999547e-07 9.999999999999999547e-07 6.160635904498922401e-04 1.000366867890356321e-06 2.680788136721217949e-02 2.744841050762837029e-05 1.001413856569755789e-06 6.957395657044135578e-04 2.789248989780246379e-02 6.530067950457325659e-05 1.000000000000786425e-06 1.000000009440937705e-06 1.304679655367274518e-06 9.999999999999999547e-07 1.007804013045118319e-03 5.878043457269105622e-06 9.999999999999999547e-07 1.000000017145289566e-06 9.999999999999999547e-07 7.031733781151285576e-06 1.000000000005003167e-06 7.503757307246284626e-03 6.539062305340047343e-02 9.999999999999999547e-07 1.037670050666601612e-06 2.143157191238397242e-05 6.760570003752552903e-02 7.045922282095763017e-03 2.193487924976916803e-02 1.068156567471109132e-02 4.080649011824731835e-04 7.548422031810158293e-05 3.987332674587283285e-03 5.066858698554316603e-06 5.845651102324516367e-04 9.999999999999999547e-07 6.178692436912959119e-06 9.999999999999999547e-07 1.071207960805209087e-06 9.999999999999999547e-07 1.120377275709053464e-05 1.092137433113798072e-06 1.086078522833825884e-06 1.000000095460024422e-06 1.000015257765368096e-06 4.112578760220069385e-04 1.004105695886757162e-06 5.737351341678575099e-04 6.004859165078730746e-06 8.966669806588473124e-02 1.000000000000016684e-06 1.001679559749447283e-06 8.630780881446026634e-03 1.506628201629143444e-05 1.000000044055306919e-06 1.000000000000184184e-06 4.563044245655473550e-06 1.022785451977980126e-01 2.503117534335651262e-02 1.896183987834073753e-06 8.406392184196136532e-05 4.828591473739118380e-03 1.000156756130983496e-06 4.302774191028707271e-03 1.257380161519718043e-01 1.000000083541583911e-06 1.296674794830246372e-03 4.565542185700287303e-02 7.098389474122696052e-03 9.999999999999999547e-07 9.564529032981690620e-05 9.999999999999999547e-07 2.866578123223418825e-04 1.000000000000001861e-06 6.087888522312374164e-05 6.135553152487197102e-04 1.449450287071293739e-06 9.327525566267736616e-05 1.753033102508056712e-06 9.999999999999999547e-07 2.244748034594809191e-02 8.289916280093355405e-02 1.000000000006966801e-06 1.000000009927464113e-06 8.515996848943152824e-04 1.065148505419079121e-02 7.948921254849132371e-05 5.430690709377162867e-04 1.000000359340411199e-06 9.999999999999999547e-07 1.002317757352854505e-06 2.394347185582786251e-06 4.624720039492444109e-06 2.164359578784465568e-02 2.874640474478816488e-02 4.585960432067603260e-02 9.999999999999999547e-07 5.416965210897114157e-03 1.148029241427945758e-06 9.999999999999999547e-07 1.316569225532592154e-02 4.800595130531441507e-05 1.000000124521349607e-06 9.999999999999999547e-07 1.000000000000001437e-06 1.000334927775267806e-06 2.521340680881822705e-05 1.007669700457857398e-03 3.522983044935153619e-03 5.971105872444342454e-03 3.051107986024025401e-03 2.692515353709192937e-03 2.275731627287412193e-04 1.000000001987216329e-06 1.144028685179877560e-06 4.780132753892015092e-03 2.361183009598772069e-03 1.000007159526144028e-06 8.133324771003954843e-05 1.000000000005744109e-06 2.517844859336367674e-05 1.799849996564712330e-03 3.864081394335346781e-02
4.292957697299816191e-06 2.849163037523824715e-02 1.108467665903926751e-02 6.976849931984813679e-05 3.107073455376746773e-05 2.362940862425826126e-04 1.000003571521010063e-06 1.014902932486344147e-06 5.589289838485815391e-03 1.000000916458419838e-06 9.999999999999999547e-07 1.000000001986659828e-06 8.218534920086926782e-04 1.000000000000071317e-06 9.999999999999999547e-07 9.999999999999999547e-07 2.143431362277652651e-03 1.002336994685687003e-06 3.051212244669925661e-02 1.252686885600727090e-05 1.014896142991400392e-06 6.030191057755966092e-04 2.590504188706353392e-02 1.643666213800250352e-04 1.000000000000065600e-06 1.000000300412319529e-06 1.180806697616710745e-06 9.999999999999999547e-07 2.593564532715891824e-03 3.461315618382796119e-06 1.000000000000099481e-06 1.000000001961847269e-06 9.999999999999999547e-07 9.700141445105181148e-06 1.000000000292830256e-06 6.650907107632489032e-03 6.093133522985512418e-02 9.999999999999999547e-07 2.885300979857658538e-06 1.826625166378349576e-05 7.001787112748845965e-02 7.548674080262486770e-03 2.532628907213291605e-02 1.011494665380039543e-02 4.348971784512896139e-04 1.970136098007956125e-05 4.488165521299152839e-03 3.536478017050222579e-05 6.362008962739234197e-04 9.999999999999999547e-07 1.015961249098610166e-05 9.999999999999999547e-07 1.088798968516252100e-06 1.000000000000000590e-06 8.032664092174683049e-05 1.364762706210565901e-06 2.275456828270677163e-06 1.000000059760033409e-06 1.000013537820871949e-06 6.888702910741648349e-04 1.001480872460096999e-06 6.559884421723264584e-04 1.509167998773224241e-05 8.070175460547070190e-02 1.000000000000002708e-06 1.000365807988085467e-06 9.288332079147264969e-03 3.776666953329692479e-05 1.000000095542128597e-06 9.999999999999999547e-07 9.573913572268769945e-06 1.015210068025189233e-01 2.350968996767371921e-02 1.005040477973114743e-06 7.707793782113422096e-05 4.857541749696602483e-03 1.000000089731402322e-06 6.166570687167752078e-03 1.235280708538348537e-01 1.000000000039115724e-06 1.276027269010184028e-03 4.477806519475976965e-02 7.228675680207914678e-03 9.999999999999999547e-07 3.950853468920119036e-04 9.999999999999999547e-07 1.743028448251723427e-04 1.000000000000000378e-06 1.433763032882729859e-04 1.153659386902053169e-03 1.004835550933725599e-06 7.362723796019990320e-05 4.223419956183324242e-06 9.999999999999999547e-07 2.096003187063256654e-02 8.506302145765258504e-02 1.000000002772902280e-06 1.000000000003027039e-06 1.784883196426206593e-03 8.602033069704728349e-03 1.015311436185964880e-05 1.344126128989501926e-04 1.009971380830627627e-06 9.999999999999999547e-07 1.005104308523460727e-06 3.731346810747607730e-06 8.230296461768260127e-06 1.884051339771778896e-02 4.005162525843709853e-02 3.954037841072866738e-02 9.999999999999999547e-07 6.564105181813388763e-03 1.097442870179796448e-06 9.999999999999999547e-07 1.273579228565353480e-02 9.873214765830281030e-05 1.000005619918107173e-06 9.999999999999999547e-07 1.000000000000000378e-06 1.003196484172525088e-06 1.692246918349123410e-05 9.115409434420269387e-04 2.483517408996648804e-03 1.136541092181491894e-02 2.598684692077541519e-03 3.639170373113092671e-03 4.206968361238754028e-04 1.000000000000028966e-06 1.089019745247375358e-06 5.125223162092108764e-03 1.716357526759513781e-03 1.000207344298890539e-06 1.071436789573967208e-04 9.999999999999999547e-07 5.686522291795897917e-05 4.184353046681353800e-04 3.594474906029090921e-02
4.552512325360189494e-06 2.797933677312201828e-02 9.259243738681014260e-03 2.540157491100623180e-05 1.163239361367985429e-05 6.299169406410719285e-05 1.000000003667818000e-06 1.000000302902555737e-06 4.628053642991885458e-03 1.000000223694767998e-06 9.999999999999999547e-07 1.000002267956807808e-06 5.816692598880421209e-04 1.000000001352122037e-06 9.999999999999999547e-07 9.999999999999999547e-07 1.296095558767223609e-03 1.000135975173251608e-06 2.796944466752481276e-02 1.286462633058845501e-05 1.006350925183727351e-06 5.978419311348179017e-04 2.704548753296110580e-02 9.570085696243753066e-05 1.000000000006824287e-06 1.000000523407437087e-06 1.128364850145922688e-05 9.999999999999999547e-07 1.115908860652554523e-03 5.869292254054171919e-06 9.999999999999999547e-07 1.000000000031675811e-06 9.999999999999999547e-07 4.174466056500332321e-06 1.000000000000000167e-06 7.669811584518845989e-03 6.780537233095949856e-02 9.999999999999999547e-07 2.291793758231752274e-06 7.623283845757283962e-06 7.321862209160059920e-02 6.915206296680229126e-03 2.486905345773931381e-02 8.923075673790099166e-03 7.245659107253834934e-04 5.436989021457502993e-05 3.539193378708014974e-03 1.141210114274023870e-05 5.837707607409170409e-04 9.999999999999999547e-07 8.711330226481947439e-06 9.999999999999999547e-07 1.013000024415301484e-06 1.000019263152571231e-06 1.681741459753665850e-06 1.121537116066505788e-06 1.000442171854971093e-06 1.000000000308806991e-06 1.000000652058720973e-06 2.673600118091103996e-04 1.000336334839713801e-06 2.252932985360329434e-04 3.063861880951045421e-06 8.224544691963646403e-02 1.000000127727934707e-06 1.001603993778275102e-06 7.515744682335441171e-03 1.131405821621754417e-05 1.000000001225736886e-06 1.000000014643258849e-06 2.859159733119384067e-05 9.912293475032322998e-02 2.488438308489643661e-02 1.431451490547525926e-05 8.781511990255262050e-05 4.936019763991226009e-03 1.024184421108966553e-06 5.407322325771915517e-03 1.206059239938114119e-01 1.000000000199392781e-06 1.469131764860203858e-03 4.466836946213904869e-02 7.158865776872305568e-03 9.999999999999999547e-07 1.588377297490898752e-04 9.999999999999999547e-07 1.860016458495340199e-04 9.999999999999999547e-07 5.138184145777787424e-05 8.239600734744608823e-04 1.000030445518617695e-06 6.200926832085234858e-05 1.757755737660456132e-06 9.999999999999999547e-07 2.384831251820814998e-02 8.801331335377303444e-02 1.000000000000120869e-06 1.000000000035314241e-06 9.286960330949775100e-04 1.116842108389300842e-02 4.713598655819000854e-05 3.860945778602595550e-04 1.000004563681900158e-06 9.999999999999999547e-07 1.007182136118604587e-06 3.315112430487143277e-06 4.355749579630906593e-06 2.074184611486365806e-02 3.175769498638053578e-02 4.399564251135876236e-02 9.999999999999999547e-07 7.476240577255855412e-03 1.031940902306460918e-06 9.999999999999999547e-07 1.034621684289270017e-02 1.432900533957128647e-04 1.000000807031432569e-06 9.999999999999999547e-07 1.000000000000003131e-06 1.001067706360115627e-06 1.010095713601621971e-05 1.148682807267901226e-03 3.368173150742480478e-03 6.817102513392746081e-03 2.645566464731119276e-03 2.551266792718063451e-03 4.860563112747933313e-04 1.000000000000031083e-06 1.567508907540020817e-06 5.095727016975335616e-03 2.715859454004783142e-03 1.000039021372691263e-06 1.095901880966060121e-04 1.000000000000004613e-06 9.385352127715422457e-05 3.775872801126466485e-04 4.082392469322895789e-02
3.260804204762236247e-06 3.897006741093365922e-02 1.068820874477853164e-02 4.963933879799297343e-05 2.926365023669392075e-04 3.410557753289455703e-04 1.000000006081413184e-06 1.007057170604484134e-06 3.076319898301153617e-03 1.000247105580257439e-06 9.999999999999999547e-07 1.000000006955728427e-06 9.635964837309891244e-04 1.000000000000576361e-06 9.999999999999999547e-07 9.999999999999999547e-07 1.347424746051002287e-03 1.002825951689039032e-06 2.369085204287996183e-02 4.497094818976041304e-06 1.002230064110743962e-06 8.565562862784232385e-04 2.956510342660259236e-02 2.489012193849829391e-05 1.000000000006825982e-06 1.000026505983344758e-06 1.094983460625897241e-06 9.999999999999999547e-07 1.457692725427051778e-03 4.653137168422103317e-06 9.999999999999999547e-07 1.000000000059085585e-06 9.999999999999999547e-07 3.221765413442367205e-06 1.000000000000090164e-06 4.842195894542242890e-03 6.528749115560764094e-02 9.999999999999999547e-07 1.510724151374332911e-06 3.349738874750476264e-05 7.316419068739310472e-02 8.363220547350421266e-03 2.210876068815773032e-02 1.080520316050154368e-02 2.458889112133682566e-04 2.874668299916239680e-05 2.760766024477227538e-03 1.318391667066479869e-05 1.000214537940081940e-03 9.999999999999999547e-07 5.649070258091857490e-06 9.999999999999999547e-07 1.867623251657621641e-06 1.000000000031184320e-06 9.798693537947310262e-06 2.483261280429372595e-06 2.126396846838060621e-06 1.000000072373744187e-06 1.000002030577857642e-06 1.709477298597824354e-04 1.009707147252824757e-06 2.995318754354144432e-04 7.592560020315096442e-06 7.911808729037490828e-02 1.000000000000018378e-06 1.000017365169673988e-06 9.996084489110698690e-03 2.046674573575404615e-05 1.000000001392084839e-06 9.999999999999999547e-07 3.071868418792040955e-05 1.021964653996867700e-01 3.363868802132078534e-02 1.003405461230290056e-06 9.598279338628092506e-05 4.707165891129398705e-03 1.000000045592522852e-06 4.096369026255682402e-03 1.206010357032264030e-01 1.000000000359005129e-06 1.245172984695210689e-03 3.823338197135195404e-02 6.471014531506867791e-03 9.999999999999999547e-07 1.214138921781793550e-04 9.999999999999999547e-07 4.215274473008921176e-04 1.000000000000000167e-06 8.117849591516531130e-05 9.582086385879586606e-04 1.002256732006185544e-06 9.188449557811359720e-05 1.817846743311196338e-06 9.999999999999999547e-07 2.445559210791789506e-02 8.618421439249360216e-02 1.000000000000021978e-06 1.000000000004048772e-06 1.159375600535865643e-03 9.602819995265065092e-03 2.949471657890554647e-05 2.936789584341133403e-04 1.000006920471430656e-06 9.999999999999999547e-07 1.001019520775191536e-06 1.081256093512744192e-06 1.600539502018082485e-05 1.710057487604102130e-02 3.534340341587504514e-02 3.566285154311293198e-02 9.999999999999999547e-07 5.274235589637305509e-03 2.663815588004199612e-06 9.999999999999999547e-07 1.645901069251680393e-02 9.283838159421085477e-05 1.000000755763523168e-06 9.999999999999999547e-07 1.000000015163253222e-06 1.000501295813154519e-06 2.416831300248123315e-05 1.257293775025279886e-03 3.033425595243193461e-03 6.828096119181672856e-03 2.189342640112819025e-03 3.659755826231112820e-03 3.014645233300651951e-04 9.999999999999999547e-07 1.448874558822267868e-06 4.842250980791191518e-03 3.082521565729146647e-03 1.000020051783000172e-06 8.528723254254465345e-05 1.000000000000000167e-06 2.587801536049298001e-05 8.845845140829080785e-04 3.957130879688029734e-02
3.673801157011291952e-06 3.569379479092732455e-02 9.214891114826260707e-03 5.473969166519808302e-05 3.550909103128763248e-06 1.436639387239731843e-04 1.000001402761256844e-06 1.000042422467930327e-06 4.344554342228410145e-03 1.000927375731642612e-06 9.999999999999999547e-07 1.000079226679129620e-06 1.195567047306275461e-03 1.000000000007927124e-06 9.999999999999999547e-07 9.999999999999999547e-07 9.753372272444312289e-04 1.078801339079382907e-06 2.865345691698552993e-02 4.538884699598848933e-05 1.334687739505556273e-06 7.297690805268862782e-04 3.030083768575789899e-02 5.890756501534921534e-05 1.000000000015799449e-06 1.000002078001222561e-06 1.120923909000319278e-06 9.999999999999999547e-07 1.416761747857205305e-03 6.537527147153864372e-06 9.999999999999999547e-07 1.000000022501581182e-06 9.999999999999999547e-07 2.923812459296226321e-06 1.000000000002842597e-06 6.338412686091451746e-03 6.166120359749057561e-02 9.999999999999999547e-07 5.314045465330280522e-06 1.107644016873505050e-05 7.001693034712738739e-02 9.897908370538142236e-03 2.388665672298833156e-02 1.132852546560187898e-02 2.579006258628900312e-04 4.964455716273541696e-05 4.328794801478044914e-03 2.290546778893430948e-05 7.191235905498784275e-04 9.999999999999999547e-07 6.091318162099877939e-06 9.999999999999999547e-07 1.897047904285516943e-06 1.000000317017032502e-06 7.599445203235528736e-06 2.919585932834258175e-06 1.357402600629804802e-04 1.000004815093440179e-06 1.000000859760171413e-06 2.181115274040413101e-04 1.004734058848672566e-06 3.953522360796045063e-04 4.342295683011458267e-05 8.242770910230870496e-02 1.000000000152181282e-06 1.010733702229237378e-06 6.643489352017808817e-03 3.438014711671135684e-05 1.000000025251039753e-06 1.000000000000005460e-06 2.039699638016644929e-06 1.019964949666533893e-01 2.998930295066067758e-02 1.110521226540632458e-06 1.471967594503124975e-04 4.781545242207241135e-03 1.000002156575178934e-06 5.123428775302546305e-03 1.176155682614765385e-01 1.000000000895112186e-06 1.729597289300895124e-03 4.779481427884306466e-02 6.525762441361596632e-03 9.999999999999999547e-07 1.443040396917697203e-04 9.999999999999999547e-07 6.864346331059294247e-04 9.999999999999999547e-07 4.996646283038746859e-05 4.748963187307312490e-04 1.000110549767835373e-06 3.649052736897561512e-05 4.353307373349713496e-06 9.999999999999999547e-07 2.288337283289727450e-02 8.183132523962334537e-02 1.000000000000005249e-06 1.000000000139526186e-06 1.138186766410880088e-03 9.489533867046434298e-03 3.400151273529788601e-05 2.528871655274494740e-04 1.000005757970638539e-06 9.999999999999999547e-07 1.002888254012447912e-06 1.306983467765500391e-05 1.299467523050177639e-06 2.063469660569010669e-02 3.294394250031641713e-02 4.016142115338343366e-02 9.999999999999999547e-07 4.242289393561192966e-03 3.849212389517286699e-06 9.999999999999999547e-07 1.548856168780301211e-02 1.263637047658368047e-04 1.000008281090083678e-06 9.999999999999999547e-07 1.000000000005619171e-06 1.009261262000523358e-06 3.890238033216113174e-05 1.443645785203691691e-03 2.720524940707515129e-03 7.542116855882163504e-03 2.526302127734783489e-03 4.286696158134505052e-03 3.556547463602578382e-04 9.999999999999999547e-07 1.352288315459296439e-06 4.590393375889519068e-03 1.892433684154215708e-03 1.000000836303992736e-06 4.028122042077703140e-05 9.999999999999999547e-07 7.617284053338905386e-05 3.661344086797058551e-04 3.657225280842201637e-02
3.240309249320259886e-06 3.410779534989944600e-02 8.992083677996455526e-03 3.563566472904136938e-05 5.350291798411997018e-05 1.895027704364413992e-04 1.000087716601142542e-06 1.000053966238550152e-06 4.416450350072351032e-03 1.004827343991209895e-06 9.999999999999999547e-07 1.000000000027591629e-06 6.218463966194167887e-04 1.000000000247331458e-06 9.999999999999999547e-07 9.999999999999999547e-07 1.919674364594972822e-03 1.008295581111518776e-06 2.563788381436593600e-02 1.665968746639617169e-05 1.000893550985160858e-06 6.343964013867949654e-04 2.854442497398127637e-02 6.905041786334933473e-05 1.000000000000129974e-06 1.000004258360283712e-06 1.616129476537064269e-06 9.999999999999999547e-07 1.183324031498697018e-03 5.128093097478005177e-06 1.000000000000000802e-06 1.001158140768470458e-06 9.999999999999999547e-07 2.726874548027722216e-06 1.000000000005464800e-06 5.986495779558736671e-03 7.249697599654805757e-02 9.999999999999999547e-07 1.617602710133756524e-06 1.214987908248329377e-05 7.638097963659033762e-02 8.377969270490880430e-03 2.082399527664382383e-02 1.022494388117697189e-02 3.096245422311887032e-04 4.526504596117255210e-05 3.968758473835722576e-03 1.823569162582761150e-06 4.686199744187288449e-04 9.999999999999999547e-07 1.065295998710706086e-05 9.999999999999999547e-07 1.014194404293257833e-06 1.000000000000000167e-06 5.626832054892903171e-05 1.742784937979892985e-06 1.007609359141670349e-06 1.000485591554029562e-06 1.000016715404618453e-06 2.751909758058292328e-04 1.001935703913215563e-06 4.568533296751104106e-04 2.870876899559013862e-06 7.842079791772789410e-02 1.000000000000023672e-06 1.000532844670625756e-06 8.262975546858019466e-03 1.246653083939553616e-05 1.000000020434981515e-06 1.000000000000081482e-06 2.476208114712611046e-06 1.036961618154601944e-01 3.137037013468366164e-02 1.001142919372079528e-06 1.428402004110395783e-04 4.312501210867203741e-03 1.000003301197192411e-06 5.942116699257934433e-03 1.219889650546784471e-01 1.000000000306654893e-06 1.420104084235869740e-03 3.926332579364699010e-02 6.724042665223201563e-03 9.999999999999999547e-07 2.546457852028308276e-04 9.999999999999999547e-07 1.435429602607626995e-04 9.999999999999999547e-07 3.893487763966067003e-05 2.465768589472217584e-04 1.000009337481903139e-06 1.007750446088317617e-04 1.842651643429727532e-06 9.999999999999999547e-07 2.728119232092984098e-02 8.210059001852662575e-02 1.000000000000049930e-06 1.000000000000122139e-06 1.481685185367738900e-03 1.034188062716664275e-02 1.118141171209363899e-05 1.712568195673669900e-04 1.000021184415461122e-06 9.999999999999999547e-07 1.000777990347232693e-06 4.266206902217693147e-06 2.010421160360384936e-06 1.651985841637906502e-02 3.318176194045323324e-02 3.480895083327911060e-02 9.999999999999999547e-07 6.272384986657796035e-03 1.110391676155492456e-06 9.999999999999999547e-07 1.602905760416689640e-02 6.225188851205198926e-05 1.000000393133752012e-06 9.999999999999999547e-07 1.000000000000462223e-06 1.001859640983430256e-06 2.065567156317517123e-05 7.675758907014369184e-04 3.044103737773801079e-03 6.625992063799911354e-03 2.175393799523316334e-03 3.409820193950512373e-03 3.137788248793509853e-04 9.999999999999999547e-07 1.018835993453476141e-06 4.950324581556460844e-03 1.755716367948008047e-03 1.000000447174997207e-06 1.431056298336800896e-04 1.000000000000000167e-06 2.568967070119023533e-05 2.499411993901463729e-04 3.964919810767748853e-02
1.526573602632038496e-06 3.739828867390665446e-02 8.452413073622624257e-03 5.047219864405660798e-05 4.082030007967426036e-04 2.925987754625611684e-04 1.000000141832864140e-06 1.000000650296335095e-06 2.866979126152697198e-03 1.000653927184543129e-06 9.999999999999999547e-07 1.000000000022112809e-06 8.545099378968987495e-04 9.999999999999999547e-07 9.999999999999999547e-07 9.999999999999999547e-07 1.562126928197922005e-03 1.009321539983762182e-06 2.380508709866674746e-02 5.220742235794434580e-06 1.001989134496877014e-06 5.360245104038199740e-04 2.736150010205517374e-02 3.353804841472202977e-05 1.000000000000013084e-06 1.000028889702952043e-06 9.247936848164232753e-06 9.999999999999999547e-07 1.370915456358698338e-03 6.202036941736566446e-06 9.999999999999999547e-07 1.000000000937333179e-06 9.999999999999999547e-07 1.274223162444581387e-05 1.000000003210901323e-06 6.012063304934361398e-03 6.773040758485054935e-02 9.999999999999999547e-07 1.083540243237353728e-06 1.051312762367688957e-05 7.466710692860574483e-02 8.718139598156390488e-03 2.396505804164576758e-02 1.025392250670895816e-02 3.885122334163117067e-04 2.637089181004106749e-05 3.423097883485730266e-03 2.569821344564056384e-05 5.190607576725013526e-04 9.999999999999999547e-07 8.251635805902717826e-06 9.999999999999999547e-07 4.308774387828200534e-06 9.999999999999999547e-07 1.859148898972870877e-05 1.187587737776402422e-06 1.016587563153734601e-06 1.000000000865308697e-06 1.000000158574652879e-06 1.149754714807528798e-04 1.004945131752633483e-06 1.766712412821855186e-04 3.809916869795185038e-06 8.252505382402945677e-02 1.000000000006496274e-06 1.000008205142850379e-06 6.483031028736925376e-03 1.900898328969706944e-05 1.000000004119150823e-06 1.000000000000000378e-06 2.385791628495246407e-06 1.077146266103495564e-01 3.382216644564241953e-02 1.009372701791480922e-06 6.320064988581920935e-05 3.241979517264937782e-03 1.000000267191427299e-06 3.777429358311647830e-03 1.223326246553135543e-01 1.000010725159416473e-06 1.615201885615956141e-03 4.512619752385647193e-02 6.131746136846364520e-03 9.999999999999999547e-07 2.316795288221010880e-04 9.999999999999999547e-07 2.832040499331599909e-04 1.000000000000055012e-06 4.700025869444696478e-05 4.896744743463809146e-04 1.000022912355062929e-06 2.676924927543676211e-04 8.653277609795055831e-06 9.999999999999999547e-07 2.086461372323579130e-02 8.240142655619782375e-02 1.000000000000000802e-06 1.000000000000254700e-06 1.240832750561807890e-03 9.905931380372743483e-03 1.199689467079034676e-05 2.263982386841253849e-04 1.000000016318608491e-06 9.999999999999999547e-07 1.009868447614909769e-06 6.482622235119672061e-06 4.389363103707068745e-06 1.792886789537848080e-02 3.015331287198580804e-02 4.034451834603069303e-02 9.999999999999999547e-07 4.506916558855085173e-03 1.209099163383588216e-06 9.999999999999999547e-07 1.513304003081487881e-02 1.327065947103613195e-04 1.000043141035314139e-06 9.999999999999999547e-07 1.000000000000000167e-06 1.002692340383709425e-06 2.337388050419727519e-05 9.691592175104404676e-04 2.479335758797700066e-03 6.434944856195550823e-03 1.848237815014763981e-03 3.636665922003256158e-03 2.761276149176000012e-04 1.000000111436367274e-06 1.184174473126158432e-06 3.882914882421681629e-03 1.125915276796388012e-03 1.000000537954951188e-06 1.978425302159060053e-04 1.000000000000000167e-06 5.907748805250652405e-06 5.419663250215755795e-04 4.052074185085308838e-02
2.486148299152883965e-05 2.971276414846989872e-02 1.279986983373468910e-02 4.443076576398683435e-05 9.397567830510023960e-06 8.502652069849345141e-04 1.000000089034130729e-06 1.000004403977499253e-06 2.721189061553221013e-03 1.000008972344034180e-06 9.999999999999999547e-07 1.000000002983331522e-06 9.355805943283577791e-04 1.000000000000037859e-06 9.999999999999999547e-07 1.000000000000010119e-06 4.265405114657712035e-03 1.251549218153675734e-06 2.719793144746610741e-02 1.172290796923675378e-05 1.003279475164649410e-06 6.374404820256372554e-04 2.900312435614720713e-02 1.041471818462571863e-04 1.000000000066998355e-06 1.000000443403012109e-06 1.931893308116030761e-06 9.999999999999999547e-07 2.715808753994767774e-03 2.367610395835307166e-06 9.999999999999999547e-07 1.000000000225997874e-06 9.999999999999999547e-07 8.048759928478710232e-06 1.000000000082646018e-06 5.058119665777458147e-03 6.049901320195261167e-02 9.999999999999999547e-07 1.389999335208172378e-06 5.552618764114316291e-06 6.944987894853882349e-02 7.390420123702897727e-03 2.307316444231037253e-02 1.054816959712588133e-02 3.240463961200424551e-04 2.549887352107754916e-05 3.447175119542070492e-03 5.361093846570513245e-06 1.028526772809805609e-03 9.999999999999999547e-07 9.799068957918643507e-06 9.999999999999999547e-07 1.008370532643789503e-06 1.000503903069755773e-06 4.006075861757504169e-06 1.044978615300665551e-06 1.000237857632482013e-06 1.001203527564418103e-06 1.000022641962053486e-06 4.801957437890283530e-04 1.001974282607462159e-06 3.327139123519545620e-04 1.124451317922137813e-05 8.246450731838840531e-02 1.000000000000007578e-06 1.000000000118867900e-06 1.064665258699295548e-02 1.768187500075317408e-05 1.000000026963094933e-06 9.999999999999999547e-07 4.808227486649537841e-06 9.891814872407395098e-02 2.494053183927200795e-02 1.000152363283263555e-06 1.155723556809775879e-04 4.224913131062988866e-03 1.000000014373998510e-06 8.279917338963573709e-03 1.150199470903416205e-01 1.000000000001327467e-06 1.456936017232716811e-03 4.173849572772575511e-02 6.953761263523971017e-03 9.999999999999999547e-07 1.021424445453710807e-04 9.999999999999999547e-07 2.583060604672485889e-04 1.000000000000004613e-06 3.311829442067120994e-05 3.249623585675809920e-04 1.000024652802470985e-06 1.901599241598160429e-05 2.119181677286614241e-06 9.999999999999999547e-07 2.356812132817650771e-02 8.503610232620453790e-02 1.000000000205715670e-06 1.000000000100043228e-06 1.556025095844345424e-03 1.064868309915657611e-02 1.827887167249715261e-05 2.358823809426745699e-04 1.019797763350659780e-06 9.999999999999999547e-07 1.032335541300546258e-06 2.091006203299534613e-05 1.404839647362023803e-06 1.966274165331430290e-02 4.620346716365699574e-02 4.232055726922560879e-02 9.999999999999999547e-07 5.926625920536062776e-03 1.103012228140650625e-06 9.999999999999999547e-07 1.293776479147412846e-02 4.124833195021439269e-04 1.000041466573097434e-06 9.999999999999999547e-07 1.000000000020103435e-06 1.000752250568052290e-06 1.445542684850512947e-05 8.573059733183977134e-04 2.960773886695434402e-03 1.081696625021379143e-02 2.403450981889059760e-03 3.161800639231212868e-03 3.952186809253549157e-04 9.999999999999999547e-07 1.074689243605046755e-06 5.691813509668684420e-03 2.475577939898962986e-03 1.000003031161772114e-06 1.997286534311920852e-04 9.999999999999999547e-07 4.168704118462118632e-05 6.264251663803653298e-04 3.362510362165509886e-02
6.929814622143304439e-06 2.806022014937232037e-02 9.742144832138525945e-03 7.744629122857588576e-05 6.149270268530912494e-06 2.780512516830921442e-04 1.000055680642508500e-06 1.003048822418036846e-06 3.296966015378629492e-03 1.000013783327751224e-06 9.999999999999999547e-07 1.000029982728564249e-06 6.522512405099105577e-04 1.000000000001333608e-06 9.999999999999999547e-07 9.999999999999999547e-07 1.692057673184834765e-03 1.059197441837538016e-06 3.125733443178245474e-02 1.085170042344084693e-05 1.022722942711667308e-06 8.062813657437132566e-04 2.765095105427178152e-02 1.834291579194102773e-04 1.000000000000001649e-06 1.000000536913984542e-06 1.581002112830263621e-06 9.999999999999999547e-07 1.268707820002613548e-03 7.786662437893094948e-06 1.000000000000000167e-06 1.023331367527589693e-06 9.999999999999999547e-07 7.335275954187841954e-06 1.000000000042086904e-06 5.661420949182469076e-03 6.455777487485138411e-02 9.999999999999999547e-07 1.040596305638137130e-06 1.962943123258104793e-05 6.610387093749932330e-02 7.288566699696566974e-03 2.484665721660419060e-02 1.132915142594342027e-02 3.110243779056865300e-04 4.488792573385803864e-05 5.189704838420147390e-03 3.042160922613987864e-05 5.288435081528523483e-04 9.999999999999999547e-07 9.031486728806832742e-06 9.999999999999999547e-07 9.401222537602000500e-06 9.999999999999999547e-07 1.152764566480859884e-05 2.081620894664317235e-06 1.528652404901230356e-06 1.000000001345470287e-06 1.000001144682892019e-06 2.938576476607706245e-04 1.000680579862266379e-06 3.526424230387215824e-04 7.724636157491863872e-06 8.793094587209278334e-02 1.000000000000029601e-06 1.000544384849920330e-06 1.000168036725694078e-02 1.687982876354750006e-05 1.000000001110607956e-06 9.999999999999999547e-07 2.137653441277919844e-06 1.011013763338119847e-01 2.289504785231089024e-02 1.087475061784467095e-06 8.546222715566286691e-05 4.846063440119800260e-03 1.000032652426573654e-06 4.972291510801833334e-03 1.297713819490873000e-01 1.000000003217972142e-06 1.102900007615453815e-03 4.229736461644779261e-02 6.615869748939942098e-03 9.999999999999999547e-07 2.024163524716972773e-04 9.999999999999999547e-07 3.923321066194566551e-04 1.000000000054387093e-06 2.925307038275136719e-05 4.823392586747148720e-04 1.000120501477482321e-06 1.409523136236920816e-04 1.959427577563277984e-06 9.999999999999999547e-07 2.535379489875472583e-02 8.227069661481432872e-02 1.000000000000050988e-06 1.000000000714972207e-06 9.381887055168562639e-04 1.211349251560369343e-02 4.254898212232558391e-05 1.105814035001511693e-04 1.005903817235247681e-06 9.999999999999999547e-07 1.016407835810890966e-06 6.804639687932661738e-06 1.397107723289887427e-05 2.127009669483184012e-02 2.908039671867893722e-02 4.187449647737739172e-02 9.999999999999999547e-07 5.372949152786749526e-03 1.178006683288709257e-06 9.999999999999999547e-07 1.274071724621513024e-02 5.369419916654332223e-05 1.000001905343080514e-06 9.999999999999999547e-07 1.000000000000000167e-06 1.050329599723222813e-06 1.995089592251455906e-05 1.339313267740223834e-03 3.107690017134564792e-03 6.323647612256953418e-03 3.204880148185334024e-03 3.019962805550362693e-03 1.000546883575809901e-03 9.999999999999999547e-07 1.083825390890512304e-06 4.888193048685629191e-03 1.951255476938354308e-03 1.000067148431937899e-06 2.746004450741745709e-04 1.000000000000021766e-06 1.312521967912604279e-05 5.282042788799448533e-04 3.867475010474506064e-02
2.790832623538152956e-06 3.191874413382644188e-02 8.886095342574607675e-03 1.250542605134990777e-04 2.249746286022334619e-05 7.450317050466068473e-05 1.000623875039332290e-06 1.000007004987244803e-06 5.755490595297986511e-03 1.000269306213630411e-06 9.999999999999999547e-07 1.000000548094919396e-06 9.923419283406401375e-04 1.000000000000007790e-06 9.999999999999999547e-07 9.999999999999999547e-07 1.699556113180776670e-03 1.005552080444812340e-06 3.383309749988441806e-02 6.135862209717991302e-05 1.004846889913707615e-06 8.793567072824885191e-04 2.683593170509351866e-02 4.184917545274556539e-04 1.000000000000080846e-06 1.000000092822199500e-06 1.349033890400958748e-06 9.999999999999999547e-07 1.514281669508373788e-03 5.983855135621889039e-06 1.000000000000973619e-06 1.000000000007480526e-06 9.999999999999999547e-07 6.885470988844578012e-06 1.000000000002152054e-06 7.773416375779768420e-03 6.128455218439395752e-02 9.999999999999999547e-07 1.715468656797455834e-06 5.692130147793678471e-05 6.400296513758303718e-02 7.891297673587387498e-03 2.221621590917095129e-02 1.176293868506552744e-02 4.242914874004332531e-04 8.111427476722188356e-05 3.997188061210263897e-03 2.026016668818087613e-05 4.533118941396043953e-04 9.999999999999999547e-07 2.291417237374379612e-05 9.999999999999999547e-07 1.003154272420810751e-06 1.000006235813977718e-06 2.312377373776847183e-05 3.447452190730112781e-06 1.054473865723998218e-06 1.000000000204163694e-06 1.000000752115173117e-06 4.914423663573840202e-04 1.003259985263455619e-06 1.472729350789023792e-03 2.696321325568609917e-06 8.463078481524594077e-02 1.000000000000161738e-06 1.001615961984561086e-06 1.042238119814356198e-02 3.296556244770212826e-05 1.000000036876328938e-06 1.000000000000001861e-06 1.214428056125318834e-06 9.794150216988534163e-02 2.454610795235821069e-02 1.661815716508390192e-06 9.677565416320541036e-05 6.022577698400525224e-03 1.000088400806982923e-06 5.847145991734175458e-03 1.144831085460134290e-01 1.000000000000821153e-06 1.818806200714241303e-03 4.377686528898067087e-02 8.129381133406440169e-03 9.999999999999999547e-07 2.054626285152186087e-04 9.999999999999999547e-07 5.796106657265287423e-04 1.000000000000001649e-06 8.985551311247949331e-05 9.508153692132892106e-04 1.000712491920820636e-06 2.580532173783858037e-04 8.010603792653012641e-06 9.999999999999999547e-07 2.499202575721849381e-02 7.998313389895231329e-02 9.999999999999999547e-07 1.000000000000702145e-06 1.197678684209375335e-03 1.072572213705142580e-02 2.275228647748305761e-05 2.931159617559830010e-04 1.000000048240928275e-06 9.999999999999999547e-07 1.001020209904913002e-06 2.440679658469464085e-06 6.128013307040801277e-06 2.286059248471600247e-02 3.287046174268085097e-02 4.208941655414024513e-02 9.999999999999999547e-07 6.602633341199083856e-03 1.372163578571382997e-06 9.999999999999999547e-07 1.303624053708462779e-02 9.445604653105359205e-05 1.000001661597763590e-06 9.999999999999999547e-07 1.000000000000451000e-06 1.008546495965194632e-06 2.265325599119714749e-05 9.454526538393496875e-04 4.062340450264323444e-03 8.609603405563832912e-03 3.251268380758426824e-03 2.708402488950132931e-03 4.193367872937267646e-04 1.000000000484459814e-06 1.423574005460664431e-06 7.527874932998232863e-03 4.115922706949531190e-03 1.000003805125576545e-06 1.639583594392152264e-04 9.999999999999999547e-07 2.348991836056216209e-05 6.903089208105151224e-04 3.790627102436178869e-02
1.655614073380677858e-05 2.608689663644849291e-02 1.071803350101956445e-02 5.690713222748442353e-05 1.105139264661237727e-05 1.735550512616782935e-04 1.003936013038912182e-06 1.000026835214373235e-06 4.640112362855159170e-03 1.000000311923196374e-06 9.999999999999999547e-07 1.000000326222319122e-06 6.303809769351150991e-04 1.000000000000001649e-06 9.999999999999999547e-07 9.999999999999999547e-07 3.724523649579836518e-03 1.000822289388445157e-06 3.000074854438563449e-02 2.616525534268916296e-05 1.039143576325255174e-06 8.246230678246117265e-04 2.980972332387199497e-02 1.257998994741958427e-04 1.000000002925304471e-06 1.000000023502347857e-06 1.199676565550225548e-06 9.999999999999999547e-07 1.634258443941499642e-03 9.856124866943480941e-06 9.999999999999999547e-07 1.000000164126578612e-06 9.999999999999999547e-07 2.989502690698469449e-06 1.000000000000335803e-06 7.513160331963398240e-03 5.948771483777966912e-02 9.999999999999999547e-07 1.165355172190133390e-06 1.048139769699931024e-05 6.756992007125593724e-02 7.775773228125957073e-03 2.312916677485005873e-02 1.169775317322961118e-02 4.858288064007454388e-04 8.543272903351064825e-05 4.603592006481016345e-03 2.932310349396420254e-05 4.232198741876009034e-04 9.999999999999999547e-07 1.352545073026196032e-05 1.000000000000000167e-06 1.969280156581172884e-05 1.000005986577123427e-06 4.945120606793814935e-05 1.238083194800892811e-06 1.129664988986989691e-06 1.000003580601327560e-06 1.000011762058392603e-06 1.509732413679781143e-04 1.000685751316572941e-06 3.799017481254379899e-04 7.436230732094772126e-06 8.877230556694828967e-02 1.000000000000031930e-06 1.258324786268721842e-06 7.712124141088394329e-03 1.873509769506247820e-05 1.000000000688241753e-06 1.000000000000025366e-06 1.136318617002344282e-06 1.076101832826647509e-01 2.128795383713895026e-02 1.000130199668964735e-06 1.201654009866794066e-04 5.722707647749047596e-03 1.000000869862511452e-06 5.349297242535464188e-03 1.216698034151405261e-01 1.000000108661958924e-06 1.177553741998879459e-03 4.802289177654792129e-02 6.921926223394507874e-03 9.999999999999999547e-07 2.390475927896815894e-04 9.999999999999999547e-07 2.919498299875309668e-04 1.000000000003091837e-06 1.221471742545356814e-04 8.703541341328893070e-04 1.000208232428983409e-06 3.381751135973403224e-04 2.230528652766416834e-06 9.999999999999999547e-07 2.274286998217130498e-02 8.380962746579506684e-02 1.000000000000498222e-06 1.000000000004371704e-06 1.358455793661209401e-03 1.163868524946041517e-02 3.121513260139936199e-05 1.136859049532466093e-04 1.000335849654273765e-06 9.999999999999999547e-07 1.154391504301910076e-06 4.583377138799522762e-06 5.383757512620477101e-06 1.931259314162708449e-02 3.650926244870287413e-02 3.859643988568687428e-02 9.999999999999999547e-07 6.168018840329236689e-03 1.117601990510982281e-06 9.999999999999999547e-07 1.192521465059847956e-02 1.023574734150801236e-04 1.000000304459387471e-06 9.999999999999999547e-07 1.000000000000003555e-06 1.014375798502715813e-06 2.218467222227166527e-05 9.981125834082216902e-04 2.406206596204075402e-03 7.962588493412282864e-03 2.427989450562774779e-03 2.358754541145657163e-03 3.242327585352888157e-04 1.000000065821573763e-06 1.637750358184321502e-06 3.486207065324607116e-03 1.756672136465031037e-03 1.000001521114437400e-06 2.744743707156632739e-04 9.999999999999999547e-07 1.692799261726426853e-05 4.317123833040119600e-04 3.711936722918023068e-02
7.942576306953816917e-06 3.230508163831729423e-02 1.225169526193830953e-02 6.180271847282713322e-05 9.456035292830854919e-06 2.502541656250721353e-04 1.000042554795794813e-06 1.000004196377121020e-06 3.311781494506635913e-03 1.000782777325454735e-06 9.999999999999999547e-07 1.000003547281229136e-06 5.320778110663295984e-04 1.000000000003645796e-06 9.999999999999999547e-07 9.999999999999999547e-07 1.334478770211283260e-03 1.003054560125318203e-06 3.315838386826285705e-02 5.599673206305348963e-06 1.020381248394531810e-06 6.827778993991747911e-04 2.531165960721978858e-02 1.860428182960257258e-04 1.000000000000257029e-06 1.000000016118078523e-06 1.562089357103939073e-06 9.999999999999999547e-07 1.842671496472774936e-03 7.057870239258180667e-06 9.999999999999999547e-07 1.000000000235173994e-06 9.999999999999999547e-07 4.098076173537940097e-06 1.000000000296346925e-06 5.999211135306580130e-03 5.702824946148457586e-02 9.999999999999999547e-07 2.573165982946304191e-06 2.660801570640474711e-05 6.493177495956796441e-02 1.069078291702388328e-02 2.375440065606978027e-02 9.353838067893180397e-03 3.552936163831531377e-04 4.374545466167957753e-05 5.712700957005810778e-03 5.978200543056216472e-06 7.818881954510691805e-04 9.999999999999999547e-07 7.002351735511137809e-06 9.999999999999999547e-07 1.038278557194735955e-06 9.999999999999999547e-07 1.261706824939768641e-05 2.872584800714671508e-06 1.008933269858407404e-06 1.000000059922855800e-06 1.000010064539136510e-06 1.164165844203854898e-04 1.000136220894268647e-06 4.223446825568842838e-04 1.201069949550085102e-05 9.516841261172276356e-02 1.000000000001866604e-06 1.000044127035336986e-06 1.075790854948346226e-02 7.475580725897845258e-05 1.000000000271113390e-06 1.000000000062207325e-06 2.474530112453791707e-05 9.197690233450139807e-02 2.532453940313358562e-02 1.004370567206121158e-06 6.118671476787240554e-05 5.809231978081417710e-03 1.000000020730424913e-06 7.812731759282482216e-03 1.186599111189631517e-01 1.000000000000017107e-06 1.911038927352140494e-03 5.006979033406255136e-02 7.813970136733086602e-03 9.999999999999999547e-07 2.436257386089896431e-04 9.999999999999999547e-07 1.737128104015282120e-04 1.000000000000000378e-06 1.332011949724764513e-04 6.174273299663558161e-04 1.005263602502677030e-06 1.642408426617680405e-04 2.331642096160729232e-06 9.999999999999999547e-07 1.989700741692515540e-02 7.595770857901525119e-02 1.000000100082818329e-06 1.000000000014266319e-06 1.831044297005491152e-03 1.038030332354010314e-02 1.570166590415063542e-05 3.409980400815161398e-04 1.000001309563909159e-06 9.999999999999999547e-07 1.049815473904970004e-06 7.669013777291218474e-06 1.198986411260018385e-06 2.203688086070025240e-02 3.885295773862067203e-02 3.681389308032458757e-02 9.999999999999999547e-07 5.360529756726552242e-03 7.867371716412110906e-06 9.999999999999999547e-07 1.639777446670419303e-02 8.916336311045104949e-05 1.000068668373967184e-06 9.999999999999999547e-07 1.000000000000223783e-06 1.012598824276516047e-06 2.472885511462864002e-05 1.368844266041238872e-03 3.650464063674873933e-03 9.858097703637878559e-03 2.692932649051569746e-03 3.649419937545730821e-03 4.554463568377552295e-04 1.000000000003179081e-06 1.069218310531436517e-06 6.960239112502606199e-03 1.567969404044381723e-03 1.000008737901370736e-06 1.163734160448852889e-04 9.999999999999999547e-07 8.139673460514847169e-05 6.005777550277290652e-04 3.374220158861486463e-02
4.111614416432044759e-06 3.122897346173198960e-02 1.352138290368075368e-02 1.128331402928502489e-04 1.407046669013904245e-05 2.841679009574763675e-04 1.000055829228614332e-06 1.000000205029140855e-06 5.356805156671005236e-03 1.000220306260070605e-06 9.999999999999999547e-07 1.000008570292766264e-06 7.991386956533200149e-04 9.999999999999999547e-07 9.999999999999999547e-07 9.999999999999999547e-07 2.121700484151343383e-03 1.008972072120248305e-06 2.393857286435787865e-02 9.768747111304181883e-06 1.006359560057815781e-06 1.009379726541123623e-03 2.999123988594195114e-02 8.201381050054465177e-05 1.000000000000002708e-06 1.004053269593194796e-06 2.386053640205515475e-06 9.999999999999999547e-07 3.166909348415233600e-03 5.034398488981108148e-06 9.999999999999999547e-07 1.000000029900866080e-06 9.999999999999999547e-07 6.452239666586490196e-06 1.000000000000001437e-06 6.952159987631018057e-03 6.017878583228692541e-02 9.999999999999999547e-07 1.566844517937895012e-06 1.161779163270306879e-05 6.988175977409849526e-02 7.351693235710109707e-03 2.291913638536816067e-02 9.208641409145061629e-03 4.626062800772622811e-04 5.710419184932180299e-05 4.153842692902047842e-03 3.300368603348027033e-05 3.804589133641500141e-04 9.999999999999999547e-07 4.934107715423638491e-06 9.999999999999999547e-07 1.416161330629642580e-06 9.999999999999999547e-07 3.217116709917994190e-04 2.801202986801273682e-06 1.235771249316212271e-05 1.000001620413590420e-06 1.000000088346144311e-06 2.109399667915925775e-04 1.001727525103115123e-06 6.626302549215970592e-04 4.303934943772197385e-06 7.910067604932369267e-02 1.000000000043799817e-06 1.000118790433375239e-06 9.509111569080668652e-03 1.148155239101983168e-05 1.000000001211497627e-06 9.999999999999999547e-07 6.046428989937502265e-06 9.659901907333880156e-02 2.682792398541580456e-02 1.000954883381264304e-06 2.168479660608241841e-04 3.574449148044749579e-03 1.000000195233953386e-06 6.903982215122180834e-03 1.169795484936153457e-01 1.000000023316436618e-06 1.193687650704363355e-03 4.325290546963189708e-02 6.786883753395357016e-03 9.999999999999999547e-07 1.166772795265162536e-04 9.999999999999999547e-07 1.743840286371287497e-04 1.000000000000000167e-06 3.813514252307081232e-05 3.784193345410569219e-04 1.000007523437794730e-06 4.301587237825028279e-04 2.432545369782675957e-06 9.999999999999999547e-07 2.285726404909470960e-02 8.390932713180516977e-02 1.000000026491689758e-06 1.000000000000045059e-06 1.228384299147992735e-03 1.050693558471707881e-02 3.801979127173816462e-05 4.642967423069690948e-04 1.000082929899351184e-06 9.999999999999999547e-07 1.004056432098502712e-06 5.187984358090172264e-05 2.934200041897718132e-05 1.970509274182892512e-02 4.735305167589015651e-02 3.942192435455732502e-02 9.999999999999999547e-07 5.804520172197920498e-03 1.171294011685956814e-06 9.999999999999999547e-07 1.410019459799006017e-02 8.075953370027434013e-05 1.000000479712915760e-06 9.999999999999999547e-07 1.000000000000001437e-06 1.011437742935437853e-06 2.390849697005006865e-05 1.457153099651717961e-03 3.935019232461412636e-03 1.255237491967848076e-02 3.145096915427272617e-03 2.772883278406484357e-03 2.486832408721773783e-04 1.000000000001356478e-06 1.039968908939503822e-06 5.541267595499670302e-03 1.598792454412833455e-03 1.000016121408424982e-06 9.349877469223274529e-05 9.999999999999999547e-07 2.729349564423796750e-05 3.827679482015285822e-04 3.618383534723193518e-02
1.326019554964460431e-05 3.736749574996039991e-02 1.433361676239872269e-02 4.285568606763574215e-05 2.416001435371160826e-05 3.068191321063896883e-04 1.000041754950477703e-06 1.000034656727258562e-06 2.502300724394968760e-03 1.000046217143738103e-06 9.999999999999999547e-07 1.002891721659751738e-06 1.191138488269592082e-03 1.000000000000001225e-06 9.999999999999999547e-07 9.999999999999999547e-07 1.841718363003964562e-03 1.008691624027615686e-06 2.620425398102872727e-02 1.122210806542761673e-04 1.002985239359289457e-06 8.116008408231597908e-04 2.718398010234156920e-02 1.493520620235212228e-04 1.000000000000222513e-06 1.000000143269538322e-06 1.350201650107369748e-06 9.999999999999999547e-07 2.634037667506876693e-03 4.287505999099746052e-06 1.000000000800103889e-06 1.000003945815707523e-06 9.999999999999999547e-07 1.982900977910750311e-06 1.000000000002293296e-06 5.244841366663433209e-03 5.809849095585780526e-02 9.999999999999999547e-07 6.570018054207580081e-06 1.300195293633208408e-05 6.652856358106996881e-02 9.888961175631320183e-03 2.212685398917091720e-02 1.051230433672952977e-02 3.426788011398639901e-04 5.021143522667911602e-05 4.514988565347050585e-03 5.757425850111440243e-05 6.439990638853760729e-04 9.999999999999999547e-07 9.549649268740387697e-06 9.999999999999999547e-07 1.464711879233046853e-06 9.999999999999999547e-07 7.768043903118410326e-05 2.996980420606179104e-06 2.913606374963389841e-06 1.000000002842411286e-06 1.000001863463496895e-06 2.507478044117458218e-04 1.000667638719677660e-06 4.500444419019995063e-04 2.424564425565750734e-06 8.143699501283575837e-02 1.000000000000156868e-06 1.207084301470538625e-06 1.105239297547522606e-02 1.893799149421886193e-05 1.000000291051333219e-06 9.999999999999999547e-07 4.674261889306252814e-06 9.656371396719418132e-02 2.838702765841197642e-02 1.000120919606914072e-06 7.032165535122624162e-05 4.599997196551150122e-03 1.000000122287733890e-06 8.015885868995610217e-03 1.175539894387910428e-01 1.000000000009400115e-06 1.630657012315616609e-03 4.448938080761682956e-02 8.055009127184249371e-03 9.999999999999999547e-07 1.454858147994784242e-04 9.999999999999999547e-07 2.434711926262018143e-04 1.000000000000009060e-06 1.181319765771125774e-04 2.978324639455793188e-04 1.034725943095639339e-06 3.643949739983085826e-05 2.859762688459840095e-06 9.999999999999999547e-07 2.119757044046537142e-02 8.237338635243567075e-02 1.000000000003630761e-06 1.000000005494267309e-06 1.878564273586038041e-03 1.014211874844235008e-02 2.214912571875537355e-05 3.572148010954286665e-04 1.000048868282159362e-06 9.999999999999999547e-07 1.009172163409398063e-06 4.950776568539794420e-05 6.839827285520200958e-06 1.914010207384951937e-02 4.289562610050941249e-02 3.549766298412374010e-02 9.999999999999999547e-07 5.562912487904335575e-03 1.918231804505840742e-06 1.000000002561895361e-06 1.696538221578272956e-02 1.391553583281458198e-04 1.000000605719666858e-06 9.999999999999999547e-07 1.000000000000014990e-06 1.001854932395751036e-06 5.423185197030020626e-05 9.605015923811043455e-04 2.877619827502772565e-03 1.134312594792678992e-02 2.948827228708823800e-03 4.062817266663066446e-03 5.714574717513839835e-04 1.000000000000037859e-06 1.170883101243591097e-06 3.984586316212514537e-03 1.848800632205889905e-03 1.000063049347772741e-06 7.943258187737334600e-05 9.999999999999999547e-07 1.360417807993173361e-05 8.635098238891981189e-04 3.797043833551807385e-02
7.126761602488812067e-06 3.183135565807208855e-02 1.394448397767278358e-02 9.986697760235160523e-05 9.561777589268727383e-05 1.892692897259190847e-04 1.000067871896760757e-06 1.000021757239356898e-06 3.194711621286475210e-03 1.000001576545818245e-06 9.999999999999999547e-07 1.000000084118170038e-06 1.016173179596311120e-03 1.000000000002864197e-06 9.999999999999999547e-07 9.999999999999999547e-07 6.554000715685009016e-04 1.000166693816628021e-06 2.716708178561548157e-02 2.387397748880321774e-05 1.224593904239513610e-06 7.138182425933299342e-04 2.894162757099824276e-02 1.644272814216855188e-04 1.000000000018579622e-06 1.000037294449754938e-06 1.179768442540658796e-06 9.999999999999999547e-07 2.668396586140305525e-03 1.008087556933480005e-05 9.999999999999999547e-07 1.000000535988214377e-06 9.999999999999999547e-07 7.331045412425121191e-05 1.000000000147063933e-06 7.890374916601041941e-03 5.984214422897034952e-02 9.999999999999999547e-07 1.092926690792803347e-06 2.564200058343909212e-05 7.222591680411573345e-02 8.051137916238616105e-03 2.038949043092490657e-02 1.059874904420429580e-02 3.311108118580902149e-04 3.260793413296055369e-05 3.291979063516439503e-03 4.236366628752456921e-06 8.915604520348428342e-04 9.999999999999999547e-07 6.791505995436328636e-06 9.999999999999999547e-07 4.169593381408266796e-06 1.000000011793004839e-06 1.718785143401713888e-05 1.141182414127613693e-06 1.000363818228977595e-06 1.000001324750585640e-06 1.000006661862603190e-06 2.994576691185658825e-04 1.000022483951519846e-06 9.824577258477889402e-04 1.264917025980928297e-05 8.010796373996947883e-02 1.000000000114653699e-06 1.000037911685089717e-06 1.206598837142715437e-02 2.562148391239791947e-05 1.000000002326559327e-06 1.000047010830293265e-06 4.728190603971483057e-06 9.945224039072078637e-02 2.551043933434215746e-02 1.014386822582685855e-06 6.764848219422791957e-05 4.410248190337148246e-03 1.000000326049849238e-06 6.222733999116269142e-03 1.182564489575096550e-01 1.000000010458501043e-06 1.693904372314928870e-03 4.117924325620510306e-02 6.420743982667641292e-03 9.999999999999999547e-07 9.793629618622892317e-05 9.999999999999999547e-07 2.826512442149903270e-04 1.000000000000002496e-06 4.188594364759700952e-05 3.804647277726808325e-04 1.001225918569661886e-06 4.408753251781930981e-05 1.078263686881837297e-05 9.999999999999999547e-07 2.293648852621077427e-02 8.597217017915542714e-02 1.000000000000018378e-06 1.000000000000178043e-06 1.027989049599832474e-03 8.976798492516913780e-03 1.310995680236211638e-05 5.791230907400508540e-04 1.002408575711423191e-06 9.999999999999999547e-07 1.038218094766220985e-06 1.527968034876983508e-06 6.535649973809333691e-06 1.921850381554775916e-02 4.270713525294577567e-02 4.103198267602674310e-02 9.999999999999999547e-07 5.100425551853540740e-03 1.224778867868460981e-06 9.999999999999999547e-07 1.482295727897371164e-02 7.971602935180019953e-05 1.000000887430242017e-06 9.999999999999999547e-07 1.000000000000058188e-06 1.000697450316279212e-06 3.390833031472360659e-05 1.196760875475328355e-03 2.269247825999065864e-03 9.973590403866718773e-03 2.293701999672101595e-03 2.483441488569969931e-03 3.652828352039376707e-04 9.999999999999999547e-07 7.739075974898680221e-05 4.318474985506293856e-03 1.410361197826327318e-03 1.000015563804666241e-06 6.775627824016458470e-05 9.999999999999999547e-07 2.210932800519479732e-05 7.842178003408953671e-04 4.034032468914141439e-02
1.167812095078937120e-05 4.332928025277310580e-02 1.168174210307299996e-02 6.405209645195088035e-05 1.636599973152902339e-05 1.803988235654464876e-04 1.012740362408231490e-06 1.000002294144886697e-06 3.083174651963557951e-03 1.000103928680465000e-06 9.999999999999999547e-07 1.000000965446425076e-06 1.430037858849914469e-03 1.000000000003994562e-06 9.999999999999999547e-07 9.999999999999999547e-07 2.054491782838015201e-03 1.145810600713079789e-06 2.804459533128739190e-02 3.825943442299518379e-06 1.001005124982876050e-06 9.472566664506840801e-04 2.522630423272325881e-02 4.363988869049611802e-05 1.000000000000073435e-06 1.000001813349031645e-06 2.530896766301959734e-06 9.999999999999999547e-07 2.134594944292313255e-03 9.415908466125697923e-06 1.000000000000000167e-06 1.000000003473991238e-06 9.999999999999999547e-07 4.434523581280612222e-06 1.000000000023924612e-06 5.507862572590212745e-03 6.095561749371531529e-02 9.999999999999999547e-07 2.058766546759614987e-06 1.295752754937135101e-05 7.095498758054265276e-02 1.127084768397507153e-02 2.005291523560980352e-02 9.791439511219439049e-03 3.973732162433397681e-04 1.835817452938929219e-05 3.078592811720296234e-03 5.452906802135514077e-06 5.959844974627358585e-04 9.999999999999999547e-07 1.276862290651833493e-05 9.999999999999999547e-07 1.023230736792033517e-06 9.999999999999999547e-07 2.757284413136654481e-05 1.229152710309356339e-06 1.003175467282362067e-06 1.000000000046476864e-06 1.000003380899231075e-06 7.486198514853110346e-04 1.001209484853461859e-06 5.328943820711461079e-04 6.435065721939170729e-05 8.073261122912550602e-02 1.000000000000065812e-06 1.008803271324928920e-06 8.011697514979324725e-03 2.280451901733942537e-05 1.000000195256989505e-06 1.000000001521581142e-06 1.636382209316071044e-06 9.876425499136864961e-02 3.470720540191371550e-02 1.021733867636976853e-06 1.046883489543715947e-04 4.324874003755202999e-03 1.000001980145774308e-06 5.548506193476681649e-03 1.157517249465831732e-01 1.000000000712563669e-06 1.689822129303194349e-03 4.167257077407926502e-02 6.026311461392515681e-03 9.999999999999999547e-07 1.699080210100283527e-04 9.999999999999999547e-07 3.449436827527969603e-04 9.999999999999999547e-07 9.029558999694062803e-05 4.768167837808218981e-04 1.056979616473865769e-06 6.030054768251498303e-05 2.742100497703315146e-06 9.999999999999999547e-07 2.107703408572043566e-02 8.248595551019981265e-02 1.000000000009976097e-06 1.000000000013500389e-06 1.652663879502453467e-03 8.878345013822650650e-03 4.573314564472404808e-05 2.699771463988081361e-04 1.000003098861973731e-06 9.999999999999999547e-07 1.002452529521725069e-06 1.277253408708800565e-06 4.887350716130496803e-05 2.102041673412119796e-02 3.932333111133484715e-02 3.583657483436624575e-02 9.999999999999999547e-07 4.651870086136216872e-03 1.039154626798689055e-06 9.999999999999999547e-07 1.802761098221188421e-02 5.316513507283885612e-05 1.000000301115207374e-06 9.999999999999999547e-07 1.000000000000011601e-06 1.006808652280931269e-06 3.736110793796387514e-05 1.737224810411768612e-03 2.662086008010044590e-03 9.621554801267714549e-03 2.272124712041751447e-03 4.031945174206556619e-03 3.379975062130632577e-04 1.000000001224163099e-06 1.034761176658027088e-06 5.107652820867885669e-03 2.153442569749457886e-03 1.000001014948399954e-06 4.502550088791549979e-04 9.999999999999999547e-07 1.767524482763632319e-05 6.304436787698982064e-04 3.684663201041028791e-02
2.418036996214367951e-05 3.618092467627512937e-02 9.157862266908622928e-03 9.905856911322324888e-05 4.537557056071278973e-05 8.032309196075834072e-05 1.000000086522564750e-06 1.002721473568368866e-06 4.839150592822666352e-03 1.094929538509863955e-06 9.999999999999999547e-07 1.000000003833343908e-06 9.794289275838283931e-04 1.000000000003090354e-06 9.999999999999999547e-07 9.999999999999999547e-07 1.708842214623144040e-03 1.002847736992062249e-06 2.873747631939219463e-02 1.853326981567789440e-05 1.007773076815381515e-06 9.276534188887775772e-04 2.622415903172799212e-02 1.643170503678511175e-04 1.000000000000027060e-06 1.003371819049420930e-06 1.486320399253316270e-06 9.999999999999999547e-07 1.581924207235198363e-03 4.840220557600848514e-06 1.000000000000243265e-06 1.000000024859232169e-06 9.999999999999999547e-07 2.641244603736524291e-06 1.000000001183392650e-06 6.664306848450153933e-03 6.619457650044305308e-02 9.999999999999999547e-07 1.263183341117227728e-06 9.743146340090166560e-06 6.728353910600040622e-02 7.634123975114970144e-03 2.493803279060138531e-02 1.047580595854268742e-02 3.038302132380523205e-04 5.944007121107554959e-05 3.684084167362923663e-03 2.101986611412452551e-05 6.202190391808573219e-04 9.999999999999999547e-07 1.177471693809597511e-05 9.999999999999999547e-07 1.205277292628531826e-06 1.000000000000000378e-06 5.529051185520072879e-05 1.703335761135933839e-06 1.002832706193361538e-06 1.000000007901535157e-06 1.000005750184758910e-06 6.324904262536626669e-04 1.000217198715626895e-06 5.629537460513999543e-04 6.337010824854264851e-06 7.960096438489386306e-02 1.000000000000001861e-06 1.000025641291631861e-06 1.199093257548520738e-02 2.232170277094984134e-05 1.000000000239988741e-06 1.000000000000000167e-06 3.603797846465175392e-06 9.928158928264724237e-02 2.844847370560296684e-02 1.000115278769168287e-06 7.631847767181564567e-05 4.272187296013993038e-03 1.000000364048004750e-06 5.317000625698597646e-03 1.222665158937943641e-01 1.000000001194837547e-06 1.455504634971592926e-03 4.065462655704540906e-02 8.281898385914176694e-03 9.999999999999999547e-07 1.830325881222336310e-04 9.999999999999999547e-07 4.629863100643509598e-04 1.000000000000427071e-06 4.603529161003442108e-05 5.625025573788208213e-04 1.000610540663553446e-06 1.397250362986472965e-04 3.023532544810435446e-06 9.999999999999999547e-07 2.251601045980952329e-02 8.409922613796538826e-02 1.000000000156439529e-06 1.000000000529612599e-06 9.259060802603343975e-04 9.552298037949791612e-03 2.398860092324580327e-05 1.726260221454770181e-04 1.000000001972936412e-06 9.999999999999999547e-07 1.003778156234783968e-06 3.251809906435904074e-05 3.686220158226937094e-06 2.054873310508937082e-02 3.052823484414390887e-02 4.226874490354710218e-02 9.999999999999999547e-07 7.250219105374972224e-03 1.177666423949715182e-06 9.999999999999999547e-07 1.361123845207230093e-02 1.741898267219472432e-04 1.000001448183547930e-06 9.999999999999999547e-07 1.000000000012614816e-06 1.005030121354397959e-06 2.731442618500750150e-05 1.600963203430405936e-03 4.520511933708622199e-03 7.842904663828493411e-03 2.253323503568866078e-03 3.337246939848691370e-03 3.751264889362208150e-04 9.999999999999999547e-07 1.080534308046639552e-06 5.811699373398833586e-03 2.608625975717848364e-03 1.011057579192837964e-06 2.660125400351474466e-04 1.000000000002221087e-06 3.090347910799203434e-05 4.831880388385404661e-04 3.620900612878731606e-02
1.863026637427291439e-06 3.038456835069602152e-02 1.011861628501215318e-02 2.838275522541666235e-05 1.421609201347394868e-04 2.104636203016033570e-04 1.000026728486964884e-06 1.000057131828285135e-06 3.424955472320753615e-03 1.003486396610766868e-06 9.999999999999999547e-07 1.000000052313866084e-06 4.744514496587938436e-04 1.000000000000292181e-06 9.999999999999999547e-07 9.999999999999999547e-07 1.266942426072097160e-03 1.001020605697722556e-06 2.429998496930874455e-02 1.174423661900017374e-05 1.002725317665288462e-06 6.605575293175536397e-04 2.683765204198112694e-02 5.875171213557105345e-05 1.000000000000200702e-06 1.000000072435394209e-06 1.768336053073669519e-06 9.999999999999999547e-07 1.502254860438432702e-03 6.837452579820001799e-06 1.000000000000049718e-06 1.000000000045802203e-06 9.999999999999999547e-07 1.490239346242397899e-05 1.000000000000006307e-06 5.837554800445866714e-03 7.029777565709006970e-02 9.999999999999999547e-07 1.222398511223086600e-06 5.647402469664850436e-06 7.794148456914591627e-02 6.632286834282360467e-03 2.429562923246154915e-02 9.876654853882562216e-03 4.214964166096379461e-04 2.227224759323669079e-05 3.247435112442033454e-03 3.340344479646492420e-05 3.581486848727339647e-04 9.999999999999999547e-07 4.671403742778507230e-06 9.999999999999999547e-07 1.032085582622262842e-06 9.999999999999999547e-07 2.636942663526375638e-04 1.055894152115147870e-06 1.643932557744250252e-06 1.000000014942897177e-06 1.000151647956741936e-06 1.651756822701625296e-04 1.000346353339095545e-06 5.587421486441189163e-04 3.464195810911583269e-06 7.938176863847906661e-02 1.000000000000024095e-06 1.000050538558293078e-06 9.652423171201298183e-03 1.115600932946151253e-05 1.000000004689928634e-06 1.000000000000084235e-06 3.330637345135673690e-06 1.037873930738587996e-01 2.802839123736740323e-02 1.012916910531831667e-06 1.174831005324568031e-04 3.597626917525893406e-03 1.000027211144774113e-06 5.440605993948585163e-03 1.213783109858473375e-01 1.000000000061294859e-06 1.305269873626769411e-03 3.785411009690177464e-02 8.657034488581825254e-03 9.999999999999999547e-07 1.008415400474454353e-04 9.999999999999999547e-07 2.024398373090813947e-04 1.000000000000001225e-06 8.389624042302812280e-05 2.437628015967333148e-04 1.002295810564540223e-06 1.120474212346105129e-04 2.453245990042057131e-06 9.999999999999999547e-07 2.216930735382590875e-02 8.705585174818032679e-02 1.000000000000035530e-06 1.000000000000946302e-06 8.206429394160449616e-04 8.764587445532786777e-03 1.647299431312671835e-05 1.443463722144196085e-04 1.000000006436075196e-06 9.999999999999999547e-07 1.012273382086441443e-06 1.956771773357212049e-06 1.975457386799421837e-06 1.999914997443131073e-02 3.729532076786611777e-02 4.140567302315018017e-02 9.999999999999999547e-07 5.018184076992886211e-03 2.268158509525012931e-06 9.999999999999999547e-07 1.361978744050178040e-02 1.893520132086623259e-04 1.000000210614481827e-06 9.999999999999999547e-07 1.000000000000001225e-06 1.000692119676592031e-06 2.145542969039678278e-05 9.692660452414175861e-04 3.033066112071645861e-03 7.436234737009189688e-03 2.580532949906163675e-03 2.447086843786903856e-03 3.195705811696118704e-04 9.999999999999999547e-07 1.038373263169117306e-06 6.091346597044106949e-03 2.527077174356822352e-03 1.000000651023270417e-06 1.646162354019588281e-04 1.000000000000000167e-06 2.405629443368414766e-05 4.152412154616301498e-04 3.817380438987541535e-02
7.627878295862337977e-06 3.199473661965192978e-02 6.243496545401685908e-03 7.970479699228688554e-05 2.138748458648229335e-05 1.533638035824807513e-04 1.000008804366083956e-06 1.000120897880284770e-06 5.286369357170249070e-03 1.000134286650433668e-06 9.999999999999999547e-07 1.000000000769839401e-06 5.918801565442400594e-04 1.000000000919371422e-06 9.999999999999999547e-07 9.999999999999999547e-07 1.307103351575536693e-03 1.006816600712463460e-06 4.296003568310552412e-02 2.184706457029251904e-05 1.020356042882797221e-06 4.941420233248961999e-04 2.272113253959959916e-02 6.948363139491519128e-05 1.000000000104799106e-06 1.000025765605059277e-06 2.922191427774745546e-06 9.999999999999999547e-07 8.294684881119339902e-04 7.742592316719583995e-06 9.999999999999999547e-07 1.103488316909115032e-06 9.999999999999999547e-07 1.461503668256119884e-05 9.999999999999999547e-07 1.101733640957886992e-02 4.387286637991600485e-02 9.999999999999999547e-07 1.126256745864855182e-06 4.674144658902050980e-05 4.675687693923543525e-02 1.216277438836198786e-02 2.401632399237876511e-02 1.177140111123130446e-02 7.032443068716417089e-04 9.317654104691128355e-05 6.462984991204394347e-03 2.789210868848831398e-05 8.772022551424987031e-04 9.999999999999999547e-07 2.682033730777942237e-05 9.999999999999999547e-07 2.613578444927284238e-06 1.000000000000211501e-06 2.296198998821199903e-05 2.327464135294247998e-06 2.138110245648263658e-05 1.000001235752904599e-06 1.000040402228306484e-06 1.080587507277231925e-04 1.001824855265083768e-06 8.878730256514117281e-04 3.590679461172428081e-06 1.020347703584318644e-01 1.000000000013956940e-06 1.016505667779408212e-06 5.851665257831126926e-03 4.045283322971418024e-05 1.000157143101733782e-06 9.999999999999999547e-07 3.873421463472261864e-05 9.298824027487005706e-02 2.141380417377616516e-02 1.227865625729566690e-06 1.585681519372753598e-04 8.289243030832275927e-03 1.000001648339321826e-06 6.951484891108764864e-03 1.131049800024709062e-01 1.000000436765613018e-06 2.835502394797187291e-03 6.403535344917474226e-02 1.102128765427470326e-02 9.999999999999999547e-07 2.412147611824527738e-04 9.999999999999999547e-07 4.665664599432033338e-04 1.000000000000208537e-06 7.824794528221555188e-05 6.591926506409605561e-04 1.093290089882825512e-06 2.507852045501869067e-04 1.165217119172319271e-05 9.999999999999999547e-07 2.227910959369202443e-02 7.273021748480862358e-02 1.000000000023934776e-06 1.000000000476658005e-06 8.946657839346839865e-04 1.063170527802952126e-02 3.304698141322536068e-05 4.784067081428228230e-04 1.000002900137318327e-06 9.999999999999999547e-07 1.154499639597848119e-06 1.423886342573569041e-06 1.105984887443698728e-06 3.473709829112062164e-02 2.421572674843186501e-02 4.772597667217143291e-02 9.999999999999999547e-07 4.605033698664827077e-03 2.156232478785019198e-06 9.999999999999999547e-07 1.372532094940200412e-02 1.438121940468747308e-04 1.001182995336083914e-06 9.999999999999999547e-07 1.000000000007498526e-06 1.011268317952373682e-06 5.151261256671102364e-05 9.042159815837639116e-04 3.044432891419031166e-03 5.716325461790748401e-03 4.629043813000744204e-03 4.207493701627209107e-03 8.079489959985694915e-04 1.000000000088938626e-06 1.583257606449640136e-05 7.274939818718700706e-03 3.351449762595331769e-03 1.000002024728767340e-06 8.630310413488733248e-04 1.000000000000000378e-06 7.141239368963545715e-05 1.201734387215378343e-03 3.357780330145403169e-02
1.997156200226558924e-06 3.337549387753294128e-02 6.426005600442775620e-03 8.338746839852059225e-05 1.543130114662690739e-05 1.492808414175488430e-04 1.001302202857780942e-06 1.000012388749331508e-06 8.179220005243086414e-03 1.000701776046010927e-06 9.999999999999999547e-07 1.000228814286060910e-06 6.791335432241218852e-04 1.000000000055110036e-06 9.999999999999999547e-07 9.999999999999999547e-07 2.717418792352181353e-03 1.003274696902620647e-06 3.794651018529450470e-02 9.650383910756140637e-06 1.034415260712847978e-06 4.237667284027479028e-04 2.532413984658821171e-02 4.932172683401498281e-05 1.000001476122847109e-06 1.000132582936615991e-06 1.247444793230982365e-06 9.999999999999999547e-07 1.354232984688392158e-03 2.400566980897413886e-05 9.999999999999999547e-07 1.000000000076146099e-06 9.999999999999999547e-07 3.942175668579764792e-06 1.000000001569619345e-06 1.200885504907098569e-02 4.952370284857603860e-02 9.999999999999999547e-07 1.522644044094506152e-06 8.707721206818293678e-06 5.219777771488046808e-02 1.182700923827756205e-02 2.708830696693569420e-02 1.445576301242498633e-02 3.944194047690891426e-04 1.313841493276471319e-04 5.170999450675850713e-03 1.291370578812112820e-05 1.089170921413209168e-03 9.999999999999999547e-07 1.878415523117181089e-05 9.999999999999999547e-07 1.092769571661587355e-06 9.999999999999999547e-07 1.266295250597481518e-05 1.114001445115475046e-06 2.344359407531387748e-05 1.000000014820852223e-06 1.000003614078334813e-06 1.377507743104471819e-04 1.001378623674290231e-06 1.515211344981532088e-03 2.329708197595610754e-05 8.415663124322635136e-02 1.000000000000044847e-06 1.002281781983224199e-06 6.009291895210142932e-03 2.603419947007088109e-05 1.000000030732600342e-06 1.000000000000287311e-06 3.725842470122350603e-06 9.750152519962668185e-02 2.601766920396353377e-02 1.008215733141701562e-06 1.707739266411192913e-04 6.751548895035862710e-03 1.000160122715737278e-06 6.399781369035639940e-03 1.088614565124287337e-01 1.000000002122469703e-06 3.082518874413048716e-03 5.733335093031893120e-02 6.208655306561231685e-03 9.999999999999999547e-07 3.479649229060128202e-04 9.999999999999999547e-07 4.127807322432300416e-04 1.000000000000011178e-06 1.853959880445944742e-04 6.774656108914813143e-04 1.000157759565009252e-06 3.726012561711056692e-04 1.517691643262403523e-05 9.999999999999999547e-07 2.260646528776381892e-02 7.585453230835971505e-02 1.000000000000037648e-06 1.000000000001070816e-06 1.275909483881479357e-03 1.156997194274152034e-02 2.361742339706474411e-05 1.756745230642451413e-04 1.000137015628631728e-06 9.999999999999999547e-07 1.009461015619940413e-06 6.826092061248859955e-05 1.251462438508198077e-06 2.891742056476409931e-02 2.334545249147289281e-02 5.134608370200401811e-02 9.999999999999999547e-07 6.775375412413775153e-03 1.321757310887128874e-06 9.999999999999999547e-07 1.430144544684658001e-02 5.340328712880161675e-04 1.000082290583560690e-06 9.999999999999999547e-07 1.000000000321339691e-06 1.008592288023400710e-06 3.005295802125432689e-05 1.146582871008508748e-03 2.989992137784333766e-03 6.154988027918899957e-03 4.503941917418597708e-03 4.501355059271798693e-03 3.687556082150789030e-04 1.000000000000015413e-06 1.273444762669363038e-06 7.007306208161825922e-03 3.130044635328474087e-03 1.000036220080841724e-06 7.215696011610827493e-04 9.999999999999999547e-07 7.901538918906137810e-05 1.081252518609068227e-03 3.463155939055128502e-02
2.486629682691708212e-06 2.577155856420587990e-02 5.977915675439493710e-03 7.156899761593791436e-05 2.824155990767296290e-05 1.194933038704633403e-04 1.000000417462367637e-06 1.000104962958925539e-06 7.220891983611052965e-03 1.001208742493302664e-06 9.999999999999999547e-07 1.000015382210977545e-06 3.882243534208953072e-04 1.000000000048394123e-06 9.999999999999999547e-07 9.999999999999999547e-07 1.233392221072252557e-03 3.430903667892499464e-06 4.782732868667659287e-02 9.798093570404579799e-06 1.016962682710882258e-06 6.023140123148517820e-04 2.970301522219143814e-02 8.869015631749877350e-05 1.000000000181339544e-06 1.000005404063932217e-06 1.373230075951125438e-06 9.999999999999999547e-07 6.512399575327930358e-04 8.828913493840374424e-06 9.999999999999999547e-07 1.000000002569617761e-06 9.999999999999999547e-07 3.353159875509451103e-06 1.000000000001339961e-06 1.889139257465169766e-02 4.498522010712435043e-02 9.999999999999999547e-07 1.637585387974679367e-06 4.635150466217994214e-05 4.831702405501685921e-02 9.958393389858790495e-03 2.102320915339304583e-02 1.687158669030653507e-02 1.073365398804923499e-03 1.426014360927299466e-04 7.352311246291440630e-03 1.419431372876954258e-05 9.139816765267408947e-04 9.999999999999999547e-07 2.315958885736326095e-05 9.999999999999999547e-07 1.881362921088909114e-05 1.000000000000060518e-06 1.175494612483581476e-05 1.203660843496720403e-06 1.041424844820583721e-06 1.000000327910914243e-06 1.000192711173784796e-06 3.394162509198740078e-04 1.005191534953559327e-06 1.122107223423259069e-03 2.508558140810609883e-06 1.024959180081753407e-01 1.000000006249665691e-06 1.001661424578503295e-06 4.659947179420278335e-03 7.472604520739535192e-05 1.000000058420207281e-06 1.000000000000000802e-06 1.439824447381231341e-06 9.079963118166008151e-02 1.902093505133156323e-02 1.023449900662045164e-06 1.340171886973318225e-04 9.662908832806380716e-03 1.000000519530590369e-06 6.741255866502177119e-03 1.085130753239844231e-01 1.000000000071937828e-06 3.001955934032472188e-03 5.961236920556357843e-02 9.714566385513406788e-03 9.999999999999999547e-07 2.469100206459440261e-04 9.999999999999999547e-07 3.949198060376552725e-04 1.000000000000001225e-06 3.439342417929399222e-05 4.633799069820769361e-04 1.017393499148650491e-06 8.140896222098812653e-05 4.186151319428221696e-06 9.999999999999999547e-07 2.599094063826610720e-02 6.871026439168444189e-02 1.000000000000000378e-06 1.000000156908664644e-06 8.092766468941765129e-04 1.237148234880056444e-02 2.514949037275079365e-05 2.545168343156597318e-04 1.000497460668436781e-06 9.999999999999999547e-07 1.216627153500429664e-06 1.658688721290686201e-06 1.177397952785686087e-06 3.576813866929079433e-02 2.175456392553987497e-02 4.465645611822984667e-02 9.999999999999999547e-07 5.613263619624095369e-03 2.831718332322738967e-06 9.999999999999999547e-07 1.201996006591413667e-02 2.632922210429619147e-04 1.000038971640437561e-06 9.999999999999999547e-07 1.000000000023981787e-06 1.031039129567443376e-06 4.318557001720265635e-05 9.652729186654879570e-04 2.512086893511602994e-03 4.935757475269417389e-03 6.118518086240551900e-03 4.640101667690478202e-03 8.081805758100408469e-04 9.999999999999999547e-07 1.369801759527513828e-06 4.630532414892110822e-03 2.389456349445238676e-03 1.000113074491338991e-06 2.770504215168600299e-04 9.999999999999999547e-07 8.366924580742221540e-05 1.169491275770179846e-03 3.678767568761635853e-02
5.676332769649937638e-06 4.082581214340842701e-02 8.125390915206077286e-03 3.068566351704932324e-05 1.893407878806181756e-05 4.265923533375688909e-04 1.000000512125284761e-06 1.000209983192872657e-06 3.450141917370139373e-03 1.000067894706053172e-06 9.999999999999999547e-07 1.000000952941886681e-06 8.212145500403760000e-04 1.000000000000003555e-06 9.999999999999999547e-07 9.999999999999999547e-07 1.347758754934904419e-03 1.011028489535290563e-06 2.899794066071742504e-02 3.251356805988878589e-05 1.000252950611528546e-06 5.464493241896498012e-04 2.084806771384528981e-02 7.809369252310847866e-05 1.000000000000266770e-06 1.000000003170089793e-06 1.182486908312566225e-06 9.999999999999999547e-07 1.231233421798922159e-03 5.360145973616226999e-06 9.999999999999999547e-07 1.005942854730860046e-06 9.999999999999999547e-07 8.435049194939966085e-06 1.000000000000002072e-06 7.819965882874637883e-03 6.564180245616724196e-02 9.999999999999999547e-07 1.250904407530391024e-06 5.680187531943551199e-05 6.336324761656163262e-02 9.062119702300187180e-03 2.066032932912531192e-02 8.405046960878031007e-03 3.284184758890333383e-04 2.812698081009728837e-05 2.972901292570519910e-03 3.690450125756631548e-05 4.354044115654559987e-04 9.999999999999999547e-07 6.432205932323055756e-06 9.999999999999999547e-07 2.233147312899637281e-05 1.000000000664362200e-06 5.075596461106150090e-06 1.830339059655786875e-06 6.249663069898914809e-06 1.000000000295084634e-06 1.000107892000339452e-06 2.184640419566270027e-04 1.000026457746966487e-06 6.007950332920694017e-04 4.045364096115409553e-06 9.111385822998208095e-02 1.000000000000033413e-06 1.117340971258747972e-06 6.008474822373936937e-03 1.738058291278659877e-05 1.000000035215324433e-06 9.999999999999999547e-07 4.564920126186561194e-06 1.141629887008237670e-01 3.290360354200948245e-02 1.000197935698291629e-06 1.719867120196617665e-04 4.044446265730661585e-03 1.000049416908133309e-06 5.166460221418686660e-03 1.304382172928031103e-01 1.000000002129978015e-06 1.553145350886284571e-03 4.800427729308363173e-02 5.832316402268970454e-03 9.999999999999999547e-07 2.740298642320213572e-04 9.999999999999999547e-07 1.734280360109080891e-04 9.999999999999999547e-07 1.017435204921786048e-04 4.605328494071686128e-04 1.000265841811052097e-06 1.364878164243314295e-04 4.676687535829518677e-06 9.999999999999999547e-07 1.836255432757864445e-02 8.245902258330960188e-02 1.000000000000184184e-06 1.000000000001736584e-06 1.080173112615165267e-03 8.574869789001463710e-03 1.705703094476964117e-05 2.603082098541043650e-04 1.000000014508287537e-06 9.999999999999999547e-07 1.031927422494231835e-06 1.003744387235233112e-06 1.134792092446206188e-06 2.024024396091603575e-02 2.555859423045403131e-02 4.128042922639185708e-02 9.999999999999999547e-07 4.769903311159222337e-03 1.252596021003614024e-06 9.999999999999999547e-07 1.543354928766240905e-02 2.209770869096326163e-04 1.000001710487904547e-06 9.999999999999999547e-07 1.000000000000005460e-06 1.010294363868292283e-06 2.124678408393705601e-05 7.921807292225225032e-04 2.730180764943608909e-03 5.403961961808907352e-03 2.318176969655150795e-03 3.220865502186156647e-03 5.626755163537643274e-04 1.000000000009188568e-06 1.116992803127731829e-06 3.669026494819154112e-03 1.807358081933429887e-03 1.000012060285340281e-06 3.947786396330701903e-05 9.999999999999999547e-07 2.563311193755713068e-05 1.424286718354744860e-04 3.403977354754128548e-02
6.389671003471601634e-06 3.020850002898553543e-02 7.490840967485746377e-03 6.327556430868581884e-05 4.863147513818547182e-05 2.840661460204527014e-04 1.000023838898041089e-06 1.000365063145190329e-06 1.918015717974727542e-03 1.000017793020982930e-06 9.999999999999999547e-07 1.000042146088311393e-06 6.038383111617195336e-04 9.999999999999999547e-07 9.999999999999999547e-07 9.999999999999999547e-07 2.232626071310384389e-03 1.006692273050200529e-06 2.911785790711708677e-02 1.114422858105409256e-05 1.012693334119927393e-06 5.314165614889852394e-04 2.560682163836640671e-02 8.639113645786504752e-05 1.000000000003115765e-06 1.000006754564818824e-06 2.147576297689650287e-06 9.999999999999999547e-07 1.273001634627121421e-03 5.420908414350928587e-06 9.999999999999999547e-07 1.000000000569677893e-06 9.999999999999999547e-07 2.071362542493505331e-05 1.000000000000241783e-06 4.964764675467310540e-03 6.629038951593478612e-02 9.999999999999999547e-07 1.482042574083507306e-06 1.197076703525244777e-05 7.245152436694832221e-02 7.693506211033940452e-03 2.787116119546834483e-02 1.159762658574361831e-02 3.049476653610696999e-04 3.658451544607875083e-05 4.265530860666525044e-03 8.733399460870129257e-05 3.975218735896889955e-04 9.999999999999999547e-07 1.655931357221820808e-05 9.999999999999999547e-07 2.570916149750761566e-06 1.000000000071296200e-06 1.273838353823089449e-05 3.663607511611652436e-06 1.015833287160997270e-06 1.000000060945136264e-06 1.000000611008954145e-06 1.752053736777527495e-04 1.001170820325532835e-06 7.138411094969735523e-04 9.647540034310582121e-06 8.710882490745899820e-02 1.000000000015329981e-06 1.036095652250897959e-06 5.898066198035847689e-03 1.760777066412788725e-05 1.000000001516175801e-06 9.999999999999999547e-07 1.146955854791206891e-05 1.029872806237179805e-01 2.598994434064295575e-02 1.011446355868039874e-06 8.336774856033183332e-05 5.856207693831764170e-03 1.000442648945405131e-06 5.000832985743898160e-03 1.207615870539233277e-01 1.000000002212269383e-06 1.435236004790084886e-03 4.637407805630922725e-02 7.416589224609639389e-03 9.999999999999999547e-07 2.744946836324747581e-04 9.999999999999999547e-07 5.220558311105906154e-04 1.000000000000000167e-06 8.948648994545595420e-05 6.347194022465565445e-04 1.000005167513138023e-06 2.305982303758086704e-04 2.406799319948811311e-06 9.999999999999999547e-07 2.136250827875581237e-02 8.444157257156613416e-02 9.999999999999999547e-07 1.000000000000014990e-06 1.302446385402206315e-03 8.945483665992660927e-03 2.568938044795961544e-05 6.352232906713082845e-04 1.000000000162731289e-06 9.999999999999999547e-07 1.015879139659428823e-06 1.426882720246644312e-05 1.310785871578418793e-06 1.960251244200619802e-02 2.847913011367573383e-02 4.529433950184096752e-02 9.999999999999999547e-07 6.963448998810299780e-03 1.748788428923579996e-06 9.999999999999999547e-07 1.275215482027356254e-02 8.474990485685095774e-05 1.000002992075934606e-06 9.999999999999999547e-07 1.000000000000807812e-06 1.000639932283565677e-06 2.513161339714456763e-05 1.098739051973694715e-03 2.777838544861915490e-03 6.335128276978769547e-03 2.201070036402380092e-03 2.974065612341863975e-03 3.317399605264615943e-04 1.000000000279257400e-06 1.116753397199776617e-06 6.181876316442466192e-03 1.937808968393419339e-03 1.000002311538965979e-06 1.614320222785861571e-04 9.999999999999999547e-07 6.256080062710654721e-05 2.515368395584707166e-04 3.872474279934063485e-02
7.816900003783207931e-06 3.609115774461348070e-02 1.319861436343279341e-02 3.378419742669388327e-05 2.210200845336592962e-05 1.356712884981245285e-04 1.000065644282219158e-06 1.000015807077794273e-06 4.120137283392891897e-03 1.000352143446045352e-06 9.999999999999999547e-07 1.000001158367250325e-06 1.195519640810487495e-03 1.000000000000000378e-06 9.999999999999999547e-07 9.999999999999999547e-07 1.789260804289387026e-03 1.001765735193530713e-06 2.725693693721504413e-02 1.682568342397078553e-05 1.003106351236890166e-06 7.623256665535890200e-04 2.663251945626869330e-02 1.051789189731809604e-04 1.000000000000085082e-06 1.000024639215790190e-06 5.526823213544017494e-06 9.999999999999999547e-07 2.370922021835740381e-03 6.728139685154945907e-06 1.000000000001289774e-06 1.000000000000000378e-06 9.999999999999999547e-07 3.520381005574480424e-06 1.000000000003721606e-06 5.951212340806024889e-03 6.160221047578953724e-02 9.999999999999999547e-07 1.028089779406499617e-06 7.078096584505937374e-06 7.169409721829968218e-02 8.331429879822103632e-03 2.567018074990388282e-02 8.564688554024573602e-03 2.358488207535947630e-04 2.034446051380871742e-05 2.998321309319288037e-03 2.761380507391731284e-05 8.816268566004685546e-04 9.999999999999999547e-07 6.911939741960151556e-06 1.000000000000100752e-06 1.002159014922279429e-06 1.000000011110694601e-06 1.104483412965697245e-05 2.665242080321396153e-06 1.965922364988771540e-06 1.000000000365154588e-06 1.000009689219706638e-06 3.564199437145859324e-04 1.000122354851552875e-06 6.475523792337984676e-04 2.019480823832557129e-05 8.318358551267363010e-02 1.000000000001361560e-06 1.000179738681820815e-06 1.131595014231124782e-02 4.339967057407965827e-05 1.000000109676436097e-06 9.999999999999999547e-07 2.399928787524181275e-06 9.537897731214303731e-02 2.966570843295133000e-02 1.007504776321001614e-06 5.695382091577780054e-05 4.071799628430628794e-03 1.000122565610259682e-06 6.631806992239584406e-03 1.221706405097532228e-01 1.000000056711915468e-06 1.304372399066117865e-03 4.144064828715954274e-02 6.666536623253740967e-03 9.999999999999999547e-07 1.137251433813415351e-04 9.999999999999999547e-07 2.141347134483507922e-04 1.000000000000000167e-06 6.227821811758633215e-05 4.966425398673668954e-04 1.000017571646592401e-06 3.550883631019559859e-04 1.723927874981105368e-06 9.999999999999999547e-07 2.083147098963800473e-02 8.249641579977287642e-02 1.000000115140276757e-06 1.000000000000885316e-06 1.367904056359145947e-03 7.740493752515401754e-03 1.104242012471356538e-04 1.832730907968636446e-04 1.000000570421604413e-06 9.999999999999999547e-07 1.056472144977351433e-06 6.467650840053913970e-06 1.075391261649156508e-05 1.920294598553130491e-02 4.674435429261174224e-02 3.546668039169239423e-02 9.999999999999999547e-07 5.025309037426446863e-03 2.261374781085034866e-06 9.999999999999999547e-07 1.487896365469878329e-02 1.479354749693342615e-04 1.000000114150370739e-06 9.999999999999999547e-07 1.000000000000042306e-06 1.001126155859831768e-06 1.941254210722712640e-05 1.281125986910460835e-03 3.663167285183750038e-03 1.036889344842493142e-02 2.394365908928943257e-03 4.112242657621630222e-03 2.543136535057267359e-04 1.000000000000005672e-06 1.004730633603943112e-06 3.675560935140088220e-03 1.674817708057563205e-03 1.000002748309287487e-06 4.117187124925229791e-05 9.999999999999999547e-07 1.526897640901725843e-05 3.363336016750198857e-04 3.406923782751798691e-02
7.685278372582677171e-06 2.152667974821388316e-02 1.308676466035683071e-02 3.718991467917514003e-05 1.232355920275063864e-04 2.129706066799250358e-04 1.000002627684510255e-06 1.000022661945937909e-06 4.011741942938072333e-03 1.000005050428721977e-06 9.999999999999999547e-07 1.000000000534624916e-06 4.306183376583259579e-04 1.000000000000002284e-06 9.999999999999999547e-07 9.999999999999999547e-07 1.018909543329229398e-03 1.000258636039664925e-06 2.730661902814245784e-02 2.881149015347049414e-05 1.001926238365604604e-06 4.799631308082119986e-04 3.184736012084010692e-02 1.604634912366146031e-04 1.000000000000027483e-06 1.000000193090342966e-06 1.073679482724527303e-06 9.999999999999999547e-07 2.359436572968292949e-03 4.635931345621519362e-06 9.999999999999999547e-07 1.000000308807736773e-06 9.999999999999999547e-07 3.702076992190741723e-06 1.000000000000001225e-06 5.225724470960380237e-03 6.472566592405744335e-02 9.999999999999999547e-07 1.063601285759760361e-06 3.682050303428653756e-05 7.535322179175142632e-02 4.818182741812469805e-03 2.310953556436960710e-02 1.169336549561579043e-02 2.654392944763255577e-04 3.668212475402656599e-05 4.164178665302019355e-03 5.614694081981302731e-05 5.201158460782704090e-04 9.999999999999999547e-07 6.660613410020660363e-06 9.999999999999999547e-07 1.021177210069425977e-06 9.999999999999999547e-07 1.762533876169387239e-05 1.714662535863137810e-06 3.343969276819177865e-06 1.000000001726974138e-06 1.000001279020415018e-06 4.299061934767598684e-04 1.000020125568498028e-06 3.145092763777032011e-04 3.619562462347714255e-06 7.851651832544302712e-02 1.000000000000003131e-06 1.001101423932123983e-06 8.300542014002376678e-03 2.060582496549449017e-05 1.000000000053839910e-06 9.999999999999999547e-07 5.340990500659450762e-06 1.014296744139237677e-01 1.883860079550595326e-02 1.133996096678192483e-06 1.200881537943408078e-04 3.494888530929736187e-03 1.000000305032193925e-06 6.924147485400757203e-03 1.232766693599230551e-01 1.000000041043847717e-06 9.227113337437549585e-04 3.976627691330614917e-02 6.383029389250824415e-03 9.999999999999999547e-07 4.058812775299987371e-04 9.999999999999999547e-07 1.909635777329587167e-04 9.999999999999999547e-07 3.893605267097049164e-05 4.625024610006368050e-04 1.120565130707498507e-06 9.672227943030066184e-05 3.513018534509701834e-06 9.999999999999999547e-07 2.573587902625955326e-02 8.796820707355182400e-02 1.000000000000030871e-06 1.000001744591956739e-06 6.296772451089682060e-04 9.917283780705044710e-03 8.879469511430943584e-06 2.122489533283724119e-04 1.000159006651060782e-06 9.999999999999999547e-07 1.002448442916439137e-06 3.855256004501063767e-05 1.655165729525236166e-06 2.063984226150142320e-02 4.642171897548365983e-02 4.171960886189103601e-02 9.999999999999999547e-07 6.530458685957309453e-03 1.178472594242800224e-06 9.999999999999999547e-07 9.114924020134087049e-03 7.178667650503614691e-05 1.000000395957075456e-06 9.999999999999999547e-07 1.000000000002189535e-06 1.001621122242963604e-06 1.363468677439882861e-05 1.014902567108175559e-03 3.499701412321681599e-03 1.266637750691265892e-02 2.381308154957601821e-03 2.133926550372270293e-03 3.760089285732440083e-04 1.000000000001244246e-06 1.157291741554454345e-06 5.562535577922188799e-03 2.053874520366729111e-03 1.000009559234121396e-06 1.074772584586745482e-04 1.000000000000003766e-06 1.876721540123818221e-05 4.720193457817970840e-04 3.814312851296562668e-02
4.046207299035744594e-06 2.819068107020178751e-02 1.052382065240883846e-02 3.361814688047836341e-05 4.091171526061488208e-04 2.427124114126877883e-04 1.000826122072806410e-06 1.000000519046019126e-06 3.775406612528552433e-03 1.000026606162211162e-06 9.999999999999999547e-07 1.000037548079837937e-06 5.825660324830828117e-04 1.000000000000013507e-06 9.999999999999999547e-07 9.999999999999999547e-07 7.820252584877727389e-04 1.000138242314928104e-06 2.966969326295938736e-02 5.446999904314439822e-05 1.015472528686059562e-06 5.289512582055813173e-04 2.837285036370477964e-02 1.315500352300856665e-04 1.000000000017527608e-06 1.000000020006841301e-06 4.620063391486921871e-06 9.999999999999999547e-07 1.564866551465233764e-03 4.052522561151853261e-06 9.999999999999999547e-07 1.000710391701551764e-06 9.999999999999999547e-07 4.170328970201508679e-06 1.000000000001948978e-06 7.443954779966069184e-03 6.998411615497553140e-02 9.999999999999999547e-07 1.612085587746822078e-06 3.076736426095165499e-05 7.304624621500520332e-02 5.727879872643671690e-03 2.664854627132745221e-02 1.223548605803879107e-02 2.869551262907671569e-04 8.165585955725386850e-05 3.892489551504905391e-03 7.454470593100817144e-05 6.369475144764639388e-04 9.999999999999999547e-07 8.103925014954065651e-06 9.999999999999999547e-07 1.040323302107675518e-06 9.999999999999999547e-07 2.168202628790643564e-05 2.603453190337115262e-06 1.001531665097086758e-06 1.000000001941130537e-06 1.019849886260900839e-06 4.060852709172518339e-04 1.000359746482326895e-06 6.644809224235363786e-04 1.568319346178076780e-06 8.352086945823680719e-02 1.000000000000044424e-06 1.000000113557821218e-06 8.007907876449591594e-03 1.223255219490957321e-05 1.000000660612333901e-06 1.000000000006819417e-06 1.827286847945051067e-06 1.019567431969535115e-01 2.517796231915159916e-02 1.006405617440271797e-06 6.733555481516053439e-05 4.136950672599527638e-03 1.000000133431192618e-06 5.026177222867390069e-03 1.225066457008885251e-01 1.000000000024970486e-06 1.072975646283659068e-03 3.932673916513074880e-02 6.633961227776151090e-03 9.999999999999999547e-07 2.929270939882626574e-04 9.999999999999999547e-07 1.985870651186156740e-04 9.999999999999999547e-07 7.155576725807558396e-05 4.089699825031638627e-04 1.000021113127013005e-06 3.655999770263028870e-04 1.010530637261679952e-05 9.999999999999999547e-07 2.427712356487440534e-02 8.350699300280516046e-02 1.000000000001806888e-06 1.000000000057875810e-06 9.137538973867226615e-04 1.028363097233984773e-02 9.328300149644379172e-06 8.535583306580916485e-05 1.000000153415932968e-06 9.999999999999999547e-07 1.013100149909003675e-06 1.009768786650478223e-06 1.947045940293754443e-05 1.702606125361278214e-02 3.645822608521251396e-02 4.160231914537766695e-02 9.999999999999999547e-07 4.312689011278967970e-03 1.090609375920231846e-06 9.999999999999999547e-07 1.215273860355977481e-02 4.391658945768675939e-04 1.000000659897053329e-06 9.999999999999999547e-07 1.000000000000004613e-06 1.004486828771461037e-06 1.401437410571525114e-05 1.750148740842124174e-03 2.336462469410326669e-03 7.586756896810958016e-03 2.381454626472657467e-03 3.833229058597163209e-03 3.145090600384003380e-04 9.999999999999999547e-07 2.458861541857204557e-06 5.514484664068285656e-03 9.858595781103501269e-04 1.000006271715704027e-06 1.102198174206107012e-04 9.999999999999999547e-07 1.339841132067721290e-05 6.247556853925058298e-04 3.865717157673283916e-02
1.242157454447156419e-04 2.900776494458898180e-02 8.447981296113703242e-03 6.425960786658201670e-05 2.118690933562247694e-04 2.704652752234780748e-04 1.000008397900521411e-06 1.000004800638655645e-06 4.745001325263464159e-03 1.010259809998856500e-06 9.999999999999999547e-07 1.000025731886351172e-06 9.149850509231778877e-04 1.000000000000017742e-06 9.999999999999999547e-07 9.999999999999999547e-07 2.758102033481441701e-03 1.095899008135555091e-06 2.876512079201766492e-02 5.007478419158033140e-06 1.038925998771671567e-06 9.157798063926697900e-04 2.542072944525674075e-02 6.793351122795862227e-05 1.000000000000014778e-06 1.000084224290185986e-06 5.799780770160751029e-06 9.999999999999999547e-07 1.819297142647041850e-03 6.054819307860130490e-06 1.000000000000018589e-06 1.000000016799675983e-06 9.999999999999999547e-07 1.565710889029511585e-05 1.000000000000223783e-06 7.169773127267610457e-03 5.991534605073250974e-02 9.999999999999999547e-07 1.231712696475580937e-06 7.701825980459167569e-06 6.723506936136193490e-02 8.229223627944898256e-03 2.202348556201850355e-02 9.741331967477714904e-03 4.188954372807990475e-04 4.082586377461799014e-05 4.778098360248529512e-03 8.136084748532733813e-06 9.221827148984108836e-04 9.999999999999999547e-07 9.502863721053439420e-06 9.999999999999999547e-07 2.091824451476861655e-06 1.000000000082147328e-06 1.463379380269958050e-04 7.512523757234823113e-06 3.781551328958146706e-06 1.000000000016502274e-06 1.000016016181776478e-06 4.153342486001748474e-04 1.006528739775260437e-06 7.865381734912424601e-04 1.239204479385742802e-05 9.203946420226175040e-02 1.000000000000029177e-06 1.000233904597157729e-06 8.476872693380294033e-03 1.727249941432311512e-05 1.000000200898814446e-06 9.999999999999999547e-07 3.361759291852928691e-06 1.020395329916704980e-01 2.614907367344556158e-02 1.001786151687662361e-06 1.333682906193078084e-04 6.258298169316685484e-03 1.000023841986690192e-06 5.243302138772009541e-03 1.216444688626010934e-01 1.000000008414184060e-06 1.494394335194530786e-03 4.969943581214516376e-02 8.145623905969562664e-03 9.999999999999999547e-07 1.270446589625667897e-04 9.999999999999999547e-07 1.664255801531456505e-04 9.999999999999999547e-07 5.250356116814989399e-05 5.712988831326542769e-04 1.036998472529764843e-06 7.886048079253561336e-05 2.265762433084816763e-06 9.999999999999999547e-07 2.221766319610785773e-02 8.123277159684741400e-02 1.000000000007412128e-06 1.000000000000521727e-06 1.283000924482310869e-03 1.009102112840513585e-02 3.394552242013041776e-05 1.546777964006779723e-04 1.001501548346372490e-06 9.999999999999999547e-07 1.194784807448755755e-06 1.024268232209932714e-06 1.985435328322638148e-06 2.123694672331024810e-02 3.688709506024512308e-02 3.942429699683602101e-02 9.999999999999999547e-07 5.122203349202702864e-03 1.152816001454253521e-06 9.999999999999999547e-07 1.290086358468211548e-02 5.490050992581492457e-05 1.000000734406497117e-06 9.999999999999999547e-07 1.000000000001442664e-06 1.006208288937237501e-06 2.348443783435062062e-05 1.179398514372402866e-03 4.350431749007553119e-03 8.537814812478831950e-03 3.690932817170185318e-03 3.097605143706764607e-03 6.450034305027026096e-04 1.000000006086108922e-06 1.031045442265485160e-06 4.496699031258818285e-03 1.755120613883367738e-03 1.000001437732287914e-06 2.530947816848090441e-04 1.000000000239832252e-06 2.918425590947298858e-05 6.434505574916989101e-04 3.295612122616344702e-02
1.717431644100142034e-06 3.205737831487917577e-02 8.063404694466386885e-03 4.195166596989400334e-05 1.656498850293638202e-05 5.048521092060441343e-04 1.000005434793656292e-06 1.030938781161988822e-06 3.826107703455988805e-03 1.000038879805011282e-06 9.999999999999999547e-07 1.000000403014085139e-06 6.571286691064435245e-04 1.000000000000001861e-06 9.999999999999999547e-07 9.999999999999999547e-07 1.729654876057373303e-03 1.006160593324987363e-06 2.729525000526799097e-02 2.131349869397953809e-05 1.005839246207626652e-06 5.649160839240003956e-04 2.423516035251796139e-02 3.132463738585705010e-04 1.000000000000267405e-06 1.000004739747931462e-06 2.990597387846327954e-06 9.999999999999999547e-07 8.295801165214745530e-04 5.571766346147926108e-06 9.999999999999999547e-07 1.000000162307807445e-06 9.999999999999999547e-07 6.370504920554459603e-06 1.000000000000009696e-06 6.743165039340013635e-03 6.416991482699428706e-02 9.999999999999999547e-07 1.478747646479991890e-05 6.363929372723791766e-05 6.271282276235237707e-02 1.162812764728918952e-02 2.819884204888395765e-02 1.101913033599841163e-02 4.310627562169460649e-04 3.768777067749260368e-04 4.824404340789321260e-03 2.950622519113504171e-05 7.470925537463983263e-04 9.999999999999999547e-07 3.516197538030273450e-06 9.999999999999999547e-07 1.294614068117188977e-06 1.000000000000001014e-06 3.677869615618262448e-06 2.321783617317714138e-06 1.001310032747303097e-06 1.000000004652292630e-06 1.000013502549297072e-06 1.384630803132556041e-04 1.006760682761421563e-06 3.718290611161020410e-04 1.349616948792601921e-05 8.409329435143905740e-02 1.000000000000026636e-06 1.000116587160937417e-06 8.476998116419805565e-03 6.197795755910012023e-05 1.000000000536095789e-06 9.999999999999999547e-07 2.489578571087483826e-06 1.028405678444571369e-01 2.803033425678458021e-02 1.001512975657935189e-06 6.979868369698619015e-05 5.447723672652153397e-03 1.000003733912041928e-06 5.392074155679046216e-03 1.157113510419531394e-01 1.000000000181772166e-06 2.543701579543856690e-03 5.405891088091466234e-02 9.083297266278990770e-03 9.999999999999999547e-07 3.733561435294688357e-04 9.999999999999999547e-07 1.112484039731061631e-04 1.000000000000448670e-06 7.671047437632336793e-05 2.958109562193458669e-04 1.027712872881156965e-06 6.594752809656656339e-04 8.124550008919263706e-06 9.999999999999999547e-07 2.246384403762379314e-02 8.018151455718985909e-02 1.000000000003032333e-06 1.000000000000009484e-06 1.075876703537216681e-03 1.081451308752893158e-02 1.457829499631976414e-05 2.057765829227247822e-04 1.000001575018890797e-06 9.999999999999999547e-07 1.207842704602041171e-06 2.664480358985070276e-05 1.256815670075541856e-06 2.035850929925940925e-02 2.662770930363935959e-02 4.670581233557760670e-02 9.999999999999999547e-07 4.569858778662656482e-03 1.067426698272548319e-06 9.999999999999999547e-07 1.561965417484120072e-02 3.541467664121407763e-05 1.000016006706030120e-06 9.999999999999999547e-07 1.000000000000013931e-06 1.006109268696454993e-06 3.534985523148943094e-05 8.592738517882859799e-04 4.641104774100313426e-03 6.213128332405474727e-03 2.366740624047736219e-03 3.988910433202135647e-03 3.230194004831539825e-04 1.000000000000018589e-06 1.571150816661623555e-06 5.746159731829501328e-03 2.128956017127138674e-03 1.000127991581221264e-06 8.173158259707307663e-05 9.999999999999999547e-07 3.042406628867802649e-05 6.463160206919910588e-04 3.531661202755716211e-02
4.556166776247648153e-06 3.355852560671066659e-02 6.885483260169666594e-03 2.172369393086148826e-05 1.584523191622615746e-05 2.282640392817604838e-04 1.000001038063009631e-06 1.000081203132786671e-06 5.316682914177867612e-03 1.000039954294197669e-06 9.999999999999999547e-07 1.000067219824825813e-06 4.914922042446558592e-04 1.000000000030768850e-06 9.999999999999999547e-07 9.999999999999999547e-07 7.787737055478369166e-04 1.131781607031635403e-06 3.109548358557125136e-02 2.230477145791304265e-05 1.000713926273311823e-06 2.693688762770997370e-04 3.058795046245404298e-02 6.259414862482951577e-05 1.000000000065466919e-06 1.000374350503654586e-06 1.074118468924739631e-06 9.999999999999999547e-07 4.960499518245062908e-04 2.147922831128089730e-06 1.000000000051577485e-06 1.000080117645329567e-06 9.999999999999999547e-07 2.093477181849965195e-05 1.000000000001285963e-06 7.918814811242503443e-03 5.972897800443045802e-02 9.999999999999999547e-07 2.476845860570542405e-06 4.424639524416295613e-05 6.351038786934908031e-02 1.105067827368236277e-02 2.672681879893910525e-02 1.221029969667384966e-02 4.924131800088314389e-04 5.436280028793903229e-05 4.429808092910759304e-03 1.388462908993388429e-05 5.465929935622742706e-04 9.999999999999999547e-07 8.243914763652200381e-06 9.999999999999999547e-07 1.276524752651029289e-06 1.009539923958500059e-06 3.308241874239799267e-06 1.034339823701681381e-06 1.046103268463370247e-06 1.000000042154454447e-06 1.000002716133936727e-06 3.431382700526246243e-04 1.002030874102229969e-06 4.603301395297736999e-04 9.717681419614678873e-06 9.292101297812387084e-02 1.000000000098157097e-06 1.000040854847832680e-06 8.023950490825420417e-03 1.811454336586872761e-05 1.000000001679170351e-06 1.000000000023202517e-06 4.379084343792449072e-06 9.447897427932587522e-02 2.848125486409650714e-02 1.008599605722201164e-06 1.153646143546764949e-04 5.309675716257403894e-03 1.001120076309812059e-06 4.812179034107819629e-03 1.131713675999330704e-01 1.000000006945795483e-06 1.942233829650030124e-03 5.011081797728800941e-02 7.417742067576078152e-03 9.999999999999999547e-07 2.327242046429710970e-04 9.999999999999999547e-07 2.943535916849895971e-04 9.999999999999999547e-07 3.654857821377207206e-05 7.569662331745706648e-04 1.053175678727959600e-06 5.119573088034887117e-05 1.957579571113157222e-05 9.999999999999999547e-07 2.752235586419876298e-02 7.662008300390556192e-02 1.000000000000000378e-06 1.000000000006162119e-06 1.285481255504556091e-03 1.115859123559405190e-02 2.287098330294350053e-05 2.585926004058951202e-04 1.000006672666882185e-06 9.999999999999999547e-07 1.001526352304912959e-06 2.054828405074710234e-06 2.342187429934331622e-05 2.249513419870942388e-02 2.857731278417513510e-02 4.287019962653713934e-02 9.999999999999999547e-07 7.296358055929944020e-03 1.055067138698544768e-06 9.999999999999999547e-07 1.541498544469926436e-02 9.124955539869478789e-05 1.000005550357555447e-06 9.999999999999999547e-07 1.000000000000168938e-06 1.003942919089750740e-06 2.319906547524152696e-05 7.826896066669113009e-04 3.002572414145230489e-03 5.731219817146075701e-03 3.168664543269060236e-03 4.124777397853736545e-03 2.637066643654345185e-04 1.000000212773933881e-06 1.058984494103010238e-06 4.826221862449674507e-03 2.324311446703788021e-03 1.000005830016067719e-06 2.672123037300380981e-04 9.999999999999999547e-07 5.783311365216473293e-05 7.585040880984487977e-04 3.549952492460409920e-02
2.510994294351614414e-06 3.017516158808505877e-02 7.969949992986917128e-03 5.304025118250348776e-05 7.058869799978825105e-04 3.986429240469752718e-04 1.000178669848516091e-06 1.000078768939209213e-06 4.106711582133108947e-03 1.000006578143430730e-06 9.999999999999999547e-07 1.000385869940177213e-06 6.355237855469635577e-04 1.000000000002711095e-06 9.999999999999999547e-07 9.999999999999999547e-07 7.050878522455649930e-04 1.002550257323096714e-06 2.923959206247608161e-02 1.907516292579393923e-05 1.000767598094874257e-06 8.858998069089674826e-04 2.650043126892961953e-02 5.830948975337220787e-04 1.000000000000243688e-06 1.000000008430629205e-06 1.815474194758373595e-06 9.999999999999999547e-07 1.626822168055171115e-03 1.308596590702358546e-05 1.000000000000000378e-06 1.000000004390702598e-06 9.999999999999999547e-07 6.532298109795800091e-06 1.000000000011940155e-06 6.776993595329617454e-03 6.342350833682726396e-02 9.999999999999999547e-07 3.829411871030337009e-06 4.031592190763753339e-05 6.570595964768992381e-02 7.791508833082722539e-03 2.660506923878022331e-02 1.141215929158540497e-02 3.290806765832062224e-04 2.681884219623735044e-04 3.070107932684343257e-03 4.908725304951732574e-06 5.682694991733895163e-04 9.999999999999999547e-07 7.300364224676017255e-06 9.999999999999999547e-07 1.012833407694609178e-06 9.999999999999999547e-07 4.539630156504796817e-05 2.165771907300164686e-06 1.069224645023529731e-06 1.000000000730563331e-06 1.000011387286298269e-06 2.236046124264779616e-04 1.001975502165554461e-06 2.533259170506802307e-04 2.467161938911635962e-05 9.127523389686795219e-02 1.000000000000007578e-06 1.000001237466397406e-06 9.435517478217511633e-03 2.231420453815879655e-05 1.000000007705064594e-06 1.000000000000999454e-06 1.809586211862180927e-06 1.017074210616994434e-01 2.538357013871385751e-02 1.002830785516513626e-06 1.065209879440905257e-04 3.947295834723169895e-03 1.000009133661539876e-06 5.527690328383703076e-03 1.251747222871091858e-01 1.000000002829207101e-06 1.480695462355817883e-03 4.758346533795448224e-02 6.591152161222350869e-03 9.999999999999999547e-07 8.060201755097183693e-05 9.999999999999999547e-07 1.851125690926892049e-04 9.999999999999999547e-07 4.490731065786894517e-05 5.854997270273114675e-04 1.229922917822956550e-06 1.522640355361683999e-04 2.146021550378272109e-06 9.999999999999999547e-07 2.344540388600425962e-02 8.142653813247352490e-02 1.000000000000023883e-06 1.000000000297011634e-06 8.722647378842574755e-04 9.881681254421579089e-03 3.398136639198579408e-05 8.201009739403104109e-05 1.000028570857785226e-06 9.999999999999999547e-07 1.029600788562054173e-06 1.029358693614393890e-06 6.036774415115101188e-06 2.055178490870700203e-02 3.081004981303666831e-02 4.451638952738432020e-02 9.999999999999999547e-07 6.894188635182585227e-03 1.026686517354109914e-06 9.999999999999999547e-07 1.095636747170158388e-02 8.396453687424200094e-05 1.000000700749832270e-06 9.999999999999999547e-07 1.000000000030794896e-06 1.000952925491645712e-06 1.449766315032582273e-05 1.504032951535720425e-03 2.797927597915865223e-03 8.023372417855218278e-03 2.310062234238823529e-03 2.890880222249077400e-03 1.167443872510732930e-03 1.000000000000018166e-06 1.026207325244994976e-06 4.324702853692478401e-03 2.014654109266324992e-03 1.000002557364647914e-06 1.794872900344131642e-04 1.000000000000004190e-06 2.496650493920107543e-05 3.036232782116995987e-04 3.549208462540376363e-02
3.670434907385086563e-05 2.803491339586489800e-02 8.021058095826445050e-03 9.353363114527132741e-05 3.882683704736390067e-05 2.066162550048354597e-04 1.000000029155231447e-06 1.014958299246215591e-06 3.713812116632564646e-03 1.000103149788881227e-06 9.999999999999999547e-07 1.000000001062359477e-06 8.699700025672039028e-04 1.000000000003871107e-06 9.999999999999999547e-07 9.999999999999999547e-07 6.798074080147912699e-04 1.002823922100947602e-06 3.455727514323186922e-02 1.365313007837556576e-05 1.244068417637651032e-06 6.857363460150735224e-04 2.458104972621913062e-02 5.403218890728407587e-05 1.000000000004465089e-06 1.000000190715179360e-06 4.440306874788045385e-06 9.999999999999999547e-07 1.969597236118501501e-03 1.143338584521274999e-05 9.999999999999999547e-07 1.000000186099219740e-06 9.999999999999999547e-07 2.853766775214190880e-06 1.000000000000032777e-06 6.343757384274614081e-03 5.923371933476254125e-02 9.999999999999999547e-07 1.087045465747731248e-06 1.277397457733317999e-05 6.349390357018284969e-02 7.016315289978119173e-03 2.683091209797203863e-02 1.001863962612954684e-02 2.259234775754036468e-04 6.281186877181119696e-05 4.063507294806396365e-03 3.057753823930831597e-05 8.070681548743883571e-04 9.999999999999999547e-07 1.490638367434908767e-05 9.999999999999999547e-07 1.012626067680863356e-06 9.999999999999999547e-07 2.199259300511753013e-05 1.225761355512977424e-06 5.715244536988608277e-06 1.043160390303146438e-06 1.000002241817465711e-06 3.014820705777030221e-04 1.003541453924787953e-06 4.823362224909793464e-04 8.138320255164908809e-06 7.930213479076914096e-02 1.000000000012694438e-06 1.884333015453121246e-06 8.200948634301534479e-03 2.733851647392117459e-05 1.000000002174487267e-06 1.000000000000000167e-06 1.876542654987966193e-06 1.133521944289018757e-01 2.067455114731125976e-02 1.001823939315007743e-06 1.450120043123139608e-04 5.566824219064367939e-03 1.000030466865409683e-06 5.454992528797484620e-03 1.246641097109841972e-01 1.000000016907329000e-06 1.380194337848772131e-03 4.680096727770588494e-02 7.340954307671482271e-03 9.999999999999999547e-07 2.092388260319552303e-04 9.999999999999999547e-07 2.854211798498921442e-04 9.999999999999999547e-07 5.978326932053460352e-05 5.277903690161301394e-04 1.005114983584052883e-06 7.153487488519485863e-05 2.413080919605286096e-06 9.999999999999999547e-07 2.106940253549305017e-02 8.685146715175669219e-02 1.000000000000032989e-06 1.000000000000395943e-06 1.067622641935434772e-03 8.992483749458476949e-03 3.436122661699226666e-05 3.814035925152577176e-04 1.009220396520611530e-06 9.999999999999999547e-07 1.060258379825614596e-06 1.343408793995037925e-06 7.978708321235956650e-06 2.471289955227774088e-02 3.159459777311362377e-02 4.862970791012694027e-02 9.999999999999999547e-07 5.814096779721844750e-03 1.244641240917939986e-06 9.999999999999999547e-07 1.081056801753574152e-02 1.459736164910001831e-04 1.000003904173249930e-06 9.999999999999999547e-07 1.000000000000047389e-06 1.003664163595961942e-06 1.897021288302108298e-05 8.973518297422505017e-04 2.270565767281153540e-03 7.951127545881493328e-03 2.704029047824708758e-03 2.784218908960130016e-03 8.828266227786937077e-04 1.000000000007698002e-06 3.523397111914476477e-06 5.886442574583228629e-03 2.784254984098027789e-03 1.000004472246571162e-06 2.385879972878072249e-04 1.000000000000008637e-06 2.475052740381711999e-05 1.060688671195056084e-03 3.584183824791033895e-02
2.824877546681168139e-06 2.755951668980220759e-02 1.142089391032900109e-02 2.385637717173909244e-05 1.623985491569300121e-04 2.597877437721036239e-04 1.000029291144395200e-06 1.035721243004492208e-06 3.835935166846723022e-03 1.005862993618955019e-06 9.999999999999999547e-07 1.018710314192185021e-06 5.993777320690067646e-04 1.000000000000178467e-06 9.999999999999999547e-07 9.999999999999999547e-07 3.225976560796662337e-03 1.001412930103974730e-06 2.708131020687063253e-02 7.496024779465265129e-06 1.004492578286360715e-06 7.811602592013988785e-04 2.591082621067095776e-02 3.344016567546678601e-05 1.000000000000003766e-06 1.000000375752572619e-06 2.673846297851209923e-06 9.999999999999999547e-07 1.770814776579446477e-03 2.867574578908764051e-06 1.000000000626502157e-06 1.000000000043673185e-06 9.999999999999999547e-07 4.450526562276850600e-06 1.000000001006291825e-06 6.365923486244140332e-03 6.796857838405702401e-02 9.999999999999999547e-07 1.164106992115105167e-06 1.118771267275140617e-05 7.175219986838167474e-02 7.326624649150456810e-03 2.385572966935878628e-02 1.083439238841303089e-02 2.264880027726638571e-04 2.003588024270274004e-05 3.916285566604400803e-03 5.233888493645625939e-05 8.577199040530945982e-04 9.999999999999999547e-07 6.567538900704636847e-06 9.999999999999999547e-07 1.018396331876563049e-06 1.000000000000001014e-06 1.842320983446364715e-05 4.344132229049391724e-06 3.990086473042488530e-06 1.000003869674817504e-06 1.000000491178159976e-06 2.216256917557930350e-04 1.000981341700176705e-06 5.582157735753598372e-04 4.603973393640493100e-06 8.545184546549260129e-02 1.000000000000549467e-06 1.000497751133506567e-06 7.803842010698696340e-03 1.060531573106217256e-05 1.000000005208213271e-06 9.999999999999999547e-07 1.684670203519287477e-06 9.875633761017632573e-02 2.429183296651827445e-02 1.000480761101341752e-06 5.919561087860637842e-05 3.875711069003469605e-03 1.000000020656723306e-06 5.125897861482564023e-03 1.253563825690316158e-01 1.000000041650376458e-06 1.221368843453996553e-03 4.558233797626343176e-02 6.152825036389850122e-03 9.999999999999999547e-07 1.550250791225882968e-04 9.999999999999999547e-07 1.964001183250665993e-04 9.999999999999999547e-07 3.181075476072549199e-05 6.670124221000886360e-04 1.000296580478580880e-06 7.242708926872343841e-05 1.897312668392443736e-06 9.999999999999999547e-07 2.181139526365212869e-02 8.347172767812033323e-02 1.000000000000021978e-06 1.000000015140217102e-06 7.295542860957022384e-04 1.129595294862616693e-02 3.346902639163531904e-04 1.139297868596630113e-04 1.000000000212809148e-06 9.999999999999999547e-07 1.000921720415522638e-06 1.429470837157806070e-06 7.436165645212285949e-05 1.983685523311255056e-02 3.409923964436872151e-02 4.086592189346358733e-02 9.999999999999999547e-07 7.617420011467085708e-03 1.068127586634716623e-06 9.999999999999999547e-07 1.282167641536829591e-02 1.520609765907040883e-04 1.000000176831264752e-06 9.999999999999999547e-07 1.000000000000511986e-06 1.000884794611038265e-06 1.041533841588923229e-05 1.226808641696878815e-03 3.088506164030648850e-03 7.199906009638193730e-03 2.153403096205414209e-03 3.036426506668404770e-03 3.365201109225294455e-04 1.000000000000481705e-06 1.012251744654914124e-06 6.034604987068950717e-03 1.736649513061378153e-03 1.000079473786078696e-06 9.382397369652602204e-05 9.999999999999999547e-07 8.258613423131891602e-06 8.016555312896705369e-04 3.962415094219862849e-02
5.488512968711539522e-06 2.716857157522017258e-02 8.896237681666155361e-03 3.105964364536077985e-05 1.469734849822799865e-05 2.139693483822727616e-04 1.000014299242380010e-06 1.000095807558990181e-06 3.378272943109408583e-03 1.000004277099430562e-06 9.999999999999999547e-07 1.000000002665623016e-06 4.800469606413804396e-04 1.000000000089666439e-06 9.999999999999999547e-07 9.999999999999999547e-07 2.045127030872986775e-03 1.016850166288003719e-06 2.726932355861866331e-02 1.074463038894154332e-05 1.004675888997660267e-06 5.499692139954550155e-04 2.587751789933159449e-02 8.004482336971277751e-05 1.000000000000752332e-06 1.000154298468801177e-06 6.726303989260260451e-06 9.999999999999999547e-07 1.658382206669924792e-03 1.075828823669699300e-05 9.999999999999999547e-07 1.000000000000049294e-06 9.999999999999999547e-07 2.259944528232344433e-06 1.000000000000022189e-06 5.858720865003158931e-03 6.800768334825516015e-02 9.999999999999999547e-07 1.195242171982759589e-06 2.003305618701104371e-05 7.020383480985251112e-02 6.672472795410404681e-03 2.263185417791942558e-02 1.022133095605418963e-02 2.795876861747450398e-04 3.092620732036977638e-05 2.883334283072433533e-03 3.411043741920817347e-06 4.339154421744017978e-04 9.999999999999999547e-07 5.351624717388431011e-06 1.000000000000004190e-06 1.243522029755581350e-06 9.999999999999999547e-07 4.906168785955731463e-05 1.136340569136066018e-06 1.008515769755623572e-06 1.000226123175666979e-06 1.000000312051908960e-06 2.312763639379960721e-04 1.000176016970435272e-06 3.411202452829260098e-04 4.294708867897800522e-06 8.959978761409337356e-02 1.000000000000097999e-06 1.000031151944728227e-06 8.985800650278699328e-03 1.380861287186186282e-05 1.000000000636940144e-06 9.999999999999999547e-07 1.016786435056173928e-06 1.073591623338393253e-01 2.272733066124793880e-02 1.297403102224940280e-06 8.604578530272082146e-05 5.391794646613501558e-03 1.000000961984254984e-06 6.730601729680751703e-03 1.357294899465226745e-01 1.000000000072473576e-06 8.642723565776692148e-04 4.301277964390988473e-02 6.360491331810219293e-03 9.999999999999999547e-07 4.282436497697334198e-05 9.999999999999999547e-07 1.892087926062815061e-04 9.999999999999999547e-07 4.615629171349141933e-05 7.187294911458126960e-04 1.000015899621018223e-06 5.485376008713750999e-04 2.208673429343522459e-06 9.999999999999999547e-07 2.204750016460450476e-02 8.320875400040686487e-02 1.000000000954379293e-06 1.000000000001210153e-06 1.088948623828809529e-03 9.801278671094721534e-03 2.912159690192486476e-05 1.074920401192048131e-04 1.000002908117258075e-06 9.999999999999999547e-07 1.051615493364817301e-06 3.429617219560351310e-06 1.356311910320269345e-06 1.901734677583708302e-02 2.939093567864269063e-02 3.864463038969964681e-02 9.999999999999999547e-07 7.584068502136650201e-03 1.079021876758014350e-06 9.999999999999999547e-07 1.064576079697083372e-02 2.101609481576045206e-04 1.000002165341182409e-06 9.999999999999999547e-07 9.999999999999999547e-07 1.001330471481793130e-06 1.088887645424139717e-05 1.197894067214105721e-03 2.544727823256463968e-03 5.155300213702061068e-03 4.183828597018273039e-03 2.159969720093550191e-03 3.511335648006719441e-04 1.000000000036054547e-06 1.134250292532275487e-06 4.767581855583452079e-03 2.485734764945361254e-03 1.000041769549082079e-06 2.988672038450070328e-04 9.999999999999999547e-07 9.889352868784015652e-06 9.587324570109684654e-04 4.018704332195722345e-02
6.503349558545579475e-06 3.370129994700189757e-02 7.256836069387431580e-03 3.138570218514402676e-05 9.548087130256983500e-05 1.935741763848885611e-04 1.000009375145481272e-06 1.000075754209704919e-06 6.056006160790264846e-03 1.000710392930693767e-06 9.999999999999999547e-07 1.000000362355956911e-06 7.622372321564778799e-04 1.000000000000000167e-06 9.999999999999999547e-07 9.999999999999999547e-07 1.890337605001202745e-03 1.001029539100430294e-06 2.617100405116037573e-02 2.906297272773217114e-05 1.000252111301618488e-06 7.971686135927172259e-04 2.863960359593954036e-02 2.013304343504061452e-04 1.000000000000006096e-06 1.000000002318005353e-06 1.098342063541933314e-06 9.999999999999999547e-07 1.254594664876864654e-03 3.887163408107390287e-06 9.999999999999999547e-07 1.000000000000617654e-06 9.999999999999999547e-07 4.912222910808726356e-06 1.000000000000314416e-06 8.327932168956218503e-03 6.867710867667586871e-02 9.999999999999999547e-07 1.418820051036117983e-06 9.854381938678018915e-06 7.663683704604634661e-02 6.033591797251235990e-03 2.078795712252344899e-02 1.080774735964746408e-02 2.905419545470905220e-04 6.461090983963037359e-05 2.689665880839500235e-03 1.982681285117957753e-05 3.255001956351534736e-04 9.999999999999999547e-07 5.072100439017706913e-06 9.999999999999999547e-07 1.977227037957973117e-06 1.000004806677552690e-06 2.661050122402529135e-05 1.046550623389869355e-06 1.037687046115082185e-06 1.000000001101098317e-06 1.000002881279229417e-06 3.266227720812344402e-04 1.001015944487671653e-06 2.449600020832183220e-04 5.183691410330962868e-06 8.069062708272178863e-02 1.000000000000000167e-06 1.000002967483154605e-06 8.177417651530660345e-03 1.621890138337449220e-05 1.000000010874066418e-06 1.000000000000003555e-06 3.394913767915164000e-06 1.062348940378736312e-01 3.100524583383815203e-02 1.000387216955750036e-06 8.220486280981037475e-05 3.016360919820344506e-03 1.000002169762700535e-06 4.136401367877707083e-03 1.268279458945281990e-01 1.000000000258284441e-06 1.098299975846909202e-03 3.569435189611746412e-02 4.962009379986185610e-03 9.999999999999999547e-07 2.491051191838829313e-04 9.999999999999999547e-07 2.227982359672355688e-04 1.000000000000000167e-06 7.797775753627345866e-05 7.281878990551301882e-04 1.001260867463798266e-06 4.743147918781329033e-05 1.696284105358256405e-06 9.999999999999999547e-07 2.348504557758047256e-02 8.594028180583802856e-02 1.000000000192294010e-06 1.000000010071516042e-06 1.581941460496192730e-03 8.698185547631949108e-03 1.947517367135287837e-05 1.300253576861883694e-04 1.000000016685487895e-06 9.999999999999999547e-07 1.001148087530249703e-06 5.801761625892871940e-06 3.630566513709223639e-06 2.063322798018666498e-02 3.402657484606412541e-02 3.712440797417364963e-02 9.999999999999999547e-07 4.357670129581808945e-03 1.028194737934393625e-06 9.999999999999999547e-07 1.328875570304650054e-02 8.589081301299261457e-05 1.000015046920830170e-06 9.999999999999999547e-07 1.000000000018457861e-06 1.007695797209863216e-06 1.222184866686416054e-05 1.180762921691406704e-03 2.864144178686673422e-03 5.804637107601644253e-03 2.732458593177884958e-03 2.798007680219177784e-03 3.842080340652661023e-04 1.000000029195467206e-06 1.004132387394388184e-06 4.871942871786524680e-03 2.687373171459574682e-03 1.000011218901879168e-06 1.089018354962804566e-04 1.000000000000000167e-06 1.428665230219890782e-05 1.590583037310876787e-04 4.143203982558558290e-02
2.274326140142361606e-06 3.852564370399391008e-02 1.261114909635619938e-02 5.109478903549112842e-05 5.148514466445391105e-05 2.274071033520775199e-04 1.000000392170674916e-06 1.000280743221349300e-06 3.735573590221074117e-03 1.000121548300896373e-06 9.999999999999999547e-07 1.000002865388306027e-06 6.178797258621781955e-04 1.000000000000056706e-06 9.999999999999999547e-07 9.999999999999999547e-07 8.420601699719887931e-04 1.000563811292271168e-06 2.978411114717659930e-02 7.811279762043129194e-05 1.008858693644152217e-06 5.330036164983222198e-04 2.807319943824107197e-02 2.063479014453864437e-04 1.000000000000059247e-06 1.000000069992743254e-06 7.395950060645919058e-06 9.999999999999999547e-07 1.689752692561157605e-03 3.179845890586742954e-06 1.000000000000023672e-06 1.000000002505878743e-06 9.999999999999999547e-07 1.054869780454329920e-05 1.000000000000072800e-06 5.172902811635312834e-03 5.981342665999467290e-02 9.999999999999999547e-07 6.613896336770787860e-06 1.728104082448766998e-05 6.542197795520017511e-02 1.050140856244685152e-02 2.240730259595206941e-02 1.071352492538727753e-02 2.810868251612837557e-04 5.140363482438303208e-05 4.655695263127862006e-03 2.645662047161919498e-05 4.782839644323269969e-04 9.999999999999999547e-07 6.772471517721785439e-06 9.999999999999999547e-07 1.459401300694746809e-06 1.000000000006497544e-06 3.595727419984695084e-04 1.922209981136251274e-06 1.084840795110064352e-06 1.000000029805009479e-06 1.000132251841863461e-06 9.078230064207368113e-05 1.032426282609069523e-06 2.827280656307323424e-04 7.250487262753678094e-06 8.473450922801027685e-02 1.000000000000634594e-06 1.000556462476507316e-06 1.001104802148245973e-02 1.219740405917367299e-05 1.000000001076598312e-06 1.000000000000000378e-06 3.131319273488132296e-06 9.355954783533086683e-02 3.056751847467072472e-02 1.222099160937191387e-06 1.288275506223581792e-04 4.941881913221941175e-03 1.000000380440591026e-06 5.906532078856587854e-03 1.148468463368715053e-01 1.000000000053816828e-06 2.019039898225075732e-03 4.236719521328697474e-02 7.716106659154717273e-03 9.999999999999999547e-07 1.564842638231501494e-04 9.999999999999999547e-07 2.593203140107190694e-04 1.000000000000069623e-06 1.282597580848742597e-04 3.684173801462208237e-04 1.000173447178371267e-06 3.832065499638092243e-04 3.784054819012976138e-06 9.999999999999999547e-07 2.380130714797750249e-02 8.054580743986863856e-02 1.000000091332228100e-06 1.000000000000205784e-06 1.105909188311343270e-03 1.048991200719510096e-02 1.271737053122044576e-05 6.801674962990594342e-04 1.022955245757085836e-06 9.999999999999999547e-07 1.018261412605980129e-06 1.305431589371830898e-06 2.628361023910880455e-06 1.856332265164883921e-02 4.210705613873361175e-02 3.811102168603194840e-02 9.999999999999999547e-07 4.235175904377949142e-03 1.048997620105450816e-06 9.999999999999999547e-07 1.940166995642278805e-02 6.559114041912435602e-05 1.000056534408680953e-06 9.999999999999999547e-07 1.000000000000003766e-06 1.011118528462087626e-06 2.201318178059479582e-05 7.261408572355229196e-04 3.607442723376937110e-03 8.892403437223113730e-03 2.845687405651027915e-03 3.995589803796330622e-03 4.474390628610513216e-04 9.999999999999999547e-07 1.026373795930910121e-06 5.329241755347718587e-03 1.475360840405926270e-03 1.000002333099539977e-06 6.462267382761704114e-05 1.000000000000001225e-06 2.192735240728848603e-05 5.004999275236974481e-04 3.756963481069418298e-02
6.420987602621575371e-06 4.235619435961875123e-02 1.069202898612373748e-02 3.724081099883287096e-05 1.524820472381084966e-05 1.018198272090641276e-04 1.000023560621109858e-06 1.000001967438339123e-06 2.496852689042340472e-03 1.000012518539215504e-06 9.999999999999999547e-07 1.000102681928142334e-06 1.087009013610551380e-03 1.000000000007274697e-06 1.000000000000003555e-06 9.999999999999999547e-07 9.890136072058044753e-04 1.000295428300615079e-06 2.756384679056567838e-02 9.390412769704455242e-06 1.042086060010413619e-06 6.873957358007516411e-04 2.436945117864403043e-02 7.056347801858601305e-05 1.000000000000154750e-06 1.000007938816611074e-06 1.160163461061280970e-06 9.999999999999999547e-07 1.164911660519968176e-03 2.038315796249181921e-05 1.000000000007310484e-06 1.000000000000771390e-06 9.999999999999999547e-07 3.762117131651538103e-06 1.000000000000032566e-06 5.283471142393162887e-03 7.207813034406387875e-02 9.999999999999999547e-07 1.104745859491333322e-06 1.488460055006777476e-05 6.805168429430724641e-02 1.051860025908346249e-02 2.417334725825404790e-02 9.638514305232232654e-03 4.030968506854695267e-04 4.516987092848852851e-05 4.188374445435810549e-03 1.101323528911235751e-05 5.019094062263095707e-04 9.999999999999999547e-07 1.273974842459651245e-05 9.999999999999999547e-07 1.008481997465645331e-06 1.000000000000001225e-06 3.319706271745008318e-05 4.406345042213720152e-06 6.970494506664879978e-06 1.000000102153675818e-06 1.000121864159578754e-06 1.207724043693873551e-04 1.000072613916292750e-06 5.036491639031821527e-04 6.644922918491342661e-06 7.135522198239852010e-02 1.000000000003339382e-06 1.000935901038567232e-06 1.097215128051031580e-02 2.183140663177403725e-05 1.000000005172012353e-06 9.999999999999999547e-07 4.330700202939132096e-06 9.711219017926503438e-02 3.908117810777389511e-02 1.003524858378503418e-06 7.063691136757620670e-05 3.866289188921429899e-03 1.000000369703551200e-06 5.726069049064061271e-03 1.127455725110519391e-01 1.000000130701922442e-06 1.926707423721119115e-03 4.238293583024100447e-02 7.112332449844101061e-03 9.999999999999999547e-07 8.501662498178052141e-05 9.999999999999999547e-07 2.125593499447344271e-04 1.000000000004122041e-06 6.459926914048844267e-05 3.536181265922650331e-04 1.000402038131028975e-06 6.224252104439342154e-04 2.351024912346083020e-06 9.999999999999999547e-07 2.069017612035722528e-02 7.759195421257253367e-02 1.000000000001796300e-06 1.000000000047886962e-06 1.685529773279560890e-03 1.071636369651627133e-02 1.411835769491002774e-04 2.901390262197756130e-04 1.000037763558110047e-06 9.999999999999999547e-07 1.016299620687042412e-06 1.073729841023844532e-06 2.103295020489219107e-06 2.198205846597690513e-02 3.452722477673537960e-02 4.166878272274023021e-02 9.999999999999999547e-07 6.314698141052424614e-03 1.336580969141929836e-06 9.999999999999999547e-07 2.055442862298601653e-02 4.675579480803774527e-04 1.000032781139358061e-06 9.999999999999999547e-07 1.000000002153640939e-06 1.032197342043611541e-06 4.003271996471903315e-05 1.243766050338568265e-03 3.242400417544180537e-03 7.985315133796721740e-03 2.469654532273162558e-03 4.054269775387342109e-03 2.397375120319565330e-04 9.999999999999999547e-07 1.242713858705410581e-06 6.672653328568792577e-03 2.526329461499590614e-03 1.000004189343703745e-06 1.361438698214012131e-04 9.999999999999999547e-07 1.654238890285539314e-05 1.024612847785867815e-03 3.281019320898481001e-02
3.912286741636216484e-06 3.400015322387254374e-02 8.512506269856031163e-03 1.316281779897486798e-04 1.693236103083902019e-05 1.922213129999170427e-04 1.000026734640086652e-06 1.000040011735181757e-06 5.288806841773736715e-03 1.000113460411392340e-06 9.999999999999999547e-07 1.000005626141832948e-06 8.159952176630241296e-04 1.000000000000002496e-06 9.999999999999999547e-07 9.999999999999999547e-07 3.294115051276214740e-04 1.073827158666615183e-06 3.228825241312514860e-02 1.407461952949651198e-05 1.186890967617586938e-06 7.325489256657279546e-04 2.730784580914218107e-02 6.861962112386879738e-05 1.000000000027766330e-06 1.000000147304777024e-06 1.195184110295138644e-06 9.999999999999999547e-07 7.878508353539432317e-04 5.853977985318431299e-06 1.000000000039795257e-06 1.265734053939801879e-06 9.999999999999999547e-07 5.601849012982653729e-06 1.000000000001989847e-06 9.384934730317205306e-03 5.831486012492027166e-02 9.999999999999999547e-07 8.631731911645417201e-06 1.140778044249160380e-05 6.266712518231930262e-02 8.607349973069302468e-03 2.514871069996819225e-02 1.320152984383773237e-02 4.640466156743791224e-04 1.008178326913978699e-04 4.641784390546441902e-03 1.002717526108974340e-04 1.486486468793066836e-03 9.999999999999999547e-07 1.121230618404399042e-05 9.999999999999999547e-07 1.027980342065426089e-06 1.000081254720721212e-06 2.762481349192126109e-05 2.987853219187846114e-06 1.393282714168535884e-06 1.000409354701075229e-06 1.000065140289106037e-06 4.339072214746947896e-04 1.000919018425245245e-06 4.346820728884205425e-04 1.857296664308861416e-06 8.677537920181233044e-02 1.000000000000062000e-06 1.004862867518482192e-06 8.761075627940508731e-03 2.384022909054684479e-05 1.000000132144353271e-06 9.999999999999999547e-07 4.727094911938194748e-06 1.025419522858576071e-01 2.677022674294214297e-02 1.000438402047714587e-06 9.835004712757281853e-05 5.103688767453375477e-03 1.000010885100904653e-06 5.330304423615067622e-03 1.174108684438878586e-01 1.000000000006013889e-06 1.784900815299268707e-03 4.822281025851619940e-02 7.838834093718837631e-03 9.999999999999999547e-07 4.019677445600144277e-04 9.999999999999999547e-07 3.361999264033509746e-04 1.000000000000000167e-06 4.417717796505905842e-05 5.318855367419342717e-04 1.043021104319158533e-06 6.099896691977668928e-05 9.878630100849397104e-06 9.999999999999999547e-07 2.427343057031433604e-02 7.818610205239215349e-02 1.000000002957698187e-06 1.000000000001479298e-06 1.059162178376909591e-03 1.023025749509195829e-02 4.021426035803638439e-05 9.719689946288837326e-04 1.000000334692105858e-06 9.999999999999999547e-07 1.149271841144875008e-06 1.081097753700944660e-06 1.126276415728998499e-06 2.385735028906538560e-02 2.470101542580029064e-02 4.232073748702244037e-02 9.999999999999999547e-07 8.719374209324608216e-03 1.938004847763204025e-06 9.999999999999999547e-07 1.392755183313749978e-02 2.293856745142343432e-04 1.000008541839093199e-06 9.999999999999999547e-07 1.000000000000185243e-06 1.003904250375932910e-06 2.421969062708465793e-05 1.402347585030837762e-03 2.833136021672629824e-03 5.628413779133596695e-03 3.688620888436419144e-03 3.683495568818159847e-03 3.642872543376455391e-04 1.000000000002132784e-06 1.034422987392380869e-06 3.307243127623807431e-03 1.172339019138665586e-03 1.000030693129672712e-06 3.772205162421669042e-04 1.000000089104983976e-06 1.393216861155711808e-05 7.936567720347091712e-04 4.066750127313901314e-02
4.194637540791453877e-06 3.054550858300189922e-02 1.472970120160400388e-02 5.656097616761286885e-05 8.683875048038697990e-04 1.859597392182715282e-04 1.000002223414403959e-06 1.000038657609995329e-06 6.167103931042725723e-03 1.009612875245352886e-06 9.999999999999999547e-07 1.000058112258900971e-06 8.935433950609820899e-04 9.999999999999999547e-07 9.999999999999999547e-07 9.999999999999999547e-07 3.915801974028433542e-04 1.010382724628026339e-06 3.843461484442288467e-02 1.269898162865485953e-04 1.001977844719206137e-06 7.846695862811644499e-04 3.321966157051204488e-02 1.189496405988604453e-04 1.000000000003081037e-06 1.000002368860589360e-06 1.733508308543148091e-06 9.999999999999999547e-07 2.745530799002751481e-03 5.550443725062750261e-06 9.999999999999999547e-07 1.000000000003297878e-06 9.999999999999999547e-07 4.860283268264059714e-06 1.000000000008107542e-06 1.252422184964594939e-02 5.436979040952224368e-02 9.999999999999999547e-07 1.315385444196993465e-06 9.100416784185147217e-05 5.985833763226888066e-02 8.652689381851865966e-03 2.465928225705975654e-02 1.373330242245375359e-02 4.406061897809709026e-04 5.260038540512052842e-05 4.918404586296143063e-03 1.387355861584733951e-04 5.365126619230636178e-04 9.999999999999999547e-07 1.824225616712682682e-05 9.999999999999999547e-07 1.244300662860651924e-06 1.000000000000006096e-06 4.159532572695809848e-05 3.543559506775953869e-06 1.000017024635747442e-06 1.000000000011599647e-06 1.000033766059864945e-06 2.395342390025652032e-04 1.000471079392890099e-06 6.627850296251111117e-04 2.637075294577286916e-06 7.599616954779490896e-02 1.000000000000164491e-06 1.000000000002106314e-06 8.409190587272869638e-03 4.023107704392924166e-05 1.000000006130789487e-06 9.999999999999999547e-07 2.346639099417396411e-06 8.816049236240633413e-02 2.348388511408881774e-02 1.006693605703408583e-06 1.337081709414477521e-04 7.120883175192592798e-03 1.000000231417689150e-06 6.676636312665772295e-03 1.074591224054275151e-01 1.000000000000020707e-06 2.929112311302934160e-03 4.383944048524449771e-02 6.860160845796714479e-03 9.999999999999999547e-07 3.518489552708555651e-04 9.999999999999999547e-07 3.442769292997885648e-04 9.999999999999999547e-07 1.024636831610507853e-04 5.722233936254028479e-04 1.000048511606267283e-06 2.310372898539862351e-04 1.260660130852244210e-05 9.999999999999999547e-07 2.940730376498289222e-02 7.663059184745192598e-02 1.000000000000032142e-06 1.000000000000029601e-06 1.015914220252587359e-03 1.385069851960002776e-02 1.559911719500943857e-05 2.481229315992132794e-04 1.000035725180459156e-06 9.999999999999999547e-07 1.037753166363396598e-06 3.404328096838040865e-06 1.445342734420903974e-06 2.174725878911869595e-02 4.141685208518316313e-02 3.866823409199057066e-02 9.999999999999999547e-07 6.960040689793191120e-03 1.177684769821151733e-06 9.999999999999999547e-07 1.428726931709021521e-02 4.878979091431091515e-05 1.000019225305375413e-06 9.999999999999999547e-07 1.000000000000006519e-06 1.009721591548172955e-06 2.016321425876943136e-05 9.310961346286997535e-04 4.244559419251808796e-03 1.061233428834060764e-02 4.449267957548737155e-03 3.782198707424218233e-03 3.045163282109677994e-04 9.999999999999999547e-07 1.014980311873251863e-06 5.491519290319743334e-03 2.516287163682572568e-03 1.000023646654141279e-06 3.474748836085855114e-04 9.999999999999999547e-07 3.734523964000995954e-05 7.606993302041646730e-04 3.932742240272488199e-02
2.213601179485120767e-05 3.748871005886938307e-02 7.738499708035784762e-03 4.845621163354387189e-05 1.911367659066690679e-04 1.370172236882088448e-04 1.000054182701413996e-06 1.003458028800702158e-06 3.263078030814916142e-03 1.035344759980170972e-06 9.999999999999999547e-07 1.000001652206868969e-06 8.373861695553178877e-04 1.000000000000001437e-06 9.999999999999999547e-07 9.999999999999999547e-07 3.850485206073540781e-04 1.011733306275165531e-06 2.716035194518841636e-02 1.145391979486688316e-04 1.003660525997611133e-06 7.385471958285268852e-04 2.136532832179510386e-02 1.703681412549306912e-04 1.000000000000106681e-06 1.000009568374896505e-06 1.036696185822118946e-06 9.999999999999999547e-07 8.852493357629496237e-04 6.603231274855001295e-06 9.999999999999999547e-07 1.000000000002538512e-06 9.999999999999999547e-07 2.146954388586967654e-06 1.000000000000144374e-06 5.343005107756041566e-03 6.767659361397694584e-02 9.999999999999999547e-07 1.164264855152853984e-06 1.194624245421949093e-05 6.796352005615716174e-02 8.483925135681606375e-03 2.716856808039233573e-02 7.861823398050506173e-03 2.273243164990297507e-04 6.209443663464017920e-05 4.302309472424313032e-03 2.384626806466065696e-05 5.438259746252950251e-04 9.999999999999999547e-07 1.390296621183683049e-05 9.999999999999999547e-07 1.187449384343692563e-06 1.000000354385212342e-06 4.176840534694630636e-05 2.662692147622965980e-06 1.007804205902541576e-06 1.000000030298294151e-06 1.000019044497114111e-06 2.092460020818233022e-04 1.000037672975610668e-06 5.653653357101365209e-04 5.419688669257251790e-06 8.647063728834300522e-02 1.000000000042641711e-06 1.000000345240286560e-06 7.805470410295088819e-03 2.104698506704662787e-05 1.000000000838688780e-06 1.000000000000334956e-06 1.774863679274999626e-06 1.080148251636400408e-01 3.277339695058822250e-02 1.001470746758971630e-06 1.397799364340080591e-04 4.126902175682260407e-03 1.000021789550353843e-06 4.855858343435175487e-03 1.280920968243519364e-01 1.000000000069822151e-06 1.542883590139278475e-03 4.386524109749070921e-02 8.529949378054832443e-03 9.999999999999999547e-07 1.817060917621356078e-04 9.999999999999999547e-07 3.234847891231090559e-04 1.000000000000000167e-06 1.620360657073357906e-04 3.006741757957442419e-04 1.001973923575169949e-06 4.696822578592570386e-05 1.911399196191260117e-06 9.999999999999999547e-07 1.919877359000825637e-02 8.449983684749920454e-02 1.000000000256129165e-06 1.000000000005488516e-06 1.197512790068309138e-03 8.852078261251474650e-03 9.705748573008934508e-06 2.986798645124965745e-04 1.000003501907130625e-06 9.999999999999999547e-07 1.638767096711401324e-05 1.208358020003754811e-06 1.766985060265930521e-05 1.857093086963357287e-02 2.681173791390650471e-02 4.247796414105770718e-02 9.999999999999999547e-07 5.468631879069260800e-03 1.064898693108487752e-06 9.999999999999999547e-07 1.600556726518041067e-02 1.375151821383499215e-04 1.000000492887142967e-06 9.999999999999999547e-07 1.000000000000034683e-06 1.001676265516541507e-06 2.300524703030738414e-05 1.489988919226216879e-03 2.483794227262295026e-03 6.635638405970076259e-03 2.567513840128565674e-03 3.144882297092822885e-03 3.426616608660985170e-04 1.000000000000001225e-06 1.018321240355217693e-06 4.718751505027969292e-03 3.429249827751991182e-03 1.000018530007263141e-06 8.747449428406345036e-05 9.999999999999999547e-07 2.685236827752909806e-05 1.783590588094932498e-04 3.307069502469269645e-02
2.542678074843525493e-06 3.985090326075352990e-02 9.511823117886838291e-03 4.196212953744405365e-05 6.821746456926272594e-05 3.527647956404453863e-04 1.000025927702253084e-06 1.000000182474865496e-06 3.908173209165108873e-03 1.000006173145211524e-06 9.999999999999999547e-07 1.000000021156994305e-06 1.319426091715210792e-03 1.000000000000008002e-06 9.999999999999999547e-07 9.999999999999999547e-07 8.588792483984422242e-04 2.249598791971310451e-06 2.967545950747268318e-02 7.309940605674423627e-06 4.574790887716908669e-06 9.277890059323266143e-04 2.771889706134075815e-02 8.223075092616696855e-05 1.000000000000182914e-06 1.011854876206984575e-06 1.013680554123709486e-06 9.999999999999999547e-07 1.575632117480515538e-03 7.232765474244662429e-06 9.999999999999999547e-07 1.000003570217147472e-06 9.999999999999999547e-07 4.914995004057989187e-06 1.000000000000685416e-06 6.377124447465724703e-03 5.951059863572984859e-02 9.999999999999999547e-07 1.241651525631133279e-06 9.810351081962771549e-06 6.484663607628661508e-02 1.003248463675987003e-02 2.291326057872678998e-02 9.216086238147130558e-03 4.274166529509878902e-04 5.373508679126167721e-05 3.388819372008342046e-03 5.487968038335351471e-06 5.818475094486771741e-04 9.999999999999999547e-07 1.112138983904083041e-05 9.999999999999999547e-07 1.033182646641488181e-06 9.999999999999999547e-07 7.190680043067711134e-06 6.090715728549180868e-06 1.004532319423312237e-06 1.000000058805577838e-06 1.000038529113681415e-06 1.873892147646619372e-04 1.001480839647315407e-06 3.297937964614403028e-04 2.334273632478930954e-05 9.369567643021568804e-02 1.000000000000223995e-06 1.020845292891562112e-06 6.678753911069761247e-03 1.381549299291617127e-05 1.000000056051208594e-06 1.000000000000010119e-06 7.218050868721999499e-06 9.474642268690436353e-02 3.326691526172026458e-02 1.081340164194339778e-06 1.458539219880152730e-04 4.563309275597502920e-03 1.018780895916739456e-06 3.907214994797896836e-03 1.206398710246181782e-01 1.000004042979576245e-06 1.535520647982192063e-03 4.913402881741391059e-02 6.674374368715568773e-03 9.999999999999999547e-07 1.421047910361563575e-04 9.999999999999999547e-07 1.578816560090552526e-04 9.999999999999999547e-07 9.550752894252326403e-05 3.535211844678846308e-04 1.002143436628793766e-06 5.052821162299132857e-05 3.361064702931813281e-06 9.999999999999999547e-07 2.177848338623747035e-02 7.955112200242184239e-02 9.999999999999999547e-07 1.000000000000200278e-06 1.052104111863028275e-03 1.087606127293585037e-02 2.811585809713749924e-05 4.920038435355119201e-04 1.000221676325426919e-06 9.999999999999999547e-07 1.001714632131935766e-06 2.946083742859452299e-06 3.296499382663649672e-06 1.972686012416221060e-02 3.177652147495704793e-02 3.924059694021744121e-02 9.999999999999999547e-07 4.188012961387975810e-03 5.168668497035647091e-06 1.000000000094305215e-06 1.800808168785683269e-02 6.631195912852906865e-04 1.000001294774563551e-06 9.999999999999999547e-07 1.000000000001606141e-06 1.002582699793138747e-06 2.353105657497082186e-05 1.106053440213353037e-03 2.746391091151740172e-03 7.021316908380675036e-03 2.621092447968671486e-03 3.629946552581230987e-03 3.587258728647004999e-04 1.000000000000002708e-06 1.488516450962919949e-06 5.295478831466023800e-03 1.681836461245809480e-03 1.000049972559300688e-06 1.024038291912680995e-04 1.000000000000026425e-06 5.493890473818143546e-05 4.018274174385036315e-04 3.798594208384429433e-02
7.460436628301609014e-06 2.561561935361764478e-02 8.099750959462670083e-03 1.064580349425345730e-04 1.871295496641085983e-05 2.354400193955555646e-04 1.000016678206803832e-06 1.000122339267972213e-06 6.707570517810623745e-03 1.000131810329825257e-06 9.999999999999999547e-07 1.000000775236121353e-06 8.320722516418589329e-04 1.000000002496159675e-06 9.999999999999999547e-07 9.999999999999999547e-07 3.850743438957371107e-03 1.004613448661336810e-06 3.154413472102696875e-02 1.153137986448316289e-05 1.010988480522101441e-06 6.005726732873678704e-04 3.158600769630746236e-02 1.169395849999762627e-04 1.000000000147099720e-06 1.000093085153297053e-06 1.281237311641509763e-06 9.999999999999999547e-07 1.075155959086991197e-03 1.247738246234863228e-05 9.999999999999999547e-07 1.000002899334209332e-06 9.999999999999999547e-07 7.566795748943865279e-06 1.000000000000003131e-06 1.391485105364551923e-02 5.789761388296629785e-02 9.999999999999999547e-07 1.059632206679419025e-06 1.687853860289030818e-05 6.090911993510800954e-02 8.772230242892177510e-03 2.959366999558178321e-02 1.266780955511766400e-02 5.311364306619833749e-04 3.126893671608397776e-05 4.699061727311604209e-03 3.863251634043937064e-05 1.150517168520745525e-03 9.999999999999999547e-07 1.175098556596261807e-05 1.000000000000000167e-06 5.962220378638887600e-06 1.000000000267060761e-06 2.087267457849601823e-05 1.608001989563598585e-06 1.030133022662794206e-06 1.000000071614220754e-06 1.000564955523691284e-06 6.743156494046658768e-04 1.000556627139594525e-06 4.090845135195725563e-04 1.049741014673667877e-05 8.399190546278596792e-02 1.000000000000105622e-06 1.000000966166834433e-06 6.937137885747595399e-03 8.024139505750283081e-05 1.000000003005755237e-06 1.000000000000001014e-06 1.154095694394122418e-05 9.399666224943821480e-02 2.096859702042314089e-02 1.195659333427969131e-06 1.784987547262810892e-04 5.382390452685099393e-03 1.000011087808000655e-06 6.969107555041402155e-03 1.050244249969296412e-01 1.000013299775302619e-06 1.973079966786964266e-03 5.530141929087903363e-02 7.773051502361558174e-03 9.999999999999999547e-07 4.600611387593670052e-04 9.999999999999999547e-07 8.028438144937884114e-04 1.000000133079328567e-06 4.091221252698671153e-04 7.736955299910095460e-04 1.001174263371024958e-06 9.747531298363755340e-05 4.555642561844531415e-06 9.999999999999999547e-07 2.641931805972161720e-02 7.749181891912615416e-02 1.000000000756928290e-06 1.000000000527106017e-06 9.799916564006733340e-04 1.019737356955369503e-02 1.554774251272702899e-05 4.748212870161041882e-04 1.000000002390163031e-06 9.999999999999999547e-07 1.014834282761130741e-06 1.220680249487269096e-06 4.479273923249664652e-06 2.775351932933591351e-02 2.767491245850440401e-02 4.713410686131747768e-02 9.999999999999999547e-07 4.913800822866731637e-03 1.274116048600603522e-06 9.999999999999999547e-07 1.361309399147479435e-02 1.103936682711893606e-04 1.000004230542448634e-06 9.999999999999999547e-07 1.000000000000016895e-06 1.103412873971839121e-06 3.521413110117328489e-05 1.345392622528069617e-03 2.921613911677728957e-03 6.482750948404850978e-03 3.181956356008618526e-03 3.658155041128251152e-03 5.161391315581548723e-04 1.000000000000000167e-06 1.074287429043147075e-06 6.485581760825159629e-03 4.237430611081473980e-03 1.000011893192083359e-06 1.091498894413142011e-04 1.000000000000000590e-06 5.572045184245462797e-05 3.767492365783885601e-04 4.096978931486461306e-02
4.672537829291203630e-06 3.133806977902063584e-02 1.374168076796247057e-02 4.597979715304461825e-05 1.430841830099816817e-04 3.008144828770269348e-04 1.000000358506216307e-06 1.000067137201016454e-06 3.737583331208279170e-03 1.000088923027797624e-06 9.999999999999999547e-07 1.000002179740983493e-06 8.303250509419775544e-04 1.000000000000000167e-06 9.999999999999999547e-07 9.999999999999999547e-07 1.797750421590959278e-03 1.002188678829362912e-06 3.120467781182399356e-02 9.465761587429636034e-06 1.006246990940340178e-06 1.187713255951925416e-03 2.788530748599880871e-02 1.026799649574027169e-04 1.000000000000075129e-06 1.000027810957337851e-06 2.316332758184777897e-06 9.999999999999999547e-07 1.824338978112007622e-03 3.580090790121105891e-06 9.999999999999999547e-07 1.000000013338145401e-06 9.999999999999999547e-07 8.873744598722736420e-06 1.000000004103742024e-06 7.934842009950825864e-03 5.783734033832043514e-02 9.999999999999999547e-07 1.339875891752393508e-06 2.350105041048242304e-05 6.871589402928417190e-02 6.987644280702668027e-03 2.196954935120873711e-02 1.064944470033320559e-02 3.346378440575915490e-04 1.073370705949245788e-04 3.346941106869527095e-03 1.976595989691782239e-05 8.357453850349505801e-04 9.999999999999999547e-07 4.100705712288528162e-06 9.999999999999999547e-07 1.032237658670054371e-06 1.000000000068388548e-06 9.568286838671672824e-06 1.387709146114846235e-06 1.013822543170123889e-06 1.000000000385673326e-06 1.000002776783491996e-06 5.137295131813101505e-04 1.000396260001602557e-06 5.109145378231810721e-04 1.315984141215006974e-06 8.339371445081630863e-02 1.000000000000055224e-06 1.000001502719382862e-06 9.618468452855041470e-03 1.634525303863070510e-05 1.000000000399670122e-06 1.000000000023305431e-06 6.968674244091299180e-06 9.952696650665190936e-02 2.384475475546779175e-02 6.394400412139655765e-06 4.710607350779600012e-05 3.982416654526982000e-03 1.000005684852106496e-06 6.405216746127157489e-03 1.173220779375167139e-01 1.000001668278393971e-06 1.328251542493472798e-03 4.341068562476414761e-02 5.817749865172168813e-03 9.999999999999999547e-07 1.725259345919088604e-04 9.999999999999999547e-07 2.159839044677774975e-04 1.000000000013448085e-06 1.135352761100534710e-04 6.952684020878377143e-04 1.002324048436202815e-06 1.863742469878109016e-04 4.005408738858671126e-06 9.999999999999999547e-07 2.447979964513160092e-02 8.405811068317484147e-02 1.000000000000002284e-06 1.000000000002927301e-06 1.377651296491521141e-03 8.966789240927783983e-03 3.223463973983652797e-05 7.971766632192149246e-04 1.000002945696173782e-06 9.999999999999999547e-07 1.017458690577119618e-06 4.609006928920239440e-06 2.073086290959158987e-05 2.061096553007824017e-02 4.812490029866463986e-02 4.194658981224444472e-02 9.999999999999999547e-07 4.929593802738005751e-03 1.027294946781658075e-06 9.999999999999999547e-07 1.118724584997794758e-02 1.651275215631205662e-04 1.000007588015375294e-06 9.999999999999999547e-07 1.000000000000146491e-06 1.008660197947407311e-06 1.624825930529373325e-05 1.086022216285563316e-03 2.464920317877495812e-03 1.150095423803040515e-02 3.456028936293822299e-03 2.824178460520540643e-03 4.086618972709555567e-04 1.000000000000002919e-06 1.176971830438639404e-06 4.458717478534521099e-03 1.770235051354167007e-03 1.000060180232578665e-06 9.667210382202429998e-05 1.000000000000000167e-06 2.233833623915318413e-05 2.655585927813876638e-04 3.492292775912495678e-02
3.027430037017366319e-06 3.991908737960686571e-02 8.552399715053879414e-03 4.403147747978058691e-05 6.783999536674503966e-05 1.549590556636497199e-04 1.000009189010103345e-06 1.000011163310291571e-06 3.610086876084974729e-03 1.000023776047696442e-06 9.999999999999999547e-07 1.000010209312081914e-06 1.141378993244095662e-03 1.000000000027364625e-06 9.999999999999999547e-07 9.999999999999999547e-07 1.874125648884229908e-03 1.000677069054769514e-06 2.745776619503141960e-02 9.532194838085681547e-05 1.022762862741389662e-06 7.004483138889136670e-04 2.777444627608211675e-02 4.508002157864939187e-05 1.000000000000006519e-06 1.000038464387684161e-06 2.273997785807312680e-06 9.999999999999999547e-07 1.061457462799958538e-03 1.198992741204417032e-05 9.999999999999999547e-07 1.000000001253488014e-06 9.999999999999999547e-07 7.282190012328495582e-06 1.000000000000111340e-06 5.071825644204629169e-03 6.736054083700596107e-02 9.999999999999999547e-07 1.069648612276524117e-06 7.118941324839059950e-06 6.957230055975018035e-02 9.019826223970238074e-03 2.410636213545422346e-02 1.166359484594420293e-02 2.900678157205296699e-04 1.661582138664632731e-05 3.462829514203898812e-03 4.051236128851771969e-05 3.725164299739877117e-04 9.999999999999999547e-07 7.359474693088067716e-06 9.999999999999999547e-07 1.052324337736360203e-06 1.000000000317719896e-06 2.294596007884729596e-05 1.825902701635715289e-06 2.230286019419536113e-06 1.000000000363554754e-06 1.000027232955046013e-06 2.552404845518127388e-04 1.115940257818151458e-06 7.859618796086821754e-04 5.472637669681575307e-06 8.365596715396388106e-02 1.000000000000001861e-06 1.000234101565254207e-06 9.205321682881080492e-03 2.595122995787020942e-05 1.000000346647685376e-06 1.000000000000113881e-06 7.943698864988445914e-06 1.029461848613485858e-01 3.449368161638484420e-02 1.002711278251790484e-06 8.189407821475880593e-05 5.156715617616247291e-03 1.000078406948999601e-06 5.145694867347592322e-03 1.176080985960686331e-01 1.000000011123108081e-06 1.588679338851472448e-03 4.344614434617857790e-02 8.274762473655748046e-03 9.999999999999999547e-07 1.299804253116449511e-04 9.999999999999999547e-07 1.835905913177549834e-04 9.999999999999999547e-07 5.309897248244885640e-05 5.126046121284029249e-04 1.000014230311899459e-06 2.465284238824500093e-04 6.030606257167260686e-06 9.999999999999999547e-07 2.311475427024866150e-02 7.990556557580294483e-02 9.999999999999999547e-07 1.000000084297907676e-06 1.980388805698812382e-03 8.988669843379043164e-03 3.853695921057327331e-05 5.470656243641719169e-04 1.000000241221220106e-06 9.999999999999999547e-07 1.028339125711744115e-06 1.045490202210066942e-06 1.529604256077159956e-06 1.575037268920490355e-02 3.046430007867019507e-02 3.492914294617290721e-02 9.999999999999999547e-07 3.595441986759931145e-03 1.049345471786600685e-06 9.999999999999999547e-07 1.679863756363934868e-02 1.639022654154088389e-04 1.001197651183351817e-06 9.999999999999999547e-07 1.000000000000016895e-06 1.009039981687865582e-06 3.838404302413996608e-05 1.242112991766665397e-03 4.585691180900655813e-03 8.227864972086213272e-03 2.156050161241856306e-03 4.574026014392887189e-03 3.408608660446227475e-04 9.999999999999999547e-07 1.298382158283367464e-06 3.785792670971629449e-03 1.894480693171050976e-03 1.000029291678950493e-06 2.880469845443237530e-04 9.999999999999999547e-07 1.308004540368264310e-05 4.891874016649138714e-04 3.881039357354624381e-02
1.033541737884024177e-05 2.394913381861359797e-02 1.285031905977685081e-02 4.053610834747126672e-05 6.191670923079580467e-06 4.014604396208798151e-04 1.001668879455844921e-06 1.000000185385077368e-06 4.003026809592061599e-03 1.000388765163182373e-06 9.999999999999999547e-07 1.000000126691881699e-06 5.201324515523847577e-04 1.000000000000000590e-06 9.999999999999999547e-07 9.999999999999999547e-07 2.537273198166672353e-03 1.008054594207283116e-06 2.803736661302957955e-02 3.821600931314226586e-05 1.013037458289226826e-06 8.581658544083088950e-04 3.324566882173946025e-02 5.756194890510280872e-05 1.000000000034677907e-06 1.000005206499896180e-06 1.166656738731500371e-06 9.999999999999999547e-07 2.419094750128328915e-03 5.712571730241841348e-06 9.999999999999999547e-07 1.000000099475976820e-06 9.999999999999999547e-07 8.050075229948163647e-06 1.000000000000018801e-06 6.937797378643497520e-03 6.215920859087734757e-02 9.999999999999999547e-07 1.075419013714495952e-06 2.830014683902972543e-05 7.471984697338722448e-02 6.309935226419840365e-03 2.340426478949008196e-02 1.321925762571531451e-02 2.948940805281232585e-04 8.405486904388368167e-05 3.696951162756696545e-03 1.785405551523632089e-05 3.888295959379321808e-04 9.999999999999999547e-07 9.478907220424653544e-06 1.000000000025761191e-06 1.003767339876963945e-06 9.999999999999999547e-07 1.858849522295477535e-05 1.849519668191299871e-06 1.445016686841428449e-06 1.000000000168296508e-06 1.000002961222236036e-06 2.919779684458516291e-04 1.000226877813068148e-06 2.404136218343459546e-04 9.537869357261662346e-06 7.481950402616983908e-02 1.000000000000021554e-06 1.000065201326538867e-06 1.288240463582937187e-02 2.477807468377154595e-05 1.000000013732607374e-06 1.000000000000000167e-06 3.730509379372428041e-06 9.551934907475116698e-02 2.093314179161242725e-02 1.003074857620749721e-06 8.925209652782768786e-05 4.175017182186036707e-03 1.000000497549360540e-06 8.342632086676264255e-03 1.132308158292932437e-01 1.000000000104411589e-06 1.157670954217870050e-03 4.047206430719157977e-02 6.820760374016228075e-03 9.999999999999999547e-07 1.112862504076334355e-04 9.999999999999999547e-07 4.927331275779253021e-04 1.000000000000000167e-06 1.347775716866596958e-04 5.817770811960838295e-04 1.000086854938659175e-06 2.022788328424519487e-04 2.593924890003032517e-06 9.999999999999999547e-07 2.766528896783827102e-02 8.617447371727106342e-02 1.000000000000003131e-06 1.000000000003243032e-06 1.154313423332846335e-03 1.096058903144659334e-02 3.441638853179137918e-05 1.661250579458063963e-04 1.000078846038630514e-06 9.999999999999999547e-07 1.014322855123475566e-06 1.055745051362022684e-06 4.297927587837401529e-06 1.982831688951108493e-02 4.824481974474727208e-02 4.147610007479701072e-02 9.999999999999999547e-07 4.048753790318731886e-03 3.321580378169808364e-06 9.999999999999999547e-07 9.953836940697541324e-03 6.700102786269657011e-05 1.000019704336357699e-06 9.999999999999999547e-07 1.000000000001743572e-06 1.002044560884871142e-06 1.668358714676331346e-05 1.210763209337646943e-03 3.791395596653009473e-03 1.072297633715257881e-02 2.425869103733663788e-03 2.871777646625734998e-03 3.021853135096349272e-04 1.000000031940530735e-06 1.067640853632709703e-06 7.237294321011696410e-03 3.157441378153229197e-03 1.003425289592530612e-06 2.380384439424461048e-04 1.000000000003037415e-06 2.471385435037540038e-05 4.245506530157585386e-04 3.705694101705381271e-02
2.181038280508977765e-06 3.717552853031136362e-02 9.491485033875004390e-03 4.993218353784169934e-05 1.075372470175455281e-05 3.114088741314474532e-04 1.000000055369863126e-06 1.000001020961377368e-06 4.541042212417199624e-03 1.000386010763253400e-06 9.999999999999999547e-07 1.000000572840719711e-06 8.756725190115181986e-04 1.000000000021133215e-06 9.999999999999999547e-07 9.999999999999999547e-07 1.709176010744928786e-03 1.001290270427395370e-06 3.124200600809204365e-02 5.977087634487237991e-05 1.001982717622151191e-06 7.703428715790036629e-04 2.755496934896206271e-02 1.299338858860116469e-04 1.000000000000602619e-06 1.000000001458302699e-06 1.123488825698536143e-06 9.999999999999999547e-07 7.424361005977045012e-04 6.243599088016017292e-06 1.000000000000069623e-06 1.000370314310624218e-06 9.999999999999999547e-07 1.602676932577292945e-05 1.000000000000030236e-06 9.260167080558202174e-03 6.335855139916650447e-02 9.999999999999999547e-07 1.091490987772947921e-06 2.124434875000606228e-05 6.506123982832337505e-02 9.538999858572910079e-03 2.361724882879378748e-02 1.167064680067510241e-02 3.516875871978993495e-04 7.189095907854206634e-05 4.358542019628738710e-03 4.031654170235813402e-06 8.929514273011013043e-04 9.999999999999999547e-07 5.485844287244555657e-06 1.000000000000010119e-06 1.004878120448873826e-06 9.999999999999999547e-07 6.681890896456885695e-06 5.526214291257093119e-06 1.001208177500319870e-06 1.000062855063574484e-06 1.000003119515676351e-06 3.206171567509135561e-04 1.005684053065972248e-06 5.673561361553054348e-04 7.999493998737592076e-05 8.233602279514799782e-02 1.000000000002039822e-06 1.000003096204259628e-06 7.052309365334350974e-03 2.501307117127462586e-05 1.000002269679319398e-06 1.000000000001274951e-06 5.209261708797993812e-06 1.006741429770269258e-01 3.180464548719687257e-02 1.000182464968738338e-06 8.615858298614034435e-05 4.575804330233893338e-03 1.000000082511863956e-06 6.227325316009307832e-03 1.174050083437682690e-01 1.000000008380433185e-06 1.695545134299396815e-03 4.748463742014585182e-02 6.921838770920125949e-03 9.999999999999999547e-07 1.539874108298930420e-04 9.999999999999999547e-07 1.858082281807482293e-04 1.000000000000023036e-06 5.595452388302060291e-05 7.305094522057001402e-04 1.000003004532620722e-06 1.720019035604653760e-04 2.671327404951128253e-06 9.999999999999999547e-07 2.359208750860855575e-02 7.573894421800825283e-02 9.999999999999999547e-07 1.000000000107568057e-06 1.343415073543110334e-03 1.036472563071156282e-02 2.271615318613435096e-05 1.148809455883095961e-04 1.000024298696813564e-06 9.999999999999999547e-07 1.091153024953662204e-06 8.331028955101224298e-06 1.042366893050155996e-05 2.064461797836749171e-02 3.121789432605887385e-02 3.795036923282648494e-02 9.999999999999999547e-07 4.033025295735854186e-03 1.095388557544544800e-06 9.999999999999999547e-07 1.789449200769161960e-02 3.531848434761595217e-05 1.000000919513646926e-06 9.999999999999999547e-07 1.000000000000196255e-06 1.003872541842405879e-06 2.188404981919759798e-05 1.145677790024780080e-03 3.711205395295045367e-03 5.785809422030196644e-03 3.126477809600773910e-03 4.542972256029190192e-03 3.261118954942295728e-04 1.000000000000000378e-06 1.180350327681071743e-06 5.029240902155332135e-03 3.335467692995097017e-03 1.000002245591517569e-06 1.696946765928249710e-04 9.999999999999999547e-07 2.143925621853728494e-05 4.033859520486268659e-04 3.801342225570562838e-02
3.892906667899038580e-05 3.026827446203366259e-02 8.650560120087750354e-03 2.865973221532136248e-05 5.980976749621197950e-05 6.591398995724087433e-05 1.000002058526149770e-06 1.000003527131455851e-06 6.574676258072144168e-03 1.000144987151667595e-06 9.999999999999999547e-07 1.000007595222551213e-06 7.565271310344948890e-04 1.000000000000003555e-06 9.999999999999999547e-07 9.999999999999999547e-07 2.159170181340178737e-03 1.000708930899326222e-06 3.309348203252168719e-02 2.470106585372229573e-05 1.001851130571434748e-06 5.352132865024064210e-04 2.480627630306336817e-02 1.291340670634798379e-04 1.000000000000564079e-06 1.000005223870422864e-06 1.018923845320357700e-06 9.999999999999999547e-07 1.071621441164314964e-03 3.285600112725839389e-06 9.999999999999999547e-07 1.000000001454204118e-06 9.999999999999999547e-07 2.461788147646376955e-06 1.000000000005521339e-06 6.488495664107672874e-03 6.037844490912157996e-02 9.999999999999999547e-07 1.801258957817141683e-06 7.463223031560291303e-06 6.629622400585932773e-02 7.063494301144522536e-03 2.687487432879713187e-02 1.093308466336846349e-02 3.783747416318895330e-04 2.018372251454019750e-05 2.919836936517800248e-03 3.490945754397968754e-05 3.811396747078693386e-04 9.999999999999999547e-07 1.600809183513895006e-05 9.999999999999999547e-07 1.009908917955691509e-06 1.000000000000006943e-06 6.984113401530281150e-06 1.148619389140762931e-06 2.850126840163170723e-04 1.016109208622531149e-06 1.000000466938429024e-06 4.087296955491580199e-04 1.000284668493571022e-06 5.422955948281546522e-04 1.159372738444316666e-05 8.571586235049927227e-02 1.000000000050468084e-06 1.116642720509630706e-06 7.205499820299892874e-03 3.638120134263165694e-05 1.000000000767265268e-06 9.999999999999999547e-07 3.459426933363170928e-06 1.064026160938554705e-01 2.406841404167296347e-02 1.010282182657482477e-06 1.051369082954708637e-04 3.629651499418057054e-03 1.000000009748151473e-06 5.812330574556661897e-03 1.287234803463662702e-01 1.000000000367821259e-06 1.380565357157936086e-03 4.421811324856445014e-02 5.185741770098825643e-03 9.999999999999999547e-07 2.806524610354149186e-04 9.999999999999999547e-07 2.738122398226715552e-04 9.999999999999999547e-07 3.977831778822354269e-05 6.412149580613796642e-04 1.000013269774824784e-06 3.613002660638217178e-05 7.030713781350637117e-06 9.999999999999999547e-07 2.145552420559462825e-02 8.531916137664770361e-02 9.999999999999999547e-07 1.000000000000438083e-06 1.175904437057388513e-03 8.750943619791255387e-03 2.522238717360520511e-05 1.280076965557636125e-04 1.000007928435817848e-06 9.999999999999999547e-07 1.059527916435078708e-06 2.129309002313817587e-06 4.000537659860783243e-06 2.094231229332072647e-02 2.971251713409821943e-02 4.826701252613763149e-02 9.999999999999999547e-07 5.549358966333646677e-03 1.181970940949713786e-06 9.999999999999999547e-07 1.311056320746801021e-02 1.033339636367481369e-03 1.000001688951483058e-06 9.999999999999999547e-07 1.000000000000721839e-06 1.000592620904629828e-06 1.967117612616095301e-05 6.428032636920446045e-04 2.861576008246386436e-03 7.111402329387609376e-03 1.950742182472507040e-03 2.354165581342174563e-03 3.144035617115154002e-04 1.000000000000000378e-06 1.179808271692126876e-06 5.244711200462224068e-03 2.202329600710979923e-03 1.000007001305744423e-06 6.043438815577399306e-05 9.999999999999999547e-07 1.750573538054515376e-05 6.649021037538822062e-04 3.607709166702532944e-02
6.074888776942026850e-06 3.161757566946128695e-02 7.306097401142136114e-03 6.951854463696247673e-05 2.451740205451616592e-06 1.766245665374846854e-04 1.000303164873065678e-06 1.015791032723441050e-06 2.410265057068962380e-03 1.000002846252141070e-06 1.000000000000000167e-06 1.000001181107392029e-06 1.010572444713715885e-03 1.000000000000000167e-06 9.999999999999999547e-07 9.999999999999999547e-07 1.398962103892798349e-03 1.007806385472452835e-06 3.161918582185022780e-02 1.265503233367814584e-05 1.005139131996489036e-06 8.443030052435132214e-04 2.530158449058049833e-02 3.182260990980924288e-05 1.000000000000112610e-06 1.000000035188016303e-06 1.499466081733732350e-05 9.999999999999999547e-07 1.326505540460010254e-03 1.206354629970044301e-05 9.999999999999999547e-07 1.000000041050047575e-06 9.999999999999999547e-07 5.254027646707926131e-06 1.000000000005381367e-06 6.582877478754938470e-03 6.275480404499786391e-02 9.999999999999999547e-07 1.133940356405660300e-06 4.111967259661813463e-05 6.406984270199254927e-02 8.454899192106157466e-03 2.708860459602657755e-02 1.194679889769780651e-02 4.775315476318710089e-04 5.273014049428973685e-05 3.812795733737945735e-03 3.316748271706604270e-05 1.109775592162569324e-03 9.999999999999999547e-07 1.392977059565776616e-05 9.999999999999999547e-07 1.000474645928504837e-06 1.000000000000019013e-06 1.276439790116867056e-05 1.297077923032784729e-06 1.030235252159091079e-06 1.000000000066643660e-06 1.000265161177265486e-06 2.388071464026583399e-04 1.000377361832150920e-06 5.758848006798527458e-04 4.756265498998604927e-06 8.730731182147814795e-02 1.000000000000019860e-06 1.000276721251228832e-06 8.649335738911839017e-03 2.514677656872333063e-05 1.000000003644501088e-06 1.000000000000017107e-06 2.871449181261615596e-06 1.040412934164338665e-01 2.251804140224871950e-02 1.000529728745260714e-06 9.732862642670658229e-05 5.592236456595667954e-03 1.000002535212952069e-06 6.171871499525426880e-03 1.226700025581599351e-01 1.000000000470168250e-06 1.865202002860960866e-03 5.157729736994853820e-02 8.843429049910752487e-03 9.999999999999999547e-07 2.167003644971919325e-04 9.999999999999999547e-07 2.992618942187016289e-04 9.999999999999999547e-07 2.856536007474907182e-05 7.756510412821516652e-04 1.000071726634057837e-06 9.981028039051546093e-05 3.457842052620558179e-06 9.999999999999999547e-07 2.094312038745228810e-02 8.039537382592305825e-02 1.000000000000043365e-06 1.000000000002703260e-06 1.212689489784092925e-03 1.029869340832315246e-02 9.586099710849426249e-05 3.029111519406393785e-04 1.000000288375346921e-06 9.999999999999999547e-07 1.128762125386241766e-06 1.759701237890230994e-06 1.363661061245217792e-06 2.335742859153543474e-02 3.073682338933391919e-02 4.141126199684736636e-02 9.999999999999999547e-07 7.808975431772093023e-03 1.813610605324853781e-06 9.999999999999999547e-07 1.129650673483471000e-02 9.420886180297783383e-05 1.000006059927615020e-06 9.999999999999999547e-07 1.000000000000003766e-06 1.003540720607282723e-06 5.095650260315662163e-05 1.277451152793950212e-03 2.979860049837751088e-03 6.498657304128924866e-03 2.742423135179234903e-03 2.907758905441011968e-03 4.785291947494578783e-04 9.999999999999999547e-07 1.020664674224199241e-06 4.715038102315086480e-03 1.836316325475653320e-03 1.000029044078939303e-06 1.230271983183900029e-04 1.000000000011996694e-06 9.287636993736227468e-05 5.138106745873903579e-04 3.668344298258372632e-02
1.049973867965215507e-05 2.390048456452956160e-02 1.085066427784853009e-02 3.319372904202879873e-05 6.503818375800442817e-05 1.377230925444172750e-04 1.000028093814815526e-06 1.000348447860321900e-06 2.774879396316827940e-03 1.000474197575834692e-06 9.999999999999999547e-07 1.000016661679079802e-06 1.121734916784248659e-03 1.000000000000001225e-06 9.999999999999999547e-07 9.999999999999999547e-07 1.034704668181371133e-03 1.001865637798108813e-06 2.683844451053955457e-02 1.403419678616952117e-05 1.008245065059285991e-06 8.020250639187748339e-04 2.962631579942127946e-02 4.267030135662540065e-05 1.000000000043805746e-06 1.000000244979176433e-06 1.021426059243789270e-06 9.999999999999999547e-07 1.788702463996250363e-03 4.237515538687135907e-06 9.999999999999999547e-07 1.000000050605316985e-06 9.999999999999999547e-07 4.907079786100491290e-06 1.000000007895461295e-06 4.753973431209855896e-03 6.663196749800792684e-02 9.999999999999999547e-07 2.325314042224854537e-06 2.489440241388917051e-05 7.597513775031473904e-02 6.292412756023484967e-03 2.573137976714356956e-02 1.152448411525162919e-02 3.277077959815708559e-04 1.331967041877552568e-04 3.943796095332112277e-03 2.169480111799149350e-05 5.895633637118129254e-04 9.999999999999999547e-07 7.961446404937995712e-06 9.999999999999999547e-07 9.996828196259230142e-06 9.999999999999999547e-07 1.952981736176108744e-05 1.140132618417154674e-06 1.061736901074916529e-06 1.000000001480129467e-06 1.000000647167933254e-06 2.835519460941808589e-04 1.000807525128799084e-06 4.042412092406194677e-04 3.711016417611289562e-06 8.493917706120161781e-02 1.000000000179985139e-06 1.000003032245054832e-06 1.127546172415272961e-02 1.419430652057636836e-05 1.000000001676272228e-06 1.000000000007190206e-06 2.795270717904579393e-05 1.015583650782453523e-01 2.073536478032183411e-02 1.025355294642530811e-06 5.396855042500933210e-05 4.340444625589808848e-03 1.000000003313505812e-06 4.452461158315168706e-03 1.264812584203715840e-01 1.000000004207991027e-06 9.890554004307113446e-04 4.233761248871698024e-02 6.312509655956166990e-03 9.999999999999999547e-07 2.504228930711608963e-04 9.999999999999999547e-07 2.901154600057829461e-04 9.999999999999999547e-07 6.684451241830243655e-05 1.033812192320698918e-03 1.003317156311149897e-06 7.107586026879178292e-05 4.113573455947360447e-06 9.999999999999999547e-07 2.351134207524072789e-02 8.753896475204661631e-02 1.000000000000036377e-06 1.000000000016188448e-06 7.756579034694460837e-04 8.376381809472036727e-03 4.879550652624687956e-05 3.885679950598472723e-04 1.000003252833025880e-06 9.999999999999999547e-07 1.050505828289419625e-06 5.485001718450026579e-06 1.484504916123748950e-06 2.084671162798158728e-02 3.100325026752333291e-02 3.908677774075702827e-02 9.999999999999999547e-07 6.267768796745305966e-03 1.148890010508202294e-06 9.999999999999999547e-07 1.203513793028907451e-02 2.271820522201274813e-04 1.000000479033497504e-06 9.999999999999999547e-07 1.000000000000679063e-06 1.012643809691041501e-06 1.334688337885482280e-05 1.069332213835084934e-03 3.302408904715513609e-03 6.481044717523225772e-03 2.608226642670070754e-03 1.943976653665490696e-03 3.505314883032850225e-04 1.000007271885020859e-06 1.021058839192584941e-06 4.210254462985910974e-03 2.729056826399399970e-03 1.000000579012546507e-06 3.319333478037448922e-05 9.999999999999999547e-07 3.699070496803726435e-05 3.580556889588951694e-04 4.586558063967772353e-02
3.605908202680325392e-06 3.972933591627106353e-02 9.782166177057467771e-03 1.148551929434842527e-04 2.523468461133600459e-05 1.761618635324115208e-04 1.000000099257499071e-06 1.000005309727923647e-06 3.622873048613798296e-03 1.002650797404245496e-06 9.999999999999999547e-07 1.000377156340237804e-06 8.554716857263231725e-04 1.000000000000603677e-06 9.999999999999999547e-07 9.999999999999999547e-07 1.751796358276722868e-03 1.000360169859879496e-06 2.746004455332141242e-02 4.318476103378001641e-06 1.007245994508600983e-06 7.566832846954621569e-04 2.333322599554085372e-02 6.362055028078543375e-05 1.000000000089143608e-06 1.000000362010715599e-06 1.800086197498294385e-06 9.999999999999999547e-07 1.450288086040195682e-03 4.817178018075944872e-06 9.999999999999999547e-07 1.000000088492994413e-06 9.999999999999999547e-07 1.243914243403306777e-05 1.000000000000048871e-06 6.636137865014649605e-03 6.580731666721031936e-02 9.999999999999999547e-07 1.110912099273762720e-06 5.866948935773726326e-06 6.350878150037903014e-02 9.198001615475457846e-03 2.208797222110865655e-02 8.915224608741946846e-03 4.064241998502002556e-04 2.593596657614676649e-05 3.830341058535714598e-03 8.220739804247234909e-05 7.693058859484152917e-04 9.999999999999999547e-07 7.578403874351503019e-06 1.000000000000001649e-06 1.000578154549747839e-06 1.002064399679674732e-06 5.594298179117871810e-05 6.418797575822704099e-06 1.000006342090813669e-06 1.000000035062415293e-06 1.000005348454760639e-06 1.692145180427750690e-04 1.000232302924091601e-06 5.944570943597541181e-04 3.889464727703924444e-06 8.378916956586623943e-02 1.000000000015048130e-06 1.000000000005955655e-06 9.034660672403728096e-03 1.724232511332805925e-05 1.000000000521692841e-06 9.999999999999999547e-07 1.398254280504872484e-06 1.055416283489417906e-01 3.431301951181488924e-02 1.525737004533964951e-06 1.398710276548395623e-04 3.823435684459130027e-03 1.000001824961336239e-06 5.781812017431687926e-03 1.214518839006882150e-01 1.000000001350461640e-06 1.767581196989361295e-03 4.310865331670016287e-02 6.501902423752072002e-03 9.999999999999999547e-07 3.060834840425647276e-04 9.999999999999999547e-07 2.055948266913651000e-04 1.000000000000001437e-06 8.173540452072684110e-05 3.012142952394579964e-04 2.633865027655263179e-06 3.780440906177689591e-05 4.608685771411066541e-06 9.999999999999999547e-07 1.950473848472285623e-02 8.332401579111696488e-02 9.999999999999999547e-07 1.000000000017648733e-06 1.029782796817135413e-03 1.116419283335815492e-02 5.299997014714312671e-05 5.181003940813500887e-04 1.000007616398222005e-06 9.999999999999999547e-07 1.205531402482079828e-06 6.025367549185736396e-06 2.744608983584470972e-06 2.208580372431662511e-02 2.835716139548205214e-02 4.071573607798333744e-02 9.999999999999999547e-07 5.812248618491071619e-03 1.125243295366884351e-06 9.999999999999999547e-07 1.662167495589402313e-02 3.508264394800405807e-05 1.000002439915851000e-06 9.999999999999999547e-07 1.000000000000166397e-06 1.005177649374174316e-06 2.079282289344452727e-05 1.040231812666951713e-03 3.534752819047316027e-03 6.263386477093045752e-03 2.239390295342724192e-03 4.758145955559674872e-03 3.204423063598275815e-04 9.999999999999999547e-07 1.234815654695917663e-06 4.604807253348234576e-03 2.587447628803767399e-03 1.000009366894414537e-06 1.323395805386229601e-04 9.999999999999999547e-07 2.108563164202780088e-05 2.190374195535771526e-04 3.763792276883490967e-02
4.054456547072746496e-06 2.515628987423095334e-02 1.151144708851709920e-02 5.177946741120972618e-05 4.930751796666423676e-05 1.516592379748562982e-04 1.000001347075827313e-06 1.026288220647213073e-06 3.449916376248459825e-03 1.000268165303445964e-06 9.999999999999999547e-07 1.000000136861006686e-06 7.452833893148063174e-04 1.000000000000003555e-06 9.999999999999999547e-07 9.999999999999999547e-07 1.396817956767023748e-03 1.000950388773923685e-06 2.838750167642958150e-02 2.286620646407662543e-06 1.020532142652497148e-06 9.432631916962989829e-04 2.713118443990330392e-02 8.800279515281668019e-05 1.000000002014644103e-06 1.000005920649110400e-06 2.761251216912455016e-06 9.999999999999999547e-07 2.201667485686318454e-03 6.201717222732825229e-06 9.999999999999999547e-07 1.000000000013683560e-06 9.999999999999999547e-07 2.732996933937144249e-06 1.000000107235509701e-06 5.598153795866409044e-03 6.286299041444165514e-02 9.999999999999999547e-07 5.511827009068095029e-06 2.939938334234270617e-05 6.667109384335467848e-02 7.142415699501674514e-03 2.692644054396008471e-02 1.176497328148192779e-02 2.520156791881905710e-04 2.839242726230748593e-05 3.708134556832954395e-03 2.803479137108990642e-06 4.534608311392430264e-04 9.999999999999999547e-07 9.192945595988525582e-06 9.999999999999999547e-07 1.006169115410845584e-06 1.000000585344022497e-06 1.207914603386157366e-05 4.211817331462764947e-06 4.575555966682235497e-06 1.000001504231884703e-06 1.000003588512301673e-06 3.947513117040862504e-04 1.012915911607424357e-06 4.184060210014125961e-04 3.967885966243980926e-06 8.431941232344483672e-02 1.000000000000001014e-06 1.000097463579173783e-06 1.051299126235358435e-02 1.978651868239600739e-05 1.000000014315327078e-06 1.000000000000000378e-06 3.219587997411771547e-06 1.071795967302385244e-01 1.841014568809412610e-02 1.001264504199815536e-06 8.355860764801423745e-05 6.080890717404435590e-03 1.000003416240419778e-06 6.341165856520281086e-03 1.249172123998506245e-01 1.000000000010363615e-06 1.085740636819337249e-03 5.168308313711782176e-02 7.720700952241434621e-03 9.999999999999999547e-07 1.783820094908003041e-04 9.999999999999999547e-07 2.135397085441491643e-04 1.000000000000001014e-06 4.429284004571607572e-05 9.327907462697438822e-04 1.000173569906270320e-06 4.272451960968029461e-04 3.851606989065710639e-06 9.999999999999999547e-07 2.185977699537848540e-02 8.320786981357747303e-02 1.000000000000000590e-06 1.000000000059417834e-06 8.851008065989861631e-04 1.010731891635144146e-02 2.598108760229693827e-05 1.205630221800463780e-04 1.000001258501972548e-06 9.999999999999999547e-07 1.002428860974610301e-06 1.573621210742974447e-06 1.084501725637290398e-06 1.977199882411461926e-02 4.186159734447837677e-02 3.996207488453787371e-02 9.999999999999999547e-07 5.214860364578817638e-03 1.021692729605811184e-06 9.999999999999999547e-07 8.680254216755799168e-03 2.145969747452354038e-04 1.000020368554106655e-06 9.999999999999999547e-07 1.000000000000298957e-06 1.000462392362264922e-06 1.679852658467765776e-05 1.103558178422673914e-03 3.153736939564321176e-03 1.108640372565812549e-02 2.162883787317435632e-03 2.910798363737416954e-03 4.322613064127083307e-04 9.999999999999999547e-07 1.051992994717551091e-06 3.721105877428175848e-03 1.478276462983881857e-03 1.000016822828741473e-06 1.663812211144421636e-04 9.999999999999999547e-07 2.108424011172232090e-05 8.148276687080684751e-04 3.336835252475534724e-02
2.086706983532220331e-06 3.912718050500645778e-02 1.164762171200947952e-02 3.391934529179732301e-05 3.986783919778125608e-05 1.546421650466890175e-04 1.001224689067591671e-06 1.000002071777111810e-06 4.502449208437008486e-03 1.000002726374947495e-06 9.999999999999999547e-07 1.000000000099530561e-06 8.175861176598905400e-04 9.999999999999999547e-07 9.999999999999999547e-07 9.999999999999999547e-07 1.293793083433497637e-03 1.000609577045417389e-06 2.219616313728815793e-02 2.391746183300892355e-05 1.005688809707600652e-06 4.884114392256714687e-04 2.405200489252428200e-02 7.322297154907704032e-05 1.000000000000798072e-06 1.373170593401578096e-06 1.274678711786833269e-06 9.999999999999999547e-07 2.868382625793254505e-03 3.579473719705003575e-06 9.999999999999999547e-07 1.000000000649411222e-06 9.999999999999999547e-07 2.761994025724202808e-06 1.000000000000176985e-06 5.423944335158021983e-03 6.187570241571162949e-02 9.999999999999999547e-07 1.088043461612661474e-06 1.354733318011619466e-05 6.956662255308279641e-02 1.026870642649380452e-02 2.028753509294577151e-02 9.546138587926555549e-03 3.653020015240373728e-04 1.702930379175856336e-05 3.669021948488492783e-03 8.945800560660237754e-05 4.144513756491288075e-04 9.999999999999999547e-07 1.414328613485694118e-05 9.999999999999999547e-07 1.010579127880485134e-06 9.999999999999999547e-07 1.183204455955685294e-05 1.053372909798398677e-06 1.337308170960974212e-06 1.000000000019265084e-06 1.000017146329168333e-06 4.346964134015361887e-04 1.083031543823583280e-06 5.905870201533431349e-04 9.835897849689198796e-06 7.774770440215635070e-02 1.000000000000005672e-06 1.130101564740824277e-06 1.039307582302469515e-02 2.496865843379057206e-05 1.000000001686527044e-06 1.000000000000006519e-06 7.753403352634143545e-06 1.003930826826412853e-01 3.208378593058908851e-02 1.371277848622035172e-06 1.105186752223570731e-04 3.362621633475710789e-03 1.000000547890160616e-06 6.560861526962189459e-03 1.181050365965097548e-01 1.000000000033758876e-06 1.352375976598172835e-03 4.230582993233347744e-02 6.568957664693288526e-03 9.999999999999999547e-07 2.943384908362277276e-04 9.999999999999999547e-07 2.147097885935396108e-04 1.000000000000001437e-06 5.920527224888173649e-05 6.044856724445532570e-04 1.000336443241659066e-06 2.469182169579260609e-05 1.793400997381189571e-06 9.999999999999999547e-07 2.041608767753433362e-02 8.429027843215504412e-02 1.000000000000000378e-06 1.000000000002190382e-06 1.817016341325305333e-03 8.630239523681767708e-03 1.533481133466675379e-05 3.017921358169103983e-04 1.000000000000615536e-06 9.999999999999999547e-07 1.008432259125658370e-06 1.222727793057023190e-06 3.370479691538707323e-06 1.921989052751042412e-02 4.405924237002830507e-02 4.034847380918225868e-02 9.999999999999999547e-07 5.078547044292638230e-03 2.534245207010102988e-06 9.999999999999999547e-07 1.649192535919556321e-02 4.930131409114278483e-05 1.000007306810447252e-06 9.999999999999999547e-07 1.000000000000072164e-06 1.000561718980236759e-06 1.708133383401961639e-05 1.369203202456436208e-03 2.500710727437851447e-03 1.227789987836916570e-02 2.409300379279286433e-03 3.820211409959771431e-03 2.676745707387847640e-04 1.000000000022386189e-06 1.000919074142925767e-06 6.110896316902449804e-03 2.507239084792087062e-03 1.000003264186908132e-06 1.574399466629670323e-04 1.000000000000320557e-06 1.702318327096908574e-05 6.417983423818429938e-04 3.711558338201257495e-02
3.719455939189049357e-06 3.045331400251773818e-02 7.062464148992860652e-03 5.851053719231015993e-05 2.385870619544638144e-04 2.436337961560110623e-04 1.000000970065311196e-06 1.000005910444188742e-06 4.103936123750076895e-03 1.026322376299665100e-06 9.999999999999999547e-07 1.004886087496684596e-06 1.292322180423717244e-03 1.000000000001004324e-06 9.999999999999999547e-07 9.999999999999999547e-07 1.768396233837562148e-03 1.000240485340489220e-06 3.692092227689134504e-02 1.226050201556713512e-05 1.033326769270654696e-06 9.739058747146814993e-04 2.441604289542761985e-02 9.117271754098069396e-05 1.000000000000968537e-06 1.000000636442760995e-06 1.466801162145448539e-06 9.999999999999999547e-07 1.113359573501729793e-03 5.747755686469960799e-06 9.999999999999999547e-07 1.000000000018471414e-06 9.999999999999999547e-07 1.860182536110767263e-05 1.000000074105359899e-06 7.957447254946847792e-03 5.549040255787920234e-02 9.999999999999999547e-07 3.332862466728122967e-06 3.292457296048083011e-05 6.181835120676337780e-02 9.570191838128140269e-03 2.492056009158179555e-02 1.001177916622354898e-02 4.963986319108143648e-04 7.161596742312098020e-05 4.871637590787195049e-03 3.286232068096215666e-05 6.298414793860844475e-04 9.999999999999999547e-07 9.604733958789398566e-06 9.999999999999999547e-07 1.899892564035863095e-06 1.000000000000003131e-06 1.038479675227794301e-05 1.959958036717955825e-06 9.944952337623305154e-06 1.000000001641693167e-06 1.000025385175500174e-06 1.380712237110522328e-04 1.000463799071356031e-06 4.758691271303527610e-04 7.020520948720311868e-06 9.310464791014509689e-02 1.000000256640098388e-06 1.000567092667047609e-06 8.008279188298331880e-03 3.486859113783284230e-05 1.000000097107731568e-06 1.000000000002214734e-06 5.118364153915471381e-06 9.986034005394631152e-02 2.232247462014345929e-02 1.002886271402179318e-06 1.561126525345623802e-04 6.416390916324292600e-03 1.000015189204437433e-06 5.992958662797158789e-03 1.199984356741306268e-01 1.000000047786897227e-06 1.667133196093404431e-03 5.412294827437009320e-02 8.852206165748477060e-03 9.999999999999999547e-07 2.168480047612889733e-04 9.999999999999999547e-07 1.900178584074484829e-04 9.999999999999999547e-07 3.851438260868379412e-05 5.355056949959330131e-04 1.002410523439311605e-06 7.956781023038422850e-05 6.372229519150625951e-06 9.999999999999999547e-07 2.198000368094439258e-02 8.003033063685399684e-02 1.000000000000043789e-06 1.000000041412056115e-06 7.214022124983209168e-04 9.182963728652205129e-03 1.516221326830640625e-05 5.486058293512314317e-04 1.000016574355105372e-06 9.999999999999999547e-07 1.042785674443628331e-06 1.119926243258113253e-06 3.783787954830466907e-06 2.622568248315259101e-02 2.515561881150803897e-02 4.657072329389371629e-02 9.999999999999999547e-07 3.831668493783396429e-03 1.113956101248943349e-06 9.999999999999999547e-07 1.321233202757185650e-02 4.663715399634947990e-04 1.000000837424364274e-06 9.999999999999999547e-07 1.000000000000119810e-06 1.014306061965473392e-06 2.903779331956887416e-05 8.834320029973537431e-04 5.367441848570468806e-03 4.858978832473636808e-03 2.879435174486431447e-03 3.232369167392438580e-03 8.223165872836471881e-04 9.999999999999999547e-07 1.278737505636510879e-06 5.268936840665219834e-03 3.153586366933205064e-03 1.000579097006793929e-06 2.377722074269259498e-04 1.000000000028364335e-06 1.850458584121576685e-05 4.658215966525292473e-04 3.797187203646062992e-02
4.817205517580734912e-06 2.931217198854928901e-02 1.196586491454478679e-02 8.025056238512861834e-05 1.747287996145937205e-04 1.385705865434042831e-04 1.000035726598895235e-06 1.000005178505946435e-06 2.307479164384043137e-03 1.000001390004712171e-06 9.999999999999999547e-07 1.000000291324081639e-06 1.289896090303460684e-03 9.999999999999999547e-07 9.999999999999999547e-07 9.999999999999999547e-07 1.371257243912554075e-03 1.007231626446555369e-06 2.937038471734859657e-02 3.808749954431466091e-06 1.004117583595246039e-06 1.020908123963698306e-03 2.906592618920800231e-02 5.621012493783728280e-05 1.000000000005788154e-06 1.000000066998098079e-06 2.463785236819466093e-06 9.999999999999999547e-07 3.149636580120969420e-03 7.060793622056083072e-06 1.000000000000383449e-06 1.000002253886073094e-06 9.999999999999999547e-07 4.184802393686965574e-06 1.000000000000362485e-06 5.720135266805480810e-03 5.986804116986798457e-02 9.999999999999999547e-07 1.143488283101815580e-06 2.055296222063639295e-05 6.846603746065797746e-02 8.319948650188051589e-03 2.215409716734588821e-02 1.033366986775120788e-02 5.109525308287993835e-04 4.804359522229486749e-05 3.270144123416370008e-03 1.236974503471730309e-05 6.847191919057112400e-04 9.999999999999999547e-07 1.471106385367819950e-05 9.999999999999999547e-07 1.029096415801631176e-06 1.000000018319002792e-06 4.262224930274834288e-06 1.170575370297065549e-06 1.013778339166581125e-06 1.000000074235952897e-06 1.000013571256043822e-06 3.048980147802817149e-04 1.001637007172913686e-06 3.265718520349434142e-04 6.716003412533236716e-06 8.959182135478660491e-02 1.000000000096050103e-06 1.000005029340747894e-06 1.243265546746301006e-02 3.141671660908696979e-05 1.000000884575935802e-06 9.999999999999999547e-07 3.387400783312782102e-06 9.089842783879127641e-02 2.405122144614194740e-02 1.311475698939367374e-06 1.397581384913760541e-04 5.812333663605001935e-03 1.002198047966993271e-06 7.303885321987969685e-03 1.159433416270562595e-01 1.000000045710370758e-06 1.603569371987983386e-03 4.199840835640331754e-02 7.756423974867172368e-03 9.999999999999999547e-07 4.636291404714350641e-04 9.999999999999999547e-07 4.185191068740053144e-04 1.000000000000000378e-06 6.880214933371765621e-05 5.803831511854006409e-04 1.026588983462846754e-06 6.294375310326648604e-05 2.085537881026463283e-06 9.999999999999999547e-07 2.262147704660612269e-02 8.361877077816035064e-02 1.000000000043623210e-06 1.000000000325867294e-06 1.695332308864831630e-03 8.287993019555796662e-03 1.727738635155923920e-05 1.400894870290876387e-04 1.000243813100214774e-06 9.999999999999999547e-07 1.008723679077124044e-06 3.727526574311808432e-06 1.659841852312525048e-06 2.289598064318738163e-02 4.593205154052784622e-02 4.111004068153174817e-02 9.999999999999999547e-07 4.970717592954036930e-03 1.382666448425281437e-06 9.999999999999999547e-07 1.161829925360342332e-02 1.125536393582504566e-04 1.000506292446447720e-06 9.999999999999999547e-07 1.000000000002423740e-06 1.003047399275385936e-06 3.400864984571810715e-05 1.302068615920221484e-03 3.052913107698360627e-03 1.060654731131574838e-02 2.659250464014887433e-03 3.495226908285859867e-03 5.238164861096739717e-04 1.000000000000016048e-06 1.025117215085382423e-06 5.246263785582729218e-03 2.832147182929254346e-03 1.000026029590305980e-06 1.162951273819207366e-04 1.000000000000018801e-06 3.508056600031470105e-05 7.393414001625713949e-04 3.785643423521054679e-02
3.069870869378254217e-05 3.584170548646652826e-02 8.561765292152766216e-03 4.347427350514933248e-05 9.769976161072092539e-06 1.437789921223202295e-04 1.000000949844752003e-06 1.000231694370730606e-06 3.280548585919620865e-03 1.000609639542735645e-06 9.999999999999999547e-07 1.000012541101368905e-06 7.071555524853505477e-04 9.999999999999999547e-07 9.999999999999999547e-07 9.999999999999999547e-07 2.379270811448661038e-03 1.001064962240703674e-06 2.755620568168533346e-02 2.548091201067849160e-05 1.003714864880649933e-06 6.932065379467751550e-04 2.951250072053207898e-02 8.799103074208353939e-05 1.000000000013397898e-06 1.000000082530213231e-06 1.276050026643095296e-06 9.999999999999999547e-07 1.222138499013310925e-03 5.176161607856240039e-06 1.000000000000060518e-06 1.000007707798522377e-06 9.999999999999999547e-07 1.456472205180772143e-05 1.000000000001756913e-06 5.375027803344842141e-03 6.219737831054644728e-02 9.999999999999999547e-07 1.156264443932901470e-06 1.350467318775330186e-05 6.527525869928750557e-02 9.731439113590825696e-03 2.342143903888063011e-02 1.212117769682305619e-02 3.097467258361274339e-04 4.473507960277171223e-05 2.973007008110708019e-03 2.590013859243204506e-05 8.361746320879159377e-04 9.999999999999999547e-07 5.247122450127021098e-06 9.999999999999999547e-07 1.322190133393611462e-06 1.000000000000000167e-06 2.512958463874236879e-05 1.869350696227177761e-06 1.300549212032538648e-06 1.000000017445402657e-06 1.000231808889507783e-06 1.586211930897558388e-04 1.001117575288792441e-06 2.554010099734058256e-04 2.938886075046844658e-06 8.310811228561891528e-02 1.000000000161828987e-06 1.000128638596963919e-06 8.175496009524720400e-03 8.228880497992604857e-06 1.000000001263017347e-06 1.000000000002581499e-06 1.163105418529489711e-06 1.028780795845239127e-01 2.817572502791319822e-02 1.000325193762787253e-06 1.507677315507597769e-04 4.109284076513389748e-03 1.001026426550051936e-06 5.006021856272184489e-03 1.210772031918428832e-01 1.000004127613786752e-06 1.841632280053886279e-03 4.652031669167783906e-02 6.110898638801071092e-03 9.999999999999999547e-07 7.789494390938237454e-05 9.999999999999999547e-07 2.277101233874231087e-04 9.999999999999999547e-07 7.344096435400466593e-05 4.696197517403095456e-04 1.000102401319923593e-06 5.421889882043042549e-05 1.717676215109003457e-05 9.999999999999999547e-07 2.621606498449812264e-02 8.238148644223568240e-02 1.000000051094698106e-06 1.000000000008621903e-06 1.659465424298197213e-03 1.100588901947153510e-02 3.226307085972735287e-05 5.307845111999598235e-04 1.000018680866836955e-06 9.999999999999999547e-07 1.044900281073536442e-06 1.028100429573218452e-06 1.091737058778878164e-06 2.137571919245101135e-02 2.972489329808247760e-02 4.497745916126586613e-02 9.999999999999999547e-07 5.575590837962688014e-03 1.935243701055457512e-06 9.999999999999999547e-07 1.568352556912081669e-02 4.839975837037202946e-04 1.000000651259416850e-06 9.999999999999999547e-07 1.000000000000008425e-06 1.001545243467049488e-06 1.330201579490310418e-05 6.438722853573674871e-04 2.856567067673352559e-03 6.164480160243416586e-03 2.433177999198681603e-03 3.185899921717736272e-03 3.859246755734068411e-04 9.999999999999999547e-07 1.003553180178783884e-06 4.786859987796281482e-03 1.221192016081954846e-03 1.000008034131005803e-06 1.254643802558107429e-04 9.999999999999999547e-07 2.890503128341028867e-05 6.891537407375558947e-04 3.692247406744424837e-02
3.453379766641223762e-06 2.743835878453750737e-02 8.322082103949513671e-03 6.197343513447667969e-05 7.967251750884188333e-05 3.089690598773371134e-04 1.000000212009016542e-06 1.000001365261462695e-06 5.557388288341249226e-03 1.000335951959478529e-06 9.999999999999999547e-07 1.000143964552248952e-06 5.468647525250326180e-04 1.000000000026549991e-06 9.999999999999999547e-07 9.999999999999999547e-07 1.397394360365404771e-03 1.194620928224539822e-06 3.894461173422398420e-02 2.897083576145337619e-05 1.015838013973706951e-06 5.476212569243625160e-04 2.481781066033191679e-02 2.510653663317075589e-04 1.000000000009153628e-06 1.000012314267612591e-06 1.806165715834126071e-06 9.999999999999999547e-07 1.477796318055036705e-03 9.409076169006536233e-06 1.000000000000344062e-06 1.000000000028242151e-06 9.999999999999999547e-07 1.886843984948785591e-05 9.999999999999999547e-07 1.046093607353543002e-02 5.146642649806314196e-02 9.999999999999999547e-07 1.041879604633205252e-06 1.403191842310906723e-05 5.474106907471402300e-02 1.006517147346190806e-02 2.310984874530426156e-02 1.045795708766959417e-02 6.364894431073830992e-04 6.829478517215138386e-05 5.717827383214752444e-03 4.089767352586189518e-06 7.636379403499196292e-04 9.999999999999999547e-07 9.730976211449206858e-06 9.999999999999999547e-07 1.252715550090694532e-06 9.999999999999999547e-07 4.045807837354598304e-06 1.140524775963250640e-06 1.336626552739509326e-06 1.000000001588741961e-06 1.000027423884344548e-06 3.924956586938129562e-04 1.000137937228121473e-06 6.294110966637002326e-04 8.708807960374735448e-06 9.375042873645481056e-02 1.000000000419100422e-06 1.000289296957111979e-06 1.063191129479485429e-02 4.129924871571436374e-05 1.000000022732866281e-06 9.999999999999999547e-07 1.692922918303734836e-06 9.678794440243761177e-02 2.035311126201259924e-02 1.005529030178133153e-06 9.493198476392040888e-05 6.644403079121457764e-03 1.000072184444714389e-06 7.198561899036983770e-03 1.134208782924837899e-01 1.000000000074464527e-06 2.378330175840041860e-03 5.339999856645132742e-02 7.750724698760903808e-03 9.999999999999999547e-07 2.852900290709056773e-04 9.999999999999999547e-07 2.311838071933493104e-04 1.000000000000000590e-06 6.168611278245324952e-05 1.131951049150197331e-03 1.100362908479636008e-06 4.972223250067569713e-05 1.272255089287022398e-05 9.999999999999999547e-07 2.168951363376289340e-02 7.874084412568292668e-02 1.000000032690174163e-06 1.000000000001991329e-06 1.027256934784822077e-03 1.074963680433705347e-02 2.574801410635803737e-05 1.379428707863147201e-04 1.000001386207862421e-06 9.999999999999999547e-07 1.006197236142286635e-06 6.307921591360645732e-06 3.587392727207812052e-06 3.255435200677345847e-02 2.945247632697260004e-02 4.925367809370120864e-02 9.999999999999999547e-07 4.752227198620996747e-03 1.936445232864368291e-06 9.999999999999999547e-07 1.159417570053811880e-02 1.834080745609719017e-04 1.000001199609882320e-06 9.999999999999999547e-07 1.000000000009622461e-06 1.011392498763783864e-06 2.863207802306676680e-05 1.865220972623953715e-03 4.685990908697209613e-03 6.789191654760968510e-03 4.182702478957062327e-03 5.063983813036837707e-03 4.020742549401359910e-04 9.999999999999999547e-07 1.101835054327050939e-06 8.351688144087956317e-03 2.951780698706159538e-03 1.000009140557726167e-06 2.148188160755644675e-04 9.999999999999999547e-07 3.642220651019044956e-05 3.023208909934630025e-04 3.244181156533357951e-02
9.768750514027812565e-06 2.625118408142489146e-02 1.232356959457181142e-02 5.019579041811011040e-05 1.382017037360204332e-05 4.169339922748797498e-04 1.000043938103538864e-06 1.000001407125290867e-06 5.370858840999407323e-03 1.000147637260236762e-06 9.999999999999999547e-07 1.000000847634367495e-06 7.224170601159858032e-04 1.000000000000726286e-06 9.999999999999999547e-07 9.999999999999999547e-07 1.779051068917571763e-03 1.025547713462221575e-06 3.180266336569333857e-02 5.836145458522408349e-05 1.007991664446655683e-06 1.054307986270923859e-03 2.903763612912925104e-02 7.338738901570373131e-05 1.000000000000045271e-06 1.000000260927601713e-06 1.111766591707251683e-06 9.999999999999999547e-07 2.094139740894020250e-03 5.594589163854939184e-05 9.999999999999999547e-07 1.000000005310623366e-06 9.999999999999999547e-07 8.021483578893203570e-06 1.000000000017652968e-06 6.754699865523952282e-03 5.852709896819702912e-02 9.999999999999999547e-07 1.553622632154067265e-05 1.473760733024939811e-05 6.640085049248896365e-02 7.594593517783103029e-03 2.244828861625842997e-02 1.148706784838322142e-02 2.748524524384742354e-04 2.738228903713825474e-05 3.898819830098842511e-03 1.369525955286083938e-05 5.210324732730375625e-04 9.999999999999999547e-07 7.744424217324377186e-06 9.999999999999999547e-07 1.109347512099335675e-06 9.999999999999999547e-07 9.194581090226963660e-05 3.851098375244357143e-06 1.036577273127842460e-06 1.000000000535964076e-06 1.000055727720249884e-06 3.373273077407897783e-04 1.006717044180267486e-06 4.937749224434473568e-04 1.880523700474932256e-05 9.281672227839871114e-02 1.000000000000043365e-06 1.000027994490579954e-06 1.048115939997051708e-02 1.691764768099717693e-05 1.000000049837200404e-06 1.000000000007798799e-06 2.082200560612573027e-06 8.932806736459406038e-02 2.202548337459972472e-02 1.023610374565963459e-06 1.408520732570140745e-04 4.338757732850486402e-03 1.000000069342974539e-06 6.347043292966414278e-03 1.170925352071373882e-01 1.000000000468885631e-06 1.329253775436292943e-03 5.194111870721732777e-02 7.631117319860999428e-03 9.999999999999999547e-07 2.981870757363024797e-04 9.999999999999999547e-07 4.208141580629933985e-04 1.000000000001296762e-06 1.120863260229015574e-04 4.150038419496193415e-04 1.000115368528029769e-06 1.293911192869666655e-04 2.562783545523185330e-06 9.999999999999999547e-07 2.459446095166990115e-02 8.065817453076791488e-02 1.000000000001105756e-06 1.000000000012817257e-06 8.436399456643784876e-04 1.078649226675313863e-02 3.702810363124200722e-05 2.536647412031122492e-04 1.000007358278231229e-06 9.999999999999999547e-07 1.000491906866509477e-06 7.065767406592943286e-06 1.479900014406933747e-06 2.120195690819054804e-02 4.135813419891899018e-02 4.127204634936440519e-02 9.999999999999999547e-07 7.571781802789644307e-03 1.255826583722856523e-06 9.999999999999999547e-07 1.057372669046990551e-02 4.684301527502241576e-05 1.000009637579657971e-06 9.999999999999999547e-07 1.000000000000022825e-06 1.029523342351376818e-06 1.433851188059517778e-05 1.993871957375596259e-03 3.307479631570141559e-03 1.084097048057915819e-02 2.620454408804634167e-03 2.520147136022182592e-03 2.064921828777278954e-04 1.000000000000001014e-06 1.168686052123290453e-06 5.059658068885943688e-03 2.341999244370482174e-03 1.000004909015155194e-06 8.397621511842328853e-05 1.000000000000002919e-06 2.556322933804931998e-05 1.877741332201468365e-04 3.674848040964512341e-02
1.998001078091830300e-06 3.232301501877889865e-02 9.689255676352656957e-03 8.160897084312378387e-05 9.045692640835764913e-06 1.306996515973680658e-04 1.000000690009173919e-06 1.006997669394649980e-06 5.124866306297252809e-03 1.015125215749317656e-06 9.999999999999999547e-07 1.001717980765360631e-06 8.882856282324801947e-04 1.000000000000070894e-06 9.999999999999999547e-07 9.999999999999999547e-07 1.366809908686534517e-03 1.060065351366294752e-06 3.481162621429313014e-02 4.802815547856271788e-05 1.088633769453023119e-06 7.657061131838033708e-04 2.449990984195429822e-02 6.162947213568577428e-05 1.000000000000045695e-06 1.000000031062079430e-06 1.418374452395521523e-06 9.999999999999999547e-07 1.105057769019597135e-03 1.358198889202214704e-05 9.999999999999999547e-07 1.000000050346687969e-06 9.999999999999999547e-07 3.190855988176298292e-06 1.000000000313146130e-06 9.451220065957610661e-03 5.547834827047169043e-02 9.999999999999999547e-07 1.560528327730582518e-06 2.394484107364493436e-05 5.907926540545247601e-02 1.132160916744572032e-02 2.292359395112169088e-02 9.864585127648945601e-03 3.639117592372057854e-04 5.633884139965949475e-05 4.567267162302716260e-03 1.596156322637485274e-05 1.001712421968769260e-03 9.999999999999999547e-07 1.440867235842667051e-05 9.999999999999999547e-07 1.402367224100511701e-06 1.000000000000345121e-06 3.291091061149913695e-05 1.449077324515806361e-06 1.000745164334137072e-06 1.000000043998140877e-06 1.000025231215291741e-06 2.811365936877172869e-04 1.001551579300881855e-06 1.578796390932532372e-04 3.730834427404930429e-06 9.361827454581429786e-02 1.000000000000040189e-06 1.000000017613577025e-06 6.421636179885640769e-03 4.456145489346147702e-05 1.000000476803511323e-06 1.000000000000000167e-06 6.444354543146703182e-06 1.006103284970403799e-01 2.519834185306651583e-02 5.624111002601776214e-06 6.363851240496454470e-05 6.777536664085299575e-03 1.000000153975890144e-06 6.559788469482002310e-03 1.107228680364699125e-01 1.000000000160958449e-06 2.657702919688419672e-03 5.582019555537420102e-02 6.617046342383695740e-03 9.999999999999999547e-07 3.955548469035785717e-04 9.999999999999999547e-07 2.001422786150631994e-04 9.999999999999999547e-07 8.374985209564732422e-05 9.375227675836455025e-04 1.000410208852520407e-06 3.897358710532258401e-05 2.573083478505330936e-06 9.999999999999999547e-07 2.103904956117718175e-02 7.708718734259842331e-02 1.000000000000066023e-06 1.000000001928599320e-06 1.151999283598402046e-03 1.167751532003363964e-02 2.300270641355381331e-05 4.290533604688141268e-04 1.000248108028102640e-06 9.999999999999999547e-07 1.006879873901423675e-06 1.488798832739109557e-06 3.468181385517096481e-06 2.870276332924161580e-02 2.974051601076773549e-02 4.586852401433646337e-02 9.999999999999999547e-07 5.172353004692597199e-03 1.678170690539089527e-06 9.999999999999999547e-07 1.468306697857793552e-02 6.859169540891177797e-05 1.000170174095398341e-06 9.999999999999999547e-07 1.000000000000124045e-06 1.023153834225062833e-06 5.313046260379826648e-05 1.810583404628548707e-03 2.541063409706537015e-03 7.449664592005054292e-03 3.724978603987016534e-03 3.880122754997283614e-03 5.772024809430097766e-04 1.000000000003685819e-06 1.161115923996758135e-06 5.342605071879854770e-03 2.195218806482617316e-03 1.000032730334938948e-06 1.211464737625793739e-04 9.999999999999999547e-07 2.720417064914461486e-05 9.860127386809797514e-04 3.337596764498593910e-02
7.313470488944352836e-06 2.897177340431706521e-02 1.067423544535616407e-02 5.332704296109868762e-05 2.123963588377849161e-05 1.447301406148583582e-04 1.000000007221691478e-06 1.000001625387044320e-06 5.156027342377095951e-03 1.013762933419978250e-06 9.999999999999999547e-07 1.000001737573070102e-06 5.972705484401842234e-04 1.000000000001322808e-06 9.999999999999999547e-07 9.999999999999999547e-07 2.326159351463909578e-03 1.001111488878026088e-06 2.844112234620016152e-02 1.164304568567339028e-04 1.024826992264285072e-06 6.322474610160596980e-04 2.859226515441148919e-02 3.742403233080085744e-05 1.000000000000128916e-06 1.000000111527527501e-06 3.039770341137149015e-06 9.999999999999999547e-07 2.813657796746277685e-03 5.320385502817235228e-06 1.000000000000040824e-06 1.000000028164625145e-06 9.999999999999999547e-07 1.707524454479603926e-05 1.000000000005985725e-06 9.266007552415179288e-03 6.599131296331883778e-02 9.999999999999999547e-07 1.028246038599854427e-06 6.884003773403011179e-06 7.024527967447111165e-02 7.571036217988235707e-03 2.421451327795143965e-02 1.043058813376580157e-02 3.271523133474383161e-04 3.014202150250835515e-05 4.205440232667809891e-03 1.181538428896658927e-05 2.071712852051903013e-04 9.999999999999999547e-07 8.172434442566130661e-06 9.999999999999999547e-07 5.013297900839699691e-06 1.000000000000084658e-06 7.598348962251653596e-06 1.551053846139815001e-06 1.000418634195195171e-06 1.000000002619427110e-06 1.000001470770841056e-06 4.760108969997195287e-04 1.000069111377891930e-06 7.099278595545078195e-04 2.626897974610418377e-06 7.794154881782601463e-02 1.000000000000832165e-06 1.000002199794631668e-06 1.182776596341097129e-02 5.613994701852153705e-05 1.000000003174339146e-06 9.999999999999999547e-07 3.524090299714943585e-06 9.726184593112002785e-02 2.255204711309630183e-02 1.246538921503261337e-06 7.000740648885720471e-05 4.933673441710566092e-03 1.000000065856174847e-06 5.273592840906345981e-03 1.126527448975083306e-01 1.000000001467667707e-06 1.434410870035590126e-03 4.367883536771136055e-02 7.238567047734493880e-03 9.999999999999999547e-07 1.383817833241821592e-04 9.999999999999999547e-07 3.687616089633595582e-04 9.999999999999999547e-07 5.041906067428926860e-05 9.534216666683632867e-04 3.401020792200337862e-06 1.459110523898641816e-04 2.015997376042297924e-06 9.999999999999999547e-07 2.544293470050172298e-02 8.171588281419325805e-02 1.000000000000045483e-06 1.000000000001067216e-06 1.073821591688639684e-03 1.072611785884575869e-02 6.256642421961917369e-05 5.931882914985823520e-04 1.000000007950501284e-06 9.999999999999999547e-07 1.053487450891958046e-06 1.135420917943972404e-06 1.182942025550858153e-06 2.053654963620607510e-02 3.808663933380739691e-02 4.471610878885606821e-02 9.999999999999999547e-07 7.222392835276868726e-03 1.079525162324530515e-06 9.999999999999999547e-07 1.185288703898302806e-02 4.140536578230259788e-04 1.000001135965593362e-06 9.999999999999999547e-07 1.000000000000087411e-06 1.003969853273965877e-06 2.333328561068461350e-05 8.894620235631043106e-04 3.700427318230321058e-03 8.480506201107259820e-03 4.234248634448461134e-03 3.225840746204418786e-03 5.090226096061465201e-04 9.999999999999999547e-07 1.034815262196542894e-06 5.192109696284440135e-03 2.950775241429349702e-03 1.000001030962877076e-06 2.003559411179704893e-04 1.000000000000000167e-06 1.545078027411669717e-05 7.901476793249152721e-04 3.851045292139250453e-02
1.925524886950686793e-06 3.169882945225784704e-02 7.823826639699235294e-03 5.730743101078693513e-05 7.733936222290813426e-05 2.826472082106441124e-04 1.000002034373284377e-06 1.000212769022315103e-06 5.786781251060049876e-03 1.000002017950936327e-06 9.999999999999999547e-07 1.000003531172393603e-06 6.001131990572913669e-04 9.999999999999999547e-07 9.999999999999999547e-07 9.999999999999999547e-07 2.100776832677196670e-03 1.058461599651185635e-06 3.423902599092269738e-02 8.898613063254699710e-06 1.009786365866592461e-06 6.194154550775539869e-04 2.633623581635200286e-02 1.098463235789630675e-04 1.000000000140120380e-06 1.000000031170771756e-06 1.569874860805473767e-06 9.999999999999999547e-07 1.387772338352097866e-03 5.822901376881569542e-06 1.000000000000000167e-06 1.000000956074623425e-06 9.999999999999999547e-07 5.653856750556893042e-06 1.000000000589959250e-06 1.059508064252094074e-02 6.203262698420716065e-02 9.999999999999999547e-07 1.313273032652239292e-06 1.513631383781273440e-05 6.253978208849927944e-02 8.462538107775634255e-03 2.161280989972461791e-02 1.139595657089218644e-02 4.435132998193448955e-04 6.023277341567478136e-05 4.334598904725767664e-03 1.018361954066934867e-05 6.734919808945811831e-04 9.999999999999999547e-07 9.015950637425265734e-06 9.999999999999999547e-07 1.354183845755831049e-06 1.000000000000172326e-06 4.440742626043324485e-05 3.213317311913180308e-06 1.000579643862335609e-06 1.000000017542595241e-06 1.000016767025731487e-06 3.811887951776056970e-04 1.009777698003675323e-06 2.213505366521411959e-04 8.593584494707778246e-06 8.516115330768761482e-02 1.000000000174570692e-06 1.000097587412329918e-06 1.163688259819481777e-02 1.687193304782502566e-05 1.000000005907771218e-06 9.999999999999999547e-07 5.092664453762692265e-06 1.040386515060551381e-01 2.567144160480571563e-02 1.125035876947641340e-06 1.371913056758514062e-04 5.338233490006711809e-03 1.000003341968911781e-06 6.204384724972073981e-03 1.186727343025060777e-01 1.000000000376953545e-06 1.758638838927233973e-03 4.813656713934606063e-02 7.682334105190592212e-03 9.999999999999999547e-07 9.963943891263870927e-05 9.999999999999999547e-07 2.306697796109138270e-04 1.000000000000081693e-06 7.496152228368979664e-05 2.769753086857495387e-04 1.000421740593836449e-06 4.160299586337318277e-05 4.039617622476948173e-06 9.999999999999999547e-07 2.586012082117080529e-02 8.118222552772000333e-02 1.000000000000005249e-06 1.000000000003470672e-06 9.950907138625768138e-04 1.080860509840271023e-02 1.034546699883541324e-04 4.591031811849120023e-04 1.017091600807783973e-06 9.999999999999999547e-07 1.018486864401255881e-06 1.192011781780467893e-05 1.120568679127809126e-06 2.071984166626452198e-02 2.873529475434287439e-02 4.026972973306981035e-02 9.999999999999999547e-07 4.954545125308197281e-03 1.650158146267924037e-06 9.999999999999999547e-07 1.163146194033032148e-02 2.595436175392458190e-05 1.000011615674316419e-06 9.999999999999999547e-07 1.000000000000046753e-06 1.105123033895342865e-06 2.204670524741958142e-05 9.108797501725685595e-04 4.741179817085403557e-03 5.444285697437537506e-03 3.032904673394916980e-03 3.900154022822358013e-03 4.865658346162329514e-04 1.000000000001384007e-06 1.063965350915904757e-06 6.498290619570904446e-03 2.254943993512168940e-03 1.000002948214197117e-06 7.489975354782758680e-05 9.999999999999999547e-07 3.453170186795248195e-05 4.195659118502422847e-04 3.732598148890007433e-02
8.616635921371159650e-06 3.553186846720839814e-02 7.234731535607277601e-03 6.129317339743376510e-05 4.241849200413078179e-05 4.792384124176972101e-04 1.007243483536241465e-06 1.000043524457809104e-06 3.929890647652577521e-03 1.000203328428328016e-06 9.999999999999999547e-07 1.000000719778889486e-06 1.224956391343588963e-03 1.000000000000629936e-06 9.999999999999999547e-07 9.999999999999999547e-07 7.336049109861512117e-04 1.001030437235196070e-06 3.105581632858956526e-02 4.919559073808426416e-06 1.003136597452164887e-06 6.893626777172921207e-04 2.718636265037282368e-02 4.661059833534697620e-05 1.000000000010184044e-06 1.000006041179956125e-06 1.145214908474242668e-05 9.999999999999999547e-07 1.023945668709039811e-03 4.664685319648708861e-06 1.000000000000088046e-06 1.000000001468962820e-06 9.999999999999999547e-07 1.997095305196527021e-06 1.000000000004254389e-06 5.417697139631238827e-03 5.751450228540794241e-02 9.999999999999999547e-07 1.114550019398495915e-06 1.189846026783155899e-05 6.275509527077961780e-02 1.100850450676842812e-02 2.899236811610163625e-02 1.244994339685398348e-02 3.781991186321581491e-04 3.556282705529149012e-05 4.374812995458701205e-03 3.630319648764969930e-05 1.128307521743044653e-03 9.999999999999999547e-07 6.476596284173035734e-06 9.999999999999999547e-07 1.013679404371144814e-06 1.000000000226196927e-06 2.809048065131725369e-05 1.539031556200375084e-06 1.060968826213062330e-06 1.000001316545848642e-06 1.000739107707855153e-06 7.129779713266339806e-04 1.182821067262328015e-06 1.125946509680452422e-03 4.123980749207190371e-06 8.735533432093438300e-02 1.000000000000007155e-06 1.000000652994532291e-06 8.143377068445376357e-03 7.067277239683681495e-05 1.000000001623729716e-06 9.999999999999999547e-07 1.711208622527755272e-06 9.411435183008400041e-02 2.835496341511544588e-02 1.001404223852903759e-06 1.629953398162686915e-04 5.681512875196487004e-03 1.001537928735688569e-06 7.340640167343264084e-03 1.129669765100717455e-01 1.000000000669089067e-06 2.164237463272611958e-03 4.707376720935643744e-02 9.492503088429101940e-03 9.999999999999999547e-07 2.927236809722748756e-04 9.999999999999999547e-07 3.449883322419944527e-04 9.999999999999999547e-07 8.309763171287849368e-05 6.130808179418184480e-04 1.001381133138347497e-06 1.644917894442586971e-04 6.807433025379933326e-06 9.999999999999999547e-07 2.332911640238250275e-02 8.176338809447414313e-02 1.000000000000000167e-06 1.000000000099127585e-06 1.483318334914247557e-03 9.014669888907988343e-03 3.240718824049678825e-05 2.659217633693946778e-04 7.507457536578146390e-06 9.999999999999999547e-07 1.112823454838923577e-06 1.070125410152720324e-05 4.874067861899554752e-06 2.142506503254685418e-02 3.050783155593026971e-02 4.453939362222196496e-02 9.999999999999999547e-07 8.105320207962982831e-03 1.333362528835505075e-06 9.999999999999999547e-07 1.434848383743660485e-02 6.371682067865835658e-05 1.000003004077750265e-06 9.999999999999999547e-07 1.000000000000071953e-06 1.004415582424590146e-06 3.802251391405696979e-05 1.382563761482548306e-03 3.116849359043155545e-03 7.837678419234026667e-03 3.970258303649402444e-03 4.383647277587820849e-03 4.186902135132619662e-04 1.000000000000001437e-06 1.632768031060840715e-06 5.543513082711272640e-03 2.047413624201737704e-03 1.000011706899928739e-06 1.069870169044743455e-04 9.999999999999999547e-07 1.569592457437110581e-05 2.443661206780803059e-04 3.639179428291059587e-02
6.724576408277637846e-06 2.894799982906746602e-02 1.048745970807155731e-02 5.616370636114063067e-05 8.589846423536198809e-06 4.488118289825287501e-04 1.000000068106265990e-06 1.000008324099072442e-06 5.734630964376283800e-03 1.000157787343559789e-06 9.999999999999999547e-07 1.000000835292811368e-06 7.070554291630799099e-04 1.000000000000027060e-06 9.999999999999999547e-07 9.999999999999999547e-07 8.057396286618178933e-04 1.002124529991387525e-06 2.403472465074859427e-02 5.106949885982624056e-06 1.000419486071881488e-06 7.685725242881692211e-04 2.741243338556946865e-02 7.645958663564795784e-05 1.000000003325200584e-06 1.000005917316860975e-06 1.226614609800977000e-06 9.999999999999999547e-07 2.144142606625917824e-03 6.380399894275858908e-06 1.000000000000767155e-06 1.000000007760457372e-06 9.999999999999999547e-07 1.292854592789398506e-05 1.000000000000435753e-06 6.182182965393277080e-03 6.911353859235845609e-02 9.999999999999999547e-07 2.922290957747424156e-05 1.158029025180436303e-04 7.722971348850223017e-02 6.559601558745058875e-03 1.857239495336782814e-02 8.801608366022629568e-03 3.713384184759855005e-04 1.893485428019041632e-05 2.889309988794727582e-03 6.056419615985212659e-06 7.084788090674368688e-04 9.999999999999999547e-07 8.456987173526013855e-06 9.999999999999999547e-07 8.948377063302083363e-06 9.999999999999999547e-07 2.635526270959264189e-06 2.536417104071022628e-06 1.000669602314597842e-06 1.000000000429941809e-06 1.000016912066618187e-06 2.074517330562365789e-04 1.002075561633563150e-06 1.884813791678497600e-04 1.629642392090979036e-05 8.631828658909951324e-02 1.000000000000163009e-06 1.000000090997396823e-06 9.288047098363848980e-03 1.340341746275404598e-05 1.000000017216363042e-06 9.999999999999999547e-07 4.258469900209436145e-06 1.023002472026952880e-01 2.630921821806990815e-02 1.000395663279334130e-06 1.656805025923588435e-04 4.023362190031708197e-03 1.000001430277748728e-06 4.272525447988483223e-03 1.262662792107014376e-01 1.000000011250397016e-06 1.133268531648175996e-03 4.252364430661838279e-02 5.966447603664827050e-03 9.999999999999999547e-07 7.827645652317261179e-05 9.999999999999999547e-07 4.426090645372961923e-04 9.999999999999999547e-07 4.117237803504043728e-05 4.593556728713026711e-04 1.000055135952741763e-06 8.455498738439518340e-05 6.274592396512647185e-06 9.999999999999999547e-07 2.195902550967138156e-02 8.849978361440355434e-02 1.000000000000382390e-06 1.000000000000622312e-06 9.835146627573555095e-04 8.490079072306725913e-03 4.211088785807869198e-05 3.616376946551833039e-04 1.000010263595103134e-06 9.999999999999999547e-07 1.011925427772960357e-06 1.220733583343318775e-05 9.259687620419582035e-06 1.887242726964862699e-02 3.843458678278387913e-02 4.023458510011161671e-02 9.999999999999999547e-07 5.321641336106139666e-03 1.222334850779615615e-06 9.999999999999999547e-07 1.152171876729640720e-02 5.852422742609099133e-05 1.000000640441560975e-06 9.999999999999999547e-07 1.000000000000522786e-06 1.013034614394033025e-06 1.587186516862335218e-05 1.354356990200253092e-03 2.760423677266676031e-03 8.018879561541238446e-03 1.878688992359380753e-03 3.090197813507649521e-03 3.957787971354146468e-04 9.999999999999999547e-07 1.031084757811816960e-06 4.184735509095043222e-03 1.910137049917158200e-03 1.000012324580317074e-06 1.029417391826064704e-04 9.999999999999999547e-07 6.278351579301516311e-06 1.886550834782352044e-04 3.898061449406312051e-02
2.410917314581912471e-06 2.516300565459721195e-02 1.186188132097041291e-02 2.251286286324959490e-05 1.373860423537285825e-05 2.664026987593986519e-04 1.000006686796064290e-06 1.000097976340670119e-06 4.245878726153654373e-03 1.008120565595409834e-06 9.999999999999999547e-07 1.000006690584631963e-06 4.578169862609690480e-04 1.000000000000017319e-06 9.999999999999999547e-07 9.999999999999999547e-07 1.891378662897703726e-03 1.017365824134458330e-06 2.854560557900521003e-02 9.038460075235083048e-06 1.126410439210300272e-06 5.209773380502215464e-04 3.029052643483449644e-02 3.377860831177361447e-05 1.000000000551724818e-06 1.000000004705343786e-06 1.220910776532389590e-06 9.999999999999999547e-07 1.580510887965271222e-03 6.195636718449923595e-06 9.999999999999999547e-07 1.000000000149065683e-06 9.999999999999999547e-07 3.716286403749499871e-06 1.000000000000001225e-06 7.854743118473457575e-03 6.599672142832793686e-02 9.999999999999999547e-07 1.226109626120483428e-06 1.313906487035772314e-05 7.588261981638724785e-02 6.686051087793297952e-03 2.260746184299022160e-02 1.115771277847140905e-02 4.555467162522829397e-04 4.688970956196841067e-05 3.502165481187587831e-03 1.188748194298960557e-05 3.991641677249396520e-04 9.999999999999999547e-07 8.225162198267698755e-06 9.999999999999999547e-07 1.004523513209019074e-06 1.000000000000233101e-06 1.984736038101517553e-05 1.114675441270601039e-06 1.774582185893909006e-06 1.000000011279725320e-06 1.000083986697293509e-06 5.909812789044035586e-04 1.003544110044577152e-06 8.353875041720678534e-04 3.310224534609620134e-06 7.649497439782414199e-02 1.000000000000002284e-06 1.000106686778860211e-06 8.937348577069214803e-03 1.449364298519125072e-05 1.000000003326353608e-06 9.999999999999999547e-07 1.985589124388659406e-06 1.039598360903220414e-01 2.194221273332770672e-02 1.000160947930216954e-06 7.110573528368794433e-05 5.214379259099314809e-03 1.000000959393489730e-06 6.014903264803257710e-03 1.212440520548632716e-01 1.000000000004285306e-06 1.182071534118253348e-03 4.019228533149733773e-02 6.435311590743064691e-03 9.999999999999999547e-07 8.600146814724286002e-05 9.999999999999999547e-07 1.400307269055499663e-04 1.000000000000010119e-06 3.626291929588804281e-05 2.514168339657723824e-04 1.003130875695109390e-06 2.927831377550306003e-04 5.063873499786597598e-06 9.999999999999999547e-07 2.470422581642821303e-02 9.015782557450624513e-02 1.000000000000797436e-06 1.000000000143429950e-06 4.604510370877736751e-04 9.746169936855531360e-03 2.029608551898754527e-05 8.418868454783356677e-05 2.448709251660045922e-06 9.999999999999999547e-07 1.028945370085483887e-06 2.936396406816258129e-05 1.146171401856207213e-06 2.181996833556070631e-02 4.071044222175123489e-02 4.082016702663748831e-02 9.999999999999999547e-07 5.273212517719080492e-03 1.606636760050973958e-06 9.999999999999999547e-07 1.029173507531654271e-02 2.087139691689571025e-04 1.000022118648779523e-06 9.999999999999999547e-07 1.000000000076599474e-06 1.003087905008203979e-06 2.236013535426866248e-05 8.631137757855376859e-04 3.595968504090707712e-03 9.149836904976801563e-03 2.331713866973976999e-03 2.418043274144823090e-03 3.639473003895439041e-04 1.000000000001242340e-06 1.265051457018984715e-06 5.668780832631100351e-03 1.741758230779751797e-03 1.000004337684087436e-06 4.219566686385120948e-04 9.999999999999999547e-07 2.484438686208359504e-05 1.646543360121186276e-04 3.547751442205844541e-02
4.504985535512961252e-06 2.957314374088904421e-02 1.017790840700491008e-02 4.410780949561232943e-05 8.538809262179787552e-05 4.048017853729266751e-04 1.000000075224056006e-06 1.000001238809215254e-06 3.689208759264751575e-03 1.000177443404169595e-06 9.999999999999999547e-07 1.000000034083556702e-06 1.136712083466340185e-03 1.000000000000056918e-06 9.999999999999999547e-07 9.999999999999999547e-07 1.361787209914369461e-03 1.000112510611506357e-06 2.481107345761360619e-02 1.459693762278053943e-05 1.011809179137230500e-06 7.796638775580179989e-04 2.303297278212345159e-02 6.526625602079775071e-05 1.000000000000009060e-06 1.000000115595557813e-06 4.835560515049965566e-06 9.999999999999999547e-07 2.047339527034066145e-03 5.445387959147917827e-06 1.000000000000000802e-06 1.000000052283282478e-06 9.999999999999999547e-07 1.374819797961947533e-05 1.000000000000016895e-06 5.804165810003985779e-03 6.565098970562305292e-02 9.999999999999999547e-07 1.449373437112101993e-06 1.096405515764332708e-05 6.641142119798522370e-02 6.880010930982140109e-03 2.657530639770791514e-02 9.433898264655281654e-03 3.065524006906635663e-04 4.814366535763777002e-05 3.984524218787919778e-03 2.800160446320935468e-06 5.371479504876947074e-04 9.999999999999999547e-07 2.128273504449151800e-05 9.999999999999999547e-07 1.097956678153795229e-06 1.000000000000002284e-06 7.943833939732070722e-05 2.332883979591556108e-06 1.028619475863702777e-06 1.000000006897342446e-06 1.000000288621608410e-06 2.625282926219458710e-04 1.003809160982662838e-06 4.198562842099316577e-04 2.718543405155822665e-05 8.855873160166284619e-02 1.000000000000091011e-06 1.001720392951625785e-06 1.034368517854711463e-02 7.808115021755777010e-06 1.000000003244379876e-06 1.000000002086961235e-06 1.079707859796983717e-06 1.037618297302400072e-01 2.548724431605344648e-02 1.000836057915823720e-06 9.171080629129130268e-05 4.279103705895698911e-03 1.000000142583873409e-06 6.861225997759706763e-03 1.211721745166364633e-01 1.000000000030154751e-06 1.112193206582748556e-03 4.420322871096475648e-02 6.742503732235185197e-03 9.999999999999999547e-07 1.277821726352519637e-04 9.999999999999999547e-07 5.595357488751528637e-04 9.999999999999999547e-07 7.632181324334295078e-05 3.119045219672485583e-04 1.005908751363325738e-06 1.612189465748366344e-04 1.032144482982527761e-05 9.999999999999999547e-07 1.954880856346735696e-02 8.311721867434501698e-02 1.000000000000075129e-06 1.000000000002418869e-06 1.283455147615832938e-03 1.073410531682369475e-02 2.287231220450731023e-05 1.875485771384865791e-04 1.014014236788828998e-06 9.999999999999999547e-07 1.010882216026394607e-06 4.824947471689881845e-05 2.270041331835231805e-05 2.002053528166710880e-02 3.433201723668561495e-02 4.515234883346357780e-02 9.999999999999999547e-07 5.265655043097521373e-03 1.179908276354140321e-06 9.999999999999999547e-07 1.246173265454949067e-02 1.245980653550399990e-04 1.000000666060717904e-06 9.999999999999999547e-07 1.000000000000001861e-06 1.011651683729202988e-06 2.447699211445414900e-05 1.063260882873247500e-03 4.000531900361000044e-03 7.617296077287365706e-03 2.139080577946656046e-03 4.352886428190178014e-03 2.664315441029056048e-04 1.000000000003563211e-06 1.402254188674383014e-06 8.828239093313903357e-03 2.982820615977465825e-03 1.000001881006504685e-06 3.154000284292611924e-04 9.999999999999999547e-07 2.563221086604596278e-05 6.528550118710846643e-04 3.790936644496373936e-02
9.610945947042862070e-06 3.136261321575492533e-02 7.410659453159267919e-03 4.694514379497295703e-05 5.634741351970265266e-05 1.300492278729381307e-04 1.000439317527226117e-06 1.000008863481882785e-06 2.894789135926393881e-03 1.001109096854297312e-06 9.999999999999999547e-07 1.000000071355700793e-06 7.243945569715366578e-04 1.000000000000005037e-06 9.999999999999999547e-07 9.999999999999999547e-07 1.747242165713516890e-03 1.007652400891591563e-06 2.601073682556309316e-02 1.205764005460500281e-05 1.000630153898782220e-06 6.868623799335527155e-04 2.714288913251065513e-02 7.164095907066493846e-05 1.000000000001459604e-06 1.000002223358003212e-06 1.278820161826738581e-06 9.999999999999999547e-07 1.256673335516867362e-03 8.581243500812879660e-06 9.999999999999999547e-07 1.000002520853590455e-06 9.999999999999999547e-07 5.564889499686573559e-06 1.000000000000394460e-06 5.425353341310625542e-03 6.663084655205110673e-02 9.999999999999999547e-07 4.779725360779968944e-06 2.143396427696083066e-05 6.858665989978644795e-02 7.020945860734305669e-03 2.750459956627594738e-02 1.248186963998484424e-02 3.722436283339241908e-04 2.274734615005219226e-05 3.597754956143963800e-03 1.704517341164151574e-05 4.274462957384351515e-04 9.999999999999999547e-07 9.674855217185322312e-06 9.999999999999999547e-07 1.020366975060567894e-06 1.000000000000000378e-06 2.623198047141301299e-05 1.911622630407453101e-06 1.318048610847086589e-06 1.000000009814366791e-06 1.000001691879776542e-06 3.005202734669323969e-04 1.064492827265792860e-06 4.596722256071298740e-04 1.094194879162541765e-05 8.497229174177356459e-02 1.000000000042757754e-06 1.115316910837940126e-06 7.710118511246664974e-03 2.794697860673681696e-05 1.000000000649237580e-06 9.999999999999999547e-07 2.257148241675941540e-06 1.124889671967218702e-01 2.570358187318623130e-02 1.021690083277852451e-06 1.696960586292056803e-04 3.988278247206382583e-03 1.000000210987164042e-06 4.519400904079798678e-03 1.248186119324630750e-01 1.000012361007600010e-06 1.074247260421403805e-03 4.337145112562117849e-02 6.214179804760121620e-03 9.999999999999999547e-07 2.668475553091279062e-04 9.999999999999999547e-07 3.335446095017683549e-04 1.000000000000934020e-06 1.141724150129051627e-04 1.009810221045724134e-03 1.000023391502888963e-06 6.246089836048969880e-05 1.913570274891375694e-06 9.999999999999999547e-07 2.476068649880077549e-02 8.078497244010983402e-02 9.999999999999999547e-07 1.000000000006413476e-06 1.222888959309387236e-03 1.050892455182403894e-02 5.198416090096501225e-05 7.509497860290996604e-04 1.000041985848870692e-06 9.999999999999999547e-07 1.002591262176002652e-06 2.174106197732616499e-05 5.694223937292426473e-05 1.770678921950559481e-02 2.790371721035507513e-02 4.396940553449774081e-02 9.999999999999999547e-07 7.625718253260565377e-03 1.040739865531405099e-06 1.000000152750473603e-06 1.280643197896287437e-02 7.446516455289133192e-05 1.000003503021799514e-06 9.999999999999999547e-07 1.000000000000007366e-06 1.037733799591605853e-06 2.100652357461469915e-05 9.703689253701696955e-04 1.941311152015503735e-03 6.080198253752974562e-03 1.950889003511663104e-03 3.022291991292926517e-03 3.595232226317590500e-04 9.999999999999999547e-07 1.006771419941565444e-06 6.309238651023893647e-03 2.227271509693661694e-03 1.000007306895113066e-06 6.636304231624623874e-05 1.000000000000075552e-06 4.914374972841259914e-05 9.331568080533688813e-04 3.855458902787985143e-02
6.266594052563617716e-06 3.047198027562407485e-02 1.099978784112131888e-02 5.145888461732406208e-05 3.409582294708105688e-05 2.509169775304846261e-04 1.000000001210958490e-06 1.000003208860453494e-06 5.293636594382928294e-03 1.000003850602928796e-06 9.999999999999999547e-07 1.000000105679034568e-06 9.732892646229835852e-04 1.000000000000001225e-06 9.999999999999999547e-07 9.999999999999999547e-07 6.952583008950728857e-04 1.003269598991629340e-06 2.632830460967520297e-02 2.271405207653688944e-05 1.001294975659772950e-06 7.527625125633045445e-04 2.602624384732683469e-02 3.312816162814695431e-05 1.000000000015476517e-06 1.000000002239729768e-06 2.369823092177229436e-06 9.999999999999999547e-07 3.553611791828860215e-03 4.316701660020069798e-06 1.000000000000000167e-06 1.000008657204907346e-06 9.999999999999999547e-07 9.980963950088566310e-06 1.000000000005970902e-06 6.851767028856055493e-03 6.344636361309705097e-02 9.999999999999999547e-07 1.037019249643385507e-06 1.275441659765073325e-05 7.147110503212147914e-02 8.532136851941958880e-03 2.649608171930996695e-02 9.743656874425346212e-03 3.461790232572478599e-04 1.661806021406296867e-04 3.664894374219249042e-03 1.354373101157528823e-05 4.955731168420693519e-04 9.999999999999999547e-07 6.219431477831334731e-06 9.999999999999999547e-07 1.553324110372646238e-06 9.999999999999999547e-07 1.199921145303810142e-05 1.110144566771421340e-06 1.161623932614928150e-06 1.000000489291631678e-06 1.000002451855876664e-06 1.527652511464038497e-04 1.013715123431936661e-06 2.855666948399086563e-04 3.131047084800074584e-06 7.820402997295773651e-02 1.000000000000984419e-06 1.000010661259946135e-06 7.563143701741100594e-03 1.730602009250750871e-05 1.000000001187007998e-06 1.000000000000233948e-06 1.067521604349029417e-06 1.010142301212520188e-01 2.529377571153488755e-02 1.002954482283736367e-06 5.111136930651788120e-05 4.284853842815401596e-03 1.000000540769909546e-06 5.743021209658464264e-03 1.165617078061415568e-01 1.000000001946232640e-06 1.527923149471603539e-03 4.518424638274543687e-02 6.793854590355380245e-03 9.999999999999999547e-07 1.583237529248610303e-04 9.999999999999999547e-07 1.548210178420253837e-04 9.999999999999999547e-07 6.487377328891289754e-05 2.630510869442210685e-04 1.000597636417161080e-06 3.768857769526520301e-05 2.911801057595007330e-06 9.999999999999999547e-07 2.075021893683731342e-02 8.484059725988733758e-02 1.000000000002272121e-06 1.000000000004631743e-06 1.022507463506010890e-03 1.162841000450807322e-02 2.171395097490071811e-05 2.343622796035047407e-04 1.000000168985330910e-06 9.999999999999999547e-07 1.037540874340767343e-06 1.104549664986920782e-06 3.172132553758749067e-05 2.221262228404078179e-02 4.132431418247826255e-02 4.449411796428308363e-02 9.999999999999999547e-07 5.218867374137328187e-03 1.120550554564828790e-06 9.999999999999999547e-07 1.261311867436392710e-02 2.502617327341956333e-04 1.000001223842500312e-06 9.999999999999999547e-07 1.000000000073563707e-06 1.001813117536800486e-06 2.712192171115981561e-05 8.911999570588409946e-04 2.370211709127196305e-03 9.616119738668264805e-03 2.657377786236961217e-03 3.412509960814891392e-03 3.804520623386514755e-04 1.000000032646341690e-06 1.304184628792868025e-06 4.537877873427876955e-03 1.490147117331506749e-03 1.000004537514708677e-06 1.166943284937514512e-04 9.999999999999999547e-07 3.097089972254171215e-05 1.045489261535000177e-03 3.872755888334231122e-02
1.617969974538176420e-05 2.649493956692794416e-02 1.029107183049073060e-02 6.451481016271980141e-05 3.883360141134936346e-05 3.393549027378428562e-04 1.000265119691773051e-06 1.000080922339129759e-06 4.315974259375785806e-03 1.000000598373468903e-06 9.999999999999999547e-07 1.000004950180918526e-06 6.096234867740746083e-04 1.000000000000143739e-06 9.999999999999999547e-07 9.999999999999999547e-07 1.291402514921108878e-03 1.000825780405525640e-06 2.833260734927098984e-02 6.801877787698245724e-05 1.001460514253899801e-06 7.768593250653998061e-04 2.686665357664635642e-02 1.777179316930622250e-04 1.000000000001607200e-06 1.000000652726547160e-06 1.133327027874276187e-06 9.999999999999999547e-07 1.831202395582796644e-03 4.584341154884433990e-06 9.999999999999999547e-07 1.000000000000147127e-06 9.999999999999999547e-07 3.017549195677650243e-06 1.000000000000107951e-06 7.311194848146016119e-03 7.435571701596138672e-02 9.999999999999999547e-07 1.935966096544673542e-06 1.121665117629816452e-05 7.503118825481149001e-02 5.673618118716051810e-03 2.401471805068459281e-02 9.241207524350586802e-03 2.518450745170765898e-04 1.750030494178089069e-05 3.214898517626212180e-03 3.388068933215537690e-05 6.347838598638871075e-04 9.999999999999999547e-07 8.490032653650442316e-06 1.000000000000002496e-06 9.556446679588954842e-06 1.000000000000000590e-06 2.974636338195720437e-05 1.240387842850333158e-06 1.150189259685592825e-06 1.000000023647526763e-06 1.000001258009597378e-06 8.890949277736062272e-05 1.000251536074881670e-06 4.471165014961171009e-04 2.160423232205479701e-06 8.209902892082679426e-02 1.000000000000034471e-06 1.110950267553094880e-06 1.066253415241898324e-02 9.446592050386605390e-06 1.000000001130828115e-06 9.999999999999999547e-07 1.887588178673568261e-06 1.030478584213177368e-01 2.473711815008667117e-02 1.001400277429925660e-06 1.065417360568957268e-04 3.238915927620627643e-03 1.000200595605003775e-06 5.733381270149863485e-03 1.285109257783412784e-01 1.000000000373045758e-06 9.258222376226078699e-04 4.198494523943600149e-02 6.585747768730066884e-03 9.999999999999999547e-07 1.449689206243707216e-04 9.999999999999999547e-07 4.692203920974428490e-04 9.999999999999999547e-07 8.686265153222622395e-05 5.676356467489768924e-04 1.000778119403953769e-06 5.699752656442876172e-05 7.910799822483995599e-06 9.999999999999999547e-07 2.137997939377405884e-02 8.593437810082232842e-02 9.999999999999999547e-07 1.000000000000061153e-06 5.963281221781397030e-04 1.004869677040060028e-02 1.047616519308438652e-05 4.899535177448447213e-04 1.000000132094135652e-06 9.999999999999999547e-07 1.002019571315391289e-06 5.923972064076555515e-06 1.373383636516128122e-05 1.911883846467510653e-02 3.333321232922759059e-02 3.952624152117527323e-02 9.999999999999999547e-07 4.899571475461429043e-03 1.150604400615367444e-06 9.999999999999999547e-07 1.036255943546052737e-02 4.874553872943743877e-05 1.000000707271455086e-06 9.999999999999999547e-07 1.000000000095547177e-06 1.001287027768554819e-06 2.302490881419171022e-05 1.287831988138070632e-03 2.624155273837031153e-03 7.973838088818041916e-03 2.794193505797615967e-03 2.770042501064250758e-03 4.098818212578873399e-04 1.000000000000000378e-06 1.017415604277195187e-06 4.357799017232376858e-03 2.113836849761508568e-03 1.000009968954713396e-06 1.744526709517848432e-04 9.999999999999999547e-07 1.370643589546878196e-05 4.053802642676575057e-04 3.848441679302779667e-02
1.967513766605958616e-05 3.213482768245064236e-02 9.019608205545094973e-03 3.445382610959067768e-05 6.758182112285213207e-06 2.971464929736786198e-04 1.000002205229198446e-06 1.000001970202153631e-06 4.941266669737729399e-03 1.000359165482816172e-06 9.999999999999999547e-07 1.000000000165231942e-06 9.688448228698450264e-04 1.000000000000005884e-06 9.999999999999999547e-07 9.999999999999999547e-07 1.126237810917781260e-03 1.004137522737012051e-06 2.882970700397184671e-02 3.994431765408436916e-06 1.002864487986214217e-06 9.274760977259387728e-04 3.121310043408499074e-02 4.265656369336349096e-05 1.000000000000010754e-06 1.000000528036345724e-06 1.614782007924209334e-06 9.999999999999999547e-07 1.478792650734174919e-03 9.559503758481323075e-06 9.999999999999999547e-07 1.000000002488648187e-06 9.999999999999999547e-07 1.482110119743043786e-05 1.000000000000067082e-06 6.963628596454236180e-03 6.553355348099751398e-02 9.999999999999999547e-07 1.388951564907248747e-06 3.048363594095235998e-05 7.274788510335820912e-02 7.791103942262677350e-03 2.525197296977930300e-02 1.423709079147955116e-02 3.333822067977413803e-04 2.682679423642420110e-05 3.552532092936386190e-03 1.248097535313862824e-05 6.634351518544097772e-04 9.999999999999999547e-07 3.559409169949824672e-05 9.999999999999999547e-07 1.995409945965020783e-06 1.000099536218353209e-06 1.121156569814939059e-05 1.144399035995262863e-06 1.460257948165270470e-06 1.000000088309333106e-06 1.000001896767248006e-06 6.970900182271517033e-04 1.000379712666687645e-06 2.800074814267616060e-04 5.323576400524997048e-06 7.938768244443895894e-02 1.000000000000022825e-06 1.061633924552447545e-06 7.258361674396379519e-03 1.030313959458949674e-05 1.000000003737458931e-06 9.999999999999999547e-07 1.268815936578576007e-05 9.895592900451256890e-02 2.863123285322985781e-02 1.000442259111712283e-06 1.166090505876651005e-04 4.177190309947779144e-03 1.004545492516086307e-06 5.398443836470105152e-03 1.153394994784374683e-01 1.000003188748557193e-06 1.395639920363395906e-03 4.566834189443929465e-02 5.097035179149173555e-03 9.999999999999999547e-07 1.880744196836645727e-04 9.999999999999999547e-07 3.413171904737232723e-04 9.999999999999999547e-07 5.676308935331163377e-05 9.492247062771423790e-04 1.007164216987759922e-06 2.999332363324328746e-05 3.431029704852902062e-06 9.999999999999999547e-07 2.442557533353111737e-02 8.335387808960167955e-02 1.000000000000003978e-06 1.000000000002742012e-06 1.674431545542714181e-03 9.696435194944440575e-03 2.178976158263016532e-05 3.392184358125329975e-04 1.000070723372188351e-06 9.999999999999999547e-07 1.017009967898440659e-06 1.043656361488915938e-06 1.073718321212412629e-06 1.788394515349250521e-02 3.224814767133175886e-02 3.971385825837241146e-02 9.999999999999999547e-07 5.427299691417910785e-03 1.956385418744287704e-06 9.999999999999999547e-07 1.282247603812791854e-02 1.588154843006732442e-04 1.000006104334867562e-06 9.999999999999999547e-07 1.000000000006547096e-06 1.000960041550109175e-06 2.351385684384734606e-05 1.554125892696650709e-03 3.134079676489145636e-03 7.619293071677303054e-03 2.433928616683596249e-03 3.689650232545800806e-03 3.516497447904322294e-04 1.000000000000000167e-06 1.040132468845530777e-06 6.080335501176543922e-03 2.943356161331796717e-03 1.000062520471894501e-06 9.164715385111592771e-05 1.000000000000000590e-06 1.507714438449560246e-05 4.549507333479127502e-04 4.165641432121428706e-02
4.782965534730783081e-06 3.277017214695614883e-02 7.014990728330366097e-03 3.861728920217755249e-05 1.833658738085156741e-05 2.183943397818167878e-04 1.000000669292485293e-06 1.000059878133386623e-06 2.680111836975818725e-03 1.000030341065523301e-06 9.999999999999999547e-07 1.010365752973912087e-06 7.338819731054484641e-04 1.000000000000002496e-06 9.999999999999999547e-07 9.999999999999999547e-07 1.039668067901413978e-03 1.005513728864057865e-06 3.026547763450416345e-02 7.324600191798418855e-06 1.033591987825821324e-06 5.993334772652027980e-04 2.982374878346629593e-02 5.539890450317005614e-05 1.000000000000483187e-06 1.000000005922125673e-06 2.922280000417119932e-06 9.999999999999999547e-07 1.544150099946355872e-03 1.207596184539705650e-05 9.999999999999999547e-07 1.000000004814234742e-06 9.999999999999999547e-07 9.195729698415817631e-06 1.000000000036237507e-06 6.871830346689576131e-03 6.042040748198128364e-02 9.999999999999999547e-07 1.246091678972634283e-06 1.388574184453841019e-05 6.848732997281338497e-02 6.587787681479857251e-03 2.223887011901694646e-02 1.269701230518738636e-02 2.623799903806616255e-04 1.993564742571030040e-05 2.668358565212079845e-03 1.645002229772977184e-04 9.660837395782264194e-04 9.999999999999999547e-07 5.592320140928395137e-06 9.999999999999999547e-07 3.194363371419203035e-06 9.999999999999999547e-07 4.726470287326822793e-05 4.934424717164913412e-06 1.013211582421636669e-06 1.000000000438563757e-06 1.000000256855215534e-06 5.552384349664217121e-04 1.004986556672642894e-06 2.652746305116664995e-04 1.149000139804479649e-05 9.015015668603232335e-02 1.000000000000016260e-06 1.000000091952764861e-06 7.473089855083710036e-03 1.286872236942352607e-05 1.000000000280812341e-06 9.999999999999999547e-07 1.245305832632202463e-06 1.012804511763612247e-01 2.889223035960158253e-02 1.005757812969093603e-06 1.028872603336868649e-04 3.760276805049049455e-03 1.000000371385973780e-06 5.083455405684073752e-03 1.278717651063921712e-01 1.000000000071265919e-06 1.105300508772033650e-03 4.221312702844136344e-02 5.215951287644113310e-03 9.999999999999999547e-07 1.629883714611817251e-04 9.999999999999999547e-07 3.813178687685832725e-04 1.000000000000001437e-06 1.077178959902211434e-04 5.803724925069483160e-04 1.000005109683575241e-06 2.140249912183703998e-04 2.532606955192745772e-06 9.999999999999999547e-07 2.412682886713565442e-02 8.517305031914515490e-02 1.000000000000009484e-06 1.000000000000006096e-06 1.030657506400670890e-03 9.936242211607654654e-03 2.464109153836273241e-05 3.873716525790286990e-04 1.000018521314186026e-06 9.999999999999999547e-07 1.009079162769211806e-06 4.774194890295721073e-06 2.431099815078807279e-06 2.174131240160512638e-02 3.138822543245402275e-02 4.218075652501920153e-02 9.999999999999999547e-07 5.455499832431548977e-03 1.350360166994471681e-06 9.999999999999999547e-07 1.146449381476092634e-02 7.607127836756209826e-05 1.000000194546573867e-06 9.999999999999999547e-07 1.000000000000001014e-06 1.004304410427051535e-06 1.424080646192163932e-05 1.047148999571859227e-03 2.314088775930470653e-03 6.523792022115676957e-03 3.314388464697273860e-03 3.226587918401742621e-03 4.152514855479065678e-04 9.999999999999999547e-07 1.305657806026411641e-06 5.537440315059944523e-03 3.024121296848973194e-03 1.000007824131633751e-06 6.496376170543838270e-04 1.000000000033236045e-06 2.108446509415544591e-05 3.570542106416609474e-04 3.690310451725311441e-02
5.337440579767296499e-06 3.726571593990474218e-02 8.262014310481973281e-03 4.355011577293617473e-05 3.338073421231120373e-05 2.578728804356941588e-04 1.000000055473001034e-06 1.000003425254993331e-06 4.581276357048974165e-03 1.000034911867162542e-06 9.999999999999999547e-07 1.000001990771700140e-06 1.709379769589251721e-03 1.000000000006024688e-06 9.999999999999999547e-07 9.999999999999999547e-07 7.896751258603410201e-04 1.002484341283461678e-06 2.910285116392584762e-02 3.733539814329508739e-05 1.000794834280265324e-06 7.364197153532924282e-04 2.744011322682538348e-02 4.632201494810064710e-05 1.000000000000011178e-06 1.000000297126003430e-06 1.477268105360664141e-06 9.999999999999999547e-07 1.297870465427988264e-03 1.091538623974747384e-05 1.000070529409078685e-06 1.010915593990964654e-06 9.999999999999999547e-07 7.183606321625487758e-06 1.000000000173074409e-06 6.702043163353447498e-03 6.616465733139123562e-02 9.999999999999999547e-07 3.340356117039886971e-06 5.670178282876364147e-06 6.836577331565858728e-02 7.986830455345296509e-03 2.065552318453444530e-02 1.053491456281172890e-02 4.215061369038824220e-04 2.955307082246959617e-05 2.920588108389923776e-03 3.008677332322682312e-06 4.981024687700244752e-04 9.999999999999999547e-07 6.655935293787884743e-06 9.999999999999999547e-07 1.115020027578917830e-06 1.000000000000002496e-06 1.458660847698550173e-05 8.621600588694385518e-06 1.006145816773930572e-06 1.000000019661514227e-06 1.000005945493544102e-06 1.042705186421098392e-04 1.001697693014504247e-06 2.877840590056051110e-04 5.987415843342095038e-06 8.183670181240397523e-02 1.000000000000037224e-06 1.000028234146158170e-06 7.330230924867156030e-03 1.721606102888004170e-05 1.000000002795628809e-06 9.999999999999999547e-07 7.864105450549921622e-06 1.088172255495611362e-01 3.183530583113472479e-02 1.006077258277271444e-06 1.534204349044203158e-04 4.125454347369454135e-03 1.000049616135246751e-06 5.438434273854678321e-03 1.267417482134062523e-01 1.000000018723407662e-06 1.363145403182611497e-03 4.495261816282990208e-02 5.984174553681394226e-03 9.999999999999999547e-07 1.865091427379700839e-04 9.999999999999999547e-07 2.972762268371698341e-04 9.999999999999999547e-07 7.704352824993610405e-05 4.893927210218163145e-04 1.005029539888460074e-06 2.461229470617931777e-04 2.684980051776652422e-06 9.999999999999999547e-07 2.300119449794648524e-02 8.113490291320989145e-02 1.000000000006843134e-06 1.000000000121882278e-06 1.373318552200559692e-03 1.026032704789509552e-02 3.755231967572269012e-05 4.173710504868557297e-04 1.000009674100949917e-06 9.999999999999999547e-07 2.425625429087920681e-06 5.083805796985000840e-06 2.227083154684615135e-06 1.816579005416312648e-02 2.947712294684301168e-02 3.885304291451314312e-02 9.999999999999999547e-07 6.869409049093911160e-03 1.643947963754750054e-06 9.999999999999999547e-07 1.311369848360486971e-02 6.102286077227972693e-05 1.000000243953323183e-06 9.999999999999999547e-07 1.000000000000016684e-06 1.001126668476013036e-06 2.408511671317001981e-05 1.102298670268351925e-03 2.440974886939159105e-03 6.012697179966935458e-03 2.028401315147327060e-03 4.392470601630272392e-03 2.613193545554906897e-04 1.000000000000000167e-06 1.155559666431373775e-06 6.159561526505814670e-03 2.316890650355324984e-03 1.000006828909918738e-06 2.686114632856102130e-04 1.000000000008807192e-06 1.671394615157692387e-05 3.320884047019047693e-04 3.570177138141947953e-02
1.308715307872408111e-05 3.296549707674575891e-02 9.789213138840265407e-03 3.562098953623133753e-05 1.559860717859664877e-04 4.336496153798864608e-04 1.000755858024797928e-06 1.000000986791468576e-06 3.959191414065309743e-03 1.000160724555284740e-06 9.999999999999999547e-07 1.000000543144515380e-06 1.067873174698604323e-03 1.000000104850405953e-06 9.999999999999999547e-07 9.999999999999999547e-07 1.554912191896188050e-03 1.003251004268839287e-06 2.574242267109132232e-02 1.490563792080271658e-05 1.136134980705524085e-06 8.896015553341312830e-04 3.001530264092822087e-02 1.268405515691140842e-04 1.000000000000008637e-06 1.000000005407169664e-06 1.139820349265323641e-06 9.999999999999999547e-07 1.579548220329347278e-03 4.607232627279386614e-06 9.999999999999999547e-07 1.000000195602217053e-06 9.999999999999999547e-07 5.225995511485631033e-06 1.000000001157008844e-06 5.605125249837084045e-03 6.422630986945772336e-02 9.999999999999999547e-07 1.573933871157506649e-06 9.595213374586969765e-06 7.057395251910267286e-02 8.185231154638749132e-03 2.123189062603668062e-02 1.124400895550711245e-02 2.810904243486100776e-04 5.801079918826235692e-05 3.824703428760776926e-03 1.803918390233490694e-05 7.426222233760931954e-04 9.999999999999999547e-07 1.570157496158726304e-05 9.999999999999999547e-07 1.995281139829459197e-06 9.999999999999999547e-07 1.353261270671203196e-05 7.463771152489573159e-06 5.395209470693373837e-06 1.000000001565008945e-06 1.000020739748549179e-06 3.255957107165890173e-04 1.000767794783058533e-06 2.279684485181450709e-03 1.174450570512951909e-04 7.967559964649907622e-02 1.000000000000170420e-06 1.047707729440082238e-06 1.102565212028935697e-02 9.711548465497850440e-06 1.000000015504482139e-06 1.000000000000553914e-06 2.346536131094506630e-06 9.933855712789219083e-02 3.054336797097447279e-02 3.072830062297635977e-06 2.479000234221253045e-04 4.228984968972266008e-03 1.000019082470878462e-06 5.850495446537139557e-03 1.156931718408471949e-01 1.000000398283287968e-06 1.434621209449599014e-03 4.128229211109269575e-02 6.966403226590530545e-03 9.999999999999999547e-07 1.203855644832021315e-04 9.999999999999999547e-07 2.815522816273276501e-04 1.000000000000014354e-06 9.008433143215080789e-05 9.394965127422815268e-04 1.000573755811941624e-06 2.426134709844110070e-04 4.402533891992222020e-06 9.999999999999999547e-07 2.584156963368611920e-02 8.268689631716243105e-02 1.000000004276830030e-06 1.000000000167648104e-06 1.331260250858815183e-03 1.265805475778240818e-02 9.265558010893301064e-06 2.812736698666110893e-04 1.001036366260367997e-06 9.999999999999999547e-07 1.028572644512804824e-06 1.515376240685622481e-06 5.391284017197631732e-06 1.926126253942513425e-02 3.269778088037195857e-02 3.871839726635968593e-02 9.999999999999999547e-07 6.941664635302518226e-03 1.424911065014860681e-06 9.999999999999999547e-07 1.416736045321197006e-02 4.318892897232876494e-04 1.000001155544097982e-06 9.999999999999999547e-07 1.000000000000025154e-06 1.022534064146108799e-06 1.444014111419298872e-05 1.547450457844873253e-03 3.423163789219712053e-03 7.749161470788962572e-03 2.879757259945625938e-03 3.643120096587701938e-03 2.984364170756590709e-04 9.999999999999999547e-07 4.579344940103564497e-06 5.494774751023787443e-03 3.452462645447349539e-03 1.000043682329028482e-06 5.696017753326397895e-05 1.000000000000049294e-06 4.350869629888146545e-05 5.446714483762555474e-04 4.079596116102238851e-02
1.833929994479143171e-05 3.786565259324232990e-02 8.456523466234818626e-03 3.218427738928711997e-05 3.114099267159855654e-05 1.823704976003273203e-04 1.000425492579677927e-06 1.000011088991066395e-06 3.824204994279369659e-03 1.000025758902817696e-06 9.999999999999999547e-07 1.000003211114221819e-06 5.746314289358355615e-04 1.000000000000016260e-06 9.999999999999999547e-07 9.999999999999999547e-07 1.031873093427196960e-03 1.008877570642455794e-06 3.602778807833550978e-02 2.188369707368033356e-05 1.020918307880743018e-06 5.479941413975256310e-04 2.662757693151466404e-02 6.999673239518285669e-05 1.000000000000011813e-06 1.000013448715767437e-06 1.151357963456572123e-06 9.999999999999999547e-07 3.187276353638017479e-03 4.530388688630056468e-06 1.000000000000000167e-06 1.000086281892123541e-06 9.999999999999999547e-07 5.691300972281845734e-06 1.000000000000000378e-06 7.254909865718525003e-03 5.385132222093157173e-02 9.999999999999999547e-07 1.411197456122304166e-05 1.295793852587192888e-05 5.698659631348414883e-02 1.054865935772357662e-02 2.320409796073684763e-02 1.123431394050845508e-02 3.884868324279998016e-04 8.472179370405360285e-05 5.571767536208078846e-03 8.263576361005571861e-06 5.532920861504029338e-04 9.999999999999999547e-07 8.257487790422180806e-06 9.999999999999999547e-07 1.001684037613811200e-06 1.000000000000645182e-06 3.558333376479508650e-05 1.874264662681912053e-06 8.185069679960989806e-06 1.000000014641423963e-06 1.000094711494179926e-06 6.348863641918312938e-04 1.000177862210901172e-06 1.158681502199704078e-03 1.156639069585070456e-05 8.498963265276142376e-02 1.000000000000157079e-06 1.000447638360492349e-06 8.697871428846613850e-03 3.423020268374144963e-05 1.000000100016364147e-06 1.000000217388093980e-06 3.143074899635628906e-06 9.407301660148996436e-02 2.770393099551184124e-02 1.535958185599843141e-06 1.158128261823317714e-04 5.898648301516820451e-03 1.039532061352065542e-06 7.663251818626393500e-03 1.172611084525558289e-01 1.000000000033705513e-06 1.948514486580870796e-03 5.362747465895544713e-02 7.973624089058328757e-03 9.999999999999999547e-07 3.455422098774329847e-04 9.999999999999999547e-07 2.644983342452419451e-04 1.000000000000002284e-06 6.545555855141673666e-05 4.777416151879418805e-04 1.000055210691991518e-06 4.951853585922438806e-04 1.125328270239242914e-05 9.999999999999999547e-07 2.398439463787458911e-02 7.509107326345580702e-02 1.000000000000000167e-06 1.000000000000443165e-06 1.215013908588977089e-03 1.087048157406106039e-02 9.539120486850249825e-06 2.813926368137981918e-04 1.000028346531851217e-06 9.999999999999999547e-07 1.705076410316904850e-06 3.938543704027601202e-06 1.105715924678580979e-06 2.546559082171108435e-02 2.679098491800453383e-02 4.250108092994911435e-02 9.999999999999999547e-07 6.721354987629418049e-03 1.059724683268515648e-06 9.999999999999999547e-07 1.684733196516845222e-02 1.735984709976734399e-04 1.000000876224836170e-06 9.999999999999999547e-07 1.000000000000032989e-06 1.017814184111713921e-06 3.768715933088867250e-05 8.587621410104257771e-04 3.820160801280332846e-03 6.964910902875555074e-03 3.484957554136621036e-03 5.460885302082708198e-03 6.403508175772033460e-04 1.000000000101498854e-06 3.260190248171034506e-06 6.664173562305353987e-03 3.254207446145184011e-03 1.000006954104369052e-06 1.389862287953996052e-04 1.000000000000002072e-06 4.828948646581975279e-05 7.105967418714024967e-04 3.630621782429265670e-02
1.199518042680663613e-04 2.828858620782612882e-02 9.740452174000708077e-03 4.656423526956712371e-05 8.467232933295658142e-05 2.994912327968759429e-04 1.000010808165158916e-06 1.000001665108851952e-06 4.088689228927227387e-03 1.000010263081954269e-06 9.999999999999999547e-07 1.000000001834562145e-06 9.707541671042347426e-04 1.000000000000000378e-06 9.999999999999999547e-07 9.999999999999999547e-07 7.236969184386061104e-04 1.001658886439312387e-06 2.680395239322155843e-02 2.559747467635229558e-06 1.004489353482795332e-06 6.501613460267487155e-04 2.665365314277874653e-02 3.694499253966063959e-05 1.000000000000007155e-06 1.000003271339148460e-06 1.040250234109492894e-06 9.999999999999999547e-07 2.362619054804880082e-03 1.002191010170183523e-05 9.999999999999999547e-07 1.000000001714213375e-06 9.999999999999999547e-07 2.823372128808894070e-05 1.000000171037563628e-06 7.459340981365706648e-03 5.734207648967759585e-02 9.999999999999999547e-07 1.353575825623712205e-06 3.326465193469112605e-05 7.274492650992338272e-02 8.572100409138277977e-03 2.354559061125084674e-02 1.106200028930337878e-02 4.562774230918660622e-04 3.512962879630007133e-05 3.336852883102942730e-03 5.982413757275598609e-06 4.699398603692128869e-04 9.999999999999999547e-07 1.657824801494928236e-05 9.999999999999999547e-07 1.022462921938066774e-06 1.000000000473176488e-06 3.710103136653448102e-05 1.666408741463000587e-06 1.320629302751989389e-06 1.000000576193298139e-06 1.000129330736150459e-06 1.856042148444445288e-04 1.000362750940198699e-06 3.430827805451590849e-04 5.347800371816763840e-06 8.440658743818779675e-02 1.000000000047537773e-06 1.015814556442004607e-06 9.119868673684446495e-03 8.734457037971066228e-05 1.000000000939965334e-06 9.999999999999999547e-07 1.905605541088143456e-05 1.019236481829853408e-01 2.372798822600031068e-02 1.006595814794982650e-06 1.847431940229028226e-04 5.721160186673465188e-03 1.000000048193544828e-06 6.259156453518408686e-03 1.179969584857026021e-01 1.000000000002918407e-06 1.599456743713822916e-03 4.870537487985165948e-02 6.514002502657621763e-03 9.999999999999999547e-07 1.049201802820062883e-04 9.999999999999999547e-07 3.067911657810824355e-04 1.000000000000000167e-06 8.502981702623064878e-05 1.027788294903387266e-03 1.210576037457543589e-06 5.723742582063793383e-05 2.084947488293111554e-06 9.999999999999999547e-07 1.989435861158620616e-02 8.585041698079913519e-02 1.000000000000000167e-06 1.000000000045051731e-06 1.059905575482527609e-03 7.684254960398417648e-03 2.405604529303537255e-05 1.302817021072167887e-04 1.000035794021862333e-06 9.999999999999999547e-07 1.002684587144924630e-06 1.019503831701794925e-06 1.229262485851092775e-06 2.160753857123735508e-02 4.020563186377169862e-02 4.339280187642416409e-02 9.999999999999999547e-07 4.327560417665586405e-03 1.107615672442273050e-06 9.999999999999999547e-07 1.268700902367934057e-02 1.528228076694226564e-04 1.000001070849993564e-06 9.999999999999999547e-07 1.000000000000555820e-06 1.001900974375513877e-06 2.241024422568104412e-05 1.109137620736623401e-03 2.779710760186229843e-03 9.828362903770888198e-03 2.779411596710741443e-03 2.804743908832383215e-03 5.349083545551615521e-04 1.000000000000431306e-06 1.019626171546944327e-06 6.201521566651038361e-03 3.205987895922329366e-03 1.002210835966175262e-06 7.461860952803009569e-05 9.999999999999999547e-07 3.363852898580412004e-05 2.188317798754747790e-04 3.905465371477887665e-02
7.041363610836050280e-06 3.960345050813152828e-02 1.351793098448035579e-02 3.707637709862040523e-05 7.890185542986902537e-05 2.433724827985187748e-04 1.000003749073251517e-06 1.000106090854512914e-06 5.005679272124201502e-03 1.000174693899897087e-06 9.999999999999999547e-07 1.000026609559047486e-06 7.271735013577077487e-04 1.000000001243972870e-06 9.999999999999999547e-07 9.999999999999999547e-07 2.444052053053332504e-03 1.000347116401272331e-06 2.904390340319132000e-02 4.900232976979103471e-06 1.025795509903175034e-06 7.055713174659364578e-04 2.632276340917338864e-02 4.178654553801680203e-05 1.000000000000142680e-06 1.000000011383222158e-06 1.571762484712750059e-06 9.999999999999999547e-07 2.263034003394294100e-03 7.370025395909857021e-06 9.999999999999999547e-07 1.000000007872686697e-06 9.999999999999999547e-07 8.675382892111911019e-06 1.000000000000031718e-06 6.594866589667887011e-03 5.526423752822515190e-02 9.999999999999999547e-07 1.036462086646788907e-06 4.201508475463497978e-06 6.647769681358535465e-02 8.482810806563885475e-03 2.188675423521874164e-02 8.969818022164734519e-03 4.565735689513891965e-04 2.352345092938272627e-04 3.985260399115493277e-03 1.305890364050935591e-04 3.581589482031119162e-04 9.999999999999999547e-07 5.794222161489485693e-06 9.999999999999999547e-07 1.401455078581206841e-06 9.999999999999999547e-07 5.315103066418972702e-05 1.258901612371976690e-06 1.011532112381416598e-06 1.000000001746833249e-06 1.000020089559917242e-06 2.317502020602878491e-04 1.000829723597466068e-06 3.861820811004808198e-04 3.783722918178286247e-05 8.326891896104196555e-02 1.000000000000447400e-06 1.000000020371315554e-06 8.400960636628936051e-03 9.194761957581218338e-06 1.000000000318382487e-06 9.999999999999999547e-07 3.350668462351104077e-05 9.822844809359880525e-02 3.100111265176199934e-02 1.002923113769275799e-06 5.242116857139075164e-05 5.044982931458166613e-03 1.000007196054771703e-06 6.617553768992685478e-03 1.224798729507893952e-01 1.000000000000673346e-06 1.237476898933162440e-03 4.211312959007179613e-02 6.507469410894676891e-03 9.999999999999999547e-07 1.731385537926740260e-04 9.999999999999999547e-07 2.011816894777516225e-04 1.000000000001087122e-06 8.742920088439378812e-05 4.326148559118218884e-04 3.519340469554669858e-06 2.133168250352803440e-05 3.505098886935172417e-05 9.999999999999999547e-07 2.038457402325252396e-02 8.077214729729290110e-02 1.000000000000151997e-06 1.000000000683756714e-06 2.177611129436034243e-03 1.061662858802611513e-02 1.103960915419246293e-05 4.276724914619939115e-04 1.000000301208731458e-06 9.999999999999999547e-07 1.001256987933978321e-06 1.189192774462546720e-06 2.004740728805491895e-06 1.848874109740718252e-02 4.861188640364755981e-02 3.495113968364640944e-02 9.999999999999999547e-07 4.897479576898355197e-03 1.090067657230516037e-06 9.999999999999999547e-07 1.563622195435089568e-02 8.239606805135081123e-05 1.000003530375916664e-06 9.999999999999999547e-07 1.000000000000682028e-06 1.004826046472448226e-06 1.981910587428923256e-05 7.073168958666674593e-04 2.354764801701730251e-03 1.034059912058303554e-02 3.107918037637476781e-03 3.649764865120706196e-03 3.499620313582160400e-04 1.000000000000088258e-06 1.188192939615892288e-06 4.341641231375069528e-03 2.447704819114764497e-03 1.000003817376396385e-06 2.620963646925650119e-04 1.000000000000000378e-06 1.716102108094046060e-05 8.748795152550567847e-04 3.497213136523499161e-02
2.072611244136512222e-05 4.456455677362965162e-02 7.306094657993980439e-03 3.944380368902789381e-05 4.203159831125973965e-05 1.873543481217124012e-04 1.000003759396244062e-06 1.000001717918286777e-06 5.134477615167261019e-03 1.000519494020089272e-06 9.999999999999999547e-07 1.000072482959399370e-06 1.357978314060111821e-03 1.000000000000004402e-06 9.999999999999999547e-07 9.999999999999999547e-07 9.949132048291864285e-04 1.001902266668513189e-06 2.730806638704202927e-02 3.509795512892547405e-05 1.001187626080511591e-06 6.401173135023948855e-04 3.017089332448269490e-02 4.280726512608238243e-05 1.000000000000007578e-06 1.000000006151691084e-06 1.604362459839086217e-06 9.999999999999999547e-07 1.379915729252747386e-03 1.915279279884393721e-05 9.999999999999999547e-07 1.000000014487664190e-06 9.999999999999999547e-07 3.288694875043577832e-06 1.000000000000691134e-06 6.393067311391189417e-03 5.904905127819085053e-02 9.999999999999999547e-07 7.421746477293856436e-06 6.009992229459521694e-05 6.483292694114836663e-02 1.143471288790461234e-02 2.022093263684497655e-02 1.410493130609896326e-02 3.111462185171194302e-04 3.101099797939010233e-05 4.791906071858580141e-03 1.019120594490711840e-05 6.740859258260735150e-04 9.999999999999999547e-07 6.522632188524441618e-06 1.000000000000000378e-06 1.010179321751461090e-06 9.999999999999999547e-07 2.654827174735011228e-06 1.537183691586463272e-06 1.050427932582921119e-06 1.000000004018787372e-06 1.000067508995928681e-06 2.033280772599507856e-04 1.000384558480876147e-06 5.392164721039668365e-04 9.228856787170078188e-06 8.557984165267137899e-02 1.000000000000136327e-06 1.000001531325180504e-06 7.488858000932402739e-03 1.374022087034529030e-05 1.000000004057105448e-06 9.999999999999999547e-07 2.866069816898957928e-06 9.323894503687560342e-02 3.847267984858549622e-02 2.653111245141616373e-06 1.310245989221836690e-04 4.304063613399577992e-03 1.000792700384406849e-06 5.042109119704801974e-03 1.123131334765095357e-01 1.000000000016884498e-06 1.941306597457490013e-03 4.576720584282734094e-02 6.657588748337493409e-03 9.999999999999999547e-07 1.318035345268199943e-04 9.999999999999999547e-07 2.495870779016258045e-04 9.999999999999999547e-07 6.344551514963077095e-05 4.777483313318430999e-04 1.007730133876050858e-06 7.570236167141692403e-05 2.344623117143533404e-06 9.999999999999999547e-07 2.614910427647384669e-02 7.749887947902915630e-02 1.000000000000063482e-06 1.000000000004623061e-06 1.648768020607372037e-03 9.104392524907280182e-03 2.274504917488941403e-05 2.928974209639761592e-04 3.515650385372309923e-06 9.999999999999999547e-07 1.008012367979637644e-06 3.090637791881336167e-06 1.434690513677074515e-06 2.290777410827396499e-02 2.638101564928460596e-02 4.139372575009003796e-02 9.999999999999999547e-07 5.104212860401313029e-03 1.282525620642200664e-06 9.999999999999999547e-07 1.854116284302277304e-02 5.715154366600671328e-04 1.000009360604058820e-06 9.999999999999999547e-07 1.000000000014617838e-06 1.016581547776910069e-06 2.734395600992498056e-05 1.707530668425032410e-03 3.662736523515135959e-03 6.031228377357760947e-03 2.948428992022564255e-03 4.870383134060133484e-03 5.368366325529366333e-04 1.000000000000446129e-06 1.018889270135230649e-06 5.855319557231811363e-03 2.394282628404323550e-03 1.000020410440793916e-06 6.953980446355731903e-05 1.000000000085220363e-06 4.184736996766381229e-05 9.489052300755422727e-04 3.747684328424317340e-02
4.035224809561712889e-06 3.224645604264149423e-02 7.656358973448169555e-03 8.537074504619827009e-05 5.064798979600288169e-05 2.317122888874757292e-04 1.000003320468740549e-06 1.000418192047900044e-06 5.207267080270673587e-03 1.001058095362878408e-06 9.999999999999999547e-07 1.000000388672531335e-06 1.023493083885646361e-03 1.000000000034537511e-06 9.999999999999999547e-07 9.999999999999999547e-07 3.653026230977480387e-03 1.128070713628743247e-06 3.370675477869133213e-02 3.366790953820381440e-05 1.009956503881197749e-06 6.530329481257981464e-04 2.657261703666210367e-02 4.395660747847261268e-05 1.000000000001493486e-06 1.000000001243360677e-06 9.781355978452210137e-05 9.999999999999999547e-07 7.621918628323657305e-04 5.707265013234018693e-06 9.999999999999999547e-07 1.000000000002131090e-06 9.999999999999999547e-07 4.441622860016674144e-06 1.000000000587251285e-06 7.864052579505467766e-03 5.786559411973203615e-02 9.999999999999999547e-07 1.129261124658449468e-06 1.697994933506940225e-05 5.923820524870652277e-02 1.180450488658757804e-02 2.381924012373653338e-02 1.101282974400613103e-02 3.371566208491219726e-04 9.824930186196560017e-05 5.488380001771844124e-03 2.523965965540797492e-05 6.437599110485405776e-04 9.999999999999999547e-07 7.631090962717173180e-06 9.999999999999999547e-07 1.040499433860913687e-06 1.000000000000005672e-06 1.162623299406775819e-05 1.066078382279000141e-06 1.085866811208643744e-06 1.000000001554610557e-06 1.000011225776028838e-06 5.508010588543431254e-04 1.000250178129283152e-06 5.619919940396436416e-04 5.854378036617229269e-06 8.978616779615378185e-02 1.000000000000184396e-06 1.000011306607323568e-06 9.355142950548482259e-03 4.324241268856720866e-05 1.000000004745546511e-06 1.000000000000000378e-06 6.965949823496046717e-06 9.271854369817865427e-02 2.461287345746462907e-02 1.000460886304779380e-06 8.689846034034652414e-05 7.359856230469845155e-03 1.000004879600814629e-06 6.530551456775594669e-03 1.129527752051922712e-01 1.000004218795431709e-06 2.090023299674980892e-03 5.638892922390836143e-02 1.054770050894600873e-02 9.999999999999999547e-07 2.243089508408371044e-04 9.999999999999999547e-07 2.106010528041933215e-04 1.000000000000000167e-06 3.027743277032849978e-05 3.928533365316216083e-04 1.015209601019799638e-06 3.127283754548394919e-04 1.766000469567500235e-06 9.999999999999999547e-07 2.303941398307505009e-02 7.618017353849861062e-02 1.000000000004562074e-06 1.000000000037170725e-06 9.018198956918964046e-04 1.061171478958019415e-02 1.436925619919909916e-05 5.658942837514102263e-04 1.000005025715689343e-06 9.999999999999999547e-07 1.012201266714810850e-06 2.710447486599899240e-06 2.412993883947294080e-06 2.482686781994530856e-02 2.973197999750861603e-02 4.157663108510502997e-02 9.999999999999999547e-07 5.224139207579144017e-03 1.303625366909245829e-06 9.999999999999999547e-07 1.444398816107002326e-02 7.062151564489201983e-05 1.000000282627921748e-06 9.999999999999999547e-07 1.000000000000463705e-06 1.002146054279592755e-06 3.859464881007115627e-05 1.680605318432935348e-03 3.602071051245193511e-03 6.012667534048017799e-03 2.666358493793768644e-03 5.238004750207768401e-03 6.998790788398604606e-04 1.000000000001019994e-06 1.175994606302266424e-06 4.293078127077971928e-03 3.073319834762202642e-03 1.001118527319156308e-06 2.214183813957356858e-04 1.000000000000000590e-06 1.240155594908870654e-05 6.452642919521250128e-04 3.966077375059619270e-02
9.525238761907573124e-06 3.185036590096408660e-02 9.174809154838918512e-03 3.107141854309730330e-05 1.031589788317313167e-04 3.281402892416087854e-04 1.000000077757375273e-06 1.000039951167862165e-06 2.746876322749993056e-03 1.000061528321998470e-06 9.999999999999999547e-07 1.000000000035949304e-06 8.096149850504957661e-04 1.000000000000099058e-06 9.999999999999999547e-07 9.999999999999999547e-07 1.755382533448269274e-03 1.005809287848265260e-06 3.083570710407894724e-02 4.361544907461700586e-05 1.120288416818850261e-06 9.330778249473201287e-04 2.622978115637474364e-02 9.174797508190283581e-05 1.000000000000020919e-06 1.000000080270654165e-06 1.028908845582952015e-06 9.999999999999999547e-07 9.468923118257095272e-04 6.678878650393587380e-06 9.999999999999999547e-07 1.021581773553426068e-06 9.999999999999999547e-07 2.911754149713715281e-06 1.000000000000824118e-06 7.667647326985551140e-03 6.351986144611165841e-02 9.999999999999999547e-07 1.032812241469484870e-06 3.053608989422315563e-05 6.705170636121447758e-02 6.805642179526703167e-03 2.235556428498772230e-02 1.040781126152149141e-02 4.292444483937113333e-04 6.011593200317993691e-05 3.774797778916648937e-03 7.633229306288478495e-06 1.143184383218767914e-03 9.999999999999999547e-07 9.045900356758221640e-06 1.000000000000000167e-06 1.489510907176293136e-06 9.999999999999999547e-07 4.295942741429138484e-05 1.221849876134671859e-06 1.008723544222780717e-06 1.000041855213304554e-06 1.000003673215838438e-06 3.506402226795590272e-04 1.084601311078839658e-06 5.668423256036076796e-04 9.342366603408596614e-06 8.416348896675843183e-02 1.000000000000075341e-06 1.000000845282394170e-06 1.068853917983505174e-02 4.386751883927214233e-05 1.000000001395311823e-06 9.999999999999999547e-07 6.771522300602012879e-06 1.062813557582820978e-01 2.546952796475462216e-02 1.010772378793905441e-06 1.651464701842537757e-04 3.887729146742573312e-03 1.000042789792847885e-06 4.600110806634988107e-03 1.274650660638755872e-01 1.000000000064171383e-06 1.234485288388817176e-03 4.165096865962657907e-02 7.141503619917942067e-03 9.999999999999999547e-07 1.673618509640430858e-04 9.999999999999999547e-07 2.060936469069973647e-04 9.999999999999999547e-07 3.080039088744188395e-05 3.746705563395075190e-04 1.000074745195766402e-06 5.742075779753138626e-05 1.992526560666280117e-06 9.999999999999999547e-07 2.390977399325446701e-02 8.766697218073793429e-02 1.000000008024539587e-06 1.000000000003166587e-06 8.806389994073191571e-04 9.150605475546578702e-03 1.155909246435191909e-05 1.634356476460647036e-04 1.000128635962755827e-06 9.999999999999999547e-07 1.001426500805151665e-06 3.023618925952207932e-05 1.482908600894215315e-06 2.118870747168098354e-02 3.042015003293271555e-02 4.195124914472765643e-02 9.999999999999999547e-07 5.574077993845446242e-03 1.572078781442255547e-06 9.999999999999999547e-07 1.281683403027611932e-02 4.570127979629298173e-05 1.000000663854005012e-06 9.999999999999999547e-07 1.000000000000329874e-06 1.001260761913105238e-06 2.559000434125952345e-05 1.144805401684107458e-03 2.516670518830688413e-03 7.204065288406440171e-03 2.557848105995630828e-03 2.601193275196478361e-03 3.894397124149658832e-04 1.000000000645003262e-06 1.008381202167243426e-06 4.189569983713184453e-03 1.324536211005303797e-03 1.000966321476835442e-06 2.974425473857293298e-04 1.000000000000001014e-06 1.732537614824618467e-05 5.980235267539483384e-04 3.963162330399239153e-02
8.319977596269160396e-06 4.242850498979051921e-02 9.232566241665044957e-03 4.311406170978656683e-05 1.077065870345780677e-04 1.978191147549141599e-04 1.000023903502747460e-06 1.000101807979324729e-06 4.649520938282087311e-03 1.001637092665490864e-06 9.999999999999999547e-07 1.000089057586526877e-06 9.615351122859494342e-04 1.000000000020776614e-06 9.999999999999999547e-07 9.999999999999999547e-07 1.293179405268607071e-03 1.006308748693071342e-06 3.033992748166664324e-02 9.035584323594266808e-06 1.030922638000910888e-06 3.924587582314856705e-04 2.640965804837752673e-02 5.614114209883266330e-05 1.000000000000001014e-06 1.000000072625333936e-06 2.058984575383224550e-06 9.999999999999999547e-07 1.355028666811870135e-03 6.530521233765501613e-06 9.999999999999999547e-07 1.000000018174656308e-06 9.999999999999999547e-07 3.026979751555397040e-05 1.000000000548074741e-06 7.517891456231581664e-03 6.850918067615549556e-02 9.999999999999999547e-07 1.213978268524309251e-06 6.164190973318192551e-06 6.882118805866010991e-02 9.302093346297271234e-03 1.969003772496816934e-02 1.039050292263018170e-02 1.966495519470042627e-04 7.376969943885764984e-06 2.827586104816089390e-03 3.488054366396630844e-05 3.584284180111052130e-04 9.999999999999999547e-07 8.097069155181420874e-06 9.999999999999999547e-07 1.151768235270474772e-06 9.999999999999999547e-07 4.332860378092468748e-05 2.285091679005409508e-06 1.000529120562013730e-06 1.000000001356727566e-06 1.000160912791172451e-06 4.906108567669450896e-04 1.029496492722515961e-06 7.000969223194497505e-04 9.437315081090180436e-06 8.437608893882171668e-02 1.000000000000143103e-06 1.000000236893750166e-06 8.429790537121808341e-03 1.409776916380166162e-05 1.000000000637545561e-06 1.000000000000000167e-06 1.317734441502534693e-06 1.044060507748229560e-01 3.484070629634235250e-02 1.001773009298183880e-06 1.329630967893849047e-04 4.280728865464099829e-03 1.000000054525545131e-06 5.638573376832062972e-03 1.236760152335857066e-01 1.000000000001579671e-06 1.766130540288607560e-03 4.323613785126348419e-02 5.811338325923245084e-03 9.999999999999999547e-07 2.576338560597862684e-04 9.999999999999999547e-07 2.016314399606626497e-04 1.000000000000000802e-06 7.611513552274402677e-05 8.189591119393662680e-04 1.161544909108432476e-06 6.206497640786323418e-05 1.940314545254020957e-06 9.999999999999999547e-07 2.318644964038032302e-02 7.852835120155854387e-02 1.000000000000167456e-06 1.000000000073469051e-06 1.027053655665522520e-03 9.119104173939648547e-03 7.371324925757519079e-06 5.671617252879422805e-04 1.015827021873055869e-06 9.999999999999999547e-07 1.010955771472937147e-06 1.712711317461055705e-06 1.317392777061892097e-06 2.017041711534166282e-02 3.180519644157362574e-02 3.234739219811317429e-02 9.999999999999999547e-07 8.026189225361446064e-03 1.270667146147857653e-06 9.999999999999999547e-07 1.496852416258049115e-02 5.354422332053589010e-04 1.000201778006732285e-06 9.999999999999999547e-07 1.000000000000012237e-06 1.004382525348829872e-06 1.512916175211461212e-05 7.513296691521747670e-04 2.746159370251311134e-03 6.054262862518113714e-03 2.031422580439591966e-03 3.681255957801492229e-03 2.944778193367880519e-04 1.000000000084030917e-06 1.016931380081495440e-06 3.127113341927464148e-03 1.746357343940586762e-03 1.000009804532433631e-06 1.635545175384824470e-04 1.000000000000000167e-06 2.453603643981739775e-05 4.039634230231927770e-04 3.428234199224226841e-02
5.987122688146462965e-06 3.755408490236363667e-02 1.158433924604256211e-02 3.892000101959648955e-05 3.303468590859554477e-04 2.054082843657779368e-04 1.000000726485891815e-06 1.000017304467489387e-06 3.438653760755504881e-03 1.000044458233846181e-06 9.999999999999999547e-07 1.000000034807624394e-06 1.228130630716350478e-03 1.000000000000042306e-06 9.999999999999999547e-07 9.999999999999999547e-07 8.485832141609717019e-04 1.027184156362188329e-06 2.828119542468702369e-02 2.036977962520460534e-05 1.006860986028515345e-06 8.222039813044144376e-04 2.937247725021648048e-02 7.496978187588142889e-05 1.000000000000104775e-06 1.000000000213763542e-06 1.030501264401586634e-06 9.999999999999999547e-07 2.138603436864852658e-03 6.362342579989700856e-06 1.000149942357601078e-06 1.000000020136754555e-06 9.999999999999999547e-07 7.397696646339181881e-06 1.000000007992116860e-06 6.710630489204412637e-03 5.773450015137428226e-02 9.999999999999999547e-07 1.751225378631169785e-06 1.533097942329850018e-05 6.467189085706517848e-02 7.921206495207638865e-03 2.387200956492736142e-02 1.204581275195443918e-02 3.658830061942859764e-04 2.148969041872452829e-05 3.191376977078623414e-03 1.786102877014924100e-05 3.777630571894690162e-04 9.999999999999999547e-07 1.105454690250172291e-05 9.999999999999999547e-07 1.004878543491951962e-06 1.000000000000000378e-06 4.754834741695906507e-05 3.798032068277416592e-06 1.240643193981337212e-05 1.000000094797972883e-06 1.000049945124322173e-06 4.712807327186353595e-04 1.020425168411957684e-06 5.483829557018819268e-04 6.075075865362444217e-06 8.210060067307585474e-02 1.000000000002114996e-06 1.085019951287254963e-06 8.237221911066327715e-03 2.405966519905444376e-05 1.000000188370559975e-06 9.999999999999999547e-07 1.041998214246227246e-05 9.984484014357955517e-02 2.968867763751576253e-02 1.088669055161262083e-06 5.280328466606451325e-04 3.235142899641090235e-03 1.000000715336352873e-06 7.635734409686868555e-03 1.166203544816387244e-01 1.000000000001996623e-06 1.654288282761337851e-03 4.129782659172827330e-02 6.314479926520432870e-03 9.999999999999999547e-07 2.510428335348451360e-04 9.999999999999999547e-07 2.628709354321096025e-04 9.999999999999999547e-07 3.489417299631079362e-05 4.374817563377237685e-04 1.000049351356448127e-06 2.959335602086602638e-05 2.594524905625150046e-06 9.999999999999999547e-07 2.150136551131695550e-02 8.143262550253567433e-02 1.000005766099405364e-06 1.000000000075212457e-06 1.999256694309267234e-03 1.030702878897056356e-02 1.408651981704021367e-05 1.718562120180375556e-04 1.000000003680191033e-06 9.999999999999999547e-07 1.037149634700248955e-06 1.001483156974077465e-06 1.527395028847902369e-06 2.302058389017478876e-02 4.301297033872376191e-02 4.048581949622426929e-02 9.999999999999999547e-07 5.011256773634283762e-03 3.333691927122491967e-06 9.999999999999999547e-07 1.435512502548007274e-02 2.125978222930282897e-04 1.000001371638542727e-06 9.999999999999999547e-07 1.000000000000027695e-06 1.002768632458397382e-06 2.409730033768435215e-05 1.193669351931287781e-03 2.751832224146735957e-03 9.920267227962846490e-03 3.114224338536970230e-03 4.015499290570706016e-03 3.553846912567792862e-04 1.000000000001396077e-06 1.385603586173276688e-06 7.808469334223282904e-03 3.135754371864672013e-03 1.000009722549496177e-06 1.930337102167394025e-04 1.000000000000100540e-06 2.152374120836827621e-05 7.083319446872082120e-04 3.309454479457128728e-02
7.155423646488489555e-06 3.875032434701684153e-02 9.237075925458231723e-03 3.160180262277818099e-05 2.963124643684310826e-05 1.693102323337842814e-04 1.000000004429444191e-06 1.000001945414341329e-06 3.215464578110250552e-03 1.000047067897395527e-06 9.999999999999999547e-07 1.000000000186800789e-06 7.535289261152985441e-04 1.000000000003795509e-06 9.999999999999999547e-07 9.999999999999999547e-07 2.195151126698074561e-03 1.001949378616963409e-06 3.536330275465264517e-02 3.114648574366504742e-05 1.001948940070345201e-06 4.304296478139440032e-04 2.614735092048195778e-02 1.442116375070014720e-04 1.000000000000494834e-06 1.000000275818550617e-06 1.619367963981203228e-06 9.999999999999999547e-07 1.760696416714201086e-03 8.585223730426917187e-06 9.999999999999999547e-07 1.000000000001377442e-06 9.999999999999999547e-07 2.566455626845214032e-06 1.000000000000007790e-06 7.039990176424559300e-03 5.818802368331295327e-02 9.999999999999999547e-07 1.184295549729194449e-06 1.073392057182811449e-05 6.326497997458688238e-02 1.068351568995844041e-02 2.227040415841298818e-02 1.045461134686308767e-02 2.366180559269138333e-04 3.501404309037534394e-05 4.365495861353716270e-03 1.429538565255633675e-05 4.822049566966098112e-04 9.999999999999999547e-07 1.263250365774601304e-05 9.999999999999999547e-07 1.005808395914161400e-06 9.999999999999999547e-07 4.511592005733661652e-06 4.385261483904115670e-06 7.232185660127081250e-06 1.000009261028656592e-06 1.000003794641626987e-06 2.008238181160372211e-04 1.004489377103502536e-06 1.547917866869059174e-03 1.952683970076704126e-05 8.622854746879927978e-02 1.000000000162611222e-06 1.000629687079465253e-06 7.160014420271901617e-03 1.116961873488738745e-05 1.000000009999022091e-06 1.000000000000002496e-06 8.079061292811677003e-06 1.009877364105713632e-01 2.996508408628175205e-02 1.017319174670256193e-06 2.119481968099853528e-04 5.642439256421514192e-03 1.000000285251415085e-06 4.912663271492236951e-03 1.203357724143173518e-01 1.000000000358577377e-06 1.873767998454266455e-03 4.397539543529681294e-02 7.621604649114345313e-03 9.999999999999999547e-07 1.669002924521208880e-04 9.999999999999999547e-07 4.134707115319332369e-04 9.999999999999999547e-07 8.270278545933515510e-05 4.228169645872581158e-04 1.110123906214880901e-06 3.910530211076291380e-04 2.584864697856547421e-06 9.999999999999999547e-07 2.212937594277866044e-02 7.977316099169330654e-02 1.000000000000199007e-06 1.000000000010686758e-06 1.003767654710645317e-03 1.109886861266064575e-02 6.162776131529708421e-05 2.086376266553075214e-04 1.000001682587541566e-06 9.999999999999999547e-07 1.004273100237611907e-06 1.068003844337250141e-06 1.535029709936706213e-06 2.033606327160405666e-02 2.799225180161979062e-02 4.119788380566717645e-02 9.999999999999999547e-07 5.660410913910318351e-03 1.744358961948449552e-06 9.999999999999999547e-07 1.726151257052383273e-02 5.101800653792549047e-04 1.000009787220799031e-06 9.999999999999999547e-07 1.000000000001214388e-06 1.036545992186721763e-06 1.788272291856458582e-05 7.566521779532545816e-04 2.668031067916083309e-03 6.226904722598041418e-03 3.169983468318346258e-03 3.485587558408864781e-03 6.959777609865627941e-04 1.000000000000002072e-06 1.018901273616841960e-06 5.382179955462765286e-03 2.505285587637097727e-03 1.000019061754818759e-06 2.902301390347589573e-04 1.000000000000004825e-06 1.541071653086697817e-05 7.697921963483924518e-04 3.932578637018752793e-02
8.860785407819554395e-06 3.502562933319973426e-02 1.154629702377086946e-02 5.105449479400035073e-05 7.282934716668879212e-05 1.577424266698942892e-04 1.000006084175990790e-06 1.000060093405956147e-06 4.659147704581110237e-03 1.000001544770673824e-06 9.999999999999999547e-07 1.000006817147004911e-06 9.218189161090471588e-04 1.000000000000383872e-06 9.999999999999999547e-07 9.999999999999999547e-07 1.730717761942326613e-03 1.000195252231628258e-06 2.878343229198016689e-02 1.286981660328700122e-05 1.001475050650030007e-06 7.550980318072201061e-04 2.591173368829114212e-02 5.343360383269927041e-05 1.000000000010987666e-06 1.000000000478189017e-06 3.605205482467582512e-06 9.999999999999999547e-07 9.847985517022154328e-04 7.330829955451575818e-06 9.999999999999999547e-07 1.000000002948875704e-06 9.999999999999999547e-07 5.450045743620746333e-06 1.000000000073579801e-06 6.155246614674039600e-03 6.499287857133317914e-02 9.999999999999999547e-07 5.267918201393945128e-06 1.414888385414454220e-05 6.841727558247978624e-02 8.151708052371871294e-03 2.389215817151830318e-02 1.053865502653300937e-02 4.186981966663920560e-04 2.110981404807579846e-05 3.592831766380591690e-03 7.159611048813166322e-06 6.066909608135127429e-04 9.999999999999999547e-07 7.182967486906163990e-06 9.999999999999999547e-07 1.039056535624968773e-06 9.999999999999999547e-07 1.827364656742271591e-05 1.788692732746878946e-06 1.049808998256216581e-06 1.000000193971887000e-06 1.000213153517442617e-06 1.275749634830293435e-04 1.005858924323238410e-06 3.153327289340151812e-04 3.352972009355724531e-06 8.379226349478792468e-02 1.000000000000365238e-06 1.054692371015650841e-06 7.434304833809657689e-03 2.435451816819163715e-05 1.000000007528428155e-06 1.000000000000001861e-06 1.774266889399722216e-06 1.059345031035346663e-01 2.929943605996224165e-02 1.001702394500981321e-06 6.662558759463262526e-05 5.355029829678200140e-03 1.000000586677827491e-06 4.995673769105433808e-03 1.195765082136383828e-01 1.000001227892822131e-06 1.414522763055403457e-03 4.253556381709955314e-02 6.410473039535393922e-03 9.999999999999999547e-07 1.394336056930612223e-04 9.999999999999999547e-07 2.348483917266501529e-04 1.000000000000001014e-06 1.223503776022676699e-04 3.535904345459061834e-04 1.000015960007306758e-06 5.392074475904888586e-04 2.570280124181043218e-06 9.999999999999999547e-07 2.099041522635290355e-02 7.987285472767133299e-02 1.000000000000134633e-06 1.000000000004611202e-06 1.375073695054854260e-03 9.989240331014604540e-03 6.236618009258478512e-05 6.421032500076970413e-04 1.000001621811797871e-06 9.999999999999999547e-07 1.025662730046869818e-06 2.459756804095505663e-06 1.944635470742197317e-05 2.088803273265337976e-02 3.447355446544431157e-02 3.816650448293880393e-02 9.999999999999999547e-07 5.573178411934637255e-03 3.330493686622422564e-06 9.999999999999999547e-07 1.605521796799063566e-02 5.550753378132606755e-05 1.000001788045955013e-06 9.999999999999999547e-07 1.000000000000139503e-06 1.002185274776168753e-06 2.241311663064951518e-05 1.413480721281453346e-03 2.554577038391641144e-03 7.103722596959677685e-03 3.581310367012752963e-03 3.759379500409000020e-03 4.744022978842189352e-04 9.999999999999999547e-07 1.044376589897368304e-06 6.275618878899543590e-03 2.615295793841101481e-03 1.000019909354633496e-06 1.060412630208191646e-04 1.000000000000527656e-06 2.862521035061655489e-05 1.057220796134227545e-03 3.671018263161801576e-02
9.843714942527360674e-06 3.000750742630235723e-02 9.287798884401430449e-03 6.606787123061375142e-05 3.127610947442474777e-05 1.610362853357302847e-04 1.000001662483725112e-06 1.000036725074480538e-06 3.825937057671607248e-03 1.000016637200259401e-06 9.999999999999999547e-07 1.000000015070425611e-06 1.002629109773233796e-03 1.000000000000283499e-06 9.999999999999999547e-07 9.999999999999999547e-07 2.642128110286439801e-03 1.004276476137921599e-06 2.771550882671861005e-02 1.792067405901572795e-05 1.005113850316683776e-06 5.673250237492009906e-04 2.563543871935806961e-02 3.890756643692469378e-05 1.000000000000072800e-06 1.000000017286412243e-06 1.243880491925815614e-06 9.999999999999999547e-07 1.775592149051900479e-03 1.576739927494171230e-05 9.999999999999999547e-07 1.000000000332245664e-06 9.999999999999999547e-07 1.060549815940494965e-05 1.000000000000222301e-06 6.488367065469316693e-03 6.666651805101156403e-02 9.999999999999999547e-07 1.301089535701682272e-06 2.267869574177593377e-05 6.677599293669646274e-02 7.454736087143847695e-03 2.374546591856179986e-02 9.494888682762620685e-03 2.817230959611580730e-04 3.415544266497378946e-05 3.905701506879410978e-03 2.352097600840613619e-05 6.318121290935295280e-04 9.999999999999999547e-07 6.072497442198365507e-06 9.999999999999999547e-07 1.006050919898040567e-06 6.984532905141402871e-06 1.650031682170200243e-05 1.724609826077075591e-06 1.000121069837532677e-06 1.000000004640956788e-06 1.000003080689771232e-06 1.785460803068624185e-04 1.004214605244523370e-06 4.780798705010023508e-04 1.044433360150590008e-05 9.232238216771349038e-02 1.000000000000650688e-06 1.000142503587428024e-06 1.072307851486000406e-02 2.158116941048742420e-05 1.000000000245352577e-06 1.000000000000221877e-06 6.951070770224183243e-06 1.029971831890164058e-01 2.452319500924953627e-02 1.225114364460896188e-06 1.116776496102064284e-04 4.715914764625145188e-03 1.021486143888703271e-06 5.383414862864001164e-03 1.303059430670718277e-01 1.000509277551419800e-06 1.330197893286832285e-03 4.335715764257493110e-02 6.282374986502822431e-03 9.999999999999999547e-07 3.471480192968956556e-04 9.999999999999999547e-07 3.176611790176284188e-04 9.999999999999999547e-07 1.839920692447986254e-04 5.033253783739103249e-04 1.000175228249490273e-06 3.697267553808766545e-05 1.989396542964293557e-06 9.999999999999999547e-07 2.261560619252981491e-02 8.199809427664478401e-02 1.000000000000002496e-06 1.000000001375073030e-06 9.231934091305215575e-04 9.748960269589592928e-03 3.586749868015362249e-05 2.086665700573709205e-04 1.000000004453619782e-06 9.999999999999999547e-07 1.097230343190164944e-06 1.828703575647501025e-05 2.834216960138958734e-05 1.990917357178909747e-02 3.010794699143604786e-02 3.672043778378687034e-02 9.999999999999999547e-07 7.610271565825985074e-03 2.067742549391661041e-06 9.999999999999999547e-07 1.404225839867044578e-02 6.281529932137999272e-05 1.000000720375060709e-06 9.999999999999999547e-07 1.000000000000088681e-06 1.000367001116441226e-06 3.503810368829570073e-05 1.386555634740222224e-03 4.316216131469690492e-03 7.065075523289927537e-03 2.367556875627209022e-03 2.702619079834797482e-03 2.541623345496904648e-04 1.000000000194808427e-06 1.031267905868380421e-06 4.091033437396597236e-03 1.727920259204943293e-03 1.000000604931936382e-06 6.149911926149503644e-05 9.999999999999999547e-07 3.107608684040355973e-05 7.504256409286636431e-04 3.875354793741145332e-02
3.144083657199630847e-06 3.283006737974036165e-02 1.351854445806534820e-02 3.754001699137749214e-05 1.072411618068516684e-05 3.407566646942868636e-04 1.000000093759911136e-06 1.006151196718810573e-06 3.202808413733776102e-03 1.000001444967447897e-06 9.999999999999999547e-07 1.000000000121590264e-06 1.049716301551825411e-03 1.000000000000005249e-06 9.999999999999999547e-07 9.999999999999999547e-07 2.455524308048294933e-03 1.024439817230005661e-06 2.646859788769426874e-02 2.527692648042539149e-05 1.000873895351724167e-06 9.283529077813450128e-04 2.943703609123556053e-02 1.131904052704987655e-04 1.000000000013126001e-06 1.000008713573291919e-06 1.137538567500154688e-06 9.999999999999999547e-07 1.668894030521987475e-03 9.760469739326173332e-06 9.999999999999999547e-07 1.000000000007650992e-06 9.999999999999999547e-07 1.203438478061028447e-05 1.000000344789395252e-06 6.363234222596068912e-03 5.850219024310603089e-02 9.999999999999999547e-07 1.186197637028087373e-06 1.386216275753635093e-05 7.135050109152847597e-02 9.799651488185161935e-03 2.560071616866946981e-02 1.089964875063227125e-02 2.529665459854552826e-04 2.576258298303513264e-05 3.721000927825471316e-03 3.901183026428034446e-05 6.937781904259176938e-04 9.999999999999999547e-07 4.900105388544997470e-06 9.999999999999999547e-07 1.022032718910686428e-06 1.000000000000003978e-06 3.413473310654429059e-06 3.969914933816009259e-06 1.022518457134316861e-06 1.000000001531884663e-06 1.000003477349841728e-06 1.522872535750572471e-04 1.002093299342415238e-06 5.562628582548472585e-04 2.515393031214171761e-06 7.449008915075837345e-02 1.000000000067289523e-06 1.000000458338097993e-06 8.533890044228779198e-03 1.594056536017033750e-05 1.000000000424636629e-06 9.999999999999999547e-07 1.290847600994029451e-06 9.427594049229565121e-02 2.710315910251884924e-02 1.342250624325656174e-05 7.006569124984818808e-05 4.300898522964994274e-03 1.000006923938039836e-06 5.962794698110397175e-03 1.150764813162520189e-01 1.000000000035891282e-06 1.536927556158847056e-03 4.474717169550514184e-02 7.193040939859523912e-03 9.999999999999999547e-07 1.536695445812721623e-04 9.999999999999999547e-07 3.055448175319738541e-04 1.000000000005787307e-06 1.748804042664887806e-04 3.836640704256563325e-04 1.000075083305412655e-06 3.895878268890896662e-05 1.683313770628858499e-05 9.999999999999999547e-07 2.316978783375370568e-02 8.515988683124195435e-02 1.000000000000002284e-06 1.000000091354278697e-06 1.270480453241399970e-03 9.312627543045955830e-03 2.362902160679297453e-05 1.235682965109561758e-04 1.000003236473320152e-06 9.999999999999999547e-07 1.004022150074618233e-06 3.505165754354995733e-06 4.417818053597295898e-06 2.124789662764705461e-02 4.348703493852593832e-02 4.096749743933374155e-02 9.999999999999999547e-07 5.843251923436994233e-03 1.012340727267097931e-06 9.999999999999999547e-07 1.678678882132089364e-02 1.198349929797355376e-04 1.000008866241534762e-06 9.999999999999999547e-07 1.000000000000035318e-06 1.056563184036069457e-06 2.542396246859394271e-05 1.345981393429448959e-03 2.847548187742067645e-03 1.190841508176787057e-02 3.261428215763801167e-03 3.069741400574041781e-03 2.706569030901542316e-04 1.000000000132447109e-06 1.009883261468478476e-06 4.281795299978181750e-03 2.051470817069856768e-03 1.000013157911589494e-06 1.641775237127747770e-04 9.999999999999999547e-07 2.701214042140077966e-05 3.523752140267269375e-04 3.846297544076767577e-02
3.415142319106525843e-06 3.204411387979146791e-02 1.088166782294155630e-02 5.489405494055764388e-05 1.665083557626203441e-04 1.654980658326854741e-04 1.000001586471829318e-06 1.000001504421222401e-06 7.626657873107072980e-03 1.002713730909528720e-06 9.999999999999999547e-07 1.000002159903983688e-06 1.210580652295432458e-03 1.000000000063094804e-06 9.999999999999999547e-07 9.999999999999999547e-07 9.910122172860609882e-04 1.000252757586751179e-06 2.974621671108032897e-02 1.273165179019263502e-05 1.006583930639290884e-06 8.191245360725360383e-04 3.108773886206009016e-02 6.014351627959906542e-05 1.000000000000013296e-06 1.000000849000250898e-06 1.069635811097556265e-06 9.999999999999999547e-07 1.365295729254449022e-03 7.278169700377845125e-06 1.000000000000001861e-06 1.000000000727222844e-06 9.999999999999999547e-07 4.893944605429993499e-06 1.000000000000057977e-06 7.324313590358963802e-03 5.764717584083293989e-02 9.999999999999999547e-07 1.701276741628123987e-06 2.011063021900151262e-05 6.526283294501571131e-02 7.747990443320865867e-03 2.433808823405743740e-02 1.318917708309377823e-02 4.670468450889661322e-04 5.428034376620650910e-05 3.802404305606437405e-03 1.443922970455993021e-05 6.963951633769894980e-04 9.999999999999999547e-07 5.974588325763404793e-06 9.999999999999999547e-07 1.099415870948723892e-06 9.999999999999999547e-07 2.484965644941891386e-05 3.976693863296646026e-06 2.441366248555024690e-06 1.000000000666928498e-06 1.000001340980639423e-06 3.056879321210042590e-04 1.033634725720036463e-06 3.278454102640507078e-04 1.504130405681129809e-05 7.981065056072572661e-02 1.000000000000056494e-06 1.000046928115053688e-06 1.110459414801069980e-02 2.491718621006885765e-05 1.000000002370290791e-06 1.000000000000001225e-06 3.358383820232876569e-04 9.516549835821443148e-02 2.781352556841505327e-02 1.000742283683191758e-06 9.992237515833202221e-05 4.788618009861750000e-03 1.000918485806431537e-06 7.901868609549814529e-03 1.137483519138442478e-01 1.000000000070043438e-06 1.597687801430278673e-03 4.319659612639960289e-02 8.468704541151152176e-03 9.999999999999999547e-07 1.977726328946279846e-04 9.999999999999999547e-07 1.871008810658173849e-04 1.000000000000000167e-06 2.940767075928850705e-05 4.330413072230066950e-04 1.000075283422227271e-06 9.248717863469964036e-05 5.728054274198722601e-06 9.999999999999999547e-07 2.533928964159352579e-02 8.223799712220823677e-02 1.000000024168257843e-06 1.000000057436004336e-06 1.259030601416325336e-03 9.746767943455213190e-03 3.292982563797987560e-05 1.700480648395543619e-04 1.000004568324788227e-06 9.999999999999999547e-07 1.013755056379141852e-06 7.504830485194402599e-06 1.352172565520161931e-06 2.020996844953218061e-02 3.598200571190252745e-02 4.187001761655764764e-02 9.999999999999999547e-07 6.923092091402806812e-03 2.673794846876680654e-06 9.999999999999999547e-07 1.395982982871158892e-02 3.766656961627056882e-05 1.000002163212240906e-06 9.999999999999999547e-07 1.000000000000376249e-06 1.002457921740987248e-06 2.839373222011450459e-05 1.596690964473848227e-03 4.841802572506056536e-03 9.989967105728202873e-03 3.045364209418381565e-03 3.276786983957208094e-03 2.179775633866526819e-04 1.000000000092427978e-06 2.448856643376371385e-06 6.501830450399726305e-03 3.788765281484275486e-03 1.000009957673174322e-06 1.154038484210782444e-04 1.000000000000251947e-06 2.129118821360369212e-05 8.856406485038501595e-04 3.549037669939242995e-02
2.261675361609786906e-05 2.357298412179548511e-02 8.207186090072624701e-03 3.830490271414944129e-05 2.046426611259260012e-05 1.215564474326734579e-04 1.000000027338803385e-06 1.000593497769065492e-06 4.221698121724398213e-03 1.018476968348226003e-06 9.999999999999999547e-07 1.000000338466877059e-06 5.100187430838011918e-04 1.000000000000004613e-06 9.999999999999999547e-07 9.999999999999999547e-07 1.071885712574647360e-03 1.000276649398761381e-06 3.616774484418391195e-02 1.072016642794258647e-05 1.013103604700917683e-06 7.385203488492218587e-04 3.131061444066531724e-02 1.814181086254536062e-04 1.000000000000445071e-06 1.000001568742903089e-06 2.392778228907460695e-06 9.999999999999999547e-07 1.169029290211244174e-03 5.844710477132917171e-06 1.000000000027026235e-06 1.000213229711442025e-06 9.999999999999999547e-07 1.522354168821042039e-05 1.000000000000016684e-06 1.045839249461662235e-02 5.897564284763540110e-02 9.999999999999999547e-07 1.784186506814777181e-05 1.286477904844177540e-05 6.304537025161353891e-02 6.451693837251107518e-03 2.488864187525959351e-02 1.218448431805032803e-02 5.040580176004523906e-04 6.555950107960307636e-05 4.941626654524296919e-03 4.208486058537117629e-06 5.141947963745728848e-04 9.999999999999999547e-07 1.187694631547956986e-05 9.999999999999999547e-07 1.179246007458346252e-06 9.999999999999999547e-07 5.942912292322127059e-06 1.517937185760316683e-06 1.034768456511019164e-06 1.000000017925544342e-06 1.000007429302254506e-06 1.922681616894740889e-04 1.001095511731970886e-06 6.694174913996492208e-04 7.498353058041631499e-06 8.201372993454356108e-02 1.000000000000005672e-06 4.495459061985093419e-06 8.882237855043922242e-03 2.798864012219672473e-05 1.000000009264003746e-06 1.000000000000030871e-06 6.216811696637597697e-06 9.979952055413546241e-02 1.854471031350436380e-02 1.007672621075686630e-06 8.429319788719834131e-05 5.276823435106011047e-03 1.000029757092709457e-06 7.064270610754409818e-03 1.227717578155922418e-01 1.000000001062877014e-06 1.507608831881622523e-03 4.629301630872817430e-02 8.132300777282195497e-03 9.999999999999999547e-07 2.977124226182206908e-04 9.999999999999999547e-07 2.414336539110403779e-04 1.000000000000003131e-06 3.404443586631822517e-05 6.218810861489388036e-04 1.000059994608814779e-06 1.938113349557233462e-04 5.537068711338183409e-06 9.999999999999999547e-07 2.660228955076413340e-02 8.477122038932854986e-02 1.000000000000000590e-06 1.000000000004022726e-06 7.580480401895865663e-04 1.154911163134609252e-02 1.499548136781640053e-05 2.833525752821097169e-04 1.000000013024625685e-06 9.999999999999999547e-07 1.006829379202691378e-06 1.570575276639032508e-05 2.306781283998506641e-06 2.430630485379992392e-02 3.143762199599265533e-02 4.716339517904561546e-02 9.999999999999999547e-07 5.283339530098363386e-03 2.676616590464995426e-06 9.999999999999999547e-07 1.044080117790248223e-02 8.355719526348064476e-04 1.000876268675219422e-06 9.999999999999999547e-07 1.000000000000964725e-06 1.007327619130156353e-06 2.371245118193120453e-05 1.106385690477050847e-03 3.917577182992818159e-03 6.909548643717886886e-03 3.649050068286389600e-03 2.701899220164077301e-03 6.368151227705375452e-04 1.000000000000049506e-06 1.228823420795576575e-06 7.296880987597195375e-03 2.233796917433813513e-03 1.000000636446404507e-06 1.383297391439136876e-04 1.000000000000000378e-06 4.216003351685068153e-05 1.834884841961333178e-04 3.563339908494385366e-02
1.048724524236394268e-05 2.080496931862266946e-02 7.290553438880638393e-03 5.797663729673826506e-05 1.064551647402319911e-04 1.155362066735353546e-04 1.000000002340421445e-06 1.000353139460833713e-06 3.149398567745314605e-03 1.000009401564294901e-06 9.999999999999999547e-07 1.000002812075879320e-06 3.076637996497784801e-04 1.000000000000003343e-06 9.999999999999999547e-07 9.999999999999999547e-07 6.412601023020185779e-04 1.018167877517304719e-06 4.154486787934532493e-02 7.031455330691326156e-06 1.103607286140512041e-06 6.072589514252734778e-04 2.444616590199274325e-02 1.124604790968622707e-04 1.000000059962520659e-06 1.001881454712816291e-06 2.349936284295387551e-06 9.999999999999999547e-07 1.201061691445981646e-03 1.110052303420252068e-05 9.999999999999999547e-07 1.000000002301981607e-06 9.999999999999999547e-07 1.490540752680884026e-05 1.000000000000052683e-06 1.122958806760912358e-02 5.621013424547998544e-02 9.999999999999999547e-07 1.362926819712466614e-06 7.042944426961172618e-05 5.505120447296868447e-02 7.990413828997964055e-03 2.575266054557235826e-02 1.024724590235310227e-02 3.869953455292100657e-04 5.710176421305700011e-05 5.558623136406852343e-03 2.047202260940887889e-05 7.705447791390609546e-04 9.999999999999999547e-07 3.896842782059191086e-05 9.999999999999999547e-07 1.210410124443646394e-06 1.000000000000009272e-06 5.875245530214133187e-06 6.342658250616773205e-06 1.059247838966300326e-06 1.000000062177939567e-06 1.000128490173518694e-06 2.012529963639048917e-04 1.002784305719372465e-06 5.855543433544409737e-04 5.884317571747438849e-06 9.232803685325606524e-02 1.000000000003547117e-06 1.000463769517782307e-06 6.238971444009414578e-03 4.192219645477171725e-05 1.000000098074564409e-06 1.000000000259357208e-06 9.051420931888944215e-06 1.035113865000339139e-01 1.712654901057561810e-02 2.680816745617870610e-06 1.979331126911419714e-04 8.103118657736394295e-03 1.000160382420246331e-06 7.064760405066235552e-03 1.166529880750155485e-01 1.000000001992650892e-06 2.263893765684496604e-03 5.749346575250911112e-02 1.006086484154742645e-02 9.999999999999999547e-07 4.402578899434433164e-04 9.999999999999999547e-07 4.688418767163273090e-04 9.999999999999999547e-07 4.852180413577096308e-05 6.927594229603131889e-04 1.000006325224601509e-06 2.187852344996205273e-04 5.987913609491123690e-06 9.999999999999999547e-07 2.184080140300462269e-02 7.715834366974551328e-02 1.000000000000310604e-06 1.000000000373228294e-06 4.771669706282215739e-04 1.270626264847289980e-02 2.482700497151891863e-05 9.268544509308517540e-04 1.002169408317466152e-06 9.999999999999999547e-07 1.094517099930786872e-06 3.167444663931885604e-06 1.576185961361211064e-05 3.757728717802717722e-02 2.407167244635070869e-02 5.052627295859083573e-02 9.999999999999999547e-07 6.585970424447348814e-03 1.920881020974788677e-06 9.999999999999999547e-07 1.117437839760376979e-02 1.432786473808742153e-04 1.000042179313640170e-06 9.999999999999999547e-07 1.000000000000478952e-06 1.037300970154712397e-06 3.419306739844401991e-05 9.152301670231775734e-04 2.735374302589231067e-03 5.259425345076674564e-03 4.178426045619124639e-03 2.419327610053389078e-03 6.210585333308593636e-04 1.000000000326501722e-06 1.796165728651030831e-06 6.037728652986550267e-03 4.438114803689979099e-03 1.000257590306879697e-06 8.157477883507457353e-05 9.999999999999999547e-07 7.217704412890545563e-05 5.094569813394949449e-04 3.195468443444612200e-02
6.031104152546943971e-06 3.667005604623234383e-02 9.565650200256610100e-03 3.356287863841981488e-05 2.656618934696588163e-04 1.512409300117468082e-04 1.000003626361593262e-06 1.000099611676194376e-06 5.025613439899007800e-03 1.000152465666899758e-06 9.999999999999999547e-07 1.000010920202117276e-06 9.123794716873002758e-04 1.000000000000015625e-06 9.999999999999999547e-07 9.999999999999999547e-07 1.081705569640771481e-03 1.005374911184090630e-06 2.707598220202465586e-02 8.975994801194705982e-06 1.005044111750945889e-06 7.839117138813398757e-04 2.582094914418778253e-02 7.479602401428404423e-05 1.000000000455141674e-06 1.000000005130688157e-06 1.282435294704230302e-06 9.999999999999999547e-07 1.398879844059479870e-03 4.985088415737901157e-06 9.999999999999999547e-07 1.000210560135089421e-06 9.999999999999999547e-07 2.686583999801651371e-06 1.000000000000000378e-06 6.636092929071329104e-03 6.329000775055640404e-02 9.999999999999999547e-07 1.438607224535657314e-06 1.010045958963578627e-05 7.415145439615247747e-02 8.080475139314981584e-03 2.094451801491228893e-02 1.008592893050184666e-02 4.326715218541993171e-04 2.997915261777130778e-05 3.236260512382365621e-03 1.749880693487557205e-05 4.050563345229775077e-04 9.999999999999999547e-07 5.319504006994152387e-06 9.999999999999999547e-07 1.038419488026052668e-06 1.000000000000225266e-06 8.699412167237523995e-06 3.161394453372099562e-05 1.141694642223560640e-06 1.000000221332947279e-06 1.000899991575172948e-06 2.723407084783760479e-04 1.001154043932166207e-06 3.240039841673829596e-04 6.195812879176893367e-06 8.461697388090538841e-02 1.000000008227730933e-06 1.000005939901038926e-06 7.321411156353362440e-03 1.665460570844789972e-05 1.000000104473079033e-06 9.999999999999999547e-07 1.222231415641492413e-06 1.003076750762839503e-01 3.123133076644153683e-02 1.019782444426609641e-06 6.429344523061415230e-05 4.578886465332991651e-03 1.000003331808402601e-06 5.250721130228805898e-03 1.216546224939436260e-01 1.000000283521135779e-06 1.447267665698960711e-03 4.159304723516866337e-02 6.314000368569380912e-03 9.999999999999999547e-07 9.855229442037194030e-05 9.999999999999999547e-07 2.748701873062485033e-04 1.000000000000000590e-06 8.055961357023334337e-05 1.175466013609521724e-03 1.000000805503134622e-06 6.993462992626675936e-05 2.745231473211600393e-06 9.999999999999999547e-07 2.073163680549427318e-02 8.273376882664588983e-02 1.000000000001810488e-06 1.000000000042108080e-06 1.683892506442932714e-03 8.966432669490684987e-03 3.040653610168291327e-05 7.383944245374276106e-05 1.000802241782143650e-06 9.999999999999999547e-07 1.003013383760137871e-06 8.950864923174679428e-06 1.744910747197047110e-06 1.869251352933055596e-02 4.039359573368014183e-02 3.717960703839225112e-02 9.999999999999999547e-07 5.399566621360086388e-03 1.016219782364862069e-06 9.999999999999999547e-07 1.386395287947561270e-02 6.022870360118663153e-05 1.000000296557363531e-06 9.999999999999999547e-07 1.000000000000058400e-06 1.055817997760832814e-06 2.918536744659296455e-05 1.047418796839766309e-03 2.876373206653154435e-03 7.215287895700286426e-03 2.861792623098584169e-03 2.950918284534964457e-03 3.892392823955257374e-04 1.000000000000107528e-06 1.271306874525410894e-06 6.301551849848472699e-03 1.530307838019028151e-03 1.000005068373902917e-06 1.939196789008185086e-04 1.000000000000573820e-06 1.699800281657238313e-05 4.189423490741386283e-04 4.147612675524677689e-02
5.110159718458800898e-06 2.519268320206471609e-02 9.877461900889181537e-03 8.674035002555613297e-05 4.279917227335853022e-06 2.303426370873994892e-04 1.000004761877226674e-06 1.000054989527124542e-06 6.064155600953532489e-03 1.000011596388156963e-06 9.999999999999999547e-07 1.000000051523822361e-06 5.763792504885426873e-04 1.000000000000000590e-06 9.999999999999999547e-07 9.999999999999999547e-07 1.100620402669409172e-03 1.023320647992180776e-06 3.015831565745474840e-02 9.906933461842889544e-05 1.003341796263398011e-06 7.041312190645771180e-04 2.882799663901159173e-02 3.643156675883074810e-05 1.000000000022623781e-06 1.000001722062194937e-06 1.091151563235620193e-06 9.999999999999999547e-07 1.202049126772846083e-03 5.460745180277879393e-06 9.999999999999999547e-07 1.000000000534209659e-06 9.999999999999999547e-07 2.308514961044441492e-05 1.000000260946146017e-06 1.219535299295402067e-02 5.878850066021272525e-02 9.999999999999999547e-07 1.521193936113145141e-06 2.129675461807607233e-05 6.079747699009624418e-02 8.514707996769827966e-03 2.917276004262870509e-02 1.440652775075531612e-02 5.244236330496561968e-04 6.075794898027312834e-05 6.158349930730707376e-03 1.949755894773173913e-04 4.753452318785746198e-04 9.999999999999999547e-07 7.829182240404920174e-06 9.999999999999999547e-07 1.013326609498873358e-06 9.999999999999999547e-07 5.942773516355458381e-06 6.046600717462871114e-06 1.000002810457048162e-06 1.000000001011335271e-06 1.000010253448725005e-06 4.471662241984795862e-04 1.001082001242215286e-06 2.887341364449777298e-04 7.023112940273800513e-06 7.896321479003691468e-02 1.000000000001443087e-06 1.000024647111931274e-06 8.362914116414561089e-03 5.769097453454142827e-05 1.000000023932510786e-06 1.000000000002243533e-06 2.731485520511184395e-06 9.960443317763974236e-02 2.299871933997052129e-02 1.002810792993179726e-06 8.142616482431546733e-05 6.141061770279658376e-03 1.000001652219318659e-06 6.241313941092044640e-03 1.046759378872395008e-01 1.000000005686801921e-06 1.840288792141711420e-03 5.323656423987404435e-02 9.259111556295057319e-03 9.999999999999999547e-07 7.121427175198555152e-04 9.999999999999999547e-07 2.752663375751787244e-04 1.000000000000008002e-06 2.923737700169769057e-05 4.111771541351633293e-04 1.000347098231772714e-06 5.093333015979738466e-05 1.624365270203987044e-05 9.999999999999999547e-07 2.465758051404252221e-02 7.839203170169048440e-02 1.000000000055848437e-06 1.000000000000987807e-06 1.173943390080946702e-03 1.055806656352890720e-02 7.420601770407773360e-05 3.027410004806667019e-04 1.000004539071591022e-06 9.999999999999999547e-07 1.015216643021600776e-06 2.542159901792318966e-06 3.042511933826149425e-06 2.893289740395748114e-02 2.545106438170112104e-02 5.163093886650192699e-02 9.999999999999999547e-07 6.016681553799257606e-03 1.053544209540987785e-06 9.999999999999999547e-07 1.300238622427858995e-02 4.576334463545221105e-05 1.000014705104583198e-06 9.999999999999999547e-07 1.000000000008288172e-06 1.000980710967772771e-06 4.412115798297446033e-05 1.217176344258028920e-03 4.397261757847677373e-03 7.125629178407305066e-03 3.748182150899408063e-03 3.755307056282238248e-03 4.540656777885945881e-04 1.000000000000000167e-06 1.106650546968615099e-06 6.903848369085414764e-03 2.330068844321478427e-03 1.000129222170640379e-06 6.127291817947196940e-04 9.999999999999999547e-07 1.244613695828230041e-04 6.495680650225536378e-04 3.924592276792841089e-02
1.280339593260746763e-05 2.441685408050021586e-02 1.087591240001356020e-02 4.914120121544837222e-05 2.053255794011612351e-04 2.748442022140476439e-04 1.000000360041917321e-06 1.000001505752188565e-06 3.121831813729696297e-03 1.066633681397974806e-06 9.999999999999999547e-07 1.000000007318414382e-06 8.985714415888184899e-04 1.000097536371897569e-06 9.999999999999999547e-07 9.999999999999999547e-07 1.276861675754428554e-03 1.011184217409862703e-06 2.488487938305876737e-02 6.879644712812978564e-06 1.000191400143457849e-06 9.736068173570624736e-04 2.661689054085842818e-02 3.474562976968941424e-05 1.000000000000005037e-06 1.000000256923059696e-06 1.017567472680431480e-06 9.999999999999999547e-07 1.385879346137798562e-03 6.267480373469069462e-06 9.999999999999999547e-07 1.000000021505794850e-06 9.999999999999999547e-07 2.998077689422539842e-06 1.000000525374924794e-06 7.056236354786908638e-03 7.229060946400832355e-02 9.999999999999999547e-07 1.130102446963577660e-06 1.284807666986109775e-05 7.767803478960062791e-02 5.358947845590042620e-03 2.157541411793548192e-02 8.973843953111083557e-03 2.252103013207189665e-04 2.389923614940171932e-05 3.953940524495488246e-03 3.669351760379683680e-06 4.941550890766367200e-04 9.999999999999999547e-07 8.987698709862796886e-06 9.999999999999999547e-07 1.415648052650646110e-06 9.999999999999999547e-07 7.959853836522729921e-06 1.097969241674491731e-06 1.018485534143281244e-06 1.000000001001325671e-06 1.000001811634988691e-06 7.070455333483555832e-05 1.000375472039595350e-06 4.080258165433343692e-04 7.628223537767009738e-06 8.342851120200263371e-02 1.000000000000057977e-06 1.000040355619597736e-06 8.525401411632275300e-03 1.713844857672857552e-05 1.000000004393736670e-06 9.999999999999999547e-07 2.963431690278735511e-06 1.074517706796470629e-01 2.257267162968241980e-02 1.602625513366767622e-06 1.590701752548221901e-04 4.596420548123766360e-03 1.000000030878378524e-06 4.625227025517192510e-03 1.309132720736976285e-01 1.000000575757135675e-06 1.040061641131618175e-03 3.977997984950289168e-02 6.888343506972152523e-03 9.999999999999999547e-07 8.399922917346925731e-05 9.999999999999999547e-07 2.586695397422235712e-04 9.999999999999999547e-07 9.875986935263974295e-05 3.831135822318504358e-04 1.086406162532855721e-06 1.593992847348646295e-04 5.677188102353908021e-06 9.999999999999999547e-07 2.276708683542775016e-02 8.836321729914628498e-02 1.000000000000001649e-06 1.000000000000806542e-06 1.067466160296015815e-03 1.128882312726525033e-02 1.382070260873988969e-04 1.584985760777261302e-04 1.000091744644001986e-06 9.999999999999999547e-07 1.020100527009267905e-06 1.596273687267830991e-06 4.636494296912152894e-06 1.762907909217940189e-02 3.554552524865457058e-02 3.886935929761374531e-02 9.999999999999999547e-07 5.130638124213408521e-03 1.909663764354038554e-06 9.999999999999999547e-07 1.157132691264670804e-02 2.543952472954892955e-04 1.000000778920159655e-06 9.999999999999999547e-07 1.000000000000000167e-06 1.001778823051383381e-06 2.082204890408549466e-05 1.272048343580303113e-03 2.673065185659331301e-03 6.996725417075892565e-03 2.390747511325471471e-03 1.800591633814467530e-03 3.673894785791335460e-04 1.000000000004339093e-06 1.002848908124937908e-06 4.818785444048339674e-03 2.254804008913153645e-03 1.000000625607353115e-06 4.602291045760664625e-05 1.000000000000001014e-06 1.697075191128055843e-05 2.862923162039512632e-04 4.015863913973619775e-02
1.293035388315040383e-05 2.807382019699498216e-02 8.686280698916202039e-03 8.458558893799397152e-05 2.349835644847474309e-06 6.376510269765913006e-05 1.000003129911720406e-06 1.212827472703595306e-06 3.896348565218091947e-03 1.000069299771204737e-06 9.999999999999999547e-07 1.000000016173092890e-06 7.573425050510541878e-04 1.000000000009263319e-06 9.999999999999999547e-07 9.999999999999999547e-07 3.974383197902302788e-04 1.013778074234034585e-06 3.391411041925406628e-02 1.556570409788945642e-05 1.001809940045576450e-06 7.439726748717932943e-04 2.571207354382663499e-02 6.281192882100813512e-05 1.000000000000037224e-06 1.000000095089625385e-06 2.415942271835347862e-06 9.999999999999999547e-07 1.537303262454217494e-03 1.593921194864489143e-05 1.000000000000942491e-06 1.000000005395794646e-06 9.999999999999999547e-07 1.629463150957233812e-06 1.000000000164010309e-06 8.224978300944384840e-03 5.953352154248710282e-02 9.999999999999999547e-07 1.988601416797610223e-06 3.320454544603344192e-05 5.810899471726475168e-02 1.086252452498573905e-02 2.640672641713884272e-02 1.372872731497819070e-02 5.035825452230345035e-04 3.960993760347635115e-05 5.134962916939007221e-03 2.994280666439150402e-06 4.680497938420861460e-04 9.999999999999999547e-07 1.278780742482253805e-05 1.000000000000003555e-06 1.593496742102000881e-06 1.000000012900238685e-06 1.951643595916238965e-04 1.100013180831945182e-06 6.275488348992204200e-06 1.000001658073815573e-06 1.000004248999506407e-06 1.189967420896500757e-04 1.001637487992265856e-06 8.908081846429487033e-04 5.816196817059774370e-06 9.280087676367348992e-02 1.000000000000163009e-06 1.000575177924445040e-06 8.163877941201519439e-03 3.574431221030836250e-05 1.000000101020747652e-06 9.999999999999999547e-07 6.181712732467171342e-06 9.425654832800291205e-02 2.173484676815348737e-02 2.317777433603748831e-06 1.743314643873556183e-04 6.168861079777928497e-03 1.000046516741176407e-06 5.918204431597900474e-03 1.186564712305582386e-01 1.000000000007164371e-06 2.188166826276403704e-03 5.810313695818967311e-02 7.935226667730473429e-03 9.999999999999999547e-07 3.722830617768818954e-04 9.999999999999999547e-07 2.550705004399784473e-04 1.000000000000000167e-06 5.626453454145605653e-05 7.754173706137054483e-04 1.000028786348292727e-06 3.119171317637073554e-04 1.573052446659468237e-05 9.999999999999999547e-07 2.590227149390186834e-02 7.776461113234817146e-02 1.000000015903779823e-06 1.000000002052505629e-06 1.603238917596578250e-03 1.133467314024276876e-02 4.155526448447439898e-05 9.976254606493240550e-05 1.000734577868267185e-06 9.999999999999999547e-07 1.015594415749905405e-06 3.707626693797857638e-06 2.080723562149875668e-06 2.531414762128951501e-02 2.703640234235913167e-02 4.371676573559203638e-02 9.999999999999999547e-07 6.747776693107766961e-03 3.162616287486590263e-06 9.999999999999999547e-07 1.335680242378294198e-02 1.034674223192945565e-04 1.000043470067849127e-06 9.999999999999999547e-07 1.000000000004235119e-06 1.007611378246048543e-06 3.531671823804615785e-05 1.135870336482992056e-03 3.487136141068029709e-03 7.035552017620690102e-03 2.892625213943879336e-03 3.389280709656542455e-03 3.747441106137972444e-04 9.999999999999999547e-07 1.062182296121007038e-06 4.022861309875757838e-03 2.212229464265606012e-03 1.000006395043566469e-06 6.185070472969803165e-05 1.000000000022634581e-06 7.834330147807947169e-05 6.310750772144220694e-04 3.550480580947178166e-02
1.043379498969409044e-05 3.410801024181131513e-02 8.155078942674233444e-03 3.077610267437285390e-05 3.409312871595447382e-05 1.919454779622207250e-04 1.019781302551762240e-06 1.000001013131412850e-06 3.280159457885277376e-03 1.004173327779629635e-06 9.999999999999999547e-07 1.000000025753252787e-06 7.798824043791169683e-04 1.000000000000291334e-06 9.999999999999999547e-07 9.999999999999999547e-07 7.024537481836062337e-04 1.000612988346450978e-06 2.781795791134539578e-02 2.523258177372916269e-06 1.115311134162665567e-06 4.715067346356044192e-04 2.954124317308774034e-02 4.365156020015185039e-05 1.000000000078241447e-06 1.000000862778279612e-06 1.166197350793020485e-06 9.999999999999999547e-07 1.226496473379091881e-03 1.524661579746912780e-05 1.000000000000011601e-06 1.000000002276425564e-06 9.999999999999999547e-07 6.429450522523899094e-06 1.000000000000262111e-06 6.081409517679970365e-03 6.165924702348433289e-02 9.999999999999999547e-07 2.658749223937101767e-06 9.658121863138910139e-06 6.890849576323422598e-02 8.828084121540447776e-03 2.581862822825551837e-02 1.264830303634312259e-02 5.012625296962521784e-04 4.815026712686639441e-05 3.818676477340596318e-03 7.639034676034132934e-06 4.152084055814359758e-04 9.999999999999999547e-07 6.153107689771248751e-06 9.999999999999999547e-07 1.717759935366735329e-06 1.000000000000003343e-06 2.100547516897205037e-05 1.290842047024530230e-06 1.001605906190896774e-06 1.000000886179068051e-06 1.000007122189544541e-06 4.086705715978930162e-04 1.001836175380195527e-06 2.486566524051661174e-04 3.195147651440289707e-06 8.490629983194930563e-02 1.000000000001282998e-06 1.000256155051427672e-06 6.951075398420614344e-03 1.970446167218315887e-05 1.000000016190432289e-06 1.000000000002502937e-06 8.281691540135323744e-06 1.020160347552930419e-01 2.855555562791931706e-02 1.000442451068717375e-06 8.818712418731279178e-05 5.694367314378849000e-03 1.000011017676182593e-06 5.508933223763427638e-03 1.267927676365173950e-01 1.000000184724714177e-06 1.651898422730997294e-03 4.521290285779033108e-02 6.175862261542116802e-03 9.999999999999999547e-07 4.225808641049250743e-04 9.999999999999999547e-07 2.312128150132843269e-04 1.000000000000000167e-06 7.053812001513206351e-05 3.256543817326737196e-04 1.908827024126756818e-06 4.183149368046629163e-05 2.026385282040085795e-06 9.999999999999999547e-07 2.389681295849700737e-02 8.317835218901985239e-02 1.000000000000082540e-06 1.000000000028479532e-06 1.147373556497006605e-03 1.020676173258068531e-02 1.690496737474619151e-05 1.503410003851177624e-04 1.000000015618398541e-06 9.999999999999999547e-07 1.001428358517078688e-06 1.019420503163458807e-06 4.289789508525927464e-06 1.856421177291290095e-02 3.071473886802350561e-02 3.884134039360044588e-02 9.999999999999999547e-07 5.948869804848589543e-03 1.125539215502129936e-06 9.999999999999999547e-07 1.413121346766226319e-02 8.661059391489249850e-05 1.000000271996928753e-06 9.999999999999999547e-07 1.000000000000009272e-06 1.017429689067797373e-06 1.619619112517854177e-05 1.194910194179486492e-03 2.114498144407170495e-03 6.358273250878486611e-03 3.076320386663461675e-03 3.550327802793554980e-03 3.510525725062508206e-04 1.000000000000007155e-06 2.208217684226111712e-06 5.003324725683815088e-03 2.251786127216695056e-03 1.000146456055616317e-06 1.028289918374500464e-04 9.999999999999999547e-07 2.722550714541569373e-05 1.022481738382832522e-03 3.759064804871785348e-02
8.628304338733594380e-06 3.288563165320317061e-02 7.078620415493260334e-03 7.167112617077325007e-05 7.336777815137116986e-05 3.019372536835862424e-04 1.000000168643418861e-06 1.000366069116792329e-06 5.265048220644672275e-03 1.009219985492061112e-06 9.999999999999999547e-07 1.000000767298650990e-06 1.147210038951319453e-03 1.000000000005257488e-06 9.999999999999999547e-07 9.999999999999999547e-07 5.779612075153038684e-04 1.001736713646897653e-06 3.037639746114010122e-02 2.605470421356450818e-05 1.002857809616319504e-06 8.767490274150963612e-04 2.311313751259399737e-02 8.081654254799598431e-05 1.000000019298155092e-06 1.000000667711784595e-06 1.145126565051782985e-05 9.999999999999999547e-07 8.015226939618265217e-04 1.598770590091642279e-05 1.000000000000000590e-06 1.000000011017514413e-06 9.999999999999999547e-07 2.605552268524134832e-06 1.000000000000088470e-06 8.343930563770633746e-03 5.645646562119622375e-02 9.999999999999999547e-07 1.026224114413320137e-06 3.414349999253859787e-05 5.844300558666290502e-02 1.134776353086930714e-02 2.775025980830551214e-02 9.568745486875598893e-03 7.171053016618490370e-04 1.073085931848988749e-04 7.151025393354813221e-03 1.856014555183270790e-04 7.556800924424799965e-04 9.999999999999999547e-07 1.298150813192266546e-05 1.000000000000000167e-06 1.263199800696052446e-06 1.000000180121155542e-06 3.999711901623183698e-05 3.405055004089010094e-06 1.001451674300072110e-06 1.000000621137768622e-06 1.000364377683168112e-06 1.568324338444106788e-04 1.070824136040274800e-06 6.350151188703929712e-04 9.642517056371022920e-06 8.905331270793219456e-02 1.000000000000689016e-06 1.000112150997674995e-06 6.676262595515236598e-03 4.627667474765884451e-05 1.000000015549535398e-06 9.999999999999999547e-07 2.249353547845701581e-06 1.025443657169533285e-01 2.677044799347014226e-02 1.004497721421384247e-06 1.293563868609675358e-04 7.490888977132825408e-03 1.000040200356449342e-06 6.705548470147727584e-03 1.172017830671104321e-01 1.000000057951409485e-06 2.173650396207692150e-03 5.549058882145389837e-02 1.058516438057778911e-02 9.999999999999999547e-07 5.002784121914783744e-04 9.999999999999999547e-07 3.126940341312297689e-04 9.999999999999999547e-07 1.391240615538669753e-04 7.591958741848744974e-04 1.000005905349005408e-06 8.744305154244404210e-05 8.213156127800289280e-05 9.999999999999999547e-07 2.021413318551313829e-02 7.580876249651884169e-02 1.000000000000003131e-06 1.000000000000129763e-06 1.114923231119424466e-03 1.164991597098076308e-02 1.719569462974590511e-05 1.911393328082064500e-04 1.000007852034469433e-06 9.999999999999999547e-07 2.451230459848615189e-06 1.216294737722687636e-06 1.186377416667922335e-06 2.505731894734502391e-02 2.671500462102845835e-02 4.443099481170972864e-02 9.999999999999999547e-07 5.331288937184714381e-03 2.971256438466070126e-06 9.999999999999999547e-07 1.528403059631696682e-02 5.318182987945813990e-04 1.000201481800043949e-06 9.999999999999999547e-07 1.000000000000651958e-06 1.005838720363111406e-06 4.135464434254107165e-05 1.125835160446198588e-03 2.880471228101403117e-03 5.642721275493109076e-03 4.366678285198182484e-03 4.173590631437382008e-03 7.997626614056886586e-04 1.000000000000028966e-06 1.536112037057784521e-06 6.160811818823473847e-03 2.697110785406729196e-03 1.000027922976682584e-06 1.782750918925610347e-04 1.000000000000001649e-06 9.159828144911749714e-05 2.942645095135995245e-04 3.409178156616268773e-02
2.819434039794013743e-06 3.263653928827352918e-02 8.579143119054066097e-03 4.688990595477750338e-05 1.692599332694807394e-04 2.152677532933012692e-04 1.000008110794569572e-06 1.000002455106037374e-06 3.508892851591893791e-03 1.000014579796917190e-06 9.999999999999999547e-07 1.000027538753381707e-06 7.848602165400059413e-04 1.000000000343102508e-06 9.999999999999999547e-07 9.999999999999999547e-07 3.337289812801751045e-03 1.001863081512928324e-06 3.061918299225559886e-02 1.093160365742376180e-05 1.009473203300444622e-06 5.511107716889844695e-04 2.664052280774469733e-02 7.637389542543188993e-05 1.000000000013498272e-06 1.000049500223583397e-06 1.177394071614673103e-06 9.999999999999999547e-07 2.008430354399466655e-03 1.666044964872737713e-05 9.999999999999999547e-07 1.000000252970351225e-06 9.999999999999999547e-07 4.604964609243608164e-06 1.000000000001727690e-06 8.176781751139245574e-03 5.567029860122259255e-02 9.999999999999999547e-07 1.122175125737134345e-06 3.963245709722786216e-05 6.287960126218199164e-02 1.046772312659818675e-02 2.473387877793067208e-02 1.029142002855214580e-02 4.904717133685258454e-04 3.396736639251072729e-05 5.129552527834012506e-03 5.927221258820407069e-05 7.331452933916111784e-04 9.999999999999999547e-07 9.677931460836800261e-06 1.000000000000001014e-06 3.312578289755090665e-06 9.999999999999999547e-07 2.320085484242512283e-05 1.337149073822116313e-06 1.310331872056066774e-06 1.000000163038403643e-06 1.000003509506038954e-06 1.649594979117755618e-04 1.001104537933730453e-06 1.260405775875456796e-03 7.127395897209408974e-06 8.960278004561975096e-02 1.000000000076367386e-06 1.000258908415046774e-06 5.639374846951630306e-03 2.203349620019564155e-05 1.000000003610712309e-06 1.000000000000116634e-06 5.190160823262859480e-06 9.719619617144990842e-02 2.548592755413804645e-02 1.033548397674240180e-06 1.621239989391691147e-04 5.953236311543164301e-03 1.000039234822494165e-06 5.608494367407958550e-03 1.246922763080236807e-01 1.000000000718971685e-06 2.021181571069187530e-03 5.172023995244460354e-02 7.868026967277567257e-03 9.999999999999999547e-07 1.622054850913884816e-04 9.999999999999999547e-07 2.728643914666155205e-04 9.999999999999999547e-07 8.561888173628399502e-05 1.069067014383015546e-03 1.000504548409326104e-06 7.363218688528714174e-05 9.938555416698096506e-05 9.999999999999999547e-07 2.195519983816296775e-02 7.899086256409883211e-02 1.000000000000011390e-06 1.000000282467912566e-06 1.098443188031382727e-03 8.798776803164680069e-03 3.424492603117307489e-05 4.964297528389236339e-04 7.504250404888500679e-06 9.999999999999999547e-07 1.039985570183290261e-06 6.411260378514243846e-06 3.112736258947794177e-06 2.310650620266447436e-02 3.526143961131463639e-02 4.185611327533021037e-02 9.999999999999999547e-07 7.003123760771656596e-03 1.457633054560323806e-06 9.999999999999999547e-07 1.406850449771626654e-02 1.897941678925715555e-04 1.000001707389432403e-06 9.999999999999999547e-07 1.000000000000172749e-06 1.003493113905549276e-06 5.395224126468452171e-05 1.394228167715602434e-03 2.207157088350804059e-03 6.864033777230832932e-03 3.132645060882843346e-03 4.597399852058764100e-03 5.960350324754276966e-04 9.999999999999999547e-07 1.057186466260057376e-06 3.718793945092965444e-03 1.863229173882695886e-03 1.000414595567218884e-06 5.787657116293489331e-05 9.999999999999999547e-07 6.628470380877175144e-05 3.547015409817788146e-04 3.517457877463096849e-02
7.639782386797681793e-06 3.471061918132298946e-02 8.969360793152577477e-03 2.939490765031445928e-05 8.797306678137869172e-05 1.459077703449678529e-04 1.000029465023257202e-06 1.000002410922704980e-06 3.320735699841770479e-03 1.000005115602651005e-06 9.999999999999999547e-07 1.000001359057142021e-06 9.248125526966013846e-04 1.000000000000373920e-06 1.000000000000010331e-06 9.999999999999999547e-07 1.717912271181472935e-03 1.002155733312736159e-06 2.682980230430870999e-02 3.997551354799936215e-05 1.446760531361934147e-06 7.996384502694886629e-04 2.689019812715732344e-02 2.501579613078589283e-04 1.000000000000048447e-06 1.000022030487589469e-06 1.299882873171953680e-06 9.999999999999999547e-07 1.020235474393169908e-03 3.373432065295011754e-06 9.999999999999999547e-07 1.000000016532959708e-06 9.999999999999999547e-07 8.505262388780388449e-06 1.000000020671287826e-06 5.909787313570685589e-03 7.366444279208207713e-02 9.999999999999999547e-07 1.074341133835850687e-06 3.326177840582060052e-05 7.265222686798637752e-02 7.013920791997392025e-03 2.164542677251033234e-02 8.242840759628184549e-03 2.310175950455672640e-04 2.324939367252007954e-05 2.760278639644459485e-03 1.605300517178742691e-05 5.726539204313639466e-04 9.999999999999999547e-07 4.634994050578256584e-06 9.999999999999999547e-07 1.000512325950813668e-06 1.000000000018026298e-06 9.610084131956192453e-06 1.236192410010449330e-06 1.210973664622357776e-06 1.000000052555056175e-06 1.000010885985010962e-06 6.886368271274243436e-04 1.000129882901085447e-06 4.662431186680529517e-04 1.796089361558442698e-05 7.947889888943016068e-02 1.000000000001331491e-06 1.000025688747213043e-06 7.558249472016165260e-03 1.580174732483092829e-05 1.000000001869595852e-06 1.000000000000000167e-06 2.511629188345455840e-06 1.109234711264789203e-01 3.284090361160618698e-02 1.006770584213132610e-06 8.907765646145605063e-05 4.239802915404880350e-03 1.002560955958025043e-06 4.805414012378976356e-03 1.303094742267332518e-01 1.000000000319594803e-06 1.156172147319012907e-03 4.065674435273031878e-02 5.754857905776972031e-03 9.999999999999999547e-07 1.482231897367864565e-04 9.999999999999999547e-07 1.985833237968151856e-04 1.000000000000000167e-06 7.171183976514077202e-05 4.070848345619630963e-04 1.002562600213043616e-06 1.875254529273935795e-04 2.092229626233597031e-06 9.999999999999999547e-07 2.230163197821644419e-02 8.420158883446986209e-02 1.000000000000171479e-06 1.000000000043112661e-06 9.072969546111582777e-04 1.007555692888600918e-02 1.954317848163298910e-05 3.086699187089234661e-04 1.088901072554878089e-06 9.999999999999999547e-07 1.006481311049455383e-06 7.364132083411232754e-06 3.025761386153828180e-06 1.844903168584552736e-02 2.778757054919565525e-02 3.878737084894742781e-02 9.999999999999999547e-07 5.582010036840265310e-03 1.169192466784748234e-06 9.999999999999999547e-07 1.464367248406327898e-02 8.735170893134870857e-05 1.000002787413169760e-06 9.999999999999999547e-07 1.000000000000009696e-06 1.013236497776126586e-06 1.993451743069690421e-05 1.422004337248224289e-03 3.800104830174594762e-03 5.357537544974808226e-03 2.244922996402074020e-03 2.489237473072739015e-03 2.397728627507198450e-04 1.000000000000000378e-06 1.454897188704191219e-06 4.521119376827674625e-03 2.660078532101294631e-03 1.000011206733824611e-06 1.174510190998598612e-04 9.999999999999999547e-07 2.015684395715218807e-05 4.524061464281249200e-04 3.501648419478914365e-02
2.180919670410371096e-06 3.692856653008071144e-02 1.368907153460901215e-02 4.458507867793214439e-05 7.788585501120432418e-05 1.689583944888787962e-04 1.000559428460805402e-06 1.003238595659365718e-06 3.308832734920901311e-03 1.000003506630680159e-06 9.999999999999999547e-07 1.001386117343087934e-06 7.621606080834914454e-04 1.000000177497810860e-06 9.999999999999999547e-07 9.999999999999999547e-07 4.025936442084800441e-04 1.001857716490033573e-06 3.035676607345631425e-02 1.452675352442295399e-05 1.003264982425971829e-06 4.719698278093181439e-04 2.473960640270996339e-02 1.756387919038443805e-04 1.000000000005769096e-06 1.000008908798447007e-06 3.530144177635508428e-06 9.999999999999999547e-07 3.162658946444710413e-03 4.396841954935034082e-06 1.000000000000000167e-06 1.000000013115673045e-06 9.999999999999999547e-07 3.058463978769117784e-06 1.000000000000000378e-06 5.515040769404535442e-03 6.227272102822636879e-02 9.999999999999999547e-07 1.154140131151165188e-06 9.093781709620602093e-06 7.193359528535862857e-02 7.366305077586577862e-03 2.021509782099922478e-02 9.644443501465352689e-03 3.400162737944352085e-04 1.806772344169999019e-05 3.152204413142882349e-03 3.577637544735172681e-05 4.569341690298661532e-04 9.999999999999999547e-07 3.787801377468910441e-06 9.999999999999999547e-07 1.175382072945842073e-06 1.000000000001205918e-06 1.419231540456992614e-05 1.727372914362068016e-06 1.000286356139345425e-06 1.000000001196533519e-06 1.000001829893002403e-06 4.259924444354269745e-04 1.004703391596864528e-06 3.665757940791508022e-04 8.469118499145561154e-06 8.001467672378634322e-02 1.000000000000000167e-06 1.000041724078900597e-06 1.003519307181404731e-02 1.965009383115197156e-05 1.000000009675334380e-06 1.000000000000174020e-06 5.027067512590011391e-06 1.013803061939046873e-01 3.151278853663128793e-02 1.000232705218262308e-06 1.222050374882760330e-04 3.994144396649974837e-03 1.000000473860984298e-06 6.758460645504072058e-03 1.200837479258239082e-01 1.000000000325777720e-06 1.412189661397309426e-03 4.099193927347900834e-02 5.407150095720827422e-03 9.999999999999999547e-07 2.662199113911867970e-04 9.999999999999999547e-07 2.150940758853073806e-04 9.999999999999999547e-07 4.365047884719814924e-04 7.863979325690722980e-04 1.000097573523441108e-06 2.257763907361055682e-04 1.722375002990993155e-06 9.999999999999999547e-07 1.968590435059728444e-02 8.497410581604816771e-02 1.000000000000001225e-06 1.000000000005842365e-06 1.358919042643722853e-03 8.305346482982343265e-03 1.050140414616571543e-04 2.017296128370594393e-04 1.024298250219559289e-06 9.999999999999999547e-07 1.005955142835172047e-06 3.424548484775252943e-06 1.474839349901510888e-06 1.807688930882616479e-02 4.570776500872024417e-02 3.931570094533837906e-02 9.999999999999999547e-07 4.461724779877543866e-03 1.032417856793401608e-06 9.999999999999999547e-07 1.605921782479031654e-02 1.029044041302031140e-04 1.000227080553778017e-06 9.999999999999999547e-07 1.000000000001233870e-06 1.001761533034873399e-06 1.573367664563259439e-05 6.391976909095146986e-04 2.270035842765015868e-03 1.176966254836682955e-02 1.902527106628658805e-03 3.136392011079480648e-03 3.650428787005911770e-04 1.000000018499155054e-06 1.025132424173394024e-06 4.441348708389913913e-03 1.485324774089717562e-03 1.000016674414129319e-06 8.536164579591176704e-05 1.000000000000002496e-06 6.722354594428045176e-06 3.178667481104859222e-04 3.552000518351171310e-02
6.919052649176523395e-06 2.958062708832648324e-02 8.303260718729769951e-03 4.092916451922081129e-05 3.147513632926677679e-05 1.925815177257221209e-04 1.000073647707437023e-06 1.000095345794413266e-06 3.356124663119044310e-03 1.000008439206416603e-06 9.999999999999999547e-07 1.000000004049517939e-06 6.112521769990166345e-04 1.000000000000000378e-06 9.999999999999999547e-07 9.999999999999999547e-07 9.975107397848514967e-04 1.000343026597233390e-06 2.737673095872994108e-02 3.422341079126088347e-06 1.008767281482500655e-06 5.329302562915792492e-04 2.951861754780985697e-02 1.600129433782003583e-04 1.000000000835787269e-06 1.000093002364004139e-06 2.289589516919963908e-06 9.999999999999999547e-07 7.544851465887168025e-04 2.686925060072254782e-06 1.000003460107107540e-06 1.000000368547354615e-06 9.999999999999999547e-07 6.159481977740468805e-06 1.000000000000199219e-06 6.438431321907298228e-03 6.722586575270116105e-02 9.999999999999999547e-07 1.351196067286953484e-06 7.291451693337574374e-06 7.116824150183907738e-02 6.328246818058459559e-03 2.492344098787617132e-02 1.259255309088348762e-02 3.335513329155113667e-04 2.423358578393448501e-05 3.580183264034786025e-03 4.578120733306034848e-05 4.747200502801595745e-04 9.999999999999999547e-07 6.240788012055073826e-06 9.999999999999999547e-07 1.020668684384816317e-06 9.999999999999999547e-07 1.155785706646041473e-05 1.058380654212652937e-06 2.110955825486271815e-06 1.000000812997105522e-06 1.000002471739182702e-06 3.085986390690328702e-04 1.000251113341031757e-06 8.522887432729400314e-04 6.422007720168153549e-06 8.142364159283273228e-02 1.000000000000037859e-06 1.027046466764630267e-06 8.247411782077133588e-03 1.213604337934725075e-05 1.000000002104969579e-06 1.000000000000000167e-06 9.851847187117602502e-06 1.109622748839781264e-01 2.611485232285475772e-02 1.017220718845898939e-06 6.666528861258885134e-05 4.329199878228712564e-03 1.000244684600227729e-06 3.951990202074453368e-03 1.240685610271771988e-01 1.000000000533864281e-06 1.230146381292832047e-03 4.034668326477677813e-02 5.807637286857752004e-03 9.999999999999999547e-07 1.101607445140203966e-04 9.999999999999999547e-07 2.684781951082231433e-04 9.999999999999999547e-07 4.471809240259730714e-05 8.344757306213620171e-04 1.001985314399011793e-06 1.487482952772581628e-04 6.160487968905136135e-06 9.999999999999999547e-07 2.581779832393832005e-02 8.808988927715064032e-02 1.000000000000198160e-06 1.000000000158271661e-06 1.022325049457572946e-03 1.029262519865503482e-02 5.319956575951644158e-05 1.739972130281171813e-04 1.000041876362960211e-06 9.999999999999999547e-07 1.016476301576852343e-06 3.663677924795933284e-06 2.058266600583659297e-06 2.037540391654294597e-02 2.978056693630937862e-02 4.463066261826725833e-02 9.999999999999999547e-07 5.855994257535137963e-03 1.137812154012052194e-06 9.999999999999999547e-07 1.301719099981776991e-02 4.325698445788253723e-05 1.000000111158375296e-06 9.999999999999999547e-07 1.000000000000001437e-06 1.000399391228793763e-06 2.133396244101773838e-05 8.037787052732921341e-04 2.832770798240663752e-03 5.892178433045912149e-03 2.480646560054968527e-03 2.422013712975444513e-03 2.831026743871798627e-04 1.000000000000159620e-06 1.010234293961253298e-06 4.686894973591290529e-03 2.416731701310366638e-03 1.000000771854431038e-06 5.242498137035979790e-05 9.999999999999999547e-07 2.890461388516562846e-05 1.111700386992128960e-04 3.509919706070280254e-02
5.280182570709270611e-06 3.359494568714074814e-02 7.917134517417380793e-03 5.612931955221468343e-05 2.236323923597184553e-05 3.654417017808514077e-04 1.000040401578880182e-06 1.001770650381390486e-06 4.544443477564922944e-03 1.004979488079361097e-06 9.999999999999999547e-07 1.000008247363318808e-06 1.163219973656472129e-03 1.000000000000000167e-06 9.999999999999999547e-07 9.999999999999999547e-07 1.072237166130857308e-03 1.000793592261676281e-06 2.694870252173009115e-02 7.953482449105837114e-06 1.000287109220957770e-06 7.404330780636356104e-04 3.174902812624867676e-02 2.471901962953674015e-05 1.000000000054216416e-06 1.000000053972891285e-06 1.117371964711429573e-06 9.999999999999999547e-07 1.351720470355515001e-03 1.533419326412297626e-05 9.999999999999999547e-07 1.000000000230643850e-06 9.999999999999999547e-07 2.060693284397022355e-06 1.004923448730790211e-06 6.077658229752811066e-03 6.124522244589955533e-02 9.999999999999999547e-07 1.144683305508193433e-06 2.012401893957070891e-05 7.135306713282342506e-02 7.322472273533332278e-03 2.167935301814157695e-02 1.204185643462690400e-02 3.081404902383634548e-04 2.549806942195595187e-05 2.775854023486483933e-03 3.893935882706965498e-06 1.357706367585045926e-03 9.999999999999999547e-07 1.180394087196226363e-05 9.999999999999999547e-07 1.064915858141128917e-06 9.999999999999999547e-07 3.732536629556530336e-05 2.854058140731222901e-06 2.465051836547545500e-06 1.000000260077995056e-06 1.000055561777419770e-06 8.394490831589875414e-05 1.001228852571710490e-06 3.484348840306638359e-04 4.442592014341912127e-06 8.601096766282217976e-02 1.000000000087030049e-06 1.001068653610967764e-06 9.072472415975561116e-03 1.255730521278524347e-05 1.000000004022409496e-06 1.000000000000001014e-06 1.905234668428398097e-06 1.015949865107514394e-01 2.960955444066573627e-02 1.006029902468304219e-06 1.096498627258289882e-04 3.936071992311056429e-03 1.000000228872255829e-06 5.885301709455514202e-03 1.256688923661899993e-01 1.000000000306874062e-06 1.346494074694217120e-03 4.014917542494277070e-02 4.834707495310758274e-03 9.999999999999999547e-07 1.650663654194377186e-04 9.999999999999999547e-07 2.139643520730310480e-04 1.000000000000003131e-06 5.678222417262068533e-05 8.747833855681849810e-04 1.000029662371664697e-06 1.951441391812003788e-04 1.759364296345382679e-06 9.999999999999999547e-07 2.661531727994538229e-02 8.317360163305746734e-02 1.000000003741740471e-06 1.000000000000469211e-06 1.331083125258969262e-03 1.004417911866223659e-02 6.068853120072514298e-05 1.653712173546413242e-04 1.000003677402820976e-06 9.999999999999999547e-07 1.013483867495108696e-06 1.625856671685987442e-06 1.239764387059325404e-06 2.054959710026704051e-02 3.353863061616180197e-02 3.811684138935360344e-02 9.999999999999999547e-07 5.777247575061005003e-03 1.067488873816602574e-06 9.999999999999999547e-07 1.360864809781241365e-02 1.565930345089351075e-04 1.000007662855969365e-06 9.999999999999999547e-07 1.000000000000008849e-06 1.013271560509508384e-06 2.059919581911108269e-05 1.808323113886692746e-03 3.217358569917422740e-03 7.135658971012380329e-03 2.455393097431549966e-03 3.283069707389662042e-03 3.687588833954577594e-04 1.000000000000000167e-06 1.015517796087946189e-06 4.008781049879126326e-03 2.111724547475174289e-03 1.000035724783438931e-06 1.099602367330530393e-04 9.999999999999999547e-07 1.634493432193471894e-05 5.842518071320568695e-04 3.779715313114048042e-02
4.850269812767093512e-06 2.794698837818369516e-02 1.236557850661838473e-02 3.412699861624581194e-05 1.177004929152588903e-04 1.219653025158866242e-04 1.000542033332096738e-06 1.000133953035528151e-06 4.485667694392153626e-03 1.000010898922741487e-06 9.999999999999999547e-07 1.000002861209368820e-06 9.737174848194549018e-04 1.000000000000013931e-06 9.999999999999999547e-07 9.999999999999999547e-07 7.990318635172716450e-04 1.268110082979273131e-06 3.157160304262715544e-02 2.332078352597507536e-06 1.009057701487456221e-06 8.820878441553033165e-04 2.780738929728497622e-02 3.968078901279408491e-05 1.000000000000001437e-06 1.000000336514654157e-06 1.124308236275227892e-06 9.999999999999999547e-07 1.882210662958639204e-03 8.681143012018443665e-06 9.999999999999999547e-07 1.000000000028053262e-06 9.999999999999999547e-07 6.088923504348347359e-06 1.000000000073108004e-06 6.607011897341863449e-03 6.055580673361155714e-02 9.999999999999999547e-07 3.885020813797193609e-06 6.648470940591424659e-06 6.904137759322331869e-02 7.686331638864250804e-03 2.323605656732900468e-02 1.083589551576178735e-02 3.388829547152846246e-04 4.532304539676555635e-05 3.649099629208579602e-03 2.362784388804473957e-06 6.971969388750119938e-04 9.999999999999999547e-07 8.484324143100393985e-06 9.999999999999999547e-07 1.020145640369260572e-06 1.000000000000000167e-06 5.735780426149374064e-05 1.552691428191673187e-06 1.001968418103367345e-06 1.000000009770912942e-06 1.000000913196706869e-06 3.910831992470737784e-04 1.000604698590482439e-06 3.327035667243969600e-04 7.947346971775648763e-05 8.705107871307413148e-02 1.000000000003610009e-06 1.000000014197402516e-06 7.919146977775041660e-03 1.824407025633118908e-05 1.000000000993684163e-06 1.000000000408760691e-06 1.648133637289287128e-05 1.023871887836792782e-01 2.322242194721694380e-02 1.086846890739620450e-06 9.153977163520937504e-05 4.152675866131288855e-03 1.000001152182654507e-06 5.580446434974027474e-03 1.210477296465851671e-01 1.000000000055044179e-06 1.220681785905921440e-03 4.939936401887558975e-02 6.101471009065609179e-03 9.999999999999999547e-07 8.858622024270458931e-05 9.999999999999999547e-07 1.903506581958085576e-04 9.999999999999999547e-07 1.186202144916199941e-04 6.163887475526561108e-04 1.000054935575819846e-06 2.366779272082352641e-04 6.961485614495677626e-06 9.999999999999999547e-07 2.226934514030626602e-02 8.455229423242613396e-02 1.000000000000001649e-06 1.000000000017277733e-06 1.232982949238056736e-03 8.662373374110268059e-03 1.061405362300015136e-05 1.200651550371821177e-04 1.000136164820780288e-06 9.999999999999999547e-07 1.002973587019292422e-06 4.272020125404189701e-06 2.570063939869514472e-05 1.930483701500106120e-02 3.536463779094260046e-02 4.308140131771420744e-02 9.999999999999999547e-07 5.843185433970656158e-03 1.594724978683044756e-06 9.999999999999999547e-07 1.386779363031808224e-02 5.304623303156354169e-05 1.000000847642467883e-06 9.999999999999999547e-07 1.000000000003695771e-06 1.000485271824953795e-06 2.728480445634710915e-05 1.085656954719348664e-03 2.618032720206477527e-03 7.864660002051002477e-03 2.789192047109303671e-03 2.592531567562895902e-03 4.669769455585607264e-04 9.999999999999999547e-07 1.024516288725936564e-06 6.135548187145409629e-03 2.590859724076283351e-03 1.000314655313825588e-06 1.550433595827970770e-04 1.000007945495887898e-06 2.174774240082721558e-05 4.462117502296187861e-04 3.680228002799589698e-02
4.756221501913261872e-06 3.194350937638414101e-02 1.188473591576578309e-02 4.425110965408170672e-05 1.662656784911482625e-05 2.549556970878041071e-04 1.000373567561413993e-06 1.000076710165011093e-06 4.489871175381567221e-03 1.053251807362568987e-06 9.999999999999999547e-07 1.000000055261206163e-06 1.299129048801812847e-03 1.000013012674982702e-06 9.999999999999999547e-07 9.999999999999999547e-07 2.281780010697074428e-04 1.000172221149441492e-06 2.845126956823086639e-02 1.388147752630778382e-05 1.011868592905422947e-06 9.208324322764516222e-04 2.520737116587384169e-02 6.980869281871460912e-05 1.000000000000003766e-06 1.000000412343172613e-06 2.565602252984321491e-06 9.999999999999999547e-07 2.266280561025277307e-03 1.062294136871039944e-05 1.000000000000810989e-06 1.000000001300340583e-06 9.999999999999999547e-07 7.401895747562668896e-06 1.000000000000543115e-06 6.500399526774326871e-03 6.382511973257413984e-02 9.999999999999999547e-07 1.132275001751658516e-06 2.364630506895191875e-05 6.799284923085605059e-02 8.162866209320523980e-03 2.252497950123293763e-02 8.565959950909068227e-03 3.932785224191736196e-04 2.603395898838388125e-05 4.102162928987979768e-03 1.281228573214121865e-05 7.323719503215049727e-04 9.999999999999999547e-07 1.094096153626918216e-05 9.999999999999999547e-07 1.139589631851000490e-06 1.000000000000042730e-06 6.083774209306924112e-06 5.519747251536029817e-06 1.387354216702746800e-06 1.000000000242488123e-06 1.000000641815066616e-06 1.573078987114551121e-04 1.000570334148865577e-06 6.775420218690965390e-04 7.397395065403106253e-06 8.732417422345274682e-02 1.000000000000139080e-06 1.001361228268955853e-06 1.134739418761713907e-02 1.580054585129836667e-05 1.000000001213801980e-06 9.999999999999999547e-07 1.192442223887974251e-06 1.026077008421262537e-01 2.619185684797701447e-02 1.048482530726353352e-06 1.397678459016480767e-04 3.920211410568457538e-03 1.000006860691716179e-06 7.466865534568981576e-03 1.219057108610623191e-01 1.000018589456480396e-06 1.349018512978092735e-03 4.494277945739646313e-02 6.800326343172734787e-03 9.999999999999999547e-07 1.294062469486326455e-04 9.999999999999999547e-07 2.312243799435078967e-04 9.999999999999999547e-07 5.503829106828818916e-05 9.667331197111060474e-04 1.002104840221605724e-06 1.566843878574591010e-04 2.414745984383956525e-06 9.999999999999999547e-07 2.147344436574192064e-02 8.150907107140197005e-02 1.000000000000015837e-06 1.000000000222174791e-06 1.395613260084582101e-03 9.327751277594211951e-03 1.932739118232825598e-05 1.485914335160626483e-04 1.000007945236795130e-06 9.999999999999999547e-07 1.015932497965723145e-06 1.214983479249477367e-06 3.407078891579681966e-06 1.899049667251672541e-02 4.205572366515220040e-02 3.756145320462143250e-02 9.999999999999999547e-07 4.882914499844915809e-03 1.059169438382650787e-06 9.999999999999999547e-07 1.352566911362288946e-02 1.040243095688683751e-04 1.000000148516305825e-06 9.999999999999999547e-07 1.000000000000004190e-06 1.003762330798836102e-06 2.910658505995278441e-05 1.632368438245818901e-03 3.237332393833220259e-03 9.685197221070794907e-03 2.487887459895621843e-03 3.136556926949802485e-03 3.111109913379622618e-04 1.000000021597373511e-06 1.016597135768949447e-06 4.490149327133955044e-03 1.709029157305235174e-03 1.000082677538707358e-06 1.870894290215672790e-04 9.999999999999999547e-07 1.489011425578464950e-05 8.139141598389517535e-04 3.495017281752327287e-02
4.893216425859540851e-06 3.915033604118296068e-02 1.014771455720454851e-02 4.373451306076160525e-05 1.203646207172380002e-04 1.186230410605495654e-04 1.000000060351268759e-06 1.003612843858847483e-06 2.894312346520759149e-03 1.000412450721553317e-06 9.999999999999999547e-07 1.000007522053108466e-06 6.379455965785429733e-04 1.000000000000709345e-06 9.999999999999999547e-07 9.999999999999999547e-07 1.983787233779998709e-03 1.001246872804023186e-06 2.279891834939992007e-02 2.833598972317553015e-06 1.001367430230731001e-06 6.179054231116201494e-04 2.619254570373438437e-02 1.323115864844191087e-04 1.000000000000774143e-06 1.000000252443600705e-06 1.255679191677293588e-06 9.999999999999999547e-07 1.476952995940618947e-03 4.378593001373974591e-06 9.999999999999999547e-07 1.000000000000020919e-06 9.999999999999999547e-07 5.552763705028725812e-06 1.000000000009009421e-06 5.700231192369055629e-03 6.408751266034229399e-02 9.999999999999999547e-07 1.405768328044477320e-06 6.074508740610405795e-06 7.104811261948720813e-02 7.884827878797948109e-03 2.384360316731926749e-02 9.842382043070890818e-03 2.582515548353014868e-04 9.861618560853772090e-06 3.276817573925468793e-03 1.558855912791939136e-06 3.752432534416243345e-04 9.999999999999999547e-07 1.123224056494994065e-05 9.999999999999999547e-07 1.004101141125888638e-06 1.000000000000000802e-06 5.911972365014363392e-05 1.162277456189865650e-06 1.015530898247906338e-06 1.000000000573410343e-06 1.000884924237678260e-06 5.956030271108641140e-04 1.048068885632367977e-06 6.168406405905024195e-04 9.475283118998710822e-06 8.443851377881149423e-02 1.000000000002093397e-06 1.000063736389214732e-06 8.140021922304348234e-03 3.896798817849541301e-05 1.000000001900675820e-06 9.999999999999999547e-07 2.730949602224747188e-06 1.071830023736847493e-01 3.329020057989325043e-02 1.015097425964230445e-06 8.911465783193341756e-05 3.307020625032160068e-03 1.000000439614397001e-06 5.461916868248537990e-03 1.261759223586296219e-01 1.000000010075905578e-06 1.345842255677475157e-03 4.061002746415880854e-02 5.186567215877498603e-03 9.999999999999999547e-07 9.039571332077141923e-05 9.999999999999999547e-07 3.582139821135652447e-04 9.999999999999999547e-07 5.268423243783495612e-05 9.078028617314940841e-04 1.000307232930699639e-06 2.730353172632104717e-04 1.648776310565310669e-06 9.999999999999999547e-07 2.248965664630065905e-02 8.169995380580927224e-02 1.000000000000546291e-06 1.000000000000082117e-06 8.133856522801814933e-04 9.718322539502657550e-03 6.027260375490918086e-06 4.074406437497546499e-05 1.040950497085887834e-06 9.999999999999999547e-07 1.023715590222124704e-06 4.038948032697192978e-06 1.317677281831412816e-05 1.923807751710933031e-02 3.160631374963704388e-02 4.098182837445981525e-02 9.999999999999999547e-07 4.629554636019583488e-03 1.042749021540850057e-06 9.999999999999999547e-07 1.756485758511758602e-02 1.967093337717739352e-04 1.000001251155389616e-06 9.999999999999999547e-07 1.000000000000001649e-06 1.011987674194407803e-06 1.927670404906408757e-05 1.005718282965166769e-03 3.501879018550157780e-03 6.100672830114152456e-03 2.850035097473499653e-03 3.355282601184973127e-03 3.700834634086533565e-04 9.999999999999999547e-07 1.011045210138727724e-06 4.255756177821916342e-03 1.896266038935000156e-03 1.000015695608440103e-06 1.248458729484807554e-04 9.999999999999999547e-07 2.010376876015689579e-05 5.298362441837869063e-04 3.613306417812274518e-02
6.777833349225737976e-06 3.131333206564508587e-02 9.621634742822826256e-03 5.780438980570365675e-05 5.775708202391543869e-06 3.692495098021173925e-04 1.000033756152953194e-06 1.000000630592335556e-06 3.512186046327568558e-03 1.000713607420175697e-06 9.999999999999999547e-07 1.000000561417462495e-06 8.271478837426948826e-04 1.000000000000028330e-06 9.999999999999999547e-07 9.999999999999999547e-07 2.741999364613600335e-03 1.001275011255278933e-06 2.937578600204823406e-02 1.450266312455351627e-05 1.004021868799795151e-06 8.438213167869637642e-04 2.344219801338531112e-02 3.572336222028918022e-05 1.000000000000553491e-06 1.000000014720105277e-06 6.487010019643565390e-06 9.999999999999999547e-07 1.965396359102733123e-03 8.805638251433261558e-06 9.999999999999999547e-07 1.000000000003403545e-06 9.999999999999999547e-07 1.274530494606271063e-05 1.000000466241672003e-06 8.407206262908922464e-03 6.546748102387885127e-02 9.999999999999999547e-07 1.111328976272822037e-06 4.805253439657995257e-06 6.472486829951865084e-02 6.375460864391585547e-03 2.297728372726152296e-02 1.049431584827865797e-02 5.789112869158320089e-04 8.750436896341859568e-05 3.544295647936049690e-03 1.357487853082376165e-05 5.741622475991787046e-04 9.999999999999999547e-07 6.097569364193862239e-06 1.000000000000242630e-06 1.044267832716734389e-06 9.999999999999999547e-07 2.497791638581787024e-05 1.429104406525362551e-06 2.330644385402243473e-05 1.000000171464292262e-06 1.000002761887978008e-06 1.662568635187023594e-04 1.000378371276275236e-06 3.135929209578767075e-04 4.711822451192220316e-06 9.108397444699245504e-02 1.000000000001338267e-06 1.000730328591934695e-06 1.105931888042523646e-02 2.814978784895346962e-05 1.000000005148358323e-06 9.999999999999999547e-07 3.142871542921971130e-06 1.090197672922560423e-01 2.347184479435081295e-02 1.011148086583116635e-06 1.286958529895013386e-04 4.315180737699846579e-03 1.054038765718747373e-06 5.114628291508029057e-03 1.295408890788511125e-01 1.000001082829053047e-06 1.168812774747953268e-03 4.093656436231418033e-02 6.336343106270010510e-03 9.999999999999999547e-07 9.573358309481132635e-05 9.999999999999999547e-07 1.974091681109531706e-04 9.999999999999999547e-07 9.007999153873068137e-05 3.470084179903947332e-04 1.000750719592428050e-06 1.251969937078630370e-04 9.003329934188188916e-06 9.999999999999999547e-07 2.140024937531075436e-02 8.001199772369559093e-02 1.000000000000030236e-06 1.000000000020158068e-06 9.610069572753393271e-04 1.228595357438205457e-02 7.392018934332915273e-05 4.260677971014466682e-04 1.000009345224075021e-06 9.999999999999999547e-07 1.051052577935378916e-06 5.539321664741476841e-06 1.261695923294118319e-05 2.033615633124196201e-02 3.508408193493710303e-02 3.707620116603304455e-02 9.999999999999999547e-07 7.206447217034644970e-03 1.632824936291320774e-06 9.999999999999999547e-07 1.154944377463546466e-02 5.762170766671459823e-05 1.000000352777443434e-06 9.999999999999999547e-07 1.000000000000205572e-06 1.005637795649855263e-06 1.751265830237983985e-05 2.102770354662387899e-03 3.735331767126785860e-03 7.926232772492150178e-03 2.522326148256517821e-03 2.866752160581291942e-03 5.715153631513485979e-04 9.999999999999999547e-07 1.016622430510455916e-06 5.599398983268169365e-03 2.506356051253716063e-03 1.000003598889886551e-06 2.720494741892880521e-04 1.000000000001006442e-06 1.435689892111787854e-05 6.020162875532629162e-04 3.383478287969851617e-02
9.728787851962831675e-06 3.122252370344170969e-02 8.242119441595953389e-03 4.400967631588389620e-05 1.930777328197065909e-05 4.460602745616406976e-04 1.000000240341395549e-06 1.000000119449245803e-06 4.662316080759056243e-03 1.000000939036258806e-06 9.999999999999999547e-07 1.000123315277036888e-06 9.264018536360210101e-04 9.999999999999999547e-07 9.999999999999999547e-07 9.999999999999999547e-07 1.344355344686319403e-03 1.000420135802386550e-06 2.669707520205351695e-02 1.660885292285219268e-05 1.003496447798260719e-06 6.327197044373657642e-04 2.672984826905731512e-02 3.458920786292701290e-04 1.000000000007087079e-06 1.000074201923304320e-06 2.028437916278261581e-06 9.999999999999999547e-07 2.235315753488125497e-03 6.248603602525958252e-06 9.999999999999999547e-07 1.000000012059176896e-06 9.999999999999999547e-07 2.344330326031096532e-06 1.000000000000142256e-06 5.367158912517380580e-03 6.430206470028293486e-02 9.999999999999999547e-07 1.100774531935870558e-06 5.563603993278689889e-06 7.343554486555031735e-02 8.280668225420341824e-03 2.277355946254152469e-02 8.485930736858876902e-03 2.737884890113180536e-04 1.443174539708751509e-05 3.376810254491112700e-03 1.135108055843133437e-04 6.604545994347705814e-04 9.999999999999999547e-07 7.765586032842595310e-06 9.999999999999999547e-07 1.117007922554532354e-06 9.999999999999999547e-07 3.913136803671075545e-05 1.564399593656524132e-06 1.026602863192109141e-06 1.000000088453241675e-06 1.000006096717306508e-06 2.737555381389882156e-04 1.000024911974802790e-06 5.674832422565465571e-04 4.024890615230907685e-06 8.294243943152028453e-02 1.000000000000253429e-06 1.000000000952344085e-06 5.317383506130022620e-03 2.216148809567879360e-05 1.000000001811283139e-06 1.000000000179166693e-06 1.113102007458905255e-06 1.095985615442381378e-01 2.790641552416384119e-02 1.014495793729333137e-06 1.078950444502576120e-04 4.616286689970154622e-03 1.000000607272095715e-06 4.913188478535025598e-03 1.298956707217623907e-01 1.000000001835695899e-06 1.386121421303403763e-03 4.516607888119449771e-02 6.038092683384016154e-03 9.999999999999999547e-07 1.111456612283984722e-04 9.999999999999999547e-07 1.851273983225412830e-04 9.999999999999999547e-07 6.144041174785421747e-05 2.523817376668435514e-04 1.002690604395021817e-06 2.120839692558713937e-05 2.109337357274020408e-06 9.999999999999999547e-07 2.034881932913190986e-02 8.621448058139975779e-02 1.002865013384177717e-06 1.000000157807309850e-06 1.134789704823567979e-03 9.495723066252476779e-03 1.567178498453689880e-05 2.340398619517997710e-04 1.000001385606067958e-06 9.999999999999999547e-07 1.075699961508754347e-06 7.343504511403693393e-06 1.740953922299051197e-06 1.937073349511623729e-02 3.315546948730201809e-02 3.929893083355596312e-02 9.999999999999999547e-07 4.977679931182804086e-03 1.074357249981872195e-06 9.999999999999999547e-07 1.277053469632361341e-02 6.743311210687454071e-05 1.000000756830589653e-06 9.999999999999999547e-07 1.000000000000059247e-06 1.004246382974985282e-06 2.194598616448846339e-05 1.039686461781184857e-03 1.787218597224641192e-03 5.445617020520825309e-03 2.388716015755529623e-03 2.261835750881480058e-03 5.807360474143581294e-04 9.999999999999999547e-07 1.014430009712314572e-06 4.685020602492576472e-03 2.896599274612817430e-03 1.001672065236357631e-06 1.751523519086468960e-04 9.999999999999999547e-07 3.169424994901107195e-05 1.550105488876861654e-04 4.140600070369720997e-02
5.729781839585118131e-06 3.115460573312452824e-02 9.946378149480829267e-03 4.057049557466809386e-05 4.802996763517637565e-05 2.657979070334081425e-04 1.000000088150565463e-06 1.000012074793567723e-06 2.995392186423245263e-03 1.001771679059864641e-06 9.999999999999999547e-07 1.000040642516662569e-06 8.976519334815221849e-04 1.000000000000000802e-06 9.999999999999999547e-07 9.999999999999999547e-07 8.976172672858867508e-04 1.000205784379607120e-06 3.093110524377370996e-02 1.508055950875750054e-04 1.002351105508032902e-06 6.371206136160907987e-04 2.890929840693184233e-02 3.535456335840872445e-05 1.000000000004425914e-06 1.000000356764705556e-06 1.434199898503128695e-06 9.999999999999999547e-07 1.020750733930794784e-03 1.462939724262921251e-05 9.999999999999999547e-07 1.000000000160200778e-06 9.999999999999999547e-07 2.512541020456532354e-06 1.000000000130401100e-06 6.660061034382418893e-03 5.872761230018409134e-02 9.999999999999999547e-07 1.129036117617819850e-06 2.499299237175886169e-05 6.560606672853430688e-02 9.302118430713098712e-03 2.853195248222092917e-02 1.105856235462742906e-02 2.992221343954211995e-04 6.798695147669517129e-05 4.798184899174960660e-03 1.533036299600728006e-05 6.571163914961895402e-04 9.999999999999999547e-07 8.440749458724324105e-06 9.999999999999999547e-07 1.006316365681863187e-06 1.000000000000517492e-06 2.257286597002499374e-05 1.129530054471341556e-06 1.000004047156737859e-06 1.000000090449874514e-06 1.003790348636090571e-06 6.251234076841550961e-04 1.001177065200806276e-06 7.489600714786051648e-04 1.520009780285625611e-06 8.336430807133944632e-02 1.000000000000250253e-06 1.000000000000000167e-06 6.343366536511530103e-03 7.304262966010451595e-05 1.000000003621581859e-06 1.000000000000035107e-06 1.738605043082766918e-06 1.002303701211664372e-01 2.686737591188394572e-02 1.018457386710534722e-06 1.276728823156307200e-04 5.543191861154953166e-03 1.001928576301491632e-06 5.405343407153799344e-03 1.167312503220873515e-01 1.000000000009699964e-06 1.894179273568498759e-03 4.419233052944504525e-02 8.705269623845466459e-03 9.999999999999999547e-07 2.222005227551674485e-04 9.999999999999999547e-07 2.253791202667808802e-04 9.999999999999999547e-07 6.860081470354197509e-05 4.235103087915674460e-04 1.000459519023540530e-06 1.014476822145658785e-04 2.502955591512234660e-06 9.999999999999999547e-07 2.330489924825747058e-02 8.144246218068547372e-02 1.000000000000001649e-06 1.000000000096389975e-06 1.506952308582265631e-03 1.140930638614660528e-02 4.311096360986904803e-05 3.444908068680546599e-04 1.000001305292083354e-06 9.999999999999999547e-07 1.047796450240754913e-06 1.500461187556767880e-06 1.447294925858521265e-06 2.301530798666840891e-02 3.158876585101198786e-02 4.445833823160395132e-02 9.999999999999999547e-07 5.453087715489720981e-03 1.069687143224540974e-06 9.999999999999999547e-07 1.434769957547055511e-02 7.829641701087107616e-05 1.002777705808372534e-06 9.999999999999999547e-07 1.000000000000024942e-06 1.003112976999818880e-06 4.398059452298080208e-05 8.310103280880196163e-04 3.084604847294278480e-03 7.165314362524702850e-03 3.179378677866765823e-03 3.305401357859716598e-03 4.258909861319246570e-04 9.999999999999999547e-07 1.147551532642600461e-06 6.143735790195324099e-03 2.240272999757197351e-03 1.000003068464802414e-06 1.200090676097761175e-04 9.999999999999999547e-07 3.218166316734501561e-05 8.030589671263198325e-04 4.007623885566548305e-02
4.519135012339080012e-06 3.964812399811642324e-02 9.369499655019408388e-03 3.439119839252663299e-05 1.714323054025183800e-05 1.452083537101190517e-04 1.001768794228909141e-06 1.000000251923866583e-06 3.710186190853980923e-03 1.000015129223078292e-06 9.999999999999999547e-07 1.000005314560366678e-06 9.635880696972330423e-04 1.000000000450487651e-06 9.999999999999999547e-07 9.999999999999999547e-07 4.136741052576391902e-04 1.000470007552386326e-06 2.668868780356063036e-02 1.896738374098000840e-05 1.003228743329633629e-06 5.885810426680169278e-04 2.745289985286030951e-02 1.062848929021741425e-04 1.000000000041554332e-06 1.000000208946763104e-06 1.743141589255737535e-06 9.999999999999999547e-07 2.439951346361236232e-03 4.159296352382556114e-06 9.999999999999999547e-07 1.000000000000233101e-06 9.999999999999999547e-07 2.368619140726929652e-05 1.000000000000332839e-06 6.632825358610641361e-03 6.399051144362795374e-02 9.999999999999999547e-07 2.150537706043168375e-06 1.199939882521031756e-05 6.967499296913745588e-02 8.843584432292769110e-03 2.116374508446206698e-02 9.526006705823646115e-03 1.864068512214085357e-04 2.430293948598768176e-05 3.179650724574541003e-03 5.630588082701761736e-05 3.795678821798802323e-04 9.999999999999999547e-07 7.686684607093505862e-06 9.999999999999999547e-07 1.015018769821083485e-06 9.999999999999999547e-07 9.677141050107535090e-05 1.511145235363611870e-06 2.787665988963468510e-06 1.000000000962374649e-06 1.000121471451791519e-06 7.282157339896684622e-04 1.002143705968132764e-06 6.366833488714227201e-04 3.424141748380460642e-05 8.163414957928916138e-02 1.000000003043799510e-06 1.008002923887473306e-06 8.116473158737386867e-03 1.484521341045103649e-05 1.000000002995274051e-06 1.000000000000000590e-06 1.347956084595692343e-05 1.029905320303658722e-01 3.304210423734716545e-02 1.000728694937965232e-06 1.273475338828539811e-04 4.558982679555396815e-03 1.010781192745923562e-06 4.827720690333749121e-03 1.202522676578679089e-01 1.000000002570375008e-06 1.684749395716204304e-03 4.270124384665702905e-02 6.705305789754277546e-03 9.999999999999999547e-07 1.871324470365707214e-04 9.999999999999999547e-07 1.955123867402246780e-04 9.999999999999999547e-07 7.323924817479958015e-05 7.863762239352343770e-04 1.000045132921030362e-06 8.561547496702392188e-05 1.844495637731943439e-06 9.999999999999999547e-07 2.154751390129110156e-02 8.073540937070743106e-02 1.000000000000001014e-06 1.000000000206919304e-06 1.267295352006970978e-03 9.414604965157745420e-03 1.415831759808062920e-05 2.582253919188192315e-04 1.000000028371461908e-06 9.999999999999999547e-07 1.443097156548747388e-06 6.500029444167853236e-06 4.788119802442858888e-06 1.890627474514836037e-02 3.502825939387548687e-02 3.953690472930300459e-02 9.999999999999999547e-07 6.955744325596114989e-03 1.531870630673673123e-06 9.999999999999999547e-07 1.588625670760031305e-02 3.954176040913625842e-05 1.000001010430851374e-06 9.999999999999999547e-07 1.000000000000178467e-06 1.003862485911983439e-06 1.698182438396582150e-05 1.080702344119478363e-03 4.541482718657218268e-03 8.170052708554096169e-03 2.720163707806524164e-03 3.654586094265953582e-03 3.961804450404751124e-04 1.000000000000000590e-06 1.067411479646962249e-06 4.856333628958100015e-03 1.750696781954504773e-03 1.000017767033428715e-06 1.318620785585555811e-04 1.000000000000000167e-06 1.627741960147291846e-05 3.139128942723618497e-04 3.802203749930854748e-02
3.190689524350700769e-06 2.768065780509040494e-02 8.706215922463188955e-03 4.156022882060242141e-05 3.046764500959645562e-05 2.854785730316959668e-04 1.000003720450162121e-06 1.000000128469469701e-06 3.513311212767284558e-03 1.000033796211197019e-06 9.999999999999999547e-07 1.000006166888874980e-06 8.247208130383822024e-04 9.999999999999999547e-07 9.999999999999999547e-07 9.999999999999999547e-07 1.052279438989048603e-03 1.001295172205595552e-06 2.742488977500975172e-02 1.088900437822156079e-05 1.012728583898012775e-06 6.385018471492110012e-04 2.463513626209753657e-02 2.994918853491149600e-05 1.000000000000034895e-06 1.000000113645977866e-06 2.287742697139793801e-06 9.999999999999999547e-07 2.203301136147994312e-03 7.471875392200043852e-06 9.999999999999999547e-07 1.000000000970042838e-06 9.999999999999999547e-07 1.503267636307874696e-05 1.000000000014019197e-06 5.638514122708500331e-03 6.650806132187396524e-02 9.999999999999999547e-07 1.478048972219116895e-06 9.648128430384355606e-06 7.018078930737574328e-02 7.300863234610274234e-03 2.285057474929110335e-02 8.905478486007756267e-03 2.877733628531043450e-04 1.557870561374174729e-04 3.471225562804568232e-03 5.955858729982908421e-05 6.163526559671018415e-04 9.999999999999999547e-07 7.161625525369262656e-06 9.999999999999999547e-07 1.577564729441772788e-06 9.999999999999999547e-07 2.037808977154494122e-05 1.138670739042138882e-06 1.001516408259070616e-06 1.000000000296529037e-06 1.000003847818566962e-06 3.483392875155728462e-04 1.001037842919883369e-06 5.773390835400342208e-04 3.874367280722787207e-06 8.582265900418152571e-02 1.000000000147452085e-06 1.000000000011504568e-06 8.161813300702142407e-03 1.461428619558288233e-05 1.000000002844457929e-06 9.999999999999999547e-07 1.284184503085591122e-06 1.105098695466592423e-01 2.602216854470619511e-02 1.056494220895124898e-06 1.335478055529222194e-04 5.107544550388055764e-03 1.000000046432394348e-06 4.563697142399504754e-03 1.238106488281288664e-01 1.000000000002850432e-06 1.305635531447866919e-03 4.745976052326724565e-02 7.287163453497569506e-03 9.999999999999999547e-07 1.229056745371944143e-04 9.999999999999999547e-07 1.735884279809454616e-04 9.999999999999999547e-07 5.367205589811517417e-05 5.677813205370549647e-04 1.000690742828298790e-06 9.327566918326525526e-05 1.973762806424093331e-06 9.999999999999999547e-07 2.049320752954709307e-02 8.494166597100397120e-02 1.000000000000091858e-06 1.000000000000034260e-06 1.274751362083665967e-03 9.593617629439074243e-03 2.323882407943028846e-05 2.157276869613693031e-04 1.000000005486291646e-06 9.999999999999999547e-07 1.001678497183568035e-06 1.237228259643267002e-06 4.649370097389519111e-05 2.019701571776437096e-02 3.185283309368901888e-02 4.274720487281175041e-02 9.999999999999999547e-07 6.683260507644329246e-03 1.096362430932415647e-06 9.999999999999999547e-07 1.328907907666249458e-02 6.015021674214789853e-04 1.000013570602057942e-06 9.999999999999999547e-07 1.000000000000242841e-06 1.006708372166994574e-06 2.414143736296043161e-05 1.244698682984313664e-03 2.061806752551154868e-03 7.689414440258752516e-03 2.607200926707972134e-03 2.994523987673350460e-03 3.790250883219869419e-04 1.000000006779168432e-06 1.022939339597912363e-06 3.559158546864667032e-03 1.660403848108260886e-03 1.000010027817233280e-06 6.064408910499988556e-05 1.000000000000000167e-06 2.341368588663795622e-05 4.626626581603628216e-04 4.009101020211615352e-02
1.864212471729961035e-05 3.510166392467541779e-02 7.908980503962289785e-03 8.009833051695656818e-05 1.285122698456079715e-05 5.528524387841966380e-04 1.000005181920687976e-06 1.000004057006838475e-06 3.924441952253215384e-03 1.000015523633394128e-06 9.999999999999999547e-07 1.000000188168339541e-06 1.244750714834061932e-03 1.000000000000251735e-06 9.999999999999999547e-07 9.999999999999999547e-07 2.124195185135125275e-03 1.000355014877289452e-06 3.187289398795739581e-02 2.364984732193057258e-05 1.009563186291946117e-06 7.751599722076289462e-04 2.930961702247474043e-02 6.323473923341415832e-05 1.000000000000323945e-06 1.000007075678558408e-06 1.045412144493156330e-06 9.999999999999999547e-07 9.024489011279699085e-04 5.198697910051943581e-06 9.999999999999999547e-07 1.000000017940223634e-06 9.999999999999999547e-07 2.924547684481310679e-06 9.999999999999999547e-07 6.922349281245571487e-03 6.160529326227247304e-02 9.999999999999999547e-07 1.473979109535264172e-06 1.065307812951486589e-05 6.363826507578462799e-02 8.826214430266576469e-03 2.529909255179167357e-02 1.166788561722696856e-02 2.724663205235537873e-04 3.478818539286726986e-05 3.971324095737330424e-03 8.251800821685662327e-05 1.005990518281288121e-03 9.999999999999999547e-07 7.447932337774591483e-06 9.999999999999999547e-07 1.067204597362488994e-06 9.999999999999999547e-07 1.628164638672332677e-05 9.645135442539098160e-06 1.017524930987278745e-06 1.000000000434182055e-06 1.000007973777524548e-06 2.799079245297764955e-04 1.010658263322983851e-06 3.637632059011997564e-04 4.380999152575438141e-06 8.588941315400328014e-02 1.000000000009293177e-06 1.000001467095619732e-06 1.037191557416367906e-02 1.163725952232307737e-04 1.000000515820066829e-06 1.000000000000055012e-06 1.389287541165906136e-05 1.028230737011237433e-01 2.804202870888412857e-02 1.002338471505866525e-06 7.581052257485692994e-05 5.919588389234336535e-03 1.000187425739080704e-06 5.088154489988059789e-03 1.196635688747772069e-01 1.000000001581046455e-06 2.132065353889116624e-03 4.264016702759191452e-02 8.046763517693497625e-03 9.999999999999999547e-07 3.067231008526243854e-04 9.999999999999999547e-07 2.971513419611359502e-04 1.000000000000043365e-06 1.011401025925835550e-04 6.779261447977191985e-04 1.000613682179550948e-06 4.364957221367974093e-05 2.123716672450063345e-06 9.999999999999999547e-07 2.369875047189899317e-02 7.943689665118598697e-02 1.000000000000690075e-06 1.000001707698265486e-06 1.045526152794866350e-03 1.041057252434618614e-02 4.266910947575323850e-05 3.049107161579491659e-04 1.004549916152954555e-06 9.999999999999999547e-07 1.037485222861404542e-06 1.544372538984738248e-05 1.043494097475537341e-06 2.105855647324628502e-02 3.151832849719679586e-02 4.117792876592893392e-02 9.999999999999999547e-07 6.031685521020594028e-03 1.281648496996869147e-06 9.999999999999999547e-07 1.400922521999952916e-02 4.786187426531647040e-04 1.000000313430803635e-06 9.999999999999999547e-07 1.000000000000638194e-06 1.007883197807552159e-06 2.328280504346854545e-05 1.101650447004437613e-03 3.222224063615536111e-03 7.161206302740116651e-03 2.879350134685879775e-03 4.648945501142033934e-03 3.298377636657282897e-04 1.000000012012490770e-06 2.130320970539546313e-05 4.592058761308972885e-03 2.496707420020605021e-03 1.000006637468335947e-06 1.519140263788823237e-04 9.999999999999999547e-07 4.148352978053519881e-05 5.601132547278601112e-04 3.342740711040492751e-02
5.704795330334865791e-06 2.568288974007516476e-02 8.568735065862139594e-03 8.183148466571993449e-05 1.476241193928013212e-05 1.442645521136418465e-04 1.000004809133860993e-06 1.000024112004597024e-06 4.781963198178073964e-03 1.001514773255658236e-06 9.999999999999999547e-07 1.000007002930311900e-06 4.983799936142486791e-04 1.000000000000018801e-06 9.999999999999999547e-07 9.999999999999999547e-07 1.003675187525234587e-03 1.004515520648061572e-06 3.247443161042923299e-02 1.608677694022131411e-05 1.003326041457074976e-06 7.045807068210054860e-04 3.116783410972763166e-02 4.850688268472708799e-05 1.000000000112782815e-06 1.000005700347544062e-06 1.179456783253495287e-06 9.999999999999999547e-07 2.340981216941660174e-03 7.782499484555608569e-06 1.000000000000003343e-06 1.000000110145702303e-06 9.999999999999999547e-07 4.862592405178059154e-06 1.000000000000000167e-06 8.585298187730867198e-03 6.122441602672770017e-02 9.999999999999999547e-07 1.147223498932368666e-06 2.266212943048617623e-05 6.774736664293451449e-02 9.159973777760014452e-03 2.661754266936971342e-02 1.139255632001539946e-02 5.252337454603214599e-04 4.118891671206013607e-05 4.340193555028916059e-03 7.838781554870505948e-06 6.535717120883404764e-04 9.999999999999999547e-07 2.972836686495692522e-05 1.000000000000003978e-06 1.011944610165852268e-06 9.999999999999999547e-07 2.795949936825637905e-05 1.317927125405258834e-06 1.007930122895189436e-06 1.000018871147979314e-06 1.000020160657593845e-06 4.391734290738905718e-04 1.002067627258788359e-06 2.282310301084300083e-04 8.567564189274906600e-06 8.698940822782925963e-02 1.000000356337976498e-06 1.000000004239558251e-06 9.768608085837239899e-03 1.956241490793124080e-05 1.000000001933255883e-06 1.000000000366284106e-06 1.393085515634084870e-04 8.878508168369966813e-02 2.196322815741746926e-02 1.091249883169115667e-06 1.087525271033921076e-04 6.660972369096418606e-03 1.000000149050065542e-06 5.760544377681637088e-03 1.102452243455955966e-01 1.000000342395286061e-06 1.974592699080717200e-03 4.221048460045913331e-02 6.994458390973637418e-03 9.999999999999999547e-07 2.782316286923281639e-04 9.999999999999999547e-07 4.261670792551441422e-04 1.000000000000001014e-06 4.837512037708771627e-05 4.918988176563004674e-04 1.000013413033571739e-06 4.282902304204077508e-04 3.205681789570483017e-06 9.999999999999999547e-07 2.895285180360054889e-02 8.141456012867068215e-02 1.000000000001222647e-06 1.000000003924999225e-06 1.072705928014764830e-03 1.169245215253226881e-02 2.913041073158534030e-05 2.978084494426562067e-04 1.000405846318692562e-06 9.999999999999999547e-07 1.557371227479382352e-06 7.801638610617868248e-06 6.332407426756873248e-06 2.779634116967858934e-02 3.601328845290655001e-02 4.147739905372466868e-02 9.999999999999999547e-07 7.625359347309429436e-03 1.733872168187469650e-06 9.999999999999999547e-07 1.173854610341013710e-02 3.719483382063653492e-04 1.000001094686359803e-06 9.999999999999999547e-07 1.000000004120581886e-06 1.002320181535976786e-06 2.783218003060380815e-05 1.388688044516607099e-03 3.338499034918105714e-03 8.482158018671795072e-03 3.203596409569295974e-03 4.425998017076275722e-03 3.744338281307459690e-04 1.000000000097040920e-06 1.208794952028413380e-06 5.228786195781861233e-03 2.112783634903145271e-03 1.000134753653894750e-06 7.332531469076900140e-05 9.999999999999999547e-07 3.775374207519170320e-05 8.853679271903680710e-04 4.010681194833493751e-02
1.973904666703301248e-06 3.355979000835509346e-02 9.322734509608937570e-03 4.252121949559549516e-05 9.110808992904658636e-05 1.463435820736297248e-04 1.000000870123481456e-06 1.002118883276998515e-06 2.851734626057324772e-03 1.000000800838294212e-06 9.999999999999999547e-07 1.000000000155459723e-06 8.579466217050759312e-04 1.000000000000000167e-06 9.999999999999999547e-07 9.999999999999999547e-07 8.502533569892716187e-04 1.000808784319978458e-06 2.943070170590845677e-02 1.283051823232933433e-05 1.000679533267102507e-06 6.013628418125538345e-04 2.402311469803857999e-02 6.640914610075560585e-05 1.000000000000205360e-06 1.000004019230904174e-06 2.395309984680405864e-06 9.999999999999999547e-07 1.402233452155106884e-03 4.845458902653609394e-06 9.999999999999999547e-07 1.000000164431168695e-06 9.999999999999999547e-07 5.921944929518219661e-06 1.000000000035514140e-06 6.169418218178706302e-03 6.124500787571122984e-02 9.999999999999999547e-07 1.133179584270278962e-06 6.724136942117913857e-06 6.849977052692511614e-02 8.642688509064423361e-03 2.324931435926977374e-02 8.854073718217215366e-03 3.018320179511629420e-04 1.723000156192513557e-05 3.935264762774305473e-03 4.023323057058332297e-05 4.532493843440483648e-04 9.999999999999999547e-07 4.127976906184547293e-06 9.999999999999999547e-07 1.032290269601363334e-06 1.000220875137035733e-06 3.412398051924818394e-05 1.138405335226487669e-06 1.696714258323415223e-06 1.000000002646344546e-06 1.000001900685484565e-06 3.122003350021590419e-04 1.000783446375738203e-06 2.980040141856370823e-04 2.277043730160166722e-06 8.778554167906232886e-02 1.000000000000037436e-06 1.000049344561348018e-06 7.057791283203951500e-03 1.925561168037782491e-05 1.000000001000782934e-06 9.999999999999999547e-07 2.219343641677871460e-06 1.040323349368812711e-01 2.866197189747766300e-02 1.432993058858525170e-06 6.859806477169113985e-05 4.741605334364486918e-03 1.000016811820839145e-06 5.939833399698279948e-03 1.248853925285625388e-01 1.000000000242751551e-06 1.428398787636328982e-03 4.586895228346247327e-02 7.439173527997847146e-03 9.999999999999999547e-07 2.434317923346097413e-04 9.999999999999999547e-07 1.475792021202786347e-04 9.999999999999999547e-07 6.323620913160893755e-05 3.626024034280499273e-04 1.010824283889693993e-06 3.035550701650024464e-04 1.881256434750200386e-06 9.999999999999999547e-07 2.020685144294936259e-02 8.637610783639414203e-02 1.000000000001243187e-06 1.000000000031729385e-06 1.290991461875848345e-03 9.896324371504918588e-03 9.506439788547068833e-05 3.364727797959326058e-05 1.000000489209429037e-06 9.999999999999999547e-07 1.026660727060043624e-06 2.396907510225385522e-06 4.040765837932620522e-06 2.113040375999019477e-02 3.223351374994845586e-02 4.281413307005176028e-02 9.999999999999999547e-07 4.204755186615471464e-03 1.023113328110731409e-06 9.999999999999999547e-07 1.435743787811603368e-02 1.635663731878242021e-04 1.000000159381872948e-06 9.999999999999999547e-07 1.000000000000001649e-06 1.000694640274706383e-06 2.403323296795668854e-05 1.286960327433311988e-03 4.082716619748811421e-03 5.621049443623028427e-03 2.368765147365699611e-03 3.376438685282532812e-03 3.667781919726724091e-04 1.000000000000128068e-06 1.225549747095827479e-06 5.602341686566545201e-03 2.565799757715093044e-03 1.000015659025946637e-06 8.255762980903389369e-05 1.000000000000000167e-06 2.228842674336037615e-05 2.408261143604096253e-04 3.723636943073135169e-02
5.691280775712207614e-06 3.420738364737262865e-02 8.600603239731535038e-03 3.157870699343956944e-05 7.896942819441163473e-04 2.865415485514758560e-04 1.000028854641641659e-06 1.000554239666618021e-06 5.399642574452427103e-03 1.000376268560444514e-06 9.999999999999999547e-07 1.000000251069110389e-06 1.076583206320707361e-03 1.000000000000095034e-06 9.999999999999999547e-07 9.999999999999999547e-07 1.611987200137778584e-03 1.011387164793897288e-06 2.563565109831121222e-02 6.208027376330304452e-05 1.001007617682734628e-06 8.140724808148115709e-04 2.835035755948355288e-02 6.651367090248287944e-05 1.000000000082634160e-06 1.000038564204242810e-06 1.155684815011701210e-06 9.999999999999999547e-07 1.194807657406298873e-03 8.304152712406004524e-06 1.000000000000000378e-06 1.000000124334972077e-06 9.999999999999999547e-07 3.060706332506911815e-06 1.000000000000003978e-06 6.723068453321810224e-03 6.277521100297915602e-02 9.999999999999999547e-07 1.145679328664964139e-06 1.014916815810376838e-05 7.161002364594576397e-02 9.555060843552495853e-03 2.481018430690548615e-02 1.167301396361210622e-02 2.705100165824958036e-04 4.326609381669087507e-05 3.323404451419965065e-03 3.394451507241397258e-05 3.918870722124894032e-04 9.999999999999999547e-07 1.020847002897793414e-05 9.999999999999999547e-07 1.641895156730143363e-06 1.000000001821727479e-06 4.324882501967492203e-05 1.606360819373450949e-06 1.045170713807801139e-05 1.000011337076383630e-06 1.000004360125342554e-06 1.836211604895929923e-04 1.001815142070261132e-06 4.589164818788914668e-04 2.215581529864646987e-05 8.719735633984022904e-02 1.000000000000025577e-06 1.001204427468574084e-06 7.714798032776522090e-03 2.133500504249900251e-05 1.000000002361417909e-06 9.999999999999999547e-07 4.675571022141660212e-06 9.396060502912084722e-02 3.206955443611334694e-02 1.126171752898658475e-06 6.468882730826429556e-05 4.553955406556493488e-03 1.000099362598640089e-06 6.538818061770346711e-03 1.161639328334074517e-01 1.000000009728928484e-06 1.919529600552939306e-03 4.243808798458786197e-02 7.756157975651903520e-03 9.999999999999999547e-07 2.228625421471228986e-04 9.999999999999999547e-07 2.026793782460730960e-04 9.999999999999999547e-07 1.444104788392883783e-04 4.958622723483835544e-04 1.000183753735985031e-06 4.223975457537125955e-04 6.148313592405807803e-06 9.999999999999999547e-07 2.519061697979179532e-02 8.084858243388833021e-02 1.000000000000359308e-06 1.000000000231285689e-06 1.355620050598678981e-03 1.089018419379594350e-02 1.870711102174843414e-05 5.506618632828007461e-04 1.001351368903907864e-06 9.999999999999999547e-07 1.118639996060854661e-06 3.202275033252465145e-06 4.148256278507843429e-06 1.798681504640448070e-02 3.146240080815918688e-02 3.950729978544395560e-02 9.999999999999999547e-07 6.009460086700199426e-03 1.047354592402270293e-06 9.999999999999999547e-07 1.554309686077374325e-02 9.168896284563805192e-05 1.000016586735588168e-06 9.999999999999999547e-07 1.000000000000053106e-06 1.007225278480184113e-06 1.781994676324921971e-05 1.429445036658533088e-03 3.164510022013121079e-03 7.957743821964850112e-03 3.268435900163982506e-03 4.015257640797427648e-03 3.370001277184802744e-04 9.999999999999999547e-07 2.910183261009050389e-06 4.344235820099350519e-03 1.987018990934783132e-03 1.000005795854895013e-06 2.253672657361905382e-04 9.999999999999999547e-07 2.447971889208618045e-05 2.605067478568857150e-04 4.159218205203145391e-02
2.801860613326293579e-06 3.176612913411018535e-02 1.010452521777426525e-02 5.256093961964975137e-05 3.917510450493650058e-05 3.505757719543072231e-04 1.000000046332273994e-06 1.000005176743607991e-06 5.889414212616515473e-03 1.001730696030414036e-06 9.999999999999999547e-07 1.000000007714271207e-06 1.028889476929720822e-03 1.000000022173886581e-06 9.999999999999999547e-07 9.999999999999999547e-07 7.834505453737762928e-04 2.305314606226476301e-06 2.981581439057500588e-02 9.130817372517189651e-06 1.001303732757820510e-06 5.692310174095246804e-04 3.108517320922724730e-02 6.024623634607399725e-05 1.000000000000028754e-06 1.000007092010452868e-06 1.017852095321759019e-06 9.999999999999999547e-07 1.512865876915201217e-03 6.704927267084463457e-06 1.000000000026776996e-06 9.999999999999999547e-07 9.999999999999999547e-07 9.508821677811634684e-06 1.000000000000006096e-06 1.038158578648148977e-02 6.192895827937513337e-02 9.999999999999999547e-07 1.056271977231721155e-06 8.119257102332343490e-06 6.905283579586279918e-02 9.319397885220294733e-03 2.081394796756662682e-02 1.272466650611094041e-02 4.087365329875857997e-04 5.871906809301742191e-05 3.499547737997261380e-03 2.205472339085413815e-05 7.140719447971951650e-04 9.999999999999999547e-07 6.322048754795862233e-06 9.999999999999999547e-07 1.015969283464949465e-06 9.999999999999999547e-07 7.065076518580795319e-06 1.039860730757787699e-06 1.023152633942025173e-06 1.000000002116976059e-06 1.000013187898432851e-06 5.054371549229084515e-04 1.007790130092257659e-06 3.018154410204636749e-04 1.814433473965091601e-05 8.508334037678096096e-02 1.000000000002515007e-06 1.000000075677536058e-06 8.314857958508625052e-03 1.940357420496445379e-05 1.000000000394842457e-06 1.000000000068170225e-06 5.383865569975520395e-06 9.736998581084856108e-02 2.825812490312460193e-02 2.089106649810599007e-06 9.334546291126533135e-05 5.635390445227718079e-03 1.000000005875252987e-06 4.658013713418951429e-03 1.161184400769591507e-01 1.000000002289346205e-06 2.071255543938708022e-03 4.414035880165802228e-02 6.256482774336617238e-03 9.999999999999999547e-07 1.128794984484366608e-04 9.999999999999999547e-07 1.388627761684740967e-04 1.000000000000000802e-06 1.339642303110701624e-04 2.921653466855187180e-04 1.000257319578104275e-06 2.563774143016786457e-04 2.722526445125818151e-06 9.999999999999999547e-07 2.545099029847461974e-02 7.914238051720821898e-02 1.000000199261685682e-06 1.000000000582364117e-06 1.206235041225786403e-03 1.114626229932533068e-02 5.522698911973126639e-05 1.171387876447685150e-04 1.000000054612935214e-06 9.999999999999999547e-07 1.005752772212793271e-06 2.909869805941806964e-06 1.858145383414627107e-06 1.963313700868044714e-02 3.525181215815365032e-02 3.662814059113331244e-02 9.999999999999999547e-07 6.284943463333221916e-03 1.154453970910537356e-06 9.999999999999999547e-07 1.768533819138992311e-02 8.496035385970995271e-05 1.000007860186988755e-06 9.999999999999999547e-07 1.000000000000022613e-06 1.003196676238688798e-06 3.008511626985942313e-05 1.152926427159310825e-03 2.907715212829765916e-03 7.241968105259588909e-03 3.097804526854544809e-03 3.450061921486699372e-03 4.108258980796593838e-04 9.999999999999999547e-07 1.046496297254822948e-06 6.276484054255183388e-03 2.132462810043939810e-03 1.000007016315266081e-06 7.839180224245112885e-05 9.999999999999999547e-07 2.914852709280070037e-05 9.600079509353273612e-04 3.779903718135314145e-02
8.497717915111565093e-06 3.164219487662658925e-02 1.251161232194515464e-02 5.467378417389066783e-05 4.922340113950729180e-05 2.526783030302157704e-04 1.005651960931910491e-06 1.000292331529413384e-06 5.788065841613319190e-03 1.046658851951953215e-06 9.999999999999999547e-07 1.000019104206777481e-06 5.839416618169113171e-04 1.000000000000551585e-06 9.999999999999999547e-07 9.999999999999999547e-07 1.729589344557172200e-03 1.037151443784684480e-06 2.652153883984393126e-02 2.960854912570811080e-06 1.072006484800861267e-06 6.850038511629281176e-04 2.601957519397438828e-02 7.996656704377268145e-05 1.000000000000040189e-06 1.000000180212302428e-06 1.011340975747022118e-06 9.999999999999999547e-07 2.029844034407107204e-03 3.534287169266838803e-06 1.000000000000017319e-06 1.000000000000000590e-06 9.999999999999999547e-07 1.020112321959030075e-05 1.000000000000227171e-06 5.615239175045906757e-03 6.419722499536349714e-02 9.999999999999999547e-07 1.120734875740787176e-06 7.190165980041990856e-05 7.015197067630242478e-02 7.183568421761995539e-03 2.643841794655661659e-02 1.041927804192051971e-02 3.655368173752127255e-04 4.333289006638721598e-05 3.315159504989861807e-03 6.358852535967384144e-06 6.215589400692915359e-04 9.999999999999999547e-07 1.062734795654273444e-05 9.999999999999999547e-07 1.085488719989578719e-06 1.000000000013569846e-06 2.416108369947706172e-05 1.119135440087631941e-06 3.003027356101055698e-06 1.000000025016980197e-06 1.000001931379140071e-06 1.989498177934562943e-04 1.004114908060129518e-06 4.177345870591566129e-04 6.651082219810775411e-06 8.321483874462692887e-02 1.000000000002671497e-06 1.000727113459023246e-06 1.255854815172698612e-02 1.910817873325348912e-05 1.000000002056618821e-06 1.000000000046130851e-06 9.480686482088665303e-06 1.007924235130250451e-01 2.556612274741962981e-02 1.008455627340757157e-06 1.377512976807530431e-04 4.987089232409734792e-03 1.000005477025294121e-06 7.524712997740838107e-03 1.176056462290951954e-01 1.000000000045206315e-06 1.397508195269289667e-03 4.329210315175473917e-02 6.075484379633786132e-03 9.999999999999999547e-07 1.393050165501937736e-04 9.999999999999999547e-07 2.068285510597187363e-04 9.999999999999999547e-07 8.998703121460832209e-05 4.352423598429455524e-04 1.041061861898759245e-06 4.980693707640350382e-05 3.041719383133418423e-06 9.999999999999999547e-07 2.142914046496243244e-02 8.451952919759968264e-02 1.000000000000000378e-06 1.000000000014212744e-06 1.018449612650804484e-03 9.652380908360931946e-03 4.309549127640407903e-05 8.464162281910538976e-05 1.000035879910822767e-06 9.999999999999999547e-07 1.139627126975696827e-06 2.169363897121176262e-06 3.701284231847578297e-05 1.887159697300512182e-02 4.056523630867325120e-02 4.085019575090958338e-02 9.999999999999999547e-07 5.858793042513518040e-03 1.291307428475040721e-06 9.999999999999999547e-07 1.208577491938417174e-02 6.888863605190558427e-05 1.000015271618385908e-06 9.999999999999999547e-07 1.000000000000208960e-06 1.037020209387136112e-06 1.679690938322492866e-05 1.179136264998905748e-03 2.782759146993647823e-03 1.054756804135575758e-02 2.285453020748243625e-03 2.495678041063873961e-03 3.150360447226315604e-04 1.000000000000004613e-06 1.346591406756194283e-06 5.696184585904991160e-03 2.282653619176512085e-03 1.000020902550269416e-06 1.189120574306026752e-04 1.000000000000000590e-06 8.209193119113344261e-06 3.033395140033807828e-04 3.579219496798628775e-02
3.533542186317070330e-06 3.636241578875770014e-02 9.365261465816836217e-03 5.223128640321788896e-05 9.322778539092736654e-06 1.138342293701952629e-04 1.000002155530346429e-06 1.000071349069560150e-06 3.101041076924263094e-03 1.000015058077252313e-06 9.999999999999999547e-07 1.000841612730960613e-06 8.534473233505529468e-04 9.999999999999999547e-07 9.999999999999999547e-07 9.999999999999999547e-07 1.192673642981339176e-03 1.008189670051739682e-06 2.526938934178224461e-02 8.068631216208135343e-06 1.002486271899318383e-06 6.031616719660578370e-04 2.889517949205343272e-02 5.305832503066112385e-05 1.000000000004505958e-06 1.000000019584863039e-06 1.127464280977363816e-06 9.999999999999999547e-07 8.965142033292062846e-04 4.809727457559532868e-06 9.999999999999999547e-07 1.000000218744566635e-06 9.999999999999999547e-07 1.928461018210810074e-06 1.000000000000058824e-06 5.339084888823648380e-03 6.564649581178602644e-02 9.999999999999999547e-07 1.224651269937726931e-06 7.993624124447777884e-06 6.810614272478852926e-02 8.388963889064227769e-03 2.107032183474543199e-02 1.161194182944390828e-02 4.101804970508941025e-04 7.260779774225558638e-05 3.598036276928554943e-03 3.270451687936246906e-05 3.977414046740810412e-04 9.999999999999999547e-07 7.313633828982387171e-06 9.999999999999999547e-07 1.029301662322913026e-06 9.999999999999999547e-07 5.587887875907778403e-06 1.195981374731285949e-06 3.069564956906187767e-06 1.000000033686589206e-06 1.000008375147126183e-06 1.417004218127307423e-04 1.003620467794607573e-06 2.241345006682082190e-04 4.876748263297263343e-06 8.550937790095120006e-02 1.000000000000031930e-06 1.000097791157497620e-06 7.507249841962070937e-03 3.255521732329984784e-05 1.000000000588584727e-06 9.999999999999999547e-07 1.938081591916175010e-05 1.080229004818668570e-01 2.917179483459040809e-02 1.000331495644652829e-06 1.058571061978392049e-04 3.593845132218118424e-03 1.000015713578577386e-06 4.068174126553334574e-03 1.337258311271060096e-01 1.000000848075371599e-06 1.219151261238299788e-03 4.390262047686217806e-02 6.379141584896495451e-03 9.999999999999999547e-07 7.502410968400865295e-05 9.999999999999999547e-07 1.457493709430425076e-04 9.999999999999999547e-07 3.771625735099561240e-05 5.164689858762995045e-04 1.196470413741801844e-06 2.213308063448288560e-05 3.365768655847765988e-06 9.999999999999999547e-07 2.357478143409648397e-02 8.450174499513081472e-02 1.000000000000000378e-06 1.000000000399674568e-06 1.369274342889713119e-03 9.901970234881334390e-03 3.223782632187696115e-05 1.512911593440291946e-04 1.000007033259821801e-06 9.999999999999999547e-07 1.045403839078919575e-06 3.204761174208453986e-05 2.341283225043006785e-06 1.694879475693401513e-02 2.525801660232266863e-02 3.623250041109301461e-02 9.999999999999999547e-07 4.170306584417689082e-03 1.051967335715758971e-06 9.999999999999999547e-07 1.534306320780392564e-02 5.218079658891749435e-05 1.000000327933466918e-06 9.999999999999999547e-07 1.000000000000450788e-06 1.010815858979348233e-06 1.780848147098004482e-05 9.686555745670915110e-04 2.977223391235755360e-03 5.797542685505871832e-03 2.003582148724554653e-03 2.901758715585584653e-03 2.856323287706905955e-04 1.000000000000005460e-06 1.012701223751650630e-06 5.417642724536766811e-03 3.007155250209299965e-03 1.000365084897933657e-06 3.391858417193563369e-05 1.000000000000841270e-06 6.970080517661624983e-06 4.558815524886384923e-04 4.272266010216600046e-02
4.513005753868902322e-06 3.734402397790906325e-02 9.940315014701647800e-03 5.069564579670220145e-05 2.909732908805506921e-04 5.533468046102847822e-04 1.000026367934831716e-06 1.000000301799206808e-06 3.130029056021370153e-03 1.000108447820572278e-06 9.999999999999999547e-07 1.000051921910155264e-06 8.777898213562949567e-04 1.000000000000162162e-06 9.999999999999999547e-07 9.999999999999999547e-07 1.930433176241077567e-03 1.006182505308326513e-06 2.508395527924988863e-02 6.380912356347241351e-05 1.000669593556529795e-06 6.260743115589050955e-04 2.852893031049830858e-02 1.830580377893530758e-04 1.000000000000176138e-06 1.000000070743239221e-06 1.843204242712003954e-06 9.999999999999999547e-07 1.626597581018419600e-03 5.018510032074040282e-06 9.999999999999999547e-07 1.000000000010026072e-06 9.999999999999999547e-07 9.224891534499889590e-06 1.000000000021208813e-06 5.599063592743781619e-03 6.321810305245598172e-02 9.999999999999999547e-07 6.450881417281352339e-06 6.852594874312270639e-06 7.413379270419799549e-02 9.192206705882007001e-03 2.366548127152444392e-02 1.178615731040138018e-02 4.008519055995082262e-04 2.342212715712744872e-05 3.420157901335335419e-03 3.551965614502701382e-05 3.159074834096389068e-04 9.999999999999999547e-07 8.259277267185554926e-06 9.999999999999999547e-07 1.007614094948550676e-06 9.999999999999999547e-07 1.829253017015493985e-05 1.491780825021904123e-06 1.038197301125671230e-06 1.000000000170313716e-06 1.000002947083643608e-06 3.780335676483858199e-04 1.003462462158367842e-06 3.121405832543792318e-04 2.150579794992899701e-05 7.745472923515184238e-02 1.000000000003335994e-06 1.002554433161039943e-06 5.978140547645718547e-03 1.125566053584135885e-05 1.000000016196408954e-06 1.000000000843164291e-06 1.372225067890668642e-06 1.015738433402886137e-01 3.312404051535731281e-02 1.367353571051155346e-06 8.870443226728056026e-05 3.574355866574789771e-03 1.000003830508413187e-06 4.515486026071675180e-03 1.193218733038384632e-01 1.000000000046659400e-06 1.501783659319912492e-03 4.023560982369277922e-02 5.803709463279183023e-03 9.999999999999999547e-07 2.385968317495093722e-04 9.999999999999999547e-07 4.094312858606666576e-04 1.000000000000000167e-06 6.832945885372185334e-05 6.707725427318078811e-04 1.027239270861434444e-06 2.097413260066472452e-05 3.666436021742008769e-06 9.999999999999999547e-07 2.290035087989894177e-02 8.473363825023676188e-02 9.999999999999999547e-07 1.000000008448677783e-06 1.392767556973160568e-03 1.155896228027265132e-02 4.419989013128177482e-05 1.068090315873061351e-04 1.000021632739701877e-06 9.999999999999999547e-07 1.000368759872631820e-06 1.502842568792481988e-06 1.852345710211732868e-06 1.691672312903900674e-02 3.271424043696179867e-02 4.035484666018451100e-02 9.999999999999999547e-07 7.668415236783365958e-03 1.697688008573700898e-06 9.999999999999999547e-07 1.910226758387564838e-02 1.523639502822131397e-04 1.000000256427711017e-06 9.999999999999999547e-07 1.000000000000240300e-06 1.001431353798652727e-06 2.209140042820531254e-05 1.109698017659518270e-03 2.157358940052190883e-03 6.713780702835708825e-03 2.248679638697130730e-03 3.943149928550411867e-03 3.636842478206586573e-04 1.000000000014025973e-06 1.097040757245297964e-06 3.743110414359338955e-03 1.981969611743446356e-03 1.000117382340462263e-06 2.203414786329198208e-04 9.999999999999999547e-07 1.234155572874338412e-05 4.222645601948601122e-04 4.210334273956760354e-02
